[32m2026-06-01 11:33:28 -0700[0m - dagster - [34mDEBUG[0m - __ASSET_JOB - df44f303-9dd4-4c9e-be52-98f785d874f2 - 34882 - LOGS_CAPTURED - Started capturing logs in process (pid: 34882).
[32m2026-06-01 11:33:28 -0700[0m - dagster - [34mDEBUG[0m - __ASSET_JOB - df44f303-9dd4-4c9e-be52-98f785d874f2 - 34882 - supplemental_profiles - STEP_START - Started execution of step "supplemental_profiles".
[32m2026-06-01 11:33:28 -0700[0m - dagster - [34mINFO[0m - __ASSET_JOB - df44f303-9dd4-4c9e-be52-98f785d874f2 - supplemental_profiles - Saved 8709992 (Ajayi_Kanyinsola)
[32m2026-06-01 11:33:30 -0700[0m - dagster - [34mINFO[0m - __ASSET_JOB - df44f303-9dd4-4c9e-be52-98f785d874f2 - supplemental_profiles - Saved 9258149 (Bokpin_Mustapha)
[32m2026-06-01 11:33:31 -0700[0m - dagster - [34mINFO[0m - __ASSET_JOB - df44f303-9dd4-4c9e-be52-98f785d874f2 - supplemental_profiles - Saved 8895735 (Dwyer_Ajani)
[32m2026-06-01 11:33:32 -0700[0m - dagster - [34mINFO[0m - __ASSET_JOB - df44f303-9dd4-4c9e-be52-98f785d874f2 - supplemental_profiles - Saved 9006369 (Moss_Durian)
[32m2026-06-01 11:33:33 -0700[0m - dagster - [34mINFO[0m - __ASSET_JOB - df44f303-9dd4-4c9e-be52-98f785d874f2 - supplemental_profiles - Saved 8328293 (Folson_Traunard)
[32m2026-06-01 11:33:35 -0700[0m - dagster - [34mINFO[0m - __ASSET_JOB - df44f303-9dd4-4c9e-be52-98f785d874f2 - supplemental_profiles - Saved 8714494 (Reid_Jaiden)
[32m2026-06-01 11:33:36 -0700[0m - dagster - [34mINFO[0m - __ASSET_JOB - df44f303-9dd4-4c9e-be52-98f785d874f2 - supplemental_profiles - Saved 8682109 (Howell_Davonte)
[32m2026-06-01 11:33:37 -0700[0m - dagster - [34mINFO[0m - __ASSET_JOB - df44f303-9dd4-4c9e-be52-98f785d874f2 - supplemental_profiles - Saved 8711961 (Davis_Tyler)
[32m2026-06-01 11:33:39 -0700[0m - dagster - [34mINFO[0m - __ASSET_JOB - df44f303-9dd4-4c9e-be52-98f785d874f2 - supplemental_profiles - Saved 8363995 (Fahmi_Azeem)
[32m2026-06-01 11:33:40 -0700[0m - dagster - [34mINFO[0m - __ASSET_JOB - df44f303-9dd4-4c9e-be52-98f785d874f2 - supplemental_profiles - Saved 8712650 (Mosebi_Neo)
[32m2026-06-01 11:33:41 -0700[0m - dagster - [34mINFO[0m - __ASSET_JOB - df44f303-9dd4-4c9e-be52-98f785d874f2 - supplemental_profiles - Saved 8314059 (Lewis_Omari)
[32m2026-06-01 11:33:42 -0700[0m - dagster - [34mINFO[0m - __ASSET_JOB - df44f303-9dd4-4c9e-be52-98f785d874f2 - supplemental_profiles - Saved 8339841 (McCallum_T'Mars)
[32m2026-06-01 11:33:44 -0700[0m - dagster - [34mINFO[0m - __ASSET_JOB - df44f303-9dd4-4c9e-be52-98f785d874f2 - supplemental_profiles - Saved 8705547 (John_Nazzio)
[32m2026-06-01 11:33:45 -0700[0m - dagster - [34mINFO[0m - __ASSET_JOB - df44f303-9dd4-4c9e-be52-98f785d874f2 - supplemental_profiles - Saved 8329807 (Banks_Trelee)
[32m2026-06-01 11:33:46 -0700[0m - dagster - [34mINFO[0m - __ASSET_JOB - df44f303-9dd4-4c9e-be52-98f785d874f2 - supplemental_profiles - Saved 8972221 (Urrutia_Jordan)
[32m2026-06-01 11:33:48 -0700[0m - dagster - [34mINFO[0m - __ASSET_JOB - df44f303-9dd4-4c9e-be52-98f785d874f2 - supplemental_profiles - Saved 9244850 (Balde_Alpha)
[32m2026-06-01 11:33:49 -0700[0m - dagster - [34mINFO[0m - __ASSET_JOB - df44f303-9dd4-4c9e-be52-98f785d874f2 - supplemental_profiles - Saved 8360333 (Croal_Jaleel)
[32m2026-06-01 11:33:50 -0700[0m - dagster - [34mINFO[0m - __ASSET_JOB - df44f303-9dd4-4c9e-be52-98f785d874f2 - supplemental_profiles - Saved 8711776 (Horton_Kameron)
[32m2026-06-01 11:33:51 -0700[0m - dagster - [34mINFO[0m - __ASSET_JOB - df44f303-9dd4-4c9e-be52-98f785d874f2 - supplemental_profiles - Saved 8974333 (Johnson_Jalen)
[32m2026-06-01 11:33:53 -0700[0m - dagster - [34mINFO[0m - __ASSET_JOB - df44f303-9dd4-4c9e-be52-98f785d874f2 - supplemental_profiles - Saved 8691776 (Ogazi_Samuel)
[32m2026-06-01 11:33:54 -0700[0m - dagster - [34mINFO[0m - __ASSET_JOB - df44f303-9dd4-4c9e-be52-98f785d874f2 - supplemental_profiles - Saved 9012106 (Braun_Justin)
[32m2026-06-01 11:33:55 -0700[0m - dagster - [34mINFO[0m - __ASSET_JOB - df44f303-9dd4-4c9e-be52-98f785d874f2 - supplemental_profiles - Saved 9263303 (Njie_Sidi)
[32m2026-06-01 11:33:56 -0700[0m - dagster - [34mINFO[0m - __ASSET_JOB - df44f303-9dd4-4c9e-be52-98f785d874f2 - supplemental_profiles - Saved 9263304 (Simms_Jonathan)
[32m2026-06-01 11:33:58 -0700[0m - dagster - [34mINFO[0m - __ASSET_JOB - df44f303-9dd4-4c9e-be52-98f785d874f2 - supplemental_profiles - Saved 8807409 (Vessat_Samuel)
[32m2026-06-01 11:33:59 -0700[0m - dagster - [34mINFO[0m - __ASSET_JOB - df44f303-9dd4-4c9e-be52-98f785d874f2 - supplemental_profiles - Saved 8984385 (Crumpton_Devan)
[32m2026-06-01 11:34:00 -0700[0m - dagster - [34mINFO[0m - __ASSET_JOB - df44f303-9dd4-4c9e-be52-98f785d874f2 - supplemental_profiles - Saved 9261955 (Buckmiller_Grant)
[32m2026-06-01 11:34:01 -0700[0m - dagster - [34mINFO[0m - __ASSET_JOB - df44f303-9dd4-4c9e-be52-98f785d874f2 - supplemental_profiles - Saved 9261954 (Austin_Malachi)
[32m2026-06-01 11:34:03 -0700[0m - dagster - [34mINFO[0m - __ASSET_JOB - df44f303-9dd4-4c9e-be52-98f785d874f2 - supplemental_profiles - Saved 8321052 (Franks_George)
[32m2026-06-01 11:34:04 -0700[0m - dagster - [34mINFO[0m - __ASSET_JOB - df44f303-9dd4-4c9e-be52-98f785d874f2 - supplemental_profiles - Saved 8992431 (Glasgow_Amal)
[32m2026-06-01 11:34:05 -0700[0m - dagster - [34mINFO[0m - __ASSET_JOB - df44f303-9dd4-4c9e-be52-98f785d874f2 - supplemental_profiles - Saved 8329050 (Gant_Joey)
[32m2026-06-01 11:34:07 -0700[0m - dagster - [34mINFO[0m - __ASSET_JOB - df44f303-9dd4-4c9e-be52-98f785d874f2 - supplemental_profiles - Saved 7729600 (Clay_Allon)
[32m2026-06-01 11:34:08 -0700[0m - dagster - [34mINFO[0m - __ASSET_JOB - df44f303-9dd4-4c9e-be52-98f785d874f2 - supplemental_profiles - Saved 7891377 (Brown_Miles)
[32m2026-06-01 11:34:09 -0700[0m - dagster - [34mINFO[0m - __ASSET_JOB - df44f303-9dd4-4c9e-be52-98f785d874f2 - supplemental_profiles - Saved 8585639 (Matsatsa_Tinoda)
[32m2026-06-01 11:34:10 -0700[0m - dagster - [34mINFO[0m - __ASSET_JOB - df44f303-9dd4-4c9e-be52-98f785d874f2 - supplemental_profiles - Saved 8919815 (Bandukwala_Aden)
[32m2026-06-01 11:34:12 -0700[0m - dagster - [34mINFO[0m - __ASSET_JOB - df44f303-9dd4-4c9e-be52-98f785d874f2 - supplemental_profiles - Saved 7892552 (Farrell_Ryan)
[32m2026-06-01 11:34:13 -0700[0m - dagster - [34mINFO[0m - __ASSET_JOB - df44f303-9dd4-4c9e-be52-98f785d874f2 - supplemental_profiles - Saved 7916232 (Jackson_Christian)
[32m2026-06-01 11:34:14 -0700[0m - dagster - [34mINFO[0m - __ASSET_JOB - df44f303-9dd4-4c9e-be52-98f785d874f2 - supplemental_profiles - Saved 8592508 (Law_Camden)
[32m2026-06-01 11:34:16 -0700[0m - dagster - [34mINFO[0m - __ASSET_JOB - df44f303-9dd4-4c9e-be52-98f785d874f2 - supplemental_profiles - Saved 9226487 (Schultz_Niko)
[32m2026-06-01 11:34:17 -0700[0m - dagster - [34mINFO[0m - __ASSET_JOB - df44f303-9dd4-4c9e-be52-98f785d874f2 - supplemental_profiles - Saved 8235921 (Ross-Hughes _Harry)
[32m2026-06-01 11:34:18 -0700[0m - dagster - [34mINFO[0m - __ASSET_JOB - df44f303-9dd4-4c9e-be52-98f785d874f2 - supplemental_profiles - Saved 7886849 (Marshall_Camden)
[32m2026-06-01 11:34:19 -0700[0m - dagster - [34mINFO[0m - __ASSET_JOB - df44f303-9dd4-4c9e-be52-98f785d874f2 - supplemental_profiles - Saved 8019442 (Ishii_Yukichi)
[32m2026-06-01 11:34:20 -0700[0m - dagster - [34mINFO[0m - __ASSET_JOB - df44f303-9dd4-4c9e-be52-98f785d874f2 - supplemental_profiles - Saved 8023572 (Navarro_Samuel)
[32m2026-06-01 11:34:22 -0700[0m - dagster - [34mINFO[0m - __ASSET_JOB - df44f303-9dd4-4c9e-be52-98f785d874f2 - supplemental_profiles - Saved 8592511 (McFarland_Trent)
[32m2026-06-01 11:34:23 -0700[0m - dagster - [34mINFO[0m - __ASSET_JOB - df44f303-9dd4-4c9e-be52-98f785d874f2 - supplemental_profiles - Saved 8235126 (Plant_Nicholas)
[32m2026-06-01 11:34:24 -0700[0m - dagster - [34mINFO[0m - __ASSET_JOB - df44f303-9dd4-4c9e-be52-98f785d874f2 - supplemental_profiles - Saved 8582252 (Couttie_George)
[32m2026-06-01 11:34:26 -0700[0m - dagster - [34mINFO[0m - __ASSET_JOB - df44f303-9dd4-4c9e-be52-98f785d874f2 - supplemental_profiles - Saved 9177965 (Allaoui_Oussama)
[32m2026-06-01 11:34:27 -0700[0m - dagster - [34mINFO[0m - __ASSET_JOB - df44f303-9dd4-4c9e-be52-98f785d874f2 - supplemental_profiles - Saved 8715615 (Khchina_Jaouad)
[32m2026-06-01 11:34:28 -0700[0m - dagster - [34mINFO[0m - __ASSET_JOB - df44f303-9dd4-4c9e-be52-98f785d874f2 - supplemental_profiles - Saved 8890901 (Hooper_Max)
[32m2026-06-01 11:34:30 -0700[0m - dagster - [34mINFO[0m - __ASSET_JOB - df44f303-9dd4-4c9e-be52-98f785d874f2 - supplemental_profiles - Saved 8329149 (Martin_Gary)
[32m2026-06-01 11:34:31 -0700[0m - dagster - [34mINFO[0m - __ASSET_JOB - df44f303-9dd4-4c9e-be52-98f785d874f2 - supplemental_profiles - Saved 8582410 (Anderson_Benne)
[32m2026-06-01 11:34:32 -0700[0m - dagster - [34mINFO[0m - __ASSET_JOB - df44f303-9dd4-4c9e-be52-98f785d874f2 - supplemental_profiles - Saved 8900483 (Herger_Brendan)
[32m2026-06-01 11:34:33 -0700[0m - dagster - [34mINFO[0m - __ASSET_JOB - df44f303-9dd4-4c9e-be52-98f785d874f2 - supplemental_profiles - Saved 8278828 (McCormick_Connor)
[32m2026-06-01 11:34:35 -0700[0m - dagster - [34mINFO[0m - __ASSET_JOB - df44f303-9dd4-4c9e-be52-98f785d874f2 - supplemental_profiles - Saved 8603168 (Sloff_Nick)
[32m2026-06-01 11:34:36 -0700[0m - dagster - [34mINFO[0m - __ASSET_JOB - df44f303-9dd4-4c9e-be52-98f785d874f2 - supplemental_profiles - Saved 9011108 (Kiptanui_Silas)
[32m2026-06-01 11:34:37 -0700[0m - dagster - [34mINFO[0m - __ASSET_JOB - df44f303-9dd4-4c9e-be52-98f785d874f2 - supplemental_profiles - Saved 8586626 (Imroth_Kristian)
[32m2026-06-01 11:34:38 -0700[0m - dagster - [34mINFO[0m - __ASSET_JOB - df44f303-9dd4-4c9e-be52-98f785d874f2 - supplemental_profiles - Saved 8916058 (Kirwa_Geoffrey)
[32m2026-06-01 11:34:39 -0700[0m - dagster - [34mINFO[0m - __ASSET_JOB - df44f303-9dd4-4c9e-be52-98f785d874f2 - supplemental_profiles - Saved 8895220 (Kiprop Kipngok_Collins)
[32m2026-06-01 11:34:41 -0700[0m - dagster - [34mINFO[0m - __ASSET_JOB - df44f303-9dd4-4c9e-be52-98f785d874f2 - supplemental_profiles - Saved 9276945 (Kipchirchir_Bismack)
[32m2026-06-01 11:34:42 -0700[0m - dagster - [34mINFO[0m - __ASSET_JOB - df44f303-9dd4-4c9e-be52-98f785d874f2 - supplemental_profiles - Saved 8653908 (Boler_Brian)
[32m2026-06-01 11:34:43 -0700[0m - dagster - [34mINFO[0m - __ASSET_JOB - df44f303-9dd4-4c9e-be52-98f785d874f2 - supplemental_profiles - Saved 7979835 (Mountain_Nathan)
[32m2026-06-01 11:34:45 -0700[0m - dagster - [34mINFO[0m - __ASSET_JOB - df44f303-9dd4-4c9e-be52-98f785d874f2 - supplemental_profiles - Saved 8278829 (Shorten_Jackson)
[32m2026-06-01 11:34:46 -0700[0m - dagster - [34mINFO[0m - __ASSET_JOB - df44f303-9dd4-4c9e-be52-98f785d874f2 - supplemental_profiles - Saved 9279495 (Gardner_Brett)
[32m2026-06-01 11:34:47 -0700[0m - dagster - [34mINFO[0m - __ASSET_JOB - df44f303-9dd4-4c9e-be52-98f785d874f2 - supplemental_profiles - Saved 8258340 (Davis_Nathan)
[32m2026-06-01 11:34:49 -0700[0m - dagster - [34mINFO[0m - __ASSET_JOB - df44f303-9dd4-4c9e-be52-98f785d874f2 - supplemental_profiles - Saved 8591928 (Carlton_Billy)
[32m2026-06-01 11:34:50 -0700[0m - dagster - [34mINFO[0m - __ASSET_JOB - df44f303-9dd4-4c9e-be52-98f785d874f2 - supplemental_profiles - Saved 7915960 (Bianchi_Mateo)
[32m2026-06-01 11:34:51 -0700[0m - dagster - [34mINFO[0m - __ASSET_JOB - df44f303-9dd4-4c9e-be52-98f785d874f2 - supplemental_profiles - Saved 8232893 (Langon_Marco)
[32m2026-06-01 11:34:52 -0700[0m - dagster - [34mINFO[0m - __ASSET_JOB - df44f303-9dd4-4c9e-be52-98f785d874f2 - supplemental_profiles - Saved 8585457 (Hansen_Rocky)
[32m2026-06-01 11:34:53 -0700[0m - dagster - [34mINFO[0m - __ASSET_JOB - df44f303-9dd4-4c9e-be52-98f785d874f2 - supplemental_profiles - Saved 8588314 (Er Raouy_Taha)
[32m2026-06-01 11:34:55 -0700[0m - dagster - [34mINFO[0m - __ASSET_JOB - df44f303-9dd4-4c9e-be52-98f785d874f2 - supplemental_profiles - Saved 8278826 (Hogan_Myles)
[32m2026-06-01 11:34:56 -0700[0m - dagster - [34mINFO[0m - __ASSET_JOB - df44f303-9dd4-4c9e-be52-98f785d874f2 - supplemental_profiles - Saved 8924207 (Daley_Will)
[32m2026-06-01 11:34:57 -0700[0m - dagster - [34mINFO[0m - __ASSET_JOB - df44f303-9dd4-4c9e-be52-98f785d874f2 - supplemental_profiles - Saved 9198525 (Edgeworth_Ethan)
[32m2026-06-01 11:34:58 -0700[0m - dagster - [34mINFO[0m - __ASSET_JOB - df44f303-9dd4-4c9e-be52-98f785d874f2 - supplemental_profiles - Saved 8623172 (Ortmans_Charlie)
[32m2026-06-01 11:35:00 -0700[0m - dagster - [34mINFO[0m - __ASSET_JOB - df44f303-9dd4-4c9e-be52-98f785d874f2 - supplemental_profiles - Saved 9171227 (Kipruto_Elsingi)
[32m2026-06-01 11:35:01 -0700[0m - dagster - [34mINFO[0m - __ASSET_JOB - df44f303-9dd4-4c9e-be52-98f785d874f2 - supplemental_profiles - Saved 8620038 (Attiogbe_Pierre)
[32m2026-06-01 11:35:02 -0700[0m - dagster - [34mINFO[0m - __ASSET_JOB - df44f303-9dd4-4c9e-be52-98f785d874f2 - supplemental_profiles - Saved 9171955 (Reynaga_Matias)
[32m2026-06-01 11:35:03 -0700[0m - dagster - [34mINFO[0m - __ASSET_JOB - df44f303-9dd4-4c9e-be52-98f785d874f2 - supplemental_profiles - Saved 7979984 (Wachtel_Justin)
[32m2026-06-01 11:35:05 -0700[0m - dagster - [34mINFO[0m - __ASSET_JOB - df44f303-9dd4-4c9e-be52-98f785d874f2 - supplemental_profiles - Saved 8717163 (Kipruto_Dennis)
[32m2026-06-01 11:35:06 -0700[0m - dagster - [34mINFO[0m - __ASSET_JOB - df44f303-9dd4-4c9e-be52-98f785d874f2 - supplemental_profiles - Saved 9177964 (Cheruiyot_Kelvin)
[32m2026-06-01 11:35:07 -0700[0m - dagster - [34mINFO[0m - __ASSET_JOB - df44f303-9dd4-4c9e-be52-98f785d874f2 - supplemental_profiles - Saved 8898427 (Lokira_Dismus)
[32m2026-06-01 11:35:09 -0700[0m - dagster - [34mINFO[0m - __ASSET_JOB - df44f303-9dd4-4c9e-be52-98f785d874f2 - supplemental_profiles - Saved 9198526 (Redouane_Zouhair)
[32m2026-06-01 11:35:10 -0700[0m - dagster - [34mINFO[0m - __ASSET_JOB - df44f303-9dd4-4c9e-be52-98f785d874f2 - supplemental_profiles - Saved 8257715 (Zegarski_William)
[32m2026-06-01 11:35:11 -0700[0m - dagster - [34mINFO[0m - __ASSET_JOB - df44f303-9dd4-4c9e-be52-98f785d874f2 - supplemental_profiles - Saved 8611089 (Hurst_Hudson)
[32m2026-06-01 11:35:12 -0700[0m - dagster - [34mINFO[0m - __ASSET_JOB - df44f303-9dd4-4c9e-be52-98f785d874f2 - supplemental_profiles - Saved 9200938 (Baidal_Miguel)
[32m2026-06-01 11:35:14 -0700[0m - dagster - [34mINFO[0m - __ASSET_JOB - df44f303-9dd4-4c9e-be52-98f785d874f2 - supplemental_profiles - Saved 8256254 (Anthony_Will)
[32m2026-06-01 11:35:15 -0700[0m - dagster - [34mINFO[0m - __ASSET_JOB - df44f303-9dd4-4c9e-be52-98f785d874f2 - supplemental_profiles - Saved 8978580 (Nenow_Jacob)
[32m2026-06-01 11:35:16 -0700[0m - dagster - [34mINFO[0m - __ASSET_JOB - df44f303-9dd4-4c9e-be52-98f785d874f2 - supplemental_profiles - Saved 9175444 (Tarragano_Tomer)
[32m2026-06-01 11:35:18 -0700[0m - dagster - [34mINFO[0m - __ASSET_JOB - df44f303-9dd4-4c9e-be52-98f785d874f2 - supplemental_profiles - Saved 8709994 (Tharp_Ja'Kobe)
[32m2026-06-01 11:35:19 -0700[0m - dagster - [34mINFO[0m - __ASSET_JOB - df44f303-9dd4-4c9e-be52-98f785d874f2 - supplemental_profiles - Saved 9245276 (Brown_Jamir)
[32m2026-06-01 11:35:20 -0700[0m - dagster - [34mINFO[0m - __ASSET_JOB - df44f303-9dd4-4c9e-be52-98f785d874f2 - supplemental_profiles - Saved 9001687 (Franklin_Bradley)
[32m2026-06-01 11:35:21 -0700[0m - dagster - [34mINFO[0m - __ASSET_JOB - df44f303-9dd4-4c9e-be52-98f785d874f2 - supplemental_profiles - Saved 8705549 (Brann_Braxton)
[32m2026-06-01 11:35:22 -0700[0m - dagster - [34mINFO[0m - __ASSET_JOB - df44f303-9dd4-4c9e-be52-98f785d874f2 - supplemental_profiles - Saved 9263297 (Brown_Le'Ezra)
[32m2026-06-01 11:35:24 -0700[0m - dagster - [34mINFO[0m - __ASSET_JOB - df44f303-9dd4-4c9e-be52-98f785d874f2 - supplemental_profiles - Saved 8359929 (Sophia_Matthew)
[32m2026-06-01 11:35:25 -0700[0m - dagster - [34mINFO[0m - __ASSET_JOB - df44f303-9dd4-4c9e-be52-98f785d874f2 - supplemental_profiles - Saved 9019961 (Simmonds_Sharvis)
[32m2026-06-01 11:35:26 -0700[0m - dagster - [34mINFO[0m - __ASSET_JOB - df44f303-9dd4-4c9e-be52-98f785d874f2 - supplemental_profiles - Saved 8360339 (Holmes_Jason)
[32m2026-06-01 11:35:28 -0700[0m - dagster - [34mINFO[0m - __ASSET_JOB - df44f303-9dd4-4c9e-be52-98f785d874f2 - supplemental_profiles - Saved 8712648 (Korbmacher_Andre)
[32m2026-06-01 11:35:29 -0700[0m - dagster - [34mINFO[0m - __ASSET_JOB - df44f303-9dd4-4c9e-be52-98f785d874f2 - supplemental_profiles - Saved 8983433 (Waterman_Anthony)
[32m2026-06-01 11:35:30 -0700[0m - dagster - [34mINFO[0m - __ASSET_JOB - df44f303-9dd4-4c9e-be52-98f785d874f2 - supplemental_profiles - Saved 9264659 (Extine_Zachary)
[32m2026-06-01 11:35:31 -0700[0m - dagster - [34mINFO[0m - __ASSET_JOB - df44f303-9dd4-4c9e-be52-98f785d874f2 - supplemental_profiles - Saved 8983064 (Mustari_Leonard)
[32m2026-06-01 11:35:33 -0700[0m - dagster - [34mINFO[0m - __ASSET_JOB - df44f303-9dd4-4c9e-be52-98f785d874f2 - supplemental_profiles - Saved 8681435 (Taylor_Isaiah)
[32m2026-06-01 11:35:34 -0700[0m - dagster - [34mINFO[0m - __ASSET_JOB - df44f303-9dd4-4c9e-be52-98f785d874f2 - supplemental_profiles - Saved 9010787 (Nilsson_Vance)
[32m2026-06-01 11:35:35 -0700[0m - dagster - [34mINFO[0m - __ASSET_JOB - df44f303-9dd4-4c9e-be52-98f785d874f2 - supplemental_profiles - Saved 8681436 (Taylor_Xzaviah)
[32m2026-06-01 11:35:36 -0700[0m - dagster - [34mINFO[0m - __ASSET_JOB - df44f303-9dd4-4c9e-be52-98f785d874f2 - supplemental_profiles - Saved 8978941 (Langston_Andres)
[32m2026-06-01 11:35:38 -0700[0m - dagster - [34mINFO[0m - __ASSET_JOB - df44f303-9dd4-4c9e-be52-98f785d874f2 - supplemental_profiles - Saved 8320214 (Nugent_Devin)
[32m2026-06-01 11:35:39 -0700[0m - dagster - [34mINFO[0m - __ASSET_JOB - df44f303-9dd4-4c9e-be52-98f785d874f2 - supplemental_profiles - Saved 9253034 (Ibrahim_Marc Anthony)
[32m2026-06-01 11:35:40 -0700[0m - dagster - [34mINFO[0m - __ASSET_JOB - df44f303-9dd4-4c9e-be52-98f785d874f2 - supplemental_profiles - Saved 8986956 (Poole_Ja-Van)
[32m2026-06-01 11:35:41 -0700[0m - dagster - [34mINFO[0m - __ASSET_JOB - df44f303-9dd4-4c9e-be52-98f785d874f2 - supplemental_profiles - Saved 8328345 (Mallard_Elijah)
[32m2026-06-01 11:35:43 -0700[0m - dagster - [34mINFO[0m - __ASSET_JOB - df44f303-9dd4-4c9e-be52-98f785d874f2 - supplemental_profiles - Saved 9244848 (Thid_David)
[32m2026-06-01 11:35:44 -0700[0m - dagster - [34mINFO[0m - __ASSET_JOB - df44f303-9dd4-4c9e-be52-98f785d874f2 - supplemental_profiles - Saved 8669667 (Matulonis_Ryan)
[32m2026-06-01 11:35:45 -0700[0m - dagster - [34mINFO[0m - __ASSET_JOB - df44f303-9dd4-4c9e-be52-98f785d874f2 - supplemental_profiles - Saved 8329810 (Colquitt_John)
[32m2026-06-01 11:35:46 -0700[0m - dagster - [34mINFO[0m - __ASSET_JOB - df44f303-9dd4-4c9e-be52-98f785d874f2 - supplemental_profiles - Saved 7484522 (Wetzel_Calvin)
[32m2026-06-01 11:35:48 -0700[0m - dagster - [34mINFO[0m - __ASSET_JOB - df44f303-9dd4-4c9e-be52-98f785d874f2 - supplemental_profiles - Saved 8341372 (Troupe_Arvesta)
[32m2026-06-01 11:35:49 -0700[0m - dagster - [34mINFO[0m - __ASSET_JOB - df44f303-9dd4-4c9e-be52-98f785d874f2 - supplemental_profiles - Saved 9237315 (Voyles_Gage)
[32m2026-06-01 11:35:50 -0700[0m - dagster - [34mINFO[0m - __ASSET_JOB - df44f303-9dd4-4c9e-be52-98f785d874f2 - supplemental_profiles - Saved 8981038 (Bennett_Kenyatta)
[32m2026-06-01 11:35:51 -0700[0m - dagster - [34mINFO[0m - __ASSET_JOB - df44f303-9dd4-4c9e-be52-98f785d874f2 - supplemental_profiles - Saved 8968349 (Antoine_Khalil)
[32m2026-06-01 11:35:53 -0700[0m - dagster - [34mINFO[0m - __ASSET_JOB - df44f303-9dd4-4c9e-be52-98f785d874f2 - supplemental_profiles - Saved 8321243 (Kam_Kampton)
[32m2026-06-01 11:35:54 -0700[0m - dagster - [34mINFO[0m - __ASSET_JOB - df44f303-9dd4-4c9e-be52-98f785d874f2 - supplemental_profiles - Saved 8327515 (Stephens_Brion)
[32m2026-06-01 11:35:55 -0700[0m - dagster - [34mINFO[0m - __ASSET_JOB - df44f303-9dd4-4c9e-be52-98f785d874f2 - supplemental_profiles - Saved 9263302 (Jack_Kimani)
[32m2026-06-01 11:35:56 -0700[0m - dagster - [34mINFO[0m - __ASSET_JOB - df44f303-9dd4-4c9e-be52-98f785d874f2 - supplemental_profiles - Saved 8684031 (Alofe_Tito)
[32m2026-06-01 11:35:58 -0700[0m - dagster - [34mINFO[0m - __ASSET_JOB - df44f303-9dd4-4c9e-be52-98f785d874f2 - supplemental_profiles - Saved 8682107 (Campbell_Grant)
[32m2026-06-01 11:35:59 -0700[0m - dagster - [34mINFO[0m - __ASSET_JOB - df44f303-9dd4-4c9e-be52-98f785d874f2 - supplemental_profiles - Saved 8979140 (Ruffin_Ethan)
[32m2026-06-01 11:36:01 -0700[0m - dagster - [34mINFO[0m - __ASSET_JOB - df44f303-9dd4-4c9e-be52-98f785d874f2 - supplemental_profiles - Saved 8710458 (Hamm_Maddox)
[32m2026-06-01 11:36:02 -0700[0m - dagster - [34mINFO[0m - __ASSET_JOB - df44f303-9dd4-4c9e-be52-98f785d874f2 - supplemental_profiles - Saved 8656079 (Olivera Jr_Jason)
[32m2026-06-01 11:36:03 -0700[0m - dagster - [34mINFO[0m - __ASSET_JOB - df44f303-9dd4-4c9e-be52-98f785d874f2 - supplemental_profiles - Saved 8972024 (Schloeder_Brian)
[32m2026-06-01 11:36:04 -0700[0m - dagster - [34mINFO[0m - __ASSET_JOB - df44f303-9dd4-4c9e-be52-98f785d874f2 - supplemental_profiles - Saved 8669579 (Gray_Matthew)
[32m2026-06-01 11:36:05 -0700[0m - dagster - [34mINFO[0m - __ASSET_JOB - df44f303-9dd4-4c9e-be52-98f785d874f2 - supplemental_profiles - Saved 9252968 (Sawaneh_Ismaila)
[32m2026-06-01 11:36:06 -0700[0m - dagster - [34mINFO[0m - __ASSET_JOB - df44f303-9dd4-4c9e-be52-98f785d874f2 - supplemental_profiles - Saved 7989190 (Carrel_Tyler)
[32m2026-06-01 11:36:08 -0700[0m - dagster - [34mINFO[0m - __ASSET_JOB - df44f303-9dd4-4c9e-be52-98f785d874f2 - supplemental_profiles - Saved 8018866 (McClure_Conner)
[32m2026-06-01 11:36:09 -0700[0m - dagster - [34mINFO[0m - __ASSET_JOB - df44f303-9dd4-4c9e-be52-98f785d874f2 - supplemental_profiles - Saved 7992443 (McPhail_Ty)
[32m2026-06-01 11:36:10 -0700[0m - dagster - [34mINFO[0m - __ASSET_JOB - df44f303-9dd4-4c9e-be52-98f785d874f2 - supplemental_profiles - Saved 8996429 (Montes de Oca_Ricardo)
[32m2026-06-01 11:36:11 -0700[0m - dagster - [34mINFO[0m - __ASSET_JOB - df44f303-9dd4-4c9e-be52-98f785d874f2 - supplemental_profiles - Saved 9005232 (Crenshaw_Sam)
[32m2026-06-01 11:36:12 -0700[0m - dagster - [34mINFO[0m - __ASSET_JOB - df44f303-9dd4-4c9e-be52-98f785d874f2 - supplemental_profiles - Saved 8341368 (Kelley_Logan)
[32m2026-06-01 11:36:14 -0700[0m - dagster - [34mINFO[0m - __ASSET_JOB - df44f303-9dd4-4c9e-be52-98f785d874f2 - supplemental_profiles - Saved 8323113 (Sifferlin_Blake)
[32m2026-06-01 11:36:16 -0700[0m - dagster - [34mINFO[0m - __ASSET_JOB - df44f303-9dd4-4c9e-be52-98f785d874f2 - supplemental_profiles - Saved 9261851 (Masikane_Temoso)
[32m2026-06-01 11:36:17 -0700[0m - dagster - [34mINFO[0m - __ASSET_JOB - df44f303-9dd4-4c9e-be52-98f785d874f2 - supplemental_profiles - Saved 8673926 (Nichols_Tyler)
[32m2026-06-01 11:36:18 -0700[0m - dagster - [34mINFO[0m - __ASSET_JOB - df44f303-9dd4-4c9e-be52-98f785d874f2 - supplemental_profiles - Saved 8992437 (Turner_Jordan)
[32m2026-06-01 11:36:20 -0700[0m - dagster - [34mINFO[0m - __ASSET_JOB - df44f303-9dd4-4c9e-be52-98f785d874f2 - supplemental_profiles - Saved 8329029 (Foster_Greg)
[32m2026-06-01 11:36:21 -0700[0m - dagster - [34mINFO[0m - __ASSET_JOB - df44f303-9dd4-4c9e-be52-98f785d874f2 - supplemental_profiles - Saved 9250444 (Isaac_Quincy)
[32m2026-06-01 11:36:22 -0700[0m - dagster - [34mINFO[0m - __ASSET_JOB - df44f303-9dd4-4c9e-be52-98f785d874f2 - supplemental_profiles - Saved 9009146 (Morris_Roy)
[32m2026-06-01 11:36:23 -0700[0m - dagster - [34mINFO[0m - __ASSET_JOB - df44f303-9dd4-4c9e-be52-98f785d874f2 - supplemental_profiles - Saved 8996696 (Keys_Jayden)
[32m2026-06-01 11:36:24 -0700[0m - dagster - [34mINFO[0m - __ASSET_JOB - df44f303-9dd4-4c9e-be52-98f785d874f2 - supplemental_profiles - Saved 9257086 (McNair_Kingi)
[32m2026-06-01 11:36:26 -0700[0m - dagster - [34mINFO[0m - __ASSET_JOB - df44f303-9dd4-4c9e-be52-98f785d874f2 - supplemental_profiles - Saved 8029507 (Williams_Curtis)
[32m2026-06-01 11:36:27 -0700[0m - dagster - [34mINFO[0m - __ASSET_JOB - df44f303-9dd4-4c9e-be52-98f785d874f2 - supplemental_profiles - Saved 9000654 (White_Markus)
[32m2026-06-01 11:36:28 -0700[0m - dagster - [34mINFO[0m - __ASSET_JOB - df44f303-9dd4-4c9e-be52-98f785d874f2 - supplemental_profiles - Saved 8602424 (Walker_Justin)
[32m2026-06-01 11:36:30 -0700[0m - dagster - [34mINFO[0m - __ASSET_JOB - df44f303-9dd4-4c9e-be52-98f785d874f2 - supplemental_profiles - Saved 8681430 (Partee_Xavier)
[32m2026-06-01 11:36:31 -0700[0m - dagster - [34mINFO[0m - __ASSET_JOB - df44f303-9dd4-4c9e-be52-98f785d874f2 - supplemental_profiles - Saved 9237796 (Aniamaka_Divine)
[32m2026-06-01 11:36:33 -0700[0m - dagster - [34mINFO[0m - __ASSET_JOB - df44f303-9dd4-4c9e-be52-98f785d874f2 - supplemental_profiles - Saved 7979848 (Aniamaka_Praise)
[32m2026-06-01 11:36:34 -0700[0m - dagster - [34mINFO[0m - __ASSET_JOB - df44f303-9dd4-4c9e-be52-98f785d874f2 - supplemental_profiles - Saved 8995169 (Jones_Miller)
[32m2026-06-01 11:36:35 -0700[0m - dagster - [34mINFO[0m - __ASSET_JOB - df44f303-9dd4-4c9e-be52-98f785d874f2 - supplemental_profiles - Saved 9276229 (Ouedraogo_Gilles)
[32m2026-06-01 11:36:36 -0700[0m - dagster - [34mINFO[0m - __ASSET_JOB - df44f303-9dd4-4c9e-be52-98f785d874f2 - supplemental_profiles - Saved 9257084 (Mudzengerere_Theo)
[32m2026-06-01 11:36:38 -0700[0m - dagster - [34mINFO[0m - __ASSET_JOB - df44f303-9dd4-4c9e-be52-98f785d874f2 - supplemental_profiles - Saved 8710460 (Kalu_Chidozie)
[32m2026-06-01 11:36:39 -0700[0m - dagster - [34mINFO[0m - __ASSET_JOB - df44f303-9dd4-4c9e-be52-98f785d874f2 - supplemental_profiles - Saved 8316074 (John_Ryan)
[32m2026-06-01 11:36:40 -0700[0m - dagster - [34mINFO[0m - __ASSET_JOB - df44f303-9dd4-4c9e-be52-98f785d874f2 - supplemental_profiles - Saved 8368601 (Tatham_Kyvon)
[32m2026-06-01 11:36:42 -0700[0m - dagster - [34mINFO[0m - __ASSET_JOB - df44f303-9dd4-4c9e-be52-98f785d874f2 - supplemental_profiles - Saved 9010786 (Lippett_Jaden)
[32m2026-06-01 11:36:43 -0700[0m - dagster - [34mINFO[0m - __ASSET_JOB - df44f303-9dd4-4c9e-be52-98f785d874f2 - supplemental_profiles - Saved 9000462 (Van Rensburg_JL)
[32m2026-06-01 11:36:44 -0700[0m - dagster - [34mINFO[0m - __ASSET_JOB - df44f303-9dd4-4c9e-be52-98f785d874f2 - supplemental_profiles - Saved 7984792 (Lambrecht_Dylan)
[32m2026-06-01 11:36:45 -0700[0m - dagster - [34mINFO[0m - __ASSET_JOB - df44f303-9dd4-4c9e-be52-98f785d874f2 - supplemental_profiles - Saved 9261855 (Van Daalen_Jarno)
[32m2026-06-01 11:36:46 -0700[0m - dagster - [34mINFO[0m - __ASSET_JOB - df44f303-9dd4-4c9e-be52-98f785d874f2 - supplemental_profiles - Saved 8319077 (Okeke_Obiora)
[32m2026-06-01 11:36:48 -0700[0m - dagster - [34mINFO[0m - __ASSET_JOB - df44f303-9dd4-4c9e-be52-98f785d874f2 - supplemental_profiles - Saved 8323104 (Henry_Ryan)
[32m2026-06-01 11:36:49 -0700[0m - dagster - [34mINFO[0m - __ASSET_JOB - df44f303-9dd4-4c9e-be52-98f785d874f2 - supplemental_profiles - Saved 8331466 (Shomper_Wade)
[32m2026-06-01 11:36:50 -0700[0m - dagster - [34mINFO[0m - __ASSET_JOB - df44f303-9dd4-4c9e-be52-98f785d874f2 - supplemental_profiles - Saved 8680414 (Brashear_Grayson)
[32m2026-06-01 11:36:51 -0700[0m - dagster - [34mINFO[0m - __ASSET_JOB - df44f303-9dd4-4c9e-be52-98f785d874f2 - supplemental_profiles - Saved 8991397 (Malaski_Seamus)
[32m2026-06-01 11:36:53 -0700[0m - dagster - [34mINFO[0m - __ASSET_JOB - df44f303-9dd4-4c9e-be52-98f785d874f2 - supplemental_profiles - Saved 8318416 (Peterson_Quentin)
[32m2026-06-01 11:36:54 -0700[0m - dagster - [34mINFO[0m - __ASSET_JOB - df44f303-9dd4-4c9e-be52-98f785d874f2 - supplemental_profiles - Saved 9014562 (Ugwu_Emeka)
[32m2026-06-01 11:36:56 -0700[0m - dagster - [34mINFO[0m - __ASSET_JOB - df44f303-9dd4-4c9e-be52-98f785d874f2 - supplemental_profiles - Saved 8320558 (Morlock_Colby)
[32m2026-06-01 11:36:57 -0700[0m - dagster - [34mINFO[0m - __ASSET_JOB - df44f303-9dd4-4c9e-be52-98f785d874f2 - supplemental_profiles - Saved 8973227 (Morlock_Dillon)
[32m2026-06-01 11:36:58 -0700[0m - dagster - [34mINFO[0m - __ASSET_JOB - df44f303-9dd4-4c9e-be52-98f785d874f2 - supplemental_profiles - Saved 9264657 (Reid_Shamar)
[32m2026-06-01 11:37:00 -0700[0m - dagster - [34mINFO[0m - __ASSET_JOB - df44f303-9dd4-4c9e-be52-98f785d874f2 - supplemental_profiles - Saved 9006111 (Gunzell_Trevor)
[32m2026-06-01 11:37:01 -0700[0m - dagster - [34mINFO[0m - __ASSET_JOB - df44f303-9dd4-4c9e-be52-98f785d874f2 - supplemental_profiles - Saved 9006107 (Crawford_Christopher)
[32m2026-06-01 11:37:02 -0700[0m - dagster - [34mINFO[0m - __ASSET_JOB - df44f303-9dd4-4c9e-be52-98f785d874f2 - supplemental_profiles - Saved 8682097 (Alvarez Aranda_Aron)
[32m2026-06-01 11:37:03 -0700[0m - dagster - [34mINFO[0m - __ASSET_JOB - df44f303-9dd4-4c9e-be52-98f785d874f2 - supplemental_profiles - Saved 9006509 (Allen_Seth)
[32m2026-06-01 11:37:04 -0700[0m - dagster - [34mINFO[0m - __ASSET_JOB - df44f303-9dd4-4c9e-be52-98f785d874f2 - supplemental_profiles - Saved 8992432 (Hendricks_Chad)
[32m2026-06-01 11:37:06 -0700[0m - dagster - [34mINFO[0m - __ASSET_JOB - df44f303-9dd4-4c9e-be52-98f785d874f2 - supplemental_profiles - Saved 9006122 (Young_Christopher)
[32m2026-06-01 11:37:07 -0700[0m - dagster - [34mINFO[0m - __ASSET_JOB - df44f303-9dd4-4c9e-be52-98f785d874f2 - supplemental_profiles - Saved 8977438 (Twaddle-Dunham_Kai)
[32m2026-06-01 11:37:08 -0700[0m - dagster - [34mINFO[0m - __ASSET_JOB - df44f303-9dd4-4c9e-be52-98f785d874f2 - supplemental_profiles - Saved 8365128 (Grubbs_Kevin)
[32m2026-06-01 11:37:10 -0700[0m - dagster - [34mINFO[0m - __ASSET_JOB - df44f303-9dd4-4c9e-be52-98f785d874f2 - supplemental_profiles - Saved 7968968 (Hicks_Christian)
[32m2026-06-01 11:37:11 -0700[0m - dagster - [34mINFO[0m - __ASSET_JOB - df44f303-9dd4-4c9e-be52-98f785d874f2 - supplemental_profiles - Saved 8329949 (Papa_Iosif)
[32m2026-06-01 11:37:12 -0700[0m - dagster - [34mINFO[0m - __ASSET_JOB - df44f303-9dd4-4c9e-be52-98f785d874f2 - supplemental_profiles - Saved 8977769 (Nubbe_Jeremiah)
[32m2026-06-01 11:37:13 -0700[0m - dagster - [34mINFO[0m - __ASSET_JOB - df44f303-9dd4-4c9e-be52-98f785d874f2 - supplemental_profiles - Saved 9279490 (Polychroniou_Nikolaos)
[32m2026-06-01 11:37:15 -0700[0m - dagster - [34mINFO[0m - __ASSET_JOB - df44f303-9dd4-4c9e-be52-98f785d874f2 - supplemental_profiles - Saved 9279491 (Ayers_Cale)
[32m2026-06-01 11:37:16 -0700[0m - dagster - [34mINFO[0m - __ASSET_JOB - df44f303-9dd4-4c9e-be52-98f785d874f2 - supplemental_profiles - Saved 9000460 (Olaru_Igor)
[32m2026-06-01 11:37:17 -0700[0m - dagster - [34mINFO[0m - __ASSET_JOB - df44f303-9dd4-4c9e-be52-98f785d874f2 - supplemental_profiles - Saved 7984789 (Burkhart_Collin)
[32m2026-06-01 11:37:18 -0700[0m - dagster - [34mINFO[0m - __ASSET_JOB - df44f303-9dd4-4c9e-be52-98f785d874f2 - supplemental_profiles - Saved 7720187 (Willems_Orry)
[32m2026-06-01 11:37:20 -0700[0m - dagster - [34mINFO[0m - __ASSET_JOB - df44f303-9dd4-4c9e-be52-98f785d874f2 - supplemental_profiles - Saved 9290891 (Abosina_Basel)
[32m2026-06-01 11:37:21 -0700[0m - dagster - [34mINFO[0m - __ASSET_JOB - df44f303-9dd4-4c9e-be52-98f785d874f2 - supplemental_profiles - Saved 8705111 (Toro_Christian)
[32m2026-06-01 11:37:22 -0700[0m - dagster - [34mINFO[0m - __ASSET_JOB - df44f303-9dd4-4c9e-be52-98f785d874f2 - supplemental_profiles - Saved 9279190 (Calhau_Francisco)
[32m2026-06-01 11:37:23 -0700[0m - dagster - [34mINFO[0m - __ASSET_JOB - df44f303-9dd4-4c9e-be52-98f785d874f2 - supplemental_profiles - Saved 9251753 (Narhi_Juha)
[32m2026-06-01 11:37:25 -0700[0m - dagster - [34mINFO[0m - __ASSET_JOB - df44f303-9dd4-4c9e-be52-98f785d874f2 - supplemental_profiles - Saved 8668057 (Griffiths_Xavier)
[32m2026-06-01 11:37:26 -0700[0m - dagster - [34mINFO[0m - __ASSET_JOB - df44f303-9dd4-4c9e-be52-98f785d874f2 - supplemental_profiles - Saved 7778495 (Davis_Jordan)
[32m2026-06-01 11:37:27 -0700[0m - dagster - [34mINFO[0m - __ASSET_JOB - df44f303-9dd4-4c9e-be52-98f785d874f2 - supplemental_profiles - Saved 8990384 (Reynolds_Nick)
[32m2026-06-01 11:37:28 -0700[0m - dagster - [34mINFO[0m - __ASSET_JOB - df44f303-9dd4-4c9e-be52-98f785d874f2 - supplemental_profiles - Saved 8359924 (Larriviere_Jack)
[32m2026-06-01 11:37:30 -0700[0m - dagster - [34mINFO[0m - __ASSET_JOB - df44f303-9dd4-4c9e-be52-98f785d874f2 - supplemental_profiles - Saved 7968979 (Shughart_Ben)
[32m2026-06-01 11:37:31 -0700[0m - dagster - [34mINFO[0m - __ASSET_JOB - df44f303-9dd4-4c9e-be52-98f785d874f2 - supplemental_profiles - Saved 8714790 (Cabrera Gay_Leikel)
[32m2026-06-01 11:37:32 -0700[0m - dagster - [34mINFO[0m - __ASSET_JOB - df44f303-9dd4-4c9e-be52-98f785d874f2 - supplemental_profiles - Saved 8805766 (Booysen_Reuben)
[32m2026-06-01 11:37:33 -0700[0m - dagster - [34mINFO[0m - __ASSET_JOB - df44f303-9dd4-4c9e-be52-98f785d874f2 - supplemental_profiles - Saved 9098375 (Narhi_Tuomas)
[32m2026-06-01 11:37:34 -0700[0m - dagster - [34mINFO[0m - __ASSET_JOB - df44f303-9dd4-4c9e-be52-98f785d874f2 - supplemental_profiles - Saved 9005641 (Cartwright_Kaden)
[32m2026-06-01 11:37:36 -0700[0m - dagster - [34mINFO[0m - __ASSET_JOB - df44f303-9dd4-4c9e-be52-98f785d874f2 - supplemental_profiles - Saved 8326311 (Faulha_Owen)
[32m2026-06-01 11:37:37 -0700[0m - dagster - [34mINFO[0m - __ASSET_JOB - df44f303-9dd4-4c9e-be52-98f785d874f2 - supplemental_profiles - Saved 8981899 (Falconer_Brandon)
[32m2026-06-01 11:37:38 -0700[0m - dagster - [34mINFO[0m - __ASSET_JOB - df44f303-9dd4-4c9e-be52-98f785d874f2 - supplemental_profiles - Saved 9097828 (Ferguson_Jemar)
[32m2026-06-01 11:37:39 -0700[0m - dagster - [34mINFO[0m - __ASSET_JOB - df44f303-9dd4-4c9e-be52-98f785d874f2 - supplemental_profiles - Saved 7992694 (Niedrowski_Evan)
[32m2026-06-01 11:37:41 -0700[0m - dagster - [34mINFO[0m - __ASSET_JOB - df44f303-9dd4-4c9e-be52-98f785d874f2 - supplemental_profiles - Saved 8343530 (Carter_Jassani)
[32m2026-06-01 11:37:42 -0700[0m - dagster - [34mINFO[0m - __ASSET_JOB - df44f303-9dd4-4c9e-be52-98f785d874f2 - supplemental_profiles - Saved 8712626 (Walker_Shenese)
[32m2026-06-01 11:37:43 -0700[0m - dagster - [34mINFO[0m - __ASSET_JOB - df44f303-9dd4-4c9e-be52-98f785d874f2 - supplemental_profiles - Saved 8996681 (Hodge_Adaejah)
[32m2026-06-01 11:37:45 -0700[0m - dagster - [34mINFO[0m - __ASSET_JOB - df44f303-9dd4-4c9e-be52-98f785d874f2 - supplemental_profiles - Saved 8235201 (Jackson_Kaila)
[32m2026-06-01 11:37:46 -0700[0m - dagster - [34mINFO[0m - __ASSET_JOB - df44f303-9dd4-4c9e-be52-98f785d874f2 - supplemental_profiles - Saved 9253793 (Burnett_Alicia)
[32m2026-06-01 11:37:48 -0700[0m - dagster - [34mINFO[0m - __ASSET_JOB - df44f303-9dd4-4c9e-be52-98f785d874f2 - supplemental_profiles - Saved 8341502 (Matthews_Gabrielle)
[32m2026-06-01 11:37:49 -0700[0m - dagster - [34mINFO[0m - __ASSET_JOB - df44f303-9dd4-4c9e-be52-98f785d874f2 - supplemental_profiles - Saved 8675926 (James_Cynteria)
[32m2026-06-01 11:37:50 -0700[0m - dagster - [34mINFO[0m - __ASSET_JOB - df44f303-9dd4-4c9e-be52-98f785d874f2 - supplemental_profiles - Saved 9253056 (Wilson_Dana)
[32m2026-06-01 11:37:52 -0700[0m - dagster - [34mINFO[0m - __ASSET_JOB - df44f303-9dd4-4c9e-be52-98f785d874f2 - supplemental_profiles - Saved 8675923 (Ford_JaMeesia)
[32m2026-06-01 11:37:53 -0700[0m - dagster - [34mINFO[0m - __ASSET_JOB - df44f303-9dd4-4c9e-be52-98f785d874f2 - supplemental_profiles - Saved 8714489 (Godbless_Tima)
[32m2026-06-01 11:37:55 -0700[0m - dagster - [34mINFO[0m - __ASSET_JOB - df44f303-9dd4-4c9e-be52-98f785d874f2 - supplemental_profiles - Saved 8375070 (Jarrett_Lauren)
[32m2026-06-01 11:37:56 -0700[0m - dagster - [34mINFO[0m - __ASSET_JOB - df44f303-9dd4-4c9e-be52-98f785d874f2 - supplemental_profiles - Saved 8323727 (Epps_Kya)
[32m2026-06-01 11:37:58 -0700[0m - dagster - [34mINFO[0m - __ASSET_JOB - df44f303-9dd4-4c9e-be52-98f785d874f2 - supplemental_profiles - Saved 8319832 (Brown_Alexis)
[32m2026-06-01 11:37:59 -0700[0m - dagster - [34mINFO[0m - __ASSET_JOB - df44f303-9dd4-4c9e-be52-98f785d874f2 - supplemental_profiles - Saved 9255098 (Lyons_Yahnari)
[32m2026-06-01 11:38:00 -0700[0m - dagster - [34mINFO[0m - __ASSET_JOB - df44f303-9dd4-4c9e-be52-98f785d874f2 - supplemental_profiles - Saved 9267868 (Campbell_Laila)
[32m2026-06-01 11:38:02 -0700[0m - dagster - [34mINFO[0m - __ASSET_JOB - df44f303-9dd4-4c9e-be52-98f785d874f2 - supplemental_profiles - Saved 8705127 (Edim_Mia)
[32m2026-06-01 11:38:04 -0700[0m - dagster - [34mINFO[0m - __ASSET_JOB - df44f303-9dd4-4c9e-be52-98f785d874f2 - supplemental_profiles - Saved 9245609 (Mokobe_Judith)
[32m2026-06-01 11:38:05 -0700[0m - dagster - [34mINFO[0m - __ASSET_JOB - df44f303-9dd4-4c9e-be52-98f785d874f2 - supplemental_profiles - Saved 8364135 (Oakley_Dejanea)
[32m2026-06-01 11:38:06 -0700[0m - dagster - [34mINFO[0m - __ASSET_JOB - df44f303-9dd4-4c9e-be52-98f785d874f2 - supplemental_profiles - Saved 8714651 (Favour_Onyah Onyinye)
[32m2026-06-01 11:38:07 -0700[0m - dagster - [34mINFO[0m - __ASSET_JOB - df44f303-9dd4-4c9e-be52-98f785d874f2 - supplemental_profiles - Saved 8339934 (Valcourt_Javonya)
[32m2026-06-01 11:38:09 -0700[0m - dagster - [34mINFO[0m - __ASSET_JOB - df44f303-9dd4-4c9e-be52-98f785d874f2 - supplemental_profiles - Saved 8683562 (Smith_Alexia)
[32m2026-06-01 11:38:10 -0700[0m - dagster - [34mINFO[0m - __ASSET_JOB - df44f303-9dd4-4c9e-be52-98f785d874f2 - supplemental_profiles - Saved 7980315 (Wright_Cydney)
[32m2026-06-01 11:38:11 -0700[0m - dagster - [34mINFO[0m - __ASSET_JOB - df44f303-9dd4-4c9e-be52-98f785d874f2 - supplemental_profiles - Saved 8370468 (Segalla_Sydney)
[32m2026-06-01 11:38:13 -0700[0m - dagster - [34mINFO[0m - __ASSET_JOB - df44f303-9dd4-4c9e-be52-98f785d874f2 - supplemental_profiles - Saved 8672051 (Penn_Quincy)
[32m2026-06-01 11:38:14 -0700[0m - dagster - [34mINFO[0m - __ASSET_JOB - df44f303-9dd4-4c9e-be52-98f785d874f2 - supplemental_profiles - Saved 9000640 (Dwyer_Rushana)
[32m2026-06-01 11:38:15 -0700[0m - dagster - [34mINFO[0m - __ASSET_JOB - df44f303-9dd4-4c9e-be52-98f785d874f2 - supplemental_profiles - Saved 9261998 (Franklin_Skyler)
[32m2026-06-01 11:38:17 -0700[0m - dagster - [34mINFO[0m - __ASSET_JOB - df44f303-9dd4-4c9e-be52-98f785d874f2 - supplemental_profiles - Saved 8680444 (Douglas_Hannah)
[32m2026-06-01 11:38:18 -0700[0m - dagster - [34mINFO[0m - __ASSET_JOB - df44f303-9dd4-4c9e-be52-98f785d874f2 - supplemental_profiles - Saved 8978273 (Baker_Braelyn)
[32m2026-06-01 11:38:19 -0700[0m - dagster - [34mINFO[0m - __ASSET_JOB - df44f303-9dd4-4c9e-be52-98f785d874f2 - supplemental_profiles - Saved 9023083 (Joseph_Esther)
[32m2026-06-01 11:38:21 -0700[0m - dagster - [34mINFO[0m - __ASSET_JOB - df44f303-9dd4-4c9e-be52-98f785d874f2 - supplemental_profiles - Saved 7908137 (Paige_Makayla)
[32m2026-06-01 11:38:22 -0700[0m - dagster - [34mINFO[0m - __ASSET_JOB - df44f303-9dd4-4c9e-be52-98f785d874f2 - supplemental_profiles - Saved 8679273 (Chepngetich_Gladys)
[32m2026-06-01 11:38:23 -0700[0m - dagster - [34mINFO[0m - __ASSET_JOB - df44f303-9dd4-4c9e-be52-98f785d874f2 - supplemental_profiles - Saved 8603131 (Kitching_Hayley)
[32m2026-06-01 11:38:25 -0700[0m - dagster - [34mINFO[0m - __ASSET_JOB - df44f303-9dd4-4c9e-be52-98f785d874f2 - supplemental_profiles - Saved 8584868 (Hargrave_Veronica)
[32m2026-06-01 11:38:26 -0700[0m - dagster - [34mINFO[0m - __ASSET_JOB - df44f303-9dd4-4c9e-be52-98f785d874f2 - supplemental_profiles - Saved 8321329 (Tolbert_Lauren)
[32m2026-06-01 11:38:27 -0700[0m - dagster - [34mINFO[0m - __ASSET_JOB - df44f303-9dd4-4c9e-be52-98f785d874f2 - supplemental_profiles - Saved 8672636 (O'Neill_Maeve)
[32m2026-06-01 11:38:28 -0700[0m - dagster - [34mINFO[0m - __ASSET_JOB - df44f303-9dd4-4c9e-be52-98f785d874f2 - supplemental_profiles - Saved 7722135 (Sullivan_Emma)
[32m2026-06-01 11:38:30 -0700[0m - dagster - [34mINFO[0m - __ASSET_JOB - df44f303-9dd4-4c9e-be52-98f785d874f2 - supplemental_profiles - Saved 8679343 (Haynes_Layla)
[32m2026-06-01 11:38:31 -0700[0m - dagster - [34mINFO[0m - __ASSET_JOB - df44f303-9dd4-4c9e-be52-98f785d874f2 - supplemental_profiles - Saved 9242500 (Hill_Jayden)
[32m2026-06-01 11:38:32 -0700[0m - dagster - [34mINFO[0m - __ASSET_JOB - df44f303-9dd4-4c9e-be52-98f785d874f2 - supplemental_profiles - Saved 8974367 (Kosgei_Judy)
[32m2026-06-01 11:38:33 -0700[0m - dagster - [34mINFO[0m - __ASSET_JOB - df44f303-9dd4-4c9e-be52-98f785d874f2 - supplemental_profiles - Saved 8895230 (Jepkemboi Amimo_Janet)
[32m2026-06-01 11:38:35 -0700[0m - dagster - [34mINFO[0m - __ASSET_JOB - df44f303-9dd4-4c9e-be52-98f785d874f2 - supplemental_profiles - Saved 9237581 (Goggans_Bailey)
[32m2026-06-01 11:38:36 -0700[0m - dagster - [34mINFO[0m - __ASSET_JOB - df44f303-9dd4-4c9e-be52-98f785d874f2 - supplemental_profiles - Saved 9177946 (Stegall_Claire)
[32m2026-06-01 11:38:37 -0700[0m - dagster - [34mINFO[0m - __ASSET_JOB - df44f303-9dd4-4c9e-be52-98f785d874f2 - supplemental_profiles - Saved 8905152 (Wilson_Tia)
[32m2026-06-01 11:38:38 -0700[0m - dagster - [34mINFO[0m - __ASSET_JOB - df44f303-9dd4-4c9e-be52-98f785d874f2 - supplemental_profiles - Saved 8676327 (David_Tatum)
[32m2026-06-01 11:38:39 -0700[0m - dagster - [34mINFO[0m - __ASSET_JOB - df44f303-9dd4-4c9e-be52-98f785d874f2 - supplemental_profiles - Saved 8234613 (Mosley_Aniya)
[32m2026-06-01 11:38:41 -0700[0m - dagster - [34mINFO[0m - __ASSET_JOB - df44f303-9dd4-4c9e-be52-98f785d874f2 - supplemental_profiles - Saved 7903572 (Gardiner_Imogen)
[32m2026-06-01 11:38:42 -0700[0m - dagster - [34mINFO[0m - __ASSET_JOB - df44f303-9dd4-4c9e-be52-98f785d874f2 - supplemental_profiles - Saved 9252130 (Engelhardt_Sadie)
[32m2026-06-01 11:38:43 -0700[0m - dagster - [34mINFO[0m - __ASSET_JOB - df44f303-9dd4-4c9e-be52-98f785d874f2 - supplemental_profiles - Saved 8716193 (Elbadra_Salma)
[32m2026-06-01 11:38:45 -0700[0m - dagster - [34mINFO[0m - __ASSET_JOB - df44f303-9dd4-4c9e-be52-98f785d874f2 - supplemental_profiles - Saved 8895079 (Zealand_Allie)
[32m2026-06-01 11:38:46 -0700[0m - dagster - [34mINFO[0m - __ASSET_JOB - df44f303-9dd4-4c9e-be52-98f785d874f2 - supplemental_profiles - Saved 8232335 (Whaley_Elizabeth)
[32m2026-06-01 11:38:47 -0700[0m - dagster - [34mINFO[0m - __ASSET_JOB - df44f303-9dd4-4c9e-be52-98f785d874f2 - supplemental_profiles - Saved 9199091 (Ogwoka_Mary)
[32m2026-06-01 11:38:48 -0700[0m - dagster - [34mINFO[0m - __ASSET_JOB - df44f303-9dd4-4c9e-be52-98f785d874f2 - supplemental_profiles - Saved 7908136 (Masciarelli_Sydney)
[32m2026-06-01 11:38:50 -0700[0m - dagster - [34mINFO[0m - __ASSET_JOB - df44f303-9dd4-4c9e-be52-98f785d874f2 - supplemental_profiles - Saved 7917518 (Stewart-Barnett_Katelyn)
[32m2026-06-01 11:38:51 -0700[0m - dagster - [34mINFO[0m - __ASSET_JOB - df44f303-9dd4-4c9e-be52-98f785d874f2 - supplemental_profiles - Saved 7888162 (Novak_Sophie)
[32m2026-06-01 11:38:52 -0700[0m - dagster - [34mINFO[0m - __ASSET_JOB - df44f303-9dd4-4c9e-be52-98f785d874f2 - supplemental_profiles - Saved 8594424 (Napoleon_Angelina)
[32m2026-06-01 11:38:54 -0700[0m - dagster - [34mINFO[0m - __ASSET_JOB - df44f303-9dd4-4c9e-be52-98f785d874f2 - supplemental_profiles - Saved 9211203 (Lindner_Jule)
[32m2026-06-01 11:38:55 -0700[0m - dagster - [34mINFO[0m - __ASSET_JOB - df44f303-9dd4-4c9e-be52-98f785d874f2 - supplemental_profiles - Saved 9169010 (Jemutai_Cynthia)
[32m2026-06-01 11:38:56 -0700[0m - dagster - [34mINFO[0m - __ASSET_JOB - df44f303-9dd4-4c9e-be52-98f785d874f2 - supplemental_profiles - Saved 8594428 (Putman_Kate)
[32m2026-06-01 11:38:57 -0700[0m - dagster - [34mINFO[0m - __ASSET_JOB - df44f303-9dd4-4c9e-be52-98f785d874f2 - supplemental_profiles - Saved 9195736 (Kinyanjui_Mercy)
[32m2026-06-01 11:38:59 -0700[0m - dagster - [34mINFO[0m - __ASSET_JOB - df44f303-9dd4-4c9e-be52-98f785d874f2 - supplemental_profiles - Saved 8232418 (Schlenker_Katrina)
[32m2026-06-01 11:39:00 -0700[0m - dagster - [34mINFO[0m - __ASSET_JOB - df44f303-9dd4-4c9e-be52-98f785d874f2 - supplemental_profiles - Saved 8585628 (Justema_Barrett)
[32m2026-06-01 11:39:01 -0700[0m - dagster - [34mINFO[0m - __ASSET_JOB - df44f303-9dd4-4c9e-be52-98f785d874f2 - supplemental_profiles - Saved 9199092 (Wills_Amelia)
[32m2026-06-01 11:39:02 -0700[0m - dagster - [34mINFO[0m - __ASSET_JOB - df44f303-9dd4-4c9e-be52-98f785d874f2 - supplemental_profiles - Saved 9005678 (Jemeli_Nelly)
[32m2026-06-01 11:39:04 -0700[0m - dagster - [34mINFO[0m - __ASSET_JOB - df44f303-9dd4-4c9e-be52-98f785d874f2 - supplemental_profiles - Saved 8614328 (Lemngole_Doris)
[32m2026-06-01 11:39:05 -0700[0m - dagster - [34mINFO[0m - __ASSET_JOB - df44f303-9dd4-4c9e-be52-98f785d874f2 - supplemental_profiles - Saved 8247130 (Olemomoi_Hilda)
[32m2026-06-01 11:39:06 -0700[0m - dagster - [34mINFO[0m - __ASSET_JOB - df44f303-9dd4-4c9e-be52-98f785d874f2 - supplemental_profiles - Saved 9066138 (Chelulei_Edna)
[32m2026-06-01 11:39:07 -0700[0m - dagster - [34mINFO[0m - __ASSET_JOB - df44f303-9dd4-4c9e-be52-98f785d874f2 - supplemental_profiles - Saved 9282007 (Cherop_Nancy)
[32m2026-06-01 11:39:09 -0700[0m - dagster - [34mINFO[0m - __ASSET_JOB - df44f303-9dd4-4c9e-be52-98f785d874f2 - supplemental_profiles - Saved 8936382 (Bohlke_Katie)
[32m2026-06-01 11:39:10 -0700[0m - dagster - [34mINFO[0m - __ASSET_JOB - df44f303-9dd4-4c9e-be52-98f785d874f2 - supplemental_profiles - Saved 9189999 (Chepkoech_Judy)
[32m2026-06-01 11:39:11 -0700[0m - dagster - [34mINFO[0m - __ASSET_JOB - df44f303-9dd4-4c9e-be52-98f785d874f2 - supplemental_profiles - Saved 8242190 (Gapes_Hannah)
[32m2026-06-01 11:39:12 -0700[0m - dagster - [34mINFO[0m - __ASSET_JOB - df44f303-9dd4-4c9e-be52-98f785d874f2 - supplemental_profiles - Saved 8267707 (Sjoberg_Vera)
[32m2026-06-01 11:39:14 -0700[0m - dagster - [34mINFO[0m - __ASSET_JOB - df44f303-9dd4-4c9e-be52-98f785d874f2 - supplemental_profiles - Saved 9201215 (Jepchumba_Brighter)
[32m2026-06-01 11:39:15 -0700[0m - dagster - [34mINFO[0m - __ASSET_JOB - df44f303-9dd4-4c9e-be52-98f785d874f2 - supplemental_profiles - Saved 8917862 (Michalak_Bethany)
[32m2026-06-01 11:39:16 -0700[0m - dagster - [34mINFO[0m - __ASSET_JOB - df44f303-9dd4-4c9e-be52-98f785d874f2 - supplemental_profiles - Saved 7908134 (Brown_Brynn)
[32m2026-06-01 11:39:17 -0700[0m - dagster - [34mINFO[0m - __ASSET_JOB - df44f303-9dd4-4c9e-be52-98f785d874f2 - supplemental_profiles - Saved 9012348 (Chepkemoi_Edna)
[32m2026-06-01 11:39:19 -0700[0m - dagster - [34mINFO[0m - __ASSET_JOB - df44f303-9dd4-4c9e-be52-98f785d874f2 - supplemental_profiles - Saved 8920567 (Naukot_Joy)
[32m2026-06-01 11:39:20 -0700[0m - dagster - [34mINFO[0m - __ASSET_JOB - df44f303-9dd4-4c9e-be52-98f785d874f2 - supplemental_profiles - Saved 9169011 (Kiplagat_Caren)
[32m2026-06-01 11:39:21 -0700[0m - dagster - [34mINFO[0m - __ASSET_JOB - df44f303-9dd4-4c9e-be52-98f785d874f2 - supplemental_profiles - Saved 9189255 (Blade_Rylee)
[32m2026-06-01 11:39:22 -0700[0m - dagster - [34mINFO[0m - __ASSET_JOB - df44f303-9dd4-4c9e-be52-98f785d874f2 - supplemental_profiles - Saved 8234659 (Murphy_Lily)
[32m2026-06-01 11:39:24 -0700[0m - dagster - [34mINFO[0m - __ASSET_JOB - df44f303-9dd4-4c9e-be52-98f785d874f2 - supplemental_profiles - Saved 8896317 (Aramini_Amaya)
[32m2026-06-01 11:39:25 -0700[0m - dagster - [34mINFO[0m - __ASSET_JOB - df44f303-9dd4-4c9e-be52-98f785d874f2 - supplemental_profiles - Saved 9026901 (Jebitok_Mercy)
[32m2026-06-01 11:39:26 -0700[0m - dagster - [34mINFO[0m - __ASSET_JOB - df44f303-9dd4-4c9e-be52-98f785d874f2 - supplemental_profiles - Saved 8923343 (White_Ruth)
[32m2026-06-01 11:39:27 -0700[0m - dagster - [34mINFO[0m - __ASSET_JOB - df44f303-9dd4-4c9e-be52-98f785d874f2 - supplemental_profiles - Saved 9191211 (Chemnagei_Abigael)
[32m2026-06-01 11:39:29 -0700[0m - dagster - [34mINFO[0m - __ASSET_JOB - df44f303-9dd4-4c9e-be52-98f785d874f2 - supplemental_profiles - Saved 8588377 (Wilson_Brooke)
[32m2026-06-01 11:39:30 -0700[0m - dagster - [34mINFO[0m - __ASSET_JOB - df44f303-9dd4-4c9e-be52-98f785d874f2 - supplemental_profiles - Saved 8255656 (Perez_Angelina)
[32m2026-06-01 11:39:31 -0700[0m - dagster - [34mINFO[0m - __ASSET_JOB - df44f303-9dd4-4c9e-be52-98f785d874f2 - supplemental_profiles - Saved 8680432 (Scales_Emmi)
[32m2026-06-01 11:39:32 -0700[0m - dagster - [34mINFO[0m - __ASSET_JOB - df44f303-9dd4-4c9e-be52-98f785d874f2 - supplemental_profiles - Saved 8705674 (Alase_Tashina)
[32m2026-06-01 11:39:34 -0700[0m - dagster - [34mINFO[0m - __ASSET_JOB - df44f303-9dd4-4c9e-be52-98f785d874f2 - supplemental_profiles - Saved 8674234 (Mehringer_Rachel)
[32m2026-06-01 11:39:35 -0700[0m - dagster - [34mINFO[0m - __ASSET_JOB - df44f303-9dd4-4c9e-be52-98f785d874f2 - supplemental_profiles - Saved 8345801 (Spencer_Janela)
[32m2026-06-01 11:39:36 -0700[0m - dagster - [34mINFO[0m - __ASSET_JOB - df44f303-9dd4-4c9e-be52-98f785d874f2 - supplemental_profiles - Saved 8316097 (Wilson_Oneka)
[32m2026-06-01 11:39:37 -0700[0m - dagster - [34mINFO[0m - __ASSET_JOB - df44f303-9dd4-4c9e-be52-98f785d874f2 - supplemental_profiles - Saved 9257054 (Omulisia_Rukia Nusra)
[32m2026-06-01 11:39:39 -0700[0m - dagster - [34mINFO[0m - __ASSET_JOB - df44f303-9dd4-4c9e-be52-98f785d874f2 - supplemental_profiles - Saved 8712996 (Spearman_Falon)
[32m2026-06-01 11:39:40 -0700[0m - dagster - [34mINFO[0m - __ASSET_JOB - df44f303-9dd4-4c9e-be52-98f785d874f2 - supplemental_profiles - Saved 9281633 (Brewster_Adeyah)
[32m2026-06-01 11:39:41 -0700[0m - dagster - [34mINFO[0m - __ASSET_JOB - df44f303-9dd4-4c9e-be52-98f785d874f2 - supplemental_profiles - Saved 9263310 (Cox_Taylor)
[32m2026-06-01 11:39:42 -0700[0m - dagster - [34mINFO[0m - __ASSET_JOB - df44f303-9dd4-4c9e-be52-98f785d874f2 - supplemental_profiles - Saved 8680440 (Bentley_Camden)
[32m2026-06-01 11:39:44 -0700[0m - dagster - [34mINFO[0m - __ASSET_JOB - df44f303-9dd4-4c9e-be52-98f785d874f2 - supplemental_profiles - Saved 8998893 (Elliott_Kailey)
[32m2026-06-01 11:39:45 -0700[0m - dagster - [34mINFO[0m - __ASSET_JOB - df44f303-9dd4-4c9e-be52-98f785d874f2 - supplemental_profiles - Saved 8984416 (Hamilton_Joslyn)
[32m2026-06-01 11:39:46 -0700[0m - dagster - [34mINFO[0m - __ASSET_JOB - df44f303-9dd4-4c9e-be52-98f785d874f2 - supplemental_profiles - Saved 8647433 (Garrett_Akala)
[32m2026-06-01 11:39:48 -0700[0m - dagster - [34mINFO[0m - __ASSET_JOB - df44f303-9dd4-4c9e-be52-98f785d874f2 - supplemental_profiles - Saved 8996686 (Smith_Michelle)
[32m2026-06-01 11:39:49 -0700[0m - dagster - [34mINFO[0m - __ASSET_JOB - df44f303-9dd4-4c9e-be52-98f785d874f2 - supplemental_profiles - Saved 8986745 (Billups_Cenaiya)
[32m2026-06-01 11:39:50 -0700[0m - dagster - [34mINFO[0m - __ASSET_JOB - df44f303-9dd4-4c9e-be52-98f785d874f2 - supplemental_profiles - Saved 9257041 (Nyagisera_Vanice Kerubo)
[32m2026-06-01 11:39:52 -0700[0m - dagster - [34mINFO[0m - __ASSET_JOB - df44f303-9dd4-4c9e-be52-98f785d874f2 - supplemental_profiles - Saved 9240340 (Harrington-Spain_Kyndall)
[32m2026-06-01 11:39:53 -0700[0m - dagster - [34mINFO[0m - __ASSET_JOB - df44f303-9dd4-4c9e-be52-98f785d874f2 - supplemental_profiles - Saved 8311550 (Woodruff_Aniya)
[32m2026-06-01 11:39:54 -0700[0m - dagster - [34mINFO[0m - __ASSET_JOB - df44f303-9dd4-4c9e-be52-98f785d874f2 - supplemental_profiles - Saved 8336291 (Hebron_Sanaa)
[32m2026-06-01 11:39:56 -0700[0m - dagster - [34mINFO[0m - __ASSET_JOB - df44f303-9dd4-4c9e-be52-98f785d874f2 - supplemental_profiles - Saved 8682165 (Green_Sidney)
[32m2026-06-01 11:39:57 -0700[0m - dagster - [34mINFO[0m - __ASSET_JOB - df44f303-9dd4-4c9e-be52-98f785d874f2 - supplemental_profiles - Saved 8924163 (Walker_Macaela)
[32m2026-06-01 11:39:58 -0700[0m - dagster - [34mINFO[0m - __ASSET_JOB - df44f303-9dd4-4c9e-be52-98f785d874f2 - supplemental_profiles - Saved 8667363 (Riley_Elle)
[32m2026-06-01 11:40:00 -0700[0m - dagster - [34mINFO[0m - __ASSET_JOB - df44f303-9dd4-4c9e-be52-98f785d874f2 - supplemental_profiles - Saved 8369555 (Wilson_Madyson)
[32m2026-06-01 11:40:01 -0700[0m - dagster - [34mINFO[0m - __ASSET_JOB - df44f303-9dd4-4c9e-be52-98f785d874f2 - supplemental_profiles - Saved 9257038 (Howard_Kemarah)
[32m2026-06-01 11:40:02 -0700[0m - dagster - [34mINFO[0m - __ASSET_JOB - df44f303-9dd4-4c9e-be52-98f785d874f2 - supplemental_profiles - Saved 8335440 (Moore-Bastide_Macaria)
[32m2026-06-01 11:40:03 -0700[0m - dagster - [34mINFO[0m - __ASSET_JOB - df44f303-9dd4-4c9e-be52-98f785d874f2 - supplemental_profiles - Saved 9013527 (Morgan_Spirit)
[32m2026-06-01 11:40:05 -0700[0m - dagster - [34mINFO[0m - __ASSET_JOB - df44f303-9dd4-4c9e-be52-98f785d874f2 - supplemental_profiles - Saved 8676854 (McDonald_Annishka)
[32m2026-06-01 11:40:06 -0700[0m - dagster - [34mINFO[0m - __ASSET_JOB - df44f303-9dd4-4c9e-be52-98f785d874f2 - supplemental_profiles - Saved 8324404 (Lofton_Amarianna)
[32m2026-06-01 11:40:07 -0700[0m - dagster - [34mINFO[0m - __ASSET_JOB - df44f303-9dd4-4c9e-be52-98f785d874f2 - supplemental_profiles - Saved 8963761 (Bien-Aime_Amaya)
[32m2026-06-01 11:40:09 -0700[0m - dagster - [34mINFO[0m - __ASSET_JOB - df44f303-9dd4-4c9e-be52-98f785d874f2 - supplemental_profiles - Saved 8676337 (Rifaterra_Celia)
[32m2026-06-01 11:40:10 -0700[0m - dagster - [34mINFO[0m - __ASSET_JOB - df44f303-9dd4-4c9e-be52-98f785d874f2 - supplemental_profiles - Saved 8978532 (Carrigan_Alysa)
[32m2026-06-01 11:40:11 -0700[0m - dagster - [34mINFO[0m - __ASSET_JOB - df44f303-9dd4-4c9e-be52-98f785d874f2 - supplemental_profiles - Saved 8691455 (Campo_Magdaline)
[32m2026-06-01 11:40:13 -0700[0m - dagster - [34mINFO[0m - __ASSET_JOB - df44f303-9dd4-4c9e-be52-98f785d874f2 - supplemental_profiles - Saved 8678510 (Hines_Mya)
[32m2026-06-01 11:40:14 -0700[0m - dagster - [34mINFO[0m - __ASSET_JOB - df44f303-9dd4-4c9e-be52-98f785d874f2 - supplemental_profiles - Saved 9277032 (Taylor_Diamonasia)
[32m2026-06-01 11:40:15 -0700[0m - dagster - [34mINFO[0m - __ASSET_JOB - df44f303-9dd4-4c9e-be52-98f785d874f2 - supplemental_profiles - Saved 8668372 (Logan_Jenovia)
[32m2026-06-01 11:40:17 -0700[0m - dagster - [34mINFO[0m - __ASSET_JOB - df44f303-9dd4-4c9e-be52-98f785d874f2 - supplemental_profiles - Saved 9253050 (Grace_Hannah)
[32m2026-06-01 11:40:18 -0700[0m - dagster - [34mINFO[0m - __ASSET_JOB - df44f303-9dd4-4c9e-be52-98f785d874f2 - supplemental_profiles - Saved 8710477 (Sistermann_Chiara)
[32m2026-06-01 11:40:19 -0700[0m - dagster - [34mINFO[0m - __ASSET_JOB - df44f303-9dd4-4c9e-be52-98f785d874f2 - supplemental_profiles - Saved 8995265 (Callahan_Ashley)
[32m2026-06-01 11:40:20 -0700[0m - dagster - [34mINFO[0m - __ASSET_JOB - df44f303-9dd4-4c9e-be52-98f785d874f2 - supplemental_profiles - Saved 7540505 (Drish_Kennedy)
[32m2026-06-01 11:40:22 -0700[0m - dagster - [34mINFO[0m - __ASSET_JOB - df44f303-9dd4-4c9e-be52-98f785d874f2 - supplemental_profiles - Saved 8317286 (Mudd_Tessa)
[32m2026-06-01 11:40:23 -0700[0m - dagster - [34mINFO[0m - __ASSET_JOB - df44f303-9dd4-4c9e-be52-98f785d874f2 - supplemental_profiles - Saved 8674703 (Hilliard_Avery)
[32m2026-06-01 11:40:24 -0700[0m - dagster - [34mINFO[0m - __ASSET_JOB - df44f303-9dd4-4c9e-be52-98f785d874f2 - supplemental_profiles - Saved 8705138 (Tutton_Gemma)
[32m2026-06-01 11:40:25 -0700[0m - dagster - [34mINFO[0m - __ASSET_JOB - df44f303-9dd4-4c9e-be52-98f785d874f2 - supplemental_profiles - Saved 8369559 (Knouff_Abby)
[32m2026-06-01 11:40:27 -0700[0m - dagster - [34mINFO[0m - __ASSET_JOB - df44f303-9dd4-4c9e-be52-98f785d874f2 - supplemental_profiles - Saved 9079201 (Muhammad_Jathiyah)
[32m2026-06-01 11:40:28 -0700[0m - dagster - [34mINFO[0m - __ASSET_JOB - df44f303-9dd4-4c9e-be52-98f785d874f2 - supplemental_profiles - Saved 9350928 (Ferguson_Sarah)
[32m2026-06-01 11:40:29 -0700[0m - dagster - [34mINFO[0m - __ASSET_JOB - df44f303-9dd4-4c9e-be52-98f785d874f2 - supplemental_profiles - Saved 8981352 (Tahou_Maeva)
[32m2026-06-01 11:40:31 -0700[0m - dagster - [34mINFO[0m - __ASSET_JOB - df44f303-9dd4-4c9e-be52-98f785d874f2 - supplemental_profiles - Saved 7974393 (Foreman_Shantae)
[32m2026-06-01 11:40:32 -0700[0m - dagster - [34mINFO[0m - __ASSET_JOB - df44f303-9dd4-4c9e-be52-98f785d874f2 - supplemental_profiles - Saved 8325798 (Harris_Caelyn)
[32m2026-06-01 11:40:33 -0700[0m - dagster - [34mINFO[0m - __ASSET_JOB - df44f303-9dd4-4c9e-be52-98f785d874f2 - supplemental_profiles - Saved 9249538 (Divinity_Eve)
[32m2026-06-01 11:40:34 -0700[0m - dagster - [34mINFO[0m - __ASSET_JOB - df44f303-9dd4-4c9e-be52-98f785d874f2 - supplemental_profiles - Saved 8712997 (Gooden_Lena)
[32m2026-06-01 11:40:36 -0700[0m - dagster - [34mINFO[0m - __ASSET_JOB - df44f303-9dd4-4c9e-be52-98f785d874f2 - supplemental_profiles - Saved 8682167 (Harlan_Amare)
[32m2026-06-01 11:40:37 -0700[0m - dagster - [34mINFO[0m - __ASSET_JOB - df44f303-9dd4-4c9e-be52-98f785d874f2 - supplemental_profiles - Saved 8317285 (Kelly_Alexandra)
[32m2026-06-01 11:40:38 -0700[0m - dagster - [34mINFO[0m - __ASSET_JOB - df44f303-9dd4-4c9e-be52-98f785d874f2 - supplemental_profiles - Saved 9240341 (Harris_Tristen)
[32m2026-06-01 11:40:39 -0700[0m - dagster - [34mINFO[0m - __ASSET_JOB - df44f303-9dd4-4c9e-be52-98f785d874f2 - supplemental_profiles - Saved 8711955 (Horielova_Mariia)
[32m2026-06-01 11:40:41 -0700[0m - dagster - [34mINFO[0m - __ASSET_JOB - df44f303-9dd4-4c9e-be52-98f785d874f2 - supplemental_profiles - Saved 8971439 (Floriea_Paige)
[32m2026-06-01 11:40:42 -0700[0m - dagster - [34mINFO[0m - __ASSET_JOB - df44f303-9dd4-4c9e-be52-98f785d874f2 - supplemental_profiles - Saved 8679503 (Omonzane_Peace)
[32m2026-06-01 11:40:43 -0700[0m - dagster - [34mINFO[0m - __ASSET_JOB - df44f303-9dd4-4c9e-be52-98f785d874f2 - supplemental_profiles - Saved 8317284 (Scoot_Georgina)
[32m2026-06-01 11:40:45 -0700[0m - dagster - [34mINFO[0m - __ASSET_JOB - df44f303-9dd4-4c9e-be52-98f785d874f2 - supplemental_profiles - Saved 8368624 (Pinkard_Kayla)
[32m2026-06-01 11:40:46 -0700[0m - dagster - [34mINFO[0m - __ASSET_JOB - df44f303-9dd4-4c9e-be52-98f785d874f2 - supplemental_profiles - Saved 8996682 (Nembhard_Danah)
[32m2026-06-01 11:40:47 -0700[0m - dagster - [34mINFO[0m - __ASSET_JOB - df44f303-9dd4-4c9e-be52-98f785d874f2 - supplemental_profiles - Saved 9010797 (Phillips_Asia)
[32m2026-06-01 11:40:48 -0700[0m - dagster - [34mINFO[0m - __ASSET_JOB - df44f303-9dd4-4c9e-be52-98f785d874f2 - supplemental_profiles - Saved 9262418 (Cook_Kaitlyn)
[32m2026-06-01 11:40:49 -0700[0m - dagster - [34mINFO[0m - __ASSET_JOB - df44f303-9dd4-4c9e-be52-98f785d874f2 - supplemental_profiles - Saved 8327517 (Cuns Iglesias_Alba)
[32m2026-06-01 11:40:51 -0700[0m - dagster - [34mINFO[0m - __ASSET_JOB - df44f303-9dd4-4c9e-be52-98f785d874f2 - supplemental_profiles - Saved 8360314 (Dowd_Olivia)
[32m2026-06-01 11:40:52 -0700[0m - dagster - [34mINFO[0m - __ASSET_JOB - df44f303-9dd4-4c9e-be52-98f785d874f2 - supplemental_profiles - Saved 9260853 (Kruzmane_Adriana)
[32m2026-06-01 11:40:53 -0700[0m - dagster - [34mINFO[0m - __ASSET_JOB - df44f303-9dd4-4c9e-be52-98f785d874f2 - supplemental_profiles - Saved 8282099 (Mevo_Manie)
[32m2026-06-01 11:40:55 -0700[0m - dagster - [34mINFO[0m - __ASSET_JOB - df44f303-9dd4-4c9e-be52-98f785d874f2 - supplemental_profiles - Saved 9249257 (Beville_Daedrian)
[32m2026-06-01 11:40:56 -0700[0m - dagster - [34mINFO[0m - __ASSET_JOB - df44f303-9dd4-4c9e-be52-98f785d874f2 - supplemental_profiles - Saved 9237251 (Oji_Jessica)
[32m2026-06-01 11:40:57 -0700[0m - dagster - [34mINFO[0m - __ASSET_JOB - df44f303-9dd4-4c9e-be52-98f785d874f2 - supplemental_profiles - Saved 8634276 (Murrell-Ross_Kelsie)
[32m2026-06-01 11:40:58 -0700[0m - dagster - [34mINFO[0m - __ASSET_JOB - df44f303-9dd4-4c9e-be52-98f785d874f2 - supplemental_profiles - Saved 8709928 (Raikiwasa_Marley)
[32m2026-06-01 11:40:59 -0700[0m - dagster - [34mINFO[0m - __ASSET_JOB - df44f303-9dd4-4c9e-be52-98f785d874f2 - supplemental_profiles - Saved 8398788 (Van Daalen_Alida)
[32m2026-06-01 11:41:01 -0700[0m - dagster - [34mINFO[0m - __ASSET_JOB - df44f303-9dd4-4c9e-be52-98f785d874f2 - supplemental_profiles - Saved 9257660 (Tupu-South_Kaia)
[32m2026-06-01 11:41:02 -0700[0m - dagster - [34mINFO[0m - __ASSET_JOB - df44f303-9dd4-4c9e-be52-98f785d874f2 - supplemental_profiles - Saved 8647437 (Ndubuisi_Nina)
[32m2026-06-01 11:41:03 -0700[0m - dagster - [34mINFO[0m - __ASSET_JOB - df44f303-9dd4-4c9e-be52-98f785d874f2 - supplemental_profiles - Saved 8985442 (Russell_Abigail)
[32m2026-06-01 11:41:05 -0700[0m - dagster - [34mINFO[0m - __ASSET_JOB - df44f303-9dd4-4c9e-be52-98f785d874f2 - supplemental_profiles - Saved 8364073 (Hague_Megan)
[32m2026-06-01 11:41:06 -0700[0m - dagster - [34mINFO[0m - __ASSET_JOB - df44f303-9dd4-4c9e-be52-98f785d874f2 - supplemental_profiles - Saved 8991538 (Johnson_Britannie)
[32m2026-06-01 11:41:07 -0700[0m - dagster - [34mINFO[0m - __ASSET_JOB - df44f303-9dd4-4c9e-be52-98f785d874f2 - supplemental_profiles - Saved 8895781 (Garnett_Sasha)
[32m2026-06-01 11:41:09 -0700[0m - dagster - [34mINFO[0m - __ASSET_JOB - df44f303-9dd4-4c9e-be52-98f785d874f2 - supplemental_profiles - Saved 8320234 (Crawford_Niya)
[32m2026-06-01 11:41:10 -0700[0m - dagster - [34mINFO[0m - __ASSET_JOB - df44f303-9dd4-4c9e-be52-98f785d874f2 - supplemental_profiles - Saved 8682174 (Tapper_Elizabeth)
[32m2026-06-01 11:41:11 -0700[0m - dagster - [34mINFO[0m - __ASSET_JOB - df44f303-9dd4-4c9e-be52-98f785d874f2 - supplemental_profiles - Saved 8687563 (Jackson_Calea)
[32m2026-06-01 11:41:13 -0700[0m - dagster - [34mINFO[0m - __ASSET_JOB - df44f303-9dd4-4c9e-be52-98f785d874f2 - supplemental_profiles - Saved 8317998 (Alves_Jamora)
[32m2026-06-01 11:41:14 -0700[0m - dagster - [34mINFO[0m - __ASSET_JOB - df44f303-9dd4-4c9e-be52-98f785d874f2 - supplemental_profiles - Saved 9006518 (Massey_Camryn)
[32m2026-06-01 11:41:15 -0700[0m - dagster - [34mINFO[0m - __ASSET_JOB - df44f303-9dd4-4c9e-be52-98f785d874f2 - supplemental_profiles - Saved 9097995 (Hyman_Princesse)
[32m2026-06-01 11:41:16 -0700[0m - dagster - [34mINFO[0m - __ASSET_JOB - df44f303-9dd4-4c9e-be52-98f785d874f2 - supplemental_profiles - Saved 8679344 (Leiseth_Gracelyn)
[32m2026-06-01 11:41:18 -0700[0m - dagster - [34mINFO[0m - __ASSET_JOB - df44f303-9dd4-4c9e-be52-98f785d874f2 - supplemental_profiles - Saved 9245248 (Oguama_Joyce)
[32m2026-06-01 11:41:19 -0700[0m - dagster - [34mINFO[0m - __ASSET_JOB - df44f303-9dd4-4c9e-be52-98f785d874f2 - supplemental_profiles - Saved 8978538 (Giordano_Layla)
[32m2026-06-01 11:41:20 -0700[0m - dagster - [34mINFO[0m - __ASSET_JOB - df44f303-9dd4-4c9e-be52-98f785d874f2 - supplemental_profiles - Saved 9252178 (Wepiwe_Nadjela)
[32m2026-06-01 11:41:21 -0700[0m - dagster - [34mINFO[0m - __ASSET_JOB - df44f303-9dd4-4c9e-be52-98f785d874f2 - supplemental_profiles - Saved 9007478 (Hallett_Morgan)
[32m2026-06-01 11:41:22 -0700[0m - dagster - [34mINFO[0m - __ASSET_JOB - df44f303-9dd4-4c9e-be52-98f785d874f2 - supplemental_profiles - Saved 8364543 (Isaac_Akari)
[32m2026-06-01 11:41:24 -0700[0m - dagster - [34mINFO[0m - __ASSET_JOB - df44f303-9dd4-4c9e-be52-98f785d874f2 - supplemental_profiles - Saved 7978154 (Roberts_Ava)
[32m2026-06-01 11:41:25 -0700[0m - dagster - [34mINFO[0m - __ASSET_JOB - df44f303-9dd4-4c9e-be52-98f785d874f2 - supplemental_profiles - Saved 9005681 (Rougetet_Marie)
[32m2026-06-01 11:41:26 -0700[0m - dagster - [34mINFO[0m - __ASSET_JOB - df44f303-9dd4-4c9e-be52-98f785d874f2 - supplemental_profiles - Saved 7976006 (Terza_Kali)
[32m2026-06-01 11:41:28 -0700[0m - dagster - [34mINFO[0m - __ASSET_JOB - df44f303-9dd4-4c9e-be52-98f785d874f2 - supplemental_profiles - Saved 9000802 (Pestana_Mariana)
[32m2026-06-01 11:41:29 -0700[0m - dagster - [34mINFO[0m - __ASSET_JOB - df44f303-9dd4-4c9e-be52-98f785d874f2 - supplemental_profiles - Saved 8679066 (McAuslan-Kelly_Angela)
[32m2026-06-01 11:41:30 -0700[0m - dagster - [34mINFO[0m - __ASSET_JOB - df44f303-9dd4-4c9e-be52-98f785d874f2 - supplemental_profiles - Saved 8321210 (Roan_Ellie)
[32m2026-06-01 11:41:32 -0700[0m - dagster - [34mINFO[0m - __ASSET_JOB - df44f303-9dd4-4c9e-be52-98f785d874f2 - supplemental_profiles - Saved 8364547 (Washington_Imani)
[32m2026-06-01 11:41:33 -0700[0m - dagster - [34mINFO[0m - __ASSET_JOB - df44f303-9dd4-4c9e-be52-98f785d874f2 - supplemental_profiles - Saved 8679285 (Dye_Kendra)
[32m2026-06-01 11:41:34 -0700[0m - dagster - [34mINFO[0m - __ASSET_JOB - df44f303-9dd4-4c9e-be52-98f785d874f2 - supplemental_profiles - Saved 9276948 (Rodriguez_Catalina)
[32m2026-06-01 11:41:35 -0700[0m - dagster - [34mINFO[0m - __ASSET_JOB - df44f303-9dd4-4c9e-be52-98f785d874f2 - supplemental_profiles - Saved 9279519 (Sandkulla_Charlotta)
[32m2026-06-01 11:41:37 -0700[0m - dagster - [34mINFO[0m - __ASSET_JOB - df44f303-9dd4-4c9e-be52-98f785d874f2 - supplemental_profiles - Saved 8369053 (Kosi_Umerah)
[32m2026-06-01 11:41:38 -0700[0m - dagster - [34mINFO[0m - __ASSET_JOB - df44f303-9dd4-4c9e-be52-98f785d874f2 - supplemental_profiles - Saved 8696192 (Cesar_Janiya)
[32m2026-06-01 11:41:39 -0700[0m - dagster - [34mINFO[0m - __ASSET_JOB - df44f303-9dd4-4c9e-be52-98f785d874f2 - supplemental_profiles - Saved 9359522 (Lind_Norah)
[32m2026-06-01 11:41:41 -0700[0m - dagster - [34mINFO[0m - __ASSET_JOB - df44f303-9dd4-4c9e-be52-98f785d874f2 - supplemental_profiles - Saved 8682169 (Bliss_Evelyn)
[32m2026-06-01 11:41:42 -0700[0m - dagster - [34mINFO[0m - __ASSET_JOB - df44f303-9dd4-4c9e-be52-98f785d874f2 - supplemental_profiles - Saved 9006141 (Partrick_Eleanor)
[32m2026-06-01 11:41:43 -0700[0m - dagster - [34mINFO[0m - __ASSET_JOB - df44f303-9dd4-4c9e-be52-98f785d874f2 - supplemental_profiles - Saved 9271366 (Mazzoni_Sophia)
[32m2026-06-01 11:41:44 -0700[0m - dagster - [34mINFO[0m - __ASSET_JOB - df44f303-9dd4-4c9e-be52-98f785d874f2 - supplemental_profiles - Saved 8317288 (Greene_Shea)
[32m2026-06-01 11:41:46 -0700[0m - dagster - [34mINFO[0m - __ASSET_JOB - df44f303-9dd4-4c9e-be52-98f785d874f2 - supplemental_profiles - Saved 9242491 (Bailey_Elizabeth)
[32m2026-06-01 11:41:47 -0700[0m - dagster - [34mINFO[0m - __ASSET_JOB - df44f303-9dd4-4c9e-be52-98f785d874f2 - supplemental_profiles - Saved 8963765 (Oskarsdottir_Arndis)
[32m2026-06-01 11:41:48 -0700[0m - dagster - [34mINFO[0m - __ASSET_JOB - df44f303-9dd4-4c9e-be52-98f785d874f2 - supplemental_profiles - Saved 8716144 (Guillory_Alexis)
[32m2026-06-01 11:41:49 -0700[0m - dagster - [34mINFO[0m - __ASSET_JOB - df44f303-9dd4-4c9e-be52-98f785d874f2 - supplemental_profiles - Saved 9108509 (Jay_Kristen)
[32m2026-06-01 11:41:50 -0700[0m - dagster - [34mINFO[0m - __ASSET_JOB - df44f303-9dd4-4c9e-be52-98f785d874f2 - supplemental_profiles - Saved 8678247 (Young_Spencer)
[32m2026-06-01 11:41:52 -0700[0m - dagster - [34mINFO[0m - __ASSET_JOB - df44f303-9dd4-4c9e-be52-98f785d874f2 - supplemental_profiles - Saved 8353877 (Teixeira_Deisiane)
[32m2026-06-01 11:41:53 -0700[0m - dagster - [34mINFO[0m - __ASSET_JOB - df44f303-9dd4-4c9e-be52-98f785d874f2 - supplemental_profiles - Saved 7996567 (Wapshare_Emma)
[32m2026-06-01 11:41:54 -0700[0m - dagster - [34mINFO[0m - __ASSET_JOB - df44f303-9dd4-4c9e-be52-98f785d874f2 - supplemental_profiles - Saved 8983316 (Ellina_Christiana)
[32m2026-06-01 11:41:55 -0700[0m - dagster - [34mINFO[0m - __ASSET_JOB - df44f303-9dd4-4c9e-be52-98f785d874f2 - supplemental_profiles - Saved 8348286 (Hinchliffe_Louie)
[32m2026-06-01 11:41:57 -0700[0m - dagster - [34mINFO[0m - __ASSET_JOB - df44f303-9dd4-4c9e-be52-98f785d874f2 - supplemental_profiles - Saved 9293574 (Watkins_Jelani)
[32m2026-06-01 11:41:58 -0700[0m - dagster - [34mINFO[0m - __ASSET_JOB - df44f303-9dd4-4c9e-be52-98f785d874f2 - supplemental_profiles - Saved 8321876 (Lawyer_Mason)
[32m2026-06-01 11:41:59 -0700[0m - dagster - [34mINFO[0m - __ASSET_JOB - df44f303-9dd4-4c9e-be52-98f785d874f2 - supplemental_profiles - Saved 8977016 (Nketia_Eddie)
[32m2026-06-01 11:42:01 -0700[0m - dagster - [34mINFO[0m - __ASSET_JOB - df44f303-9dd4-4c9e-be52-98f785d874f2 - supplemental_profiles - Saved 8020082 (Foster_David)
[32m2026-06-01 11:42:02 -0700[0m - dagster - [34mINFO[0m - __ASSET_JOB - df44f303-9dd4-4c9e-be52-98f785d874f2 - supplemental_profiles - Saved 8362408 (Jordan _Abel)
[32m2026-06-01 11:42:03 -0700[0m - dagster - [34mINFO[0m - __ASSET_JOB - df44f303-9dd4-4c9e-be52-98f785d874f2 - supplemental_profiles - Saved 8667716 (Sherman_John)
[32m2026-06-01 11:42:04 -0700[0m - dagster - [34mINFO[0m - __ASSET_JOB - df44f303-9dd4-4c9e-be52-98f785d874f2 - supplemental_profiles - Saved 9293461 (Letebele_Karabo)
[32m2026-06-01 11:42:05 -0700[0m - dagster - [34mINFO[0m - __ASSET_JOB - df44f303-9dd4-4c9e-be52-98f785d874f2 - supplemental_profiles - Saved 8324291 (Williams_Tevijon)
[32m2026-06-01 11:42:07 -0700[0m - dagster - [34mINFO[0m - __ASSET_JOB - df44f303-9dd4-4c9e-be52-98f785d874f2 - supplemental_profiles - Saved 9328921 (Caleb_John)
[32m2026-06-01 11:42:08 -0700[0m - dagster - [34mINFO[0m - __ASSET_JOB - df44f303-9dd4-4c9e-be52-98f785d874f2 - supplemental_profiles - Saved 9261297 (Onwunili_Joshua)
[32m2026-06-01 11:42:09 -0700[0m - dagster - [34mINFO[0m - __ASSET_JOB - df44f303-9dd4-4c9e-be52-98f785d874f2 - supplemental_profiles - Saved 8719648 (Dossman_Ian)
[32m2026-06-01 11:42:10 -0700[0m - dagster - [34mINFO[0m - __ASSET_JOB - df44f303-9dd4-4c9e-be52-98f785d874f2 - supplemental_profiles - Saved 8990080 (Rosario_Miguel)
[32m2026-06-01 11:42:12 -0700[0m - dagster - [34mINFO[0m - __ASSET_JOB - df44f303-9dd4-4c9e-be52-98f785d874f2 - supplemental_profiles - Saved 8706138 (Belle_Wanyae)
[32m2026-06-01 11:42:13 -0700[0m - dagster - [34mINFO[0m - __ASSET_JOB - df44f303-9dd4-4c9e-be52-98f785d874f2 - supplemental_profiles - Saved 8354305 (Charles_Aaron)
[32m2026-06-01 11:42:15 -0700[0m - dagster - [34mINFO[0m - __ASSET_JOB - df44f303-9dd4-4c9e-be52-98f785d874f2 - supplemental_profiles - Saved 8812422 (Lanham_Tory)
[32m2026-06-01 11:42:16 -0700[0m - dagster - [34mINFO[0m - __ASSET_JOB - df44f303-9dd4-4c9e-be52-98f785d874f2 - supplemental_profiles - Saved 8365733 (Crawford_Johnathan)
[32m2026-06-01 11:42:17 -0700[0m - dagster - [34mINFO[0m - __ASSET_JOB - df44f303-9dd4-4c9e-be52-98f785d874f2 - supplemental_profiles - Saved 9018315 (Donley_Drew)
[32m2026-06-01 11:42:19 -0700[0m - dagster - [34mINFO[0m - __ASSET_JOB - df44f303-9dd4-4c9e-be52-98f785d874f2 - supplemental_profiles - Saved 8683273 (Hogans_Dapriest)
[32m2026-06-01 11:42:20 -0700[0m - dagster - [34mINFO[0m - __ASSET_JOB - df44f303-9dd4-4c9e-be52-98f785d874f2 - supplemental_profiles - Saved 9278486 (Stadlman_Jack)
[32m2026-06-01 11:42:21 -0700[0m - dagster - [34mINFO[0m - __ASSET_JOB - df44f303-9dd4-4c9e-be52-98f785d874f2 - supplemental_profiles - Saved 8666362 (Pierre_Jordan)
[32m2026-06-01 11:42:23 -0700[0m - dagster - [34mINFO[0m - __ASSET_JOB - df44f303-9dd4-4c9e-be52-98f785d874f2 - supplemental_profiles - Saved 8711001 (Davis_Jayden)
[32m2026-06-01 11:42:24 -0700[0m - dagster - [34mINFO[0m - __ASSET_JOB - df44f303-9dd4-4c9e-be52-98f785d874f2 - supplemental_profiles - Saved 7984074 (Tomlyanovich_TJ)
[32m2026-06-01 11:42:25 -0700[0m - dagster - [34mINFO[0m - __ASSET_JOB - df44f303-9dd4-4c9e-be52-98f785d874f2 - supplemental_profiles - Saved 8671794 (Clement II_Gabriel)
[32m2026-06-01 11:42:26 -0700[0m - dagster - [34mINFO[0m - __ASSET_JOB - df44f303-9dd4-4c9e-be52-98f785d874f2 - supplemental_profiles - Saved 7945430 (Farquharson_Kimar)
[32m2026-06-01 11:42:28 -0700[0m - dagster - [34mINFO[0m - __ASSET_JOB - df44f303-9dd4-4c9e-be52-98f785d874f2 - supplemental_profiles - Saved 8700016 (Kouyoumdjian_Martin)
[32m2026-06-01 11:42:29 -0700[0m - dagster - [34mINFO[0m - __ASSET_JOB - df44f303-9dd4-4c9e-be52-98f785d874f2 - supplemental_profiles - Saved 9230696 (Akhalu_David)
[32m2026-06-01 11:42:30 -0700[0m - dagster - [34mINFO[0m - __ASSET_JOB - df44f303-9dd4-4c9e-be52-98f785d874f2 - supplemental_profiles - Saved 7727969 (Joseph_Michael)
[32m2026-06-01 11:42:31 -0700[0m - dagster - [34mINFO[0m - __ASSET_JOB - df44f303-9dd4-4c9e-be52-98f785d874f2 - supplemental_profiles - Saved 9239365 (Rhodes_Alexander)
[32m2026-06-01 11:42:32 -0700[0m - dagster - [34mINFO[0m - __ASSET_JOB - df44f303-9dd4-4c9e-be52-98f785d874f2 - supplemental_profiles - Saved 8364214 (Hemphill III_Eric)
[32m2026-06-01 11:42:34 -0700[0m - dagster - [34mINFO[0m - __ASSET_JOB - df44f303-9dd4-4c9e-be52-98f785d874f2 - supplemental_profiles - Saved 8668785 (Carpenter_Kenny)
[32m2026-06-01 11:42:35 -0700[0m - dagster - [34mINFO[0m - __ASSET_JOB - df44f303-9dd4-4c9e-be52-98f785d874f2 - supplemental_profiles - Saved 8328299 (Taylor_Tyrice)
[32m2026-06-01 11:42:36 -0700[0m - dagster - [34mINFO[0m - __ASSET_JOB - df44f303-9dd4-4c9e-be52-98f785d874f2 - supplemental_profiles - Saved 9261222 (Narumbe_Peter)
[32m2026-06-01 11:42:37 -0700[0m - dagster - [34mINFO[0m - __ASSET_JOB - df44f303-9dd4-4c9e-be52-98f785d874f2 - supplemental_profiles - Saved 8673515 (Marshall_Rivaldo)
[32m2026-06-01 11:42:39 -0700[0m - dagster - [34mINFO[0m - __ASSET_JOB - df44f303-9dd4-4c9e-be52-98f785d874f2 - supplemental_profiles - Saved 7981256 (Sharman-Newell_Reece)
[32m2026-06-01 11:42:40 -0700[0m - dagster - [34mINFO[0m - __ASSET_JOB - df44f303-9dd4-4c9e-be52-98f785d874f2 - supplemental_profiles - Saved 8271041 (Sahlman_Colin)
[32m2026-06-01 11:42:41 -0700[0m - dagster - [34mINFO[0m - __ASSET_JOB - df44f303-9dd4-4c9e-be52-98f785d874f2 - supplemental_profiles - Saved 9279604 (Mutai_Stephen)
[32m2026-06-01 11:42:42 -0700[0m - dagster - [34mINFO[0m - __ASSET_JOB - df44f303-9dd4-4c9e-be52-98f785d874f2 - supplemental_profiles - Saved 7930022 (Carlson_Dayton)
[32m2026-06-01 11:42:44 -0700[0m - dagster - [34mINFO[0m - __ASSET_JOB - df44f303-9dd4-4c9e-be52-98f785d874f2 - supplemental_profiles - Saved 9273939 (Sohna_Jailan)
[32m2026-06-01 11:42:45 -0700[0m - dagster - [34mINFO[0m - __ASSET_JOB - df44f303-9dd4-4c9e-be52-98f785d874f2 - supplemental_profiles - Saved 8894675 (Phillips_Jamie)
[32m2026-06-01 11:42:47 -0700[0m - dagster - [34mINFO[0m - __ASSET_JOB - df44f303-9dd4-4c9e-be52-98f785d874f2 - supplemental_profiles - Saved 8335061 (Fahl_Hannes)
[32m2026-06-01 11:42:48 -0700[0m - dagster - [34mINFO[0m - __ASSET_JOB - df44f303-9dd4-4c9e-be52-98f785d874f2 - supplemental_profiles - Saved 8688553 (Bott_Landon)
[32m2026-06-01 11:42:50 -0700[0m - dagster - [34mINFO[0m - __ASSET_JOB - df44f303-9dd4-4c9e-be52-98f785d874f2 - supplemental_profiles - Saved 8672366 (Birnbaum_Simeon)
[32m2026-06-01 11:42:51 -0700[0m - dagster - [34mINFO[0m - __ASSET_JOB - df44f303-9dd4-4c9e-be52-98f785d874f2 - supplemental_profiles - Saved 8609285 (Cutting_Carter)
[32m2026-06-01 11:42:52 -0700[0m - dagster - [34mINFO[0m - __ASSET_JOB - df44f303-9dd4-4c9e-be52-98f785d874f2 - supplemental_profiles - Saved 8982707 (Barco_Martin)
[32m2026-06-01 11:42:53 -0700[0m - dagster - [34mINFO[0m - __ASSET_JOB - df44f303-9dd4-4c9e-be52-98f785d874f2 - supplemental_profiles - Saved 8584782 (Caudillo_Chris)
[32m2026-06-01 11:42:55 -0700[0m - dagster - [34mINFO[0m - __ASSET_JOB - df44f303-9dd4-4c9e-be52-98f785d874f2 - supplemental_profiles - Saved 8587815 (Ivri_Matan)
[32m2026-06-01 11:42:56 -0700[0m - dagster - [34mINFO[0m - __ASSET_JOB - df44f303-9dd4-4c9e-be52-98f785d874f2 - supplemental_profiles - Saved 9239363 (Reina_Reuben)
[32m2026-06-01 11:42:57 -0700[0m - dagster - [34mINFO[0m - __ASSET_JOB - df44f303-9dd4-4c9e-be52-98f785d874f2 - supplemental_profiles - Saved 7729441 (Hotung-Davidsen_Tor)
[32m2026-06-01 11:42:58 -0700[0m - dagster - [34mINFO[0m - __ASSET_JOB - df44f303-9dd4-4c9e-be52-98f785d874f2 - supplemental_profiles - Saved 8368105 (Masai_Brian)
[32m2026-06-01 11:43:00 -0700[0m - dagster - [34mINFO[0m - __ASSET_JOB - df44f303-9dd4-4c9e-be52-98f785d874f2 - supplemental_profiles - Saved 7985725 (Palfrey_Tomas)
[32m2026-06-01 11:43:01 -0700[0m - dagster - [34mINFO[0m - __ASSET_JOB - df44f303-9dd4-4c9e-be52-98f785d874f2 - supplemental_profiles - Saved 7722809 (Cook_Elliott)
[32m2026-06-01 11:43:02 -0700[0m - dagster - [34mINFO[0m - __ASSET_JOB - df44f303-9dd4-4c9e-be52-98f785d874f2 - supplemental_profiles - Saved 8262302 (Smith_Carson)
[32m2026-06-01 11:43:04 -0700[0m - dagster - [34mINFO[0m - __ASSET_JOB - df44f303-9dd4-4c9e-be52-98f785d874f2 - supplemental_profiles - Saved 8946267 (Endrody_Matthew)
[32m2026-06-01 11:43:05 -0700[0m - dagster - [34mINFO[0m - __ASSET_JOB - df44f303-9dd4-4c9e-be52-98f785d874f2 - supplemental_profiles - Saved 8895705 (Ruto_Joash)
[32m2026-06-01 11:43:06 -0700[0m - dagster - [34mINFO[0m - __ASSET_JOB - df44f303-9dd4-4c9e-be52-98f785d874f2 - supplemental_profiles - Saved 9019268 (Kimaru_Titus)
[32m2026-06-01 11:43:07 -0700[0m - dagster - [34mINFO[0m - __ASSET_JOB - df44f303-9dd4-4c9e-be52-98f785d874f2 - supplemental_profiles - Saved 8261257 (Balazs_Benjamin)
[32m2026-06-01 11:43:09 -0700[0m - dagster - [34mINFO[0m - __ASSET_JOB - df44f303-9dd4-4c9e-be52-98f785d874f2 - supplemental_profiles - Saved 8605982 (Mathison_Kole)
[32m2026-06-01 11:43:10 -0700[0m - dagster - [34mINFO[0m - __ASSET_JOB - df44f303-9dd4-4c9e-be52-98f785d874f2 - supplemental_profiles - Saved 8599623 (Knepp_Luke)
[32m2026-06-01 11:43:11 -0700[0m - dagster - [34mINFO[0m - __ASSET_JOB - df44f303-9dd4-4c9e-be52-98f785d874f2 - supplemental_profiles - Saved 8625382 (Briggs_Isaac)
[32m2026-06-01 11:43:12 -0700[0m - dagster - [34mINFO[0m - __ASSET_JOB - df44f303-9dd4-4c9e-be52-98f785d874f2 - supplemental_profiles - Saved 8900350 (Fanucchi_Louis-Lys)
[32m2026-06-01 11:43:14 -0700[0m - dagster - [34mINFO[0m - __ASSET_JOB - df44f303-9dd4-4c9e-be52-98f785d874f2 - supplemental_profiles - Saved 8594899 (Kipkemboi_Laban)
[32m2026-06-01 11:43:15 -0700[0m - dagster - [34mINFO[0m - __ASSET_JOB - df44f303-9dd4-4c9e-be52-98f785d874f2 - supplemental_profiles - Saved 8599124 (Gerres_Emmett)
[32m2026-06-01 11:43:16 -0700[0m - dagster - [34mINFO[0m - __ASSET_JOB - df44f303-9dd4-4c9e-be52-98f785d874f2 - supplemental_profiles - Saved 7896114 (Holtzen_Ryker)
[32m2026-06-01 11:43:18 -0700[0m - dagster - [34mINFO[0m - __ASSET_JOB - df44f303-9dd4-4c9e-be52-98f785d874f2 - supplemental_profiles - Saved 7897757 (Visser_Peter)
[32m2026-06-01 11:43:19 -0700[0m - dagster - [34mINFO[0m - __ASSET_JOB - df44f303-9dd4-4c9e-be52-98f785d874f2 - supplemental_profiles - Saved 7894462 (McManus_Rob)
[32m2026-06-01 11:43:20 -0700[0m - dagster - [34mINFO[0m - __ASSET_JOB - df44f303-9dd4-4c9e-be52-98f785d874f2 - supplemental_profiles - Saved 8895704 (Bera_Robin Kwemoi)
[32m2026-06-01 11:43:21 -0700[0m - dagster - [34mINFO[0m - __ASSET_JOB - df44f303-9dd4-4c9e-be52-98f785d874f2 - supplemental_profiles - Saved 7910646 (Shearer_Ben)
[32m2026-06-01 11:43:23 -0700[0m - dagster - [34mINFO[0m - __ASSET_JOB - df44f303-9dd4-4c9e-be52-98f785d874f2 - supplemental_profiles - Saved 8647596 (Kipngetich_Denis)
[32m2026-06-01 11:43:24 -0700[0m - dagster - [34mINFO[0m - __ASSET_JOB - df44f303-9dd4-4c9e-be52-98f785d874f2 - supplemental_profiles - Saved 8725440 (Cheruiyot_Ernest)
[32m2026-06-01 11:43:25 -0700[0m - dagster - [34mINFO[0m - __ASSET_JOB - df44f303-9dd4-4c9e-be52-98f785d874f2 - supplemental_profiles - Saved 8658809 (Hedengren_Isaac)
[32m2026-06-01 11:43:27 -0700[0m - dagster - [34mINFO[0m - __ASSET_JOB - df44f303-9dd4-4c9e-be52-98f785d874f2 - supplemental_profiles - Saved 9181497 (Kitchen_Tayvon)
[32m2026-06-01 11:43:28 -0700[0m - dagster - [34mINFO[0m - __ASSET_JOB - df44f303-9dd4-4c9e-be52-98f785d874f2 - supplemental_profiles - Saved 9246057 (Tewalt_Luke)
[32m2026-06-01 11:43:29 -0700[0m - dagster - [34mINFO[0m - __ASSET_JOB - df44f303-9dd4-4c9e-be52-98f785d874f2 - supplemental_profiles - Saved 8324569 (Jenkins_Evan)
[32m2026-06-01 11:43:30 -0700[0m - dagster - [34mINFO[0m - __ASSET_JOB - df44f303-9dd4-4c9e-be52-98f785d874f2 - supplemental_profiles - Saved 7889759 (Masondo_Sanele)
[32m2026-06-01 11:43:32 -0700[0m - dagster - [34mINFO[0m - __ASSET_JOB - df44f303-9dd4-4c9e-be52-98f785d874f2 - supplemental_profiles - Saved 8609550 (Kiplagat_Evans)
[32m2026-06-01 11:43:33 -0700[0m - dagster - [34mINFO[0m - __ASSET_JOB - df44f303-9dd4-4c9e-be52-98f785d874f2 - supplemental_profiles - Saved 9281023 (Maroro_Stephen)
[32m2026-06-01 11:43:34 -0700[0m - dagster - [34mINFO[0m - __ASSET_JOB - df44f303-9dd4-4c9e-be52-98f785d874f2 - supplemental_profiles - Saved 7416002 (Burke_Evan)
[32m2026-06-01 11:43:35 -0700[0m - dagster - [34mINFO[0m - __ASSET_JOB - df44f303-9dd4-4c9e-be52-98f785d874f2 - supplemental_profiles - Saved 9195734 (Kipkoech_Victor)
[32m2026-06-01 11:43:37 -0700[0m - dagster - [34mINFO[0m - __ASSET_JOB - df44f303-9dd4-4c9e-be52-98f785d874f2 - supplemental_profiles - Saved 8316990 (Smallwood_Kendrick)
[32m2026-06-01 11:43:38 -0700[0m - dagster - [34mINFO[0m - __ASSET_JOB - df44f303-9dd4-4c9e-be52-98f785d874f2 - supplemental_profiles - Saved 8712561 (Parrish_Josh)
[32m2026-06-01 11:43:39 -0700[0m - dagster - [34mINFO[0m - __ASSET_JOB - df44f303-9dd4-4c9e-be52-98f785d874f2 - supplemental_profiles - Saved 8679005 (Snow_Malachi)
[32m2026-06-01 11:43:41 -0700[0m - dagster - [34mINFO[0m - __ASSET_JOB - df44f303-9dd4-4c9e-be52-98f785d874f2 - supplemental_profiles - Saved 8611983 (Prince_Demario)
[32m2026-06-01 11:43:42 -0700[0m - dagster - [34mINFO[0m - __ASSET_JOB - df44f303-9dd4-4c9e-be52-98f785d874f2 - supplemental_profiles - Saved 8712078 (Scott_Ja'Qualon)
[32m2026-06-01 11:43:43 -0700[0m - dagster - [34mINFO[0m - __ASSET_JOB - df44f303-9dd4-4c9e-be52-98f785d874f2 - supplemental_profiles - Saved 8975574 (Sy-Savane_Abdoul)
[32m2026-06-01 11:43:45 -0700[0m - dagster - [34mINFO[0m - __ASSET_JOB - df44f303-9dd4-4c9e-be52-98f785d874f2 - supplemental_profiles - Saved 9273630 (Lloyd_Ja'Shaun)
[32m2026-06-01 11:43:46 -0700[0m - dagster - [34mINFO[0m - __ASSET_JOB - df44f303-9dd4-4c9e-be52-98f785d874f2 - supplemental_profiles - Saved 8673509 (Graves-Blanks_Kai)
[32m2026-06-01 11:43:47 -0700[0m - dagster - [34mINFO[0m - __ASSET_JOB - df44f303-9dd4-4c9e-be52-98f785d874f2 - supplemental_profiles - Saved 8029490 (Campbell_Jerome)
[32m2026-06-01 11:43:48 -0700[0m - dagster - [34mINFO[0m - __ASSET_JOB - df44f303-9dd4-4c9e-be52-98f785d874f2 - supplemental_profiles - Saved 8973053 (Sacko_Karamoko)
[32m2026-06-01 11:43:50 -0700[0m - dagster - [34mINFO[0m - __ASSET_JOB - df44f303-9dd4-4c9e-be52-98f785d874f2 - supplemental_profiles - Saved 8321882 (Paredes_John)
[32m2026-06-01 11:43:51 -0700[0m - dagster - [34mINFO[0m - __ASSET_JOB - df44f303-9dd4-4c9e-be52-98f785d874f2 - supplemental_profiles - Saved 8017580 (Givens_Trenton)
[32m2026-06-01 11:43:52 -0700[0m - dagster - [34mINFO[0m - __ASSET_JOB - df44f303-9dd4-4c9e-be52-98f785d874f2 - supplemental_profiles - Saved 9000202 (Johnson_Josiah)
[32m2026-06-01 11:43:54 -0700[0m - dagster - [34mINFO[0m - __ASSET_JOB - df44f303-9dd4-4c9e-be52-98f785d874f2 - supplemental_profiles - Saved 8316982 (Blackwood_Kody)
[32m2026-06-01 11:43:55 -0700[0m - dagster - [34mINFO[0m - __ASSET_JOB - df44f303-9dd4-4c9e-be52-98f785d874f2 - supplemental_profiles - Saved 8712560 (Parrish_Jason)
[32m2026-06-01 11:43:56 -0700[0m - dagster - [34mINFO[0m - __ASSET_JOB - df44f303-9dd4-4c9e-be52-98f785d874f2 - supplemental_profiles - Saved 8699160 (Mauricette_Yougendy)
[32m2026-06-01 11:43:58 -0700[0m - dagster - [34mINFO[0m - __ASSET_JOB - df44f303-9dd4-4c9e-be52-98f785d874f2 - supplemental_profiles - Saved 8316983 (Brinkley_Chris)
[32m2026-06-01 11:43:59 -0700[0m - dagster - [34mINFO[0m - __ASSET_JOB - df44f303-9dd4-4c9e-be52-98f785d874f2 - supplemental_profiles - Saved 8996981 (Myers II_Tamaal)
[32m2026-06-01 11:44:00 -0700[0m - dagster - [34mINFO[0m - __ASSET_JOB - df44f303-9dd4-4c9e-be52-98f785d874f2 - supplemental_profiles - Saved 8435870 (Andrews_Finn)
[32m2026-06-01 11:44:01 -0700[0m - dagster - [34mINFO[0m - __ASSET_JOB - df44f303-9dd4-4c9e-be52-98f785d874f2 - supplemental_profiles - Saved 8731495 (Anderson _Jarvis)
[32m2026-06-01 11:44:02 -0700[0m - dagster - [34mINFO[0m - __ASSET_JOB - df44f303-9dd4-4c9e-be52-98f785d874f2 - supplemental_profiles - Saved 8986530 (Ledbetter_James)
[32m2026-06-01 11:44:04 -0700[0m - dagster - [34mINFO[0m - __ASSET_JOB - df44f303-9dd4-4c9e-be52-98f785d874f2 - supplemental_profiles - Saved 8705588 (Douglas_Jayden)
[32m2026-06-01 11:44:05 -0700[0m - dagster - [34mINFO[0m - __ASSET_JOB - df44f303-9dd4-4c9e-be52-98f785d874f2 - supplemental_profiles - Saved 8670386 (Tragarz_Danny)
[32m2026-06-01 11:44:06 -0700[0m - dagster - [34mINFO[0m - __ASSET_JOB - df44f303-9dd4-4c9e-be52-98f785d874f2 - supplemental_profiles - Saved 8973054 (Vines_Scottie)
[32m2026-06-01 11:44:07 -0700[0m - dagster - [34mINFO[0m - __ASSET_JOB - df44f303-9dd4-4c9e-be52-98f785d874f2 - supplemental_profiles - Saved 8339349 (Hayes_Aiden)
[32m2026-06-01 11:44:09 -0700[0m - dagster - [34mINFO[0m - __ASSET_JOB - df44f303-9dd4-4c9e-be52-98f785d874f2 - supplemental_profiles - Saved 8343518 (Gerald_Elias)
[32m2026-06-01 11:44:10 -0700[0m - dagster - [34mINFO[0m - __ASSET_JOB - df44f303-9dd4-4c9e-be52-98f785d874f2 - supplemental_profiles - Saved 8976959 (Wenger_Jordan)
[32m2026-06-01 11:44:11 -0700[0m - dagster - [34mINFO[0m - __ASSET_JOB - df44f303-9dd4-4c9e-be52-98f785d874f2 - supplemental_profiles - Saved 9274306 (Kapitolnik_Jonathan)
[32m2026-06-01 11:44:12 -0700[0m - dagster - [34mINFO[0m - __ASSET_JOB - df44f303-9dd4-4c9e-be52-98f785d874f2 - supplemental_profiles - Saved 9261217 (Bassey_Etoro)
[32m2026-06-01 11:44:14 -0700[0m - dagster - [34mINFO[0m - __ASSET_JOB - df44f303-9dd4-4c9e-be52-98f785d874f2 - supplemental_profiles - Saved 9273624 (Dankuru_Tshephang)
[32m2026-06-01 11:44:15 -0700[0m - dagster - [34mINFO[0m - __ASSET_JOB - df44f303-9dd4-4c9e-be52-98f785d874f2 - supplemental_profiles - Saved 8720874 (Mita_Antrea)
[32m2026-06-01 11:44:16 -0700[0m - dagster - [34mINFO[0m - __ASSET_JOB - df44f303-9dd4-4c9e-be52-98f785d874f2 - supplemental_profiles - Saved 8701611 (Jennings_Bradford (BJ))
[32m2026-06-01 11:44:17 -0700[0m - dagster - [34mINFO[0m - __ASSET_JOB - df44f303-9dd4-4c9e-be52-98f785d874f2 - supplemental_profiles - Saved 9008975 (Agbonkonkon_Osawese)
[32m2026-06-01 11:44:19 -0700[0m - dagster - [34mINFO[0m - __ASSET_JOB - df44f303-9dd4-4c9e-be52-98f785d874f2 - supplemental_profiles - Saved 8701609 (Gerasimov_Aleksandr)
[32m2026-06-01 11:44:20 -0700[0m - dagster - [34mINFO[0m - __ASSET_JOB - df44f303-9dd4-4c9e-be52-98f785d874f2 - supplemental_profiles - Saved 8676195 (Washington_Kyren)
[32m2026-06-01 11:44:21 -0700[0m - dagster - [34mINFO[0m - __ASSET_JOB - df44f303-9dd4-4c9e-be52-98f785d874f2 - supplemental_profiles - Saved 8664682 (Johnston _Cody)
[32m2026-06-01 11:44:22 -0700[0m - dagster - [34mINFO[0m - __ASSET_JOB - df44f303-9dd4-4c9e-be52-98f785d874f2 - supplemental_profiles - Saved 9237611 (Harland_Caelan)
[32m2026-06-01 11:44:24 -0700[0m - dagster - [34mINFO[0m - __ASSET_JOB - df44f303-9dd4-4c9e-be52-98f785d874f2 - supplemental_profiles - Saved 8320113 (Meacham_Anthony)
[32m2026-06-01 11:44:25 -0700[0m - dagster - [34mINFO[0m - __ASSET_JOB - df44f303-9dd4-4c9e-be52-98f785d874f2 - supplemental_profiles - Saved 9008495 (Feyrer_Ben)
[32m2026-06-01 11:44:26 -0700[0m - dagster - [34mINFO[0m - __ASSET_JOB - df44f303-9dd4-4c9e-be52-98f785d874f2 - supplemental_profiles - Saved 8318488 (Gleason_Sullivan)
[32m2026-06-01 11:44:28 -0700[0m - dagster - [34mINFO[0m - __ASSET_JOB - df44f303-9dd4-4c9e-be52-98f785d874f2 - supplemental_profiles - Saved 9009619 (Solovev_Aleksandr)
[32m2026-06-01 11:44:29 -0700[0m - dagster - [34mINFO[0m - __ASSET_JOB - df44f303-9dd4-4c9e-be52-98f785d874f2 - supplemental_profiles - Saved 8986534 (Wicker_Dyson)
[32m2026-06-01 11:44:30 -0700[0m - dagster - [34mINFO[0m - __ASSET_JOB - df44f303-9dd4-4c9e-be52-98f785d874f2 - supplemental_profiles - Saved 8283707 (Rhodes_Colton)
[32m2026-06-01 11:44:31 -0700[0m - dagster - [34mINFO[0m - __ASSET_JOB - df44f303-9dd4-4c9e-be52-98f785d874f2 - supplemental_profiles - Saved 8369960 (Hammer_Logan)
[32m2026-06-01 11:44:33 -0700[0m - dagster - [34mINFO[0m - __ASSET_JOB - df44f303-9dd4-4c9e-be52-98f785d874f2 - supplemental_profiles - Saved 8979498 (Bragg_Jackson)
[32m2026-06-01 11:44:34 -0700[0m - dagster - [34mINFO[0m - __ASSET_JOB - df44f303-9dd4-4c9e-be52-98f785d874f2 - supplemental_profiles - Saved 8690894 (Swindler_Kevin)
[32m2026-06-01 11:44:35 -0700[0m - dagster - [34mINFO[0m - __ASSET_JOB - df44f303-9dd4-4c9e-be52-98f785d874f2 - supplemental_profiles - Saved 9239364 (Rhoads_James)
[32m2026-06-01 11:44:36 -0700[0m - dagster - [34mINFO[0m - __ASSET_JOB - df44f303-9dd4-4c9e-be52-98f785d874f2 - supplemental_profiles - Saved 8708677 (Chikomba_Tafadzwa)
[32m2026-06-01 11:44:38 -0700[0m - dagster - [34mINFO[0m - __ASSET_JOB - df44f303-9dd4-4c9e-be52-98f785d874f2 - supplemental_profiles - Saved 8712122 (Latif_Zaid)
[32m2026-06-01 11:44:39 -0700[0m - dagster - [34mINFO[0m - __ASSET_JOB - df44f303-9dd4-4c9e-be52-98f785d874f2 - supplemental_profiles - Saved 8675560 (Ryan_Uroy)
[32m2026-06-01 11:44:40 -0700[0m - dagster - [34mINFO[0m - __ASSET_JOB - df44f303-9dd4-4c9e-be52-98f785d874f2 - supplemental_profiles - Saved 8973050 (Hughes_Juriad)
[32m2026-06-01 11:44:41 -0700[0m - dagster - [34mINFO[0m - __ASSET_JOB - df44f303-9dd4-4c9e-be52-98f785d874f2 - supplemental_profiles - Saved 8725163 (Godfred_Charles)
[32m2026-06-01 11:44:43 -0700[0m - dagster - [34mINFO[0m - __ASSET_JOB - df44f303-9dd4-4c9e-be52-98f785d874f2 - supplemental_profiles - Saved 9011655 (DaCunha_Croix)
[32m2026-06-01 11:44:44 -0700[0m - dagster - [34mINFO[0m - __ASSET_JOB - df44f303-9dd4-4c9e-be52-98f785d874f2 - supplemental_profiles - Saved 9199684 (Weatherspoon_Raekwon)
[32m2026-06-01 11:44:45 -0700[0m - dagster - [34mINFO[0m - __ASSET_JOB - df44f303-9dd4-4c9e-be52-98f785d874f2 - supplemental_profiles - Saved 9012412 (Rogers_Trevor)
[32m2026-06-01 11:44:46 -0700[0m - dagster - [34mINFO[0m - __ASSET_JOB - df44f303-9dd4-4c9e-be52-98f785d874f2 - supplemental_profiles - Saved 8696095 (Stringfellow _Kennedy)
[32m2026-06-01 11:44:48 -0700[0m - dagster - [34mINFO[0m - __ASSET_JOB - df44f303-9dd4-4c9e-be52-98f785d874f2 - supplemental_profiles - Saved 9293850 (Evans-Glynn_Steven)
[32m2026-06-01 11:44:49 -0700[0m - dagster - [34mINFO[0m - __ASSET_JOB - df44f303-9dd4-4c9e-be52-98f785d874f2 - supplemental_profiles - Saved 8362088 (Dawson_Khybah)
[32m2026-06-01 11:44:50 -0700[0m - dagster - [34mINFO[0m - __ASSET_JOB - df44f303-9dd4-4c9e-be52-98f785d874f2 - supplemental_profiles - Saved 8283704 (Green Jr_Brandon)
[32m2026-06-01 11:44:51 -0700[0m - dagster - [34mINFO[0m - __ASSET_JOB - df44f303-9dd4-4c9e-be52-98f785d874f2 - supplemental_profiles - Saved 9011661 (Prabhu_Selva)
[32m2026-06-01 11:44:53 -0700[0m - dagster - [34mINFO[0m - __ASSET_JOB - df44f303-9dd4-4c9e-be52-98f785d874f2 - supplemental_profiles - Saved 9268907 (Edwards_Apalos)
[32m2026-06-01 11:44:54 -0700[0m - dagster - [34mINFO[0m - __ASSET_JOB - df44f303-9dd4-4c9e-be52-98f785d874f2 - supplemental_profiles - Saved 9288711 (Kemboi_Kevin)
[32m2026-06-01 11:44:55 -0700[0m - dagster - [34mINFO[0m - __ASSET_JOB - df44f303-9dd4-4c9e-be52-98f785d874f2 - supplemental_profiles - Saved 9316929 (Smith_Antone)
[32m2026-06-01 11:44:56 -0700[0m - dagster - [34mINFO[0m - __ASSET_JOB - df44f303-9dd4-4c9e-be52-98f785d874f2 - supplemental_profiles - Saved 8647408 (Daniel_Kelsey)
[32m2026-06-01 11:44:58 -0700[0m - dagster - [34mINFO[0m - __ASSET_JOB - df44f303-9dd4-4c9e-be52-98f785d874f2 - supplemental_profiles - Saved 8982090 (Seremes_Jonathan)
[32m2026-06-01 11:44:59 -0700[0m - dagster - [34mINFO[0m - __ASSET_JOB - df44f303-9dd4-4c9e-be52-98f785d874f2 - supplemental_profiles - Saved 7981308 (Falode_Daniel)
[32m2026-06-01 11:45:00 -0700[0m - dagster - [34mINFO[0m - __ASSET_JOB - df44f303-9dd4-4c9e-be52-98f785d874f2 - supplemental_profiles - Saved 8378751 (Antoine_Aaron)
[32m2026-06-01 11:45:01 -0700[0m - dagster - [34mINFO[0m - __ASSET_JOB - df44f303-9dd4-4c9e-be52-98f785d874f2 - supplemental_profiles - Saved 8345624 (Morozov_Viktor)
[32m2026-06-01 11:45:03 -0700[0m - dagster - [34mINFO[0m - __ASSET_JOB - df44f303-9dd4-4c9e-be52-98f785d874f2 - supplemental_profiles - Saved 8011026 (Miller_Jemuel)
[32m2026-06-01 11:45:04 -0700[0m - dagster - [34mINFO[0m - __ASSET_JOB - df44f303-9dd4-4c9e-be52-98f785d874f2 - supplemental_profiles - Saved 8682917 (Betts_Tre)
[32m2026-06-01 11:45:05 -0700[0m - dagster - [34mINFO[0m - __ASSET_JOB - df44f303-9dd4-4c9e-be52-98f785d874f2 - supplemental_profiles - Saved 8999132 (Smith_Ben)
[32m2026-06-01 11:45:07 -0700[0m - dagster - [34mINFO[0m - __ASSET_JOB - df44f303-9dd4-4c9e-be52-98f785d874f2 - supplemental_profiles - Saved 9261208 (Lamberts_Hencu)
[32m2026-06-01 11:45:08 -0700[0m - dagster - [34mINFO[0m - __ASSET_JOB - df44f303-9dd4-4c9e-be52-98f785d874f2 - supplemental_profiles - Saved 8336027 (Moran_Cade)
[32m2026-06-01 11:45:09 -0700[0m - dagster - [34mINFO[0m - __ASSET_JOB - df44f303-9dd4-4c9e-be52-98f785d874f2 - supplemental_profiles - Saved 8694340 (Michelini_Tyler)
[32m2026-06-01 11:45:10 -0700[0m - dagster - [34mINFO[0m - __ASSET_JOB - df44f303-9dd4-4c9e-be52-98f785d874f2 - supplemental_profiles - Saved 8666906 (Chen_Menachem)
[32m2026-06-01 11:45:12 -0700[0m - dagster - [34mINFO[0m - __ASSET_JOB - df44f303-9dd4-4c9e-be52-98f785d874f2 - supplemental_profiles - Saved 9356835 (Hastenrath_Xaver)
[32m2026-06-01 11:45:13 -0700[0m - dagster - [34mINFO[0m - __ASSET_JOB - df44f303-9dd4-4c9e-be52-98f785d874f2 - supplemental_profiles - Saved 8698826 (Nwokeji_Cordell)
[32m2026-06-01 11:45:14 -0700[0m - dagster - [34mINFO[0m - __ASSET_JOB - df44f303-9dd4-4c9e-be52-98f785d874f2 - supplemental_profiles - Saved 9272219 (Cookinham_Jacob)
[32m2026-06-01 11:45:15 -0700[0m - dagster - [34mINFO[0m - __ASSET_JOB - df44f303-9dd4-4c9e-be52-98f785d874f2 - supplemental_profiles - Saved 9247067 (Dunn_Shaiquan)
[32m2026-06-01 11:45:17 -0700[0m - dagster - [34mINFO[0m - __ASSET_JOB - df44f303-9dd4-4c9e-be52-98f785d874f2 - supplemental_profiles - Saved 9239756 (Hussein_Omar)
[32m2026-06-01 11:45:18 -0700[0m - dagster - [34mINFO[0m - __ASSET_JOB - df44f303-9dd4-4c9e-be52-98f785d874f2 - supplemental_profiles - Saved 8992597 (Elliott_Ethan)
[32m2026-06-01 11:45:19 -0700[0m - dagster - [34mINFO[0m - __ASSET_JOB - df44f303-9dd4-4c9e-be52-98f785d874f2 - supplemental_profiles - Saved 8672432 (Lawrence_Kobe)
[32m2026-06-01 11:45:21 -0700[0m - dagster - [34mINFO[0m - __ASSET_JOB - df44f303-9dd4-4c9e-be52-98f785d874f2 - supplemental_profiles - Saved 7930060 (Mullings_Ralford)
[32m2026-06-01 11:45:22 -0700[0m - dagster - [34mINFO[0m - __ASSET_JOB - df44f303-9dd4-4c9e-be52-98f785d874f2 - supplemental_profiles - Saved 8699158 (Broderick_Racquil)
[32m2026-06-01 11:45:23 -0700[0m - dagster - [34mINFO[0m - __ASSET_JOB - df44f303-9dd4-4c9e-be52-98f785d874f2 - supplemental_profiles - Saved 9278483 (Lampinen_Mico)
[32m2026-06-01 11:45:24 -0700[0m - dagster - [34mINFO[0m - __ASSET_JOB - df44f303-9dd4-4c9e-be52-98f785d874f2 - supplemental_profiles - Saved 8324710 (Tanner_Texas)
[32m2026-06-01 11:45:26 -0700[0m - dagster - [34mINFO[0m - __ASSET_JOB - df44f303-9dd4-4c9e-be52-98f785d874f2 - supplemental_profiles - Saved 7989919 (Tirado-Sanchez_Axel)
[32m2026-06-01 11:45:27 -0700[0m - dagster - [34mINFO[0m - __ASSET_JOB - df44f303-9dd4-4c9e-be52-98f785d874f2 - supplemental_profiles - Saved 8974695 (Ruland_Bryce)
[32m2026-06-01 11:45:28 -0700[0m - dagster - [34mINFO[0m - __ASSET_JOB - df44f303-9dd4-4c9e-be52-98f785d874f2 - supplemental_profiles - Saved 9272519 (Williams_Olu)
[32m2026-06-01 11:45:30 -0700[0m - dagster - [34mINFO[0m - __ASSET_JOB - df44f303-9dd4-4c9e-be52-98f785d874f2 - supplemental_profiles - Saved 9244708 (Davis_Kyriaun)
[32m2026-06-01 11:45:31 -0700[0m - dagster - [34mINFO[0m - __ASSET_JOB - df44f303-9dd4-4c9e-be52-98f785d874f2 - supplemental_profiles - Saved 8357407 (Hala'Ufia_Sam)
[32m2026-06-01 11:45:32 -0700[0m - dagster - [34mINFO[0m - __ASSET_JOB - df44f303-9dd4-4c9e-be52-98f785d874f2 - supplemental_profiles - Saved 8980763 (Gebbers_Cort)
[32m2026-06-01 11:45:34 -0700[0m - dagster - [34mINFO[0m - __ASSET_JOB - df44f303-9dd4-4c9e-be52-98f785d874f2 - supplemental_profiles - Saved 9367123 (Ugwoke_Vincent)
[32m2026-06-01 11:45:35 -0700[0m - dagster - [34mINFO[0m - __ASSET_JOB - df44f303-9dd4-4c9e-be52-98f785d874f2 - supplemental_profiles - Saved 8676284 (Mantzouranis_Angelos)
[32m2026-06-01 11:45:36 -0700[0m - dagster - [34mINFO[0m - __ASSET_JOB - df44f303-9dd4-4c9e-be52-98f785d874f2 - supplemental_profiles - Saved 9014928 (Johnson_Ryan)
[32m2026-06-01 11:45:38 -0700[0m - dagster - [34mINFO[0m - __ASSET_JOB - df44f303-9dd4-4c9e-be52-98f785d874f2 - supplemental_profiles - Saved 7975783 (Barmes_Anthony)
[32m2026-06-01 11:45:39 -0700[0m - dagster - [34mINFO[0m - __ASSET_JOB - df44f303-9dd4-4c9e-be52-98f785d874f2 - supplemental_profiles - Saved 7984694 (Bernstein_Alex)
[32m2026-06-01 11:45:40 -0700[0m - dagster - [34mINFO[0m - __ASSET_JOB - df44f303-9dd4-4c9e-be52-98f785d874f2 - supplemental_profiles - Saved 8709526 (Martin_Travis)
[32m2026-06-01 11:45:42 -0700[0m - dagster - [34mINFO[0m - __ASSET_JOB - df44f303-9dd4-4c9e-be52-98f785d874f2 - supplemental_profiles - Saved 8023481 (Innes_Sam)
[32m2026-06-01 11:45:43 -0700[0m - dagster - [34mINFO[0m - __ASSET_JOB - df44f303-9dd4-4c9e-be52-98f785d874f2 - supplemental_profiles - Saved 8318374 (Moore_Gary)
[32m2026-06-01 11:45:44 -0700[0m - dagster - [34mINFO[0m - __ASSET_JOB - df44f303-9dd4-4c9e-be52-98f785d874f2 - supplemental_profiles - Saved 7977924 (Zimmerman_Henry)
[32m2026-06-01 11:45:45 -0700[0m - dagster - [34mINFO[0m - __ASSET_JOB - df44f303-9dd4-4c9e-be52-98f785d874f2 - supplemental_profiles - Saved 9278489 (Lampinen_Max)
[32m2026-06-01 11:45:47 -0700[0m - dagster - [34mINFO[0m - __ASSET_JOB - df44f303-9dd4-4c9e-be52-98f785d874f2 - supplemental_profiles - Saved 9023142 (Tzamtzis_Pavlos)
[32m2026-06-01 11:45:48 -0700[0m - dagster - [34mINFO[0m - __ASSET_JOB - df44f303-9dd4-4c9e-be52-98f785d874f2 - supplemental_profiles - Saved 7974488 (Nnamdi_Chinecherem Prosper)
[32m2026-06-01 11:45:49 -0700[0m - dagster - [34mINFO[0m - __ASSET_JOB - df44f303-9dd4-4c9e-be52-98f785d874f2 - supplemental_profiles - Saved 8364008 (Strachan_Keyshawn)
[32m2026-06-01 11:45:50 -0700[0m - dagster - [34mINFO[0m - __ASSET_JOB - df44f303-9dd4-4c9e-be52-98f785d874f2 - supplemental_profiles - Saved 8668115 (Marx_Riley)
[32m2026-06-01 11:45:51 -0700[0m - dagster - [34mINFO[0m - __ASSET_JOB - df44f303-9dd4-4c9e-be52-98f785d874f2 - supplemental_profiles - Saved 9278487 (Tersek_Tom)
[32m2026-06-01 11:45:53 -0700[0m - dagster - [34mINFO[0m - __ASSET_JOB - df44f303-9dd4-4c9e-be52-98f785d874f2 - supplemental_profiles - Saved 8297328 (Vialva_Pat)
[32m2026-06-01 11:45:54 -0700[0m - dagster - [34mINFO[0m - __ASSET_JOB - df44f303-9dd4-4c9e-be52-98f785d874f2 - supplemental_profiles - Saved 7993093 (Henry_Augustus)
[32m2026-06-01 11:45:55 -0700[0m - dagster - [34mINFO[0m - __ASSET_JOB - df44f303-9dd4-4c9e-be52-98f785d874f2 - supplemental_profiles - Saved 8700723 (Greaves_Jack)
[32m2026-06-01 11:45:57 -0700[0m - dagster - [34mINFO[0m - __ASSET_JOB - df44f303-9dd4-4c9e-be52-98f785d874f2 - supplemental_profiles - Saved 9280514 (Sturgis_Blake)
[32m2026-06-01 11:45:58 -0700[0m - dagster - [34mINFO[0m - __ASSET_JOB - df44f303-9dd4-4c9e-be52-98f785d874f2 - supplemental_profiles - Saved 8700469 (Thrana_Daniel)
[32m2026-06-01 11:45:59 -0700[0m - dagster - [34mINFO[0m - __ASSET_JOB - df44f303-9dd4-4c9e-be52-98f785d874f2 - supplemental_profiles - Saved 8700724 (Hampton_Ty)
[32m2026-06-01 11:46:00 -0700[0m - dagster - [34mINFO[0m - __ASSET_JOB - df44f303-9dd4-4c9e-be52-98f785d874f2 - supplemental_profiles - Saved 7729615 (Hankins_Sam)
[32m2026-06-01 11:46:02 -0700[0m - dagster - [34mINFO[0m - __ASSET_JOB - df44f303-9dd4-4c9e-be52-98f785d874f2 - supplemental_profiles - Saved 8803542 (Deede_Walker)
[32m2026-06-01 11:46:03 -0700[0m - dagster - [34mINFO[0m - __ASSET_JOB - df44f303-9dd4-4c9e-be52-98f785d874f2 - supplemental_profiles - Saved 8977035 (Selby_Brianna)
[32m2026-06-01 11:46:04 -0700[0m - dagster - [34mINFO[0m - __ASSET_JOB - df44f303-9dd4-4c9e-be52-98f785d874f2 - supplemental_profiles - Saved 9287053 (Looney_Taniya)
[32m2026-06-01 11:46:05 -0700[0m - dagster - [34mINFO[0m - __ASSET_JOB - df44f303-9dd4-4c9e-be52-98f785d874f2 - supplemental_profiles - Saved 8364033 (Dickson_Camryn)
[32m2026-06-01 11:46:07 -0700[0m - dagster - [34mINFO[0m - __ASSET_JOB - df44f303-9dd4-4c9e-be52-98f785d874f2 - supplemental_profiles - Saved 8368619 (Defrand_Dajaz)
[32m2026-06-01 11:46:08 -0700[0m - dagster - [34mINFO[0m - __ASSET_JOB - df44f303-9dd4-4c9e-be52-98f785d874f2 - supplemental_profiles - Saved 8647430 (Bernard_Carleta)
[32m2026-06-01 11:46:10 -0700[0m - dagster - [34mINFO[0m - __ASSET_JOB - df44f303-9dd4-4c9e-be52-98f785d874f2 - supplemental_profiles - Saved 8364545 (Montgomery_Jasmine)
[32m2026-06-01 11:46:11 -0700[0m - dagster - [34mINFO[0m - __ASSET_JOB - df44f303-9dd4-4c9e-be52-98f785d874f2 - supplemental_profiles - Saved 8327522 (Kelley_Tiriah)
[32m2026-06-01 11:46:12 -0700[0m - dagster - [34mINFO[0m - __ASSET_JOB - df44f303-9dd4-4c9e-be52-98f785d874f2 - supplemental_profiles - Saved 8701622 (Colbert_Alyssa)
[32m2026-06-01 11:46:14 -0700[0m - dagster - [34mINFO[0m - __ASSET_JOB - df44f303-9dd4-4c9e-be52-98f785d874f2 - supplemental_profiles - Saved 8970034 (Mayberry_Indya)
[32m2026-06-01 11:46:15 -0700[0m - dagster - [34mINFO[0m - __ASSET_JOB - df44f303-9dd4-4c9e-be52-98f785d874f2 - supplemental_profiles - Saved 8977028 (Brahe-Pedersen_Mia)
[32m2026-06-01 11:46:16 -0700[0m - dagster - [34mINFO[0m - __ASSET_JOB - df44f303-9dd4-4c9e-be52-98f785d874f2 - supplemental_profiles - Saved 8687819 (Rasmussen_Paje)
[32m2026-06-01 11:46:17 -0700[0m - dagster - [34mINFO[0m - __ASSET_JOB - df44f303-9dd4-4c9e-be52-98f785d874f2 - supplemental_profiles - Saved 8343532 (Mallard_Christine)
[32m2026-06-01 11:46:19 -0700[0m - dagster - [34mINFO[0m - __ASSET_JOB - df44f303-9dd4-4c9e-be52-98f785d874f2 - supplemental_profiles - Saved 9014585 (Jackson_Anya)
[32m2026-06-01 11:46:20 -0700[0m - dagster - [34mINFO[0m - __ASSET_JOB - df44f303-9dd4-4c9e-be52-98f785d874f2 - supplemental_profiles - Saved 8996997 (Snaer_Taylor)
[32m2026-06-01 11:46:21 -0700[0m - dagster - [34mINFO[0m - __ASSET_JOB - df44f303-9dd4-4c9e-be52-98f785d874f2 - supplemental_profiles - Saved 8977037 (Uvieghara_Rachael)
[32m2026-06-01 11:46:23 -0700[0m - dagster - [34mINFO[0m - __ASSET_JOB - df44f303-9dd4-4c9e-be52-98f785d874f2 - supplemental_profiles - Saved 8986907 (Roy_Lauren)
[32m2026-06-01 11:46:24 -0700[0m - dagster - [34mINFO[0m - __ASSET_JOB - df44f303-9dd4-4c9e-be52-98f785d874f2 - supplemental_profiles - Saved 8983978 (Amoah_Chelsea)
[32m2026-06-01 11:46:25 -0700[0m - dagster - [34mINFO[0m - __ASSET_JOB - df44f303-9dd4-4c9e-be52-98f785d874f2 - supplemental_profiles - Saved 8677962 (Brown_Kaylyn)
[32m2026-06-01 11:46:26 -0700[0m - dagster - [34mINFO[0m - __ASSET_JOB - df44f303-9dd4-4c9e-be52-98f785d874f2 - supplemental_profiles - Saved 8699147 (Whyte_Madison)
[32m2026-06-01 11:46:28 -0700[0m - dagster - [34mINFO[0m - __ASSET_JOB - df44f303-9dd4-4c9e-be52-98f785d874f2 - supplemental_profiles - Saved 8338531 (Joseph_Rachel)
[32m2026-06-01 11:46:29 -0700[0m - dagster - [34mINFO[0m - __ASSET_JOB - df44f303-9dd4-4c9e-be52-98f785d874f2 - supplemental_profiles - Saved 9014577 (Butler_Sanaria)
[32m2026-06-01 11:46:30 -0700[0m - dagster - [34mINFO[0m - __ASSET_JOB - df44f303-9dd4-4c9e-be52-98f785d874f2 - supplemental_profiles - Saved 9246957 (Minor_Bayleigh)
[32m2026-06-01 11:46:31 -0700[0m - dagster - [34mINFO[0m - __ASSET_JOB - df44f303-9dd4-4c9e-be52-98f785d874f2 - supplemental_profiles - Saved 8700046 (Nwachukwu_Chioma)
[32m2026-06-01 11:46:33 -0700[0m - dagster - [34mINFO[0m - __ASSET_JOB - df44f303-9dd4-4c9e-be52-98f785d874f2 - supplemental_profiles - Saved 9049629 (Cooper_Lacarthea)
[32m2026-06-01 11:46:34 -0700[0m - dagster - [34mINFO[0m - __ASSET_JOB - df44f303-9dd4-4c9e-be52-98f785d874f2 - supplemental_profiles - Saved 8676102 (Thames_Leah)
[32m2026-06-01 11:46:36 -0700[0m - dagster - [34mINFO[0m - __ASSET_JOB - df44f303-9dd4-4c9e-be52-98f785d874f2 - supplemental_profiles - Saved 8716529 (Ncube_Nontokozo)
[32m2026-06-01 11:46:37 -0700[0m - dagster - [34mINFO[0m - __ASSET_JOB - df44f303-9dd4-4c9e-be52-98f785d874f2 - supplemental_profiles - Saved 9366914 (Farrington_Collinique)
[32m2026-06-01 11:46:38 -0700[0m - dagster - [34mINFO[0m - __ASSET_JOB - df44f303-9dd4-4c9e-be52-98f785d874f2 - supplemental_profiles - Saved 8711443 (Williams_Aariyana)
[32m2026-06-01 11:46:40 -0700[0m - dagster - [34mINFO[0m - __ASSET_JOB - df44f303-9dd4-4c9e-be52-98f785d874f2 - supplemental_profiles - Saved 7986820 (Registre_Jahnile)
[32m2026-06-01 11:46:41 -0700[0m - dagster - [34mINFO[0m - __ASSET_JOB - df44f303-9dd4-4c9e-be52-98f785d874f2 - supplemental_profiles - Saved 8364036 (Jallow_Sanu)
[32m2026-06-01 11:46:42 -0700[0m - dagster - [34mINFO[0m - __ASSET_JOB - df44f303-9dd4-4c9e-be52-98f785d874f2 - supplemental_profiles - Saved 8239784 (Whittaker_Juliette)
[32m2026-06-01 11:46:43 -0700[0m - dagster - [34mINFO[0m - __ASSET_JOB - df44f303-9dd4-4c9e-be52-98f785d874f2 - supplemental_profiles - Saved 8671715 (Jemutai_Emmaculate)
[32m2026-06-01 11:46:45 -0700[0m - dagster - [34mINFO[0m - __ASSET_JOB - df44f303-9dd4-4c9e-be52-98f785d874f2 - supplemental_profiles - Saved 8363278 (Batista_Analisse)
[32m2026-06-01 11:46:46 -0700[0m - dagster - [34mINFO[0m - __ASSET_JOB - df44f303-9dd4-4c9e-be52-98f785d874f2 - supplemental_profiles - Saved 8338526 (Clark_Makayla)
[32m2026-06-01 11:46:47 -0700[0m - dagster - [34mINFO[0m - __ASSET_JOB - df44f303-9dd4-4c9e-be52-98f785d874f2 - supplemental_profiles - Saved 7993231 (Arendt_Fanny)
[32m2026-06-01 11:46:49 -0700[0m - dagster - [34mINFO[0m - __ASSET_JOB - df44f303-9dd4-4c9e-be52-98f785d874f2 - supplemental_profiles - Saved 8581835 (Scott_Georgia)
[32m2026-06-01 11:46:50 -0700[0m - dagster - [34mINFO[0m - __ASSET_JOB - df44f303-9dd4-4c9e-be52-98f785d874f2 - supplemental_profiles - Saved 8237635 (Politza_Kaylie)
[32m2026-06-01 11:46:51 -0700[0m - dagster - [34mINFO[0m - __ASSET_JOB - df44f303-9dd4-4c9e-be52-98f785d874f2 - supplemental_profiles - Saved 8632366 (Arthur_Rosemary)
[32m2026-06-01 11:46:53 -0700[0m - dagster - [34mINFO[0m - __ASSET_JOB - df44f303-9dd4-4c9e-be52-98f785d874f2 - supplemental_profiles - Saved 8899219 (Buswell_Tessa)
[32m2026-06-01 11:46:54 -0700[0m - dagster - [34mINFO[0m - __ASSET_JOB - df44f303-9dd4-4c9e-be52-98f785d874f2 - supplemental_profiles - Saved 9250841 (Pearson_Avery)
[32m2026-06-01 11:46:55 -0700[0m - dagster - [34mINFO[0m - __ASSET_JOB - df44f303-9dd4-4c9e-be52-98f785d874f2 - supplemental_profiles - Saved 7888818 (Solomon_Krystie)
[32m2026-06-01 11:46:56 -0700[0m - dagster - [34mINFO[0m - __ASSET_JOB - df44f303-9dd4-4c9e-be52-98f785d874f2 - supplemental_profiles - Saved 9013078 (Longisa_Rosemary)
[32m2026-06-01 11:46:58 -0700[0m - dagster - [34mINFO[0m - __ASSET_JOB - df44f303-9dd4-4c9e-be52-98f785d874f2 - supplemental_profiles - Saved 8601479 (Cherubet_Juliet)
[32m2026-06-01 11:46:59 -0700[0m - dagster - [34mINFO[0m - __ASSET_JOB - df44f303-9dd4-4c9e-be52-98f785d874f2 - supplemental_profiles - Saved 7734301 (Nielsen_Wilma)
[32m2026-06-01 11:47:00 -0700[0m - dagster - [34mINFO[0m - __ASSET_JOB - df44f303-9dd4-4c9e-be52-98f785d874f2 - supplemental_profiles - Saved 8288637 (Ayyildiz_Silan)
[32m2026-06-01 11:47:02 -0700[0m - dagster - [34mINFO[0m - __ASSET_JOB - df44f303-9dd4-4c9e-be52-98f785d874f2 - supplemental_profiles - Saved 8265375 (Robertson_Kaiya)
[32m2026-06-01 11:47:03 -0700[0m - dagster - [34mINFO[0m - __ASSET_JOB - df44f303-9dd4-4c9e-be52-98f785d874f2 - supplemental_profiles - Saved 7908135 (Hansen_Carlee)
[32m2026-06-01 11:47:04 -0700[0m - dagster - [34mINFO[0m - __ASSET_JOB - df44f303-9dd4-4c9e-be52-98f785d874f2 - supplemental_profiles - Saved 7888812 (Alder_Carmen)
[32m2026-06-01 11:47:06 -0700[0m - dagster - [34mINFO[0m - __ASSET_JOB - df44f303-9dd4-4c9e-be52-98f785d874f2 - supplemental_profiles - Saved 8917337 (Khatevi_Elizabeth)
[32m2026-06-01 11:47:07 -0700[0m - dagster - [34mINFO[0m - __ASSET_JOB - df44f303-9dd4-4c9e-be52-98f785d874f2 - supplemental_profiles - Saved 8816848 (Burns_Hayley)
[32m2026-06-01 11:47:08 -0700[0m - dagster - [34mINFO[0m - __ASSET_JOB - df44f303-9dd4-4c9e-be52-98f785d874f2 - supplemental_profiles - Saved 8324602 (Foerster_Chloe)
[32m2026-06-01 11:47:10 -0700[0m - dagster - [34mINFO[0m - __ASSET_JOB - df44f303-9dd4-4c9e-be52-98f785d874f2 - supplemental_profiles - Saved 8268058 (Lovell_Taylor)
[32m2026-06-01 11:47:11 -0700[0m - dagster - [34mINFO[0m - __ASSET_JOB - df44f303-9dd4-4c9e-be52-98f785d874f2 - supplemental_profiles - Saved 8919752 (Morefield_Sara)
[32m2026-06-01 11:47:12 -0700[0m - dagster - [34mINFO[0m - __ASSET_JOB - df44f303-9dd4-4c9e-be52-98f785d874f2 - supplemental_profiles - Saved 8608707 (Paoli_Constanze)
[32m2026-06-01 11:47:14 -0700[0m - dagster - [34mINFO[0m - __ASSET_JOB - df44f303-9dd4-4c9e-be52-98f785d874f2 - supplemental_profiles - Saved 8609331 (Dimond_Raygan)
[32m2026-06-01 11:47:15 -0700[0m - dagster - [34mINFO[0m - __ASSET_JOB - df44f303-9dd4-4c9e-be52-98f785d874f2 - supplemental_profiles - Saved 7909863 (Kendrick_Abby)
[32m2026-06-01 11:47:16 -0700[0m - dagster - [34mINFO[0m - __ASSET_JOB - df44f303-9dd4-4c9e-be52-98f785d874f2 - supplemental_profiles - Saved 8917740 (Cherono_Debora)
[32m2026-06-01 11:47:17 -0700[0m - dagster - [34mINFO[0m - __ASSET_JOB - df44f303-9dd4-4c9e-be52-98f785d874f2 - supplemental_profiles - Saved 8611941 (Jobes_Emily)
[32m2026-06-01 11:47:19 -0700[0m - dagster - [34mINFO[0m - __ASSET_JOB - df44f303-9dd4-4c9e-be52-98f785d874f2 - supplemental_profiles - Saved 8234069 (Garrison_Catherine)
[32m2026-06-01 11:47:20 -0700[0m - dagster - [34mINFO[0m - __ASSET_JOB - df44f303-9dd4-4c9e-be52-98f785d874f2 - supplemental_profiles - Saved 8233007 (Dundon_Zoie)
[32m2026-06-01 11:47:21 -0700[0m - dagster - [34mINFO[0m - __ASSET_JOB - df44f303-9dd4-4c9e-be52-98f785d874f2 - supplemental_profiles - Saved 8238123 (Rogers_Mackenzie)
[32m2026-06-01 11:47:22 -0700[0m - dagster - [34mINFO[0m - __ASSET_JOB - df44f303-9dd4-4c9e-be52-98f785d874f2 - supplemental_profiles - Saved 8977551 (Jepkorir_Caroline)
[32m2026-06-01 11:47:24 -0700[0m - dagster - [34mINFO[0m - __ASSET_JOB - df44f303-9dd4-4c9e-be52-98f785d874f2 - supplemental_profiles - Saved 8601483 (Mather_Lily)
[32m2026-06-01 11:47:25 -0700[0m - dagster - [34mINFO[0m - __ASSET_JOB - df44f303-9dd4-4c9e-be52-98f785d874f2 - supplemental_profiles - Saved 8948436 (Kipkore_Betty)
[32m2026-06-01 11:47:26 -0700[0m - dagster - [34mINFO[0m - __ASSET_JOB - df44f303-9dd4-4c9e-be52-98f785d874f2 - supplemental_profiles - Saved 9020090 (Jepngetich_Marion)
[32m2026-06-01 11:47:28 -0700[0m - dagster - [34mINFO[0m - __ASSET_JOB - df44f303-9dd4-4c9e-be52-98f785d874f2 - supplemental_profiles - Saved 7918467 (Keeler_Jadyn)
[32m2026-06-01 11:47:29 -0700[0m - dagster - [34mINFO[0m - __ASSET_JOB - df44f303-9dd4-4c9e-be52-98f785d874f2 - supplemental_profiles - Saved 9213619 (Kirwa_Mercyline)
[32m2026-06-01 11:47:30 -0700[0m - dagster - [34mINFO[0m - __ASSET_JOB - df44f303-9dd4-4c9e-be52-98f785d874f2 - supplemental_profiles - Saved 9239380 (Thomas_Chloe)
[32m2026-06-01 11:47:31 -0700[0m - dagster - [34mINFO[0m - __ASSET_JOB - df44f303-9dd4-4c9e-be52-98f785d874f2 - supplemental_profiles - Saved 9009627 (Chelangat_Isca)
[32m2026-06-01 11:47:32 -0700[0m - dagster - [34mINFO[0m - __ASSET_JOB - df44f303-9dd4-4c9e-be52-98f785d874f2 - supplemental_profiles - Saved 7891172 (Machu_Rosina)
[32m2026-06-01 11:47:34 -0700[0m - dagster - [34mINFO[0m - __ASSET_JOB - df44f303-9dd4-4c9e-be52-98f785d874f2 - supplemental_profiles - Saved 9283306 (Cheruto_Domtila)
[32m2026-06-01 11:47:35 -0700[0m - dagster - [34mINFO[0m - __ASSET_JOB - df44f303-9dd4-4c9e-be52-98f785d874f2 - supplemental_profiles - Saved 7910998 (David-Smith_Julia)
[32m2026-06-01 11:47:36 -0700[0m - dagster - [34mINFO[0m - __ASSET_JOB - df44f303-9dd4-4c9e-be52-98f785d874f2 - supplemental_profiles - Saved 8818269 (Kimeli_Ruth)
[32m2026-06-01 11:47:38 -0700[0m - dagster - [34mINFO[0m - __ASSET_JOB - df44f303-9dd4-4c9e-be52-98f785d874f2 - supplemental_profiles - Saved 8605987 (Nechanicky_Abbey)
[32m2026-06-01 11:47:39 -0700[0m - dagster - [34mINFO[0m - __ASSET_JOB - df44f303-9dd4-4c9e-be52-98f785d874f2 - supplemental_profiles - Saved 8354291 (McCormick_Aaliyah)
[32m2026-06-01 11:47:40 -0700[0m - dagster - [34mINFO[0m - __ASSET_JOB - df44f303-9dd4-4c9e-be52-98f785d874f2 - supplemental_profiles - Saved 7736277 (De Mello_Micaela)
[32m2026-06-01 11:47:41 -0700[0m - dagster - [34mINFO[0m - __ASSET_JOB - df44f303-9dd4-4c9e-be52-98f785d874f2 - supplemental_profiles - Saved 8996996 (Polzonetti_Celeste)
[32m2026-06-01 11:47:42 -0700[0m - dagster - [34mINFO[0m - __ASSET_JOB - df44f303-9dd4-4c9e-be52-98f785d874f2 - supplemental_profiles - Saved 8350105 (Adkins_Symoria)
[32m2026-06-01 11:47:44 -0700[0m - dagster - [34mINFO[0m - __ASSET_JOB - df44f303-9dd4-4c9e-be52-98f785d874f2 - supplemental_profiles - Saved 8364031 (Covington_Jaiya)
[32m2026-06-01 11:47:45 -0700[0m - dagster - [34mINFO[0m - __ASSET_JOB - df44f303-9dd4-4c9e-be52-98f785d874f2 - supplemental_profiles - Saved 8584943 (Forbes_Tonie-Ann)
[32m2026-06-01 11:47:46 -0700[0m - dagster - [34mINFO[0m - __ASSET_JOB - df44f303-9dd4-4c9e-be52-98f785d874f2 - supplemental_profiles - Saved 8357231 (Wise_Taylen)
[32m2026-06-01 11:47:48 -0700[0m - dagster - [34mINFO[0m - __ASSET_JOB - df44f303-9dd4-4c9e-be52-98f785d874f2 - supplemental_profiles - Saved 8238069 (Sanders_Nea)
[32m2026-06-01 11:47:49 -0700[0m - dagster - [34mINFO[0m - __ASSET_JOB - df44f303-9dd4-4c9e-be52-98f785d874f2 - supplemental_profiles - Saved 9283810 (Cunningham_Gabriella)
[32m2026-06-01 11:47:50 -0700[0m - dagster - [34mINFO[0m - __ASSET_JOB - df44f303-9dd4-4c9e-be52-98f785d874f2 - supplemental_profiles - Saved 8673096 (Rivers_Macee)
[32m2026-06-01 11:47:52 -0700[0m - dagster - [34mINFO[0m - __ASSET_JOB - df44f303-9dd4-4c9e-be52-98f785d874f2 - supplemental_profiles - Saved 8020117 (Atkinson_Asjah)
[32m2026-06-01 11:47:53 -0700[0m - dagster - [34mINFO[0m - __ASSET_JOB - df44f303-9dd4-4c9e-be52-98f785d874f2 - supplemental_profiles - Saved 9020616 (Johannesdottir_Julia)
[32m2026-06-01 11:47:54 -0700[0m - dagster - [34mINFO[0m - __ASSET_JOB - df44f303-9dd4-4c9e-be52-98f785d874f2 - supplemental_profiles - Saved 9273304 (Birdow_Amelliah)
[32m2026-06-01 11:47:55 -0700[0m - dagster - [34mINFO[0m - __ASSET_JOB - df44f303-9dd4-4c9e-be52-98f785d874f2 - supplemental_profiles - Saved 9014596 (Prince_Saira)
[32m2026-06-01 11:47:57 -0700[0m - dagster - [34mINFO[0m - __ASSET_JOB - df44f303-9dd4-4c9e-be52-98f785d874f2 - supplemental_profiles - Saved 8986657 (Belquist_Kelsie)
[32m2026-06-01 11:47:58 -0700[0m - dagster - [34mINFO[0m - __ASSET_JOB - df44f303-9dd4-4c9e-be52-98f785d874f2 - supplemental_profiles - Saved 8351335 (Balde_Vanessa)
[32m2026-06-01 11:48:00 -0700[0m - dagster - [34mINFO[0m - __ASSET_JOB - df44f303-9dd4-4c9e-be52-98f785d874f2 - supplemental_profiles - Saved 7993649 (Mercera_Vanessa)
[32m2026-06-01 11:48:01 -0700[0m - dagster - [34mINFO[0m - __ASSET_JOB - df44f303-9dd4-4c9e-be52-98f785d874f2 - supplemental_profiles - Saved 9242480 (Bjerager_Tilde)
[32m2026-06-01 11:48:02 -0700[0m - dagster - [34mINFO[0m - __ASSET_JOB - df44f303-9dd4-4c9e-be52-98f785d874f2 - supplemental_profiles - Saved 8639002 (Ewusi_Lovina)
[32m2026-06-01 11:48:03 -0700[0m - dagster - [34mINFO[0m - __ASSET_JOB - df44f303-9dd4-4c9e-be52-98f785d874f2 - supplemental_profiles - Saved 9283763 (Herbst_Morgan)
[32m2026-06-01 11:48:05 -0700[0m - dagster - [34mINFO[0m - __ASSET_JOB - df44f303-9dd4-4c9e-be52-98f785d874f2 - supplemental_profiles - Saved 8611977 (Lucero_Serafima)
[32m2026-06-01 11:48:06 -0700[0m - dagster - [34mINFO[0m - __ASSET_JOB - df44f303-9dd4-4c9e-be52-98f785d874f2 - supplemental_profiles - Saved 8676483 (Martinson_Kennedy)
[32m2026-06-01 11:48:07 -0700[0m - dagster - [34mINFO[0m - __ASSET_JOB - df44f303-9dd4-4c9e-be52-98f785d874f2 - supplemental_profiles - Saved 9246961 (Krause-Jentsch_Anouk)
[32m2026-06-01 11:48:09 -0700[0m - dagster - [34mINFO[0m - __ASSET_JOB - df44f303-9dd4-4c9e-be52-98f785d874f2 - supplemental_profiles - Saved 8704628 (Chacchia_Kirin)
[32m2026-06-01 11:48:10 -0700[0m - dagster - [34mINFO[0m - __ASSET_JOB - df44f303-9dd4-4c9e-be52-98f785d874f2 - supplemental_profiles - Saved 8701620 (Adeshina_Temitope)
[32m2026-06-01 11:48:11 -0700[0m - dagster - [34mINFO[0m - __ASSET_JOB - df44f303-9dd4-4c9e-be52-98f785d874f2 - supplemental_profiles - Saved 8357227 (Mikinski_Paris)
[32m2026-06-01 11:48:13 -0700[0m - dagster - [34mINFO[0m - __ASSET_JOB - df44f303-9dd4-4c9e-be52-98f785d874f2 - supplemental_profiles - Saved 8679706 (Yeboah_Rose)
[32m2026-06-01 11:48:14 -0700[0m - dagster - [34mINFO[0m - __ASSET_JOB - df44f303-9dd4-4c9e-be52-98f785d874f2 - supplemental_profiles - Saved 8316974 (Lavielle_Evelyn)
[32m2026-06-01 11:48:15 -0700[0m - dagster - [34mINFO[0m - __ASSET_JOB - df44f303-9dd4-4c9e-be52-98f785d874f2 - supplemental_profiles - Saved 9275849 (Crooke_Kya)
[32m2026-06-01 11:48:16 -0700[0m - dagster - [34mINFO[0m - __ASSET_JOB - df44f303-9dd4-4c9e-be52-98f785d874f2 - supplemental_profiles - Saved 9283757 (Arboleda Angulo_Maria)
[32m2026-06-01 11:48:17 -0700[0m - dagster - [34mINFO[0m - __ASSET_JOB - df44f303-9dd4-4c9e-be52-98f785d874f2 - supplemental_profiles - Saved 8996991 (Fakrogha_Valentina)
[32m2026-06-01 11:48:18 -0700[0m - dagster - [34mINFO[0m - __ASSET_JOB - df44f303-9dd4-4c9e-be52-98f785d874f2 - supplemental_profiles - Saved 8986663 (Velepec_Ela)
[32m2026-06-01 11:48:20 -0700[0m - dagster - [34mINFO[0m - __ASSET_JOB - df44f303-9dd4-4c9e-be52-98f785d874f2 - supplemental_profiles - Saved 8986659 (Leeling_Karsyn)
[32m2026-06-01 11:48:21 -0700[0m - dagster - [34mINFO[0m - __ASSET_JOB - df44f303-9dd4-4c9e-be52-98f785d874f2 - supplemental_profiles - Saved 8324337 (Jones_Alyssa)
[32m2026-06-01 11:48:23 -0700[0m - dagster - [34mINFO[0m - __ASSET_JOB - df44f303-9dd4-4c9e-be52-98f785d874f2 - supplemental_profiles - Saved 8357224 (Gates_Emma)
[32m2026-06-01 11:48:24 -0700[0m - dagster - [34mINFO[0m - __ASSET_JOB - df44f303-9dd4-4c9e-be52-98f785d874f2 - supplemental_profiles - Saved 8673951 (Alexander_Jelese)
[32m2026-06-01 11:48:25 -0700[0m - dagster - [34mINFO[0m - __ASSET_JOB - df44f303-9dd4-4c9e-be52-98f785d874f2 - supplemental_profiles - Saved 8676761 (Moll_Amanda)
[32m2026-06-01 11:48:26 -0700[0m - dagster - [34mINFO[0m - __ASSET_JOB - df44f303-9dd4-4c9e-be52-98f785d874f2 - supplemental_profiles - Saved 8611975 (Haywood_Molly)
[32m2026-06-01 11:48:28 -0700[0m - dagster - [34mINFO[0m - __ASSET_JOB - df44f303-9dd4-4c9e-be52-98f785d874f2 - supplemental_profiles - Saved 8676762 (Moll_Hana)
[32m2026-06-01 11:48:29 -0700[0m - dagster - [34mINFO[0m - __ASSET_JOB - df44f303-9dd4-4c9e-be52-98f785d874f2 - supplemental_profiles - Saved 8246603 (Kuhn_Tenly)
[32m2026-06-01 11:48:30 -0700[0m - dagster - [34mINFO[0m - __ASSET_JOB - df44f303-9dd4-4c9e-be52-98f785d874f2 - supplemental_profiles - Saved 7980255 (Mulla_Marleen)
[32m2026-06-01 11:48:32 -0700[0m - dagster - [34mINFO[0m - __ASSET_JOB - df44f303-9dd4-4c9e-be52-98f785d874f2 - supplemental_profiles - Saved 9239381 (Vacca_Veronica)
[32m2026-06-01 11:48:33 -0700[0m - dagster - [34mINFO[0m - __ASSET_JOB - df44f303-9dd4-4c9e-be52-98f785d874f2 - supplemental_profiles - Saved 8352192 (Sahaida_Ali)
[32m2026-06-01 11:48:34 -0700[0m - dagster - [34mINFO[0m - __ASSET_JOB - df44f303-9dd4-4c9e-be52-98f785d874f2 - supplemental_profiles - Saved 8979360 (Willis_Anna)
[32m2026-06-01 11:48:36 -0700[0m - dagster - [34mINFO[0m - __ASSET_JOB - df44f303-9dd4-4c9e-be52-98f785d874f2 - supplemental_profiles - Saved 8671718 (Meinershagen_Mason)
[32m2026-06-01 11:48:37 -0700[0m - dagster - [34mINFO[0m - __ASSET_JOB - df44f303-9dd4-4c9e-be52-98f785d874f2 - supplemental_profiles - Saved 8355014 (Evans_Lexi)
[32m2026-06-01 11:48:38 -0700[0m - dagster - [34mINFO[0m - __ASSET_JOB - df44f303-9dd4-4c9e-be52-98f785d874f2 - supplemental_profiles - Saved 8345667 (Morello_Mia)
[32m2026-06-01 11:48:40 -0700[0m - dagster - [34mINFO[0m - __ASSET_JOB - df44f303-9dd4-4c9e-be52-98f785d874f2 - supplemental_profiles - Saved 8324597 (Borton_Sara)
[32m2026-06-01 11:48:41 -0700[0m - dagster - [34mINFO[0m - __ASSET_JOB - df44f303-9dd4-4c9e-be52-98f785d874f2 - supplemental_profiles - Saved 8664744 (Beckmon_Sophia)
[32m2026-06-01 11:48:42 -0700[0m - dagster - [34mINFO[0m - __ASSET_JOB - df44f303-9dd4-4c9e-be52-98f785d874f2 - supplemental_profiles - Saved 8816560 (Vanek_Sydnie)
[32m2026-06-01 11:48:43 -0700[0m - dagster - [34mINFO[0m - __ASSET_JOB - df44f303-9dd4-4c9e-be52-98f785d874f2 - supplemental_profiles - Saved 9011652 (Lindsay_Aaliyah)
[32m2026-06-01 11:48:45 -0700[0m - dagster - [34mINFO[0m - __ASSET_JOB - df44f303-9dd4-4c9e-be52-98f785d874f2 - supplemental_profiles - Saved 9063858 (Ochonogor_Prestina)
[32m2026-06-01 11:48:46 -0700[0m - dagster - [34mINFO[0m - __ASSET_JOB - df44f303-9dd4-4c9e-be52-98f785d874f2 - supplemental_profiles - Saved 9366613 (Shadd-Ceres_Trinity)
[32m2026-06-01 11:48:47 -0700[0m - dagster - [34mINFO[0m - __ASSET_JOB - df44f303-9dd4-4c9e-be52-98f785d874f2 - supplemental_profiles - Saved 8700917 (Breigan_Ida)
[32m2026-06-01 11:48:48 -0700[0m - dagster - [34mINFO[0m - __ASSET_JOB - df44f303-9dd4-4c9e-be52-98f785d874f2 - supplemental_profiles - Saved 9000466 (De Gannes_Janae)
[32m2026-06-01 11:48:49 -0700[0m - dagster - [34mINFO[0m - __ASSET_JOB - df44f303-9dd4-4c9e-be52-98f785d874f2 - supplemental_profiles - Saved 9272243 (Graman_Katharina)
[32m2026-06-01 11:48:50 -0700[0m - dagster - [34mINFO[0m - __ASSET_JOB - df44f303-9dd4-4c9e-be52-98f785d874f2 - supplemental_profiles - Saved 8664747 (Ndudi_Elizabeth)
[32m2026-06-01 11:48:52 -0700[0m - dagster - [34mINFO[0m - __ASSET_JOB - df44f303-9dd4-4c9e-be52-98f785d874f2 - supplemental_profiles - Saved 7992221 (Willits_Sydney)
[32m2026-06-01 11:48:53 -0700[0m - dagster - [34mINFO[0m - __ASSET_JOB - df44f303-9dd4-4c9e-be52-98f785d874f2 - supplemental_profiles - Saved 8680442 (Davis_Morgan)
[32m2026-06-01 11:48:55 -0700[0m - dagster - [34mINFO[0m - __ASSET_JOB - df44f303-9dd4-4c9e-be52-98f785d874f2 - supplemental_profiles - Saved 9399826 (Davronova_Sharifa)
[32m2026-06-01 11:48:56 -0700[0m - dagster - [34mINFO[0m - __ASSET_JOB - df44f303-9dd4-4c9e-be52-98f785d874f2 - supplemental_profiles - Saved 9175550 (Smith_Destini)
[32m2026-06-01 11:48:57 -0700[0m - dagster - [34mINFO[0m - __ASSET_JOB - df44f303-9dd4-4c9e-be52-98f785d874f2 - supplemental_profiles - Saved 8999122 (Atkins_Cassandra)
[32m2026-06-01 11:48:58 -0700[0m - dagster - [34mINFO[0m - __ASSET_JOB - df44f303-9dd4-4c9e-be52-98f785d874f2 - supplemental_profiles - Saved 8331844 (Washington_Tamiah)
[32m2026-06-01 11:49:00 -0700[0m - dagster - [34mINFO[0m - __ASSET_JOB - df44f303-9dd4-4c9e-be52-98f785d874f2 - supplemental_profiles - Saved 8336198 (Sow_Diarra)
[32m2026-06-01 11:49:01 -0700[0m - dagster - [34mINFO[0m - __ASSET_JOB - df44f303-9dd4-4c9e-be52-98f785d874f2 - supplemental_profiles - Saved 9246954 (Le Goff_Jeanne)
[32m2026-06-01 11:49:02 -0700[0m - dagster - [34mINFO[0m - __ASSET_JOB - df44f303-9dd4-4c9e-be52-98f785d874f2 - supplemental_profiles - Saved 8010035 (Burkett_Taryn)
[32m2026-06-01 11:49:03 -0700[0m - dagster - [34mINFO[0m - __ASSET_JOB - df44f303-9dd4-4c9e-be52-98f785d874f2 - supplemental_profiles - Saved 8351002 (Aninyei_Chelsea)
[32m2026-06-01 11:49:05 -0700[0m - dagster - [34mINFO[0m - __ASSET_JOB - df44f303-9dd4-4c9e-be52-98f785d874f2 - supplemental_profiles - Saved 8688389 (Wamokpego_Daniela)
[32m2026-06-01 11:49:06 -0700[0m - dagster - [34mINFO[0m - __ASSET_JOB - df44f303-9dd4-4c9e-be52-98f785d874f2 - supplemental_profiles - Saved 8711995 (Oshiokpu_Grace)
[32m2026-06-01 11:49:07 -0700[0m - dagster - [34mINFO[0m - __ASSET_JOB - df44f303-9dd4-4c9e-be52-98f785d874f2 - supplemental_profiles - Saved 9019090 (Linton_Machaeda)
[32m2026-06-01 11:49:09 -0700[0m - dagster - [34mINFO[0m - __ASSET_JOB - df44f303-9dd4-4c9e-be52-98f785d874f2 - supplemental_profiles - Saved 7977784 (Johansson_Axelina)
[32m2026-06-01 11:49:10 -0700[0m - dagster - [34mINFO[0m - __ASSET_JOB - df44f303-9dd4-4c9e-be52-98f785d874f2 - supplemental_profiles - Saved 8977029 (Erasmus_Ashley)
[32m2026-06-01 11:49:11 -0700[0m - dagster - [34mINFO[0m - __ASSET_JOB - df44f303-9dd4-4c9e-be52-98f785d874f2 - supplemental_profiles - Saved 7985915 (De Klerk_Mine)
[32m2026-06-01 11:49:12 -0700[0m - dagster - [34mINFO[0m - __ASSET_JOB - df44f303-9dd4-4c9e-be52-98f785d874f2 - supplemental_profiles - Saved 8990635 (Douglas_Donna)
[32m2026-06-01 11:49:13 -0700[0m - dagster - [34mINFO[0m - __ASSET_JOB - df44f303-9dd4-4c9e-be52-98f785d874f2 - supplemental_profiles - Saved 8681078 (Brewster_Sydney)
[32m2026-06-01 11:49:15 -0700[0m - dagster - [34mINFO[0m - __ASSET_JOB - df44f303-9dd4-4c9e-be52-98f785d874f2 - supplemental_profiles - Saved 7974404 (Long_Makayla)
[32m2026-06-01 11:49:16 -0700[0m - dagster - [34mINFO[0m - __ASSET_JOB - df44f303-9dd4-4c9e-be52-98f785d874f2 - supplemental_profiles - Saved 8336189 (Nabwe_Anthonett)
[32m2026-06-01 11:49:18 -0700[0m - dagster - [34mINFO[0m - __ASSET_JOB - df44f303-9dd4-4c9e-be52-98f785d874f2 - supplemental_profiles - Saved 9006140 (Agyepong_Cleo)
[32m2026-06-01 11:49:19 -0700[0m - dagster - [34mINFO[0m - __ASSET_JOB - df44f303-9dd4-4c9e-be52-98f785d874f2 - supplemental_profiles - Saved 9261392 (Lange_Jolina)
[32m2026-06-01 11:49:20 -0700[0m - dagster - [34mINFO[0m - __ASSET_JOB - df44f303-9dd4-4c9e-be52-98f785d874f2 - supplemental_profiles - Saved 9246063 (Khunou_Alicia)
[32m2026-06-01 11:49:21 -0700[0m - dagster - [34mINFO[0m - __ASSET_JOB - df44f303-9dd4-4c9e-be52-98f785d874f2 - supplemental_profiles - Saved 9250905 (Monie_Daisy)
[32m2026-06-01 11:49:23 -0700[0m - dagster - [34mINFO[0m - __ASSET_JOB - df44f303-9dd4-4c9e-be52-98f785d874f2 - supplemental_profiles - Saved 8710585 (Weiser_Carlie)
[32m2026-06-01 11:49:24 -0700[0m - dagster - [34mINFO[0m - __ASSET_JOB - df44f303-9dd4-4c9e-be52-98f785d874f2 - supplemental_profiles - Saved 8710083 (Lopez_Ines)
[32m2026-06-01 11:49:25 -0700[0m - dagster - [34mINFO[0m - __ASSET_JOB - df44f303-9dd4-4c9e-be52-98f785d874f2 - supplemental_profiles - Saved 7983886 (Kovatch_Klaire)
[32m2026-06-01 11:49:27 -0700[0m - dagster - [34mINFO[0m - __ASSET_JOB - df44f303-9dd4-4c9e-be52-98f785d874f2 - supplemental_profiles - Saved 8710581 (Martin_Abigail)
[32m2026-06-01 11:49:28 -0700[0m - dagster - [34mINFO[0m - __ASSET_JOB - df44f303-9dd4-4c9e-be52-98f785d874f2 - supplemental_profiles - Saved 9277515 (Bovele Linaka_Marie Josee)
[32m2026-06-01 11:49:29 -0700[0m - dagster - [34mINFO[0m - __ASSET_JOB - df44f303-9dd4-4c9e-be52-98f785d874f2 - supplemental_profiles - Saved 8994362 (Mosley_Summer)
[32m2026-06-01 11:49:30 -0700[0m - dagster - [34mINFO[0m - __ASSET_JOB - df44f303-9dd4-4c9e-be52-98f785d874f2 - supplemental_profiles - Saved 8699142 (Garland_Reese)
[32m2026-06-01 11:49:32 -0700[0m - dagster - [34mINFO[0m - __ASSET_JOB - df44f303-9dd4-4c9e-be52-98f785d874f2 - supplemental_profiles - Saved 8320103 (Sluchaninova_Sofia)
[32m2026-06-01 11:49:33 -0700[0m - dagster - [34mINFO[0m - __ASSET_JOB - df44f303-9dd4-4c9e-be52-98f785d874f2 - supplemental_profiles - Saved 9013624 (Scott_Chesni)
[32m2026-06-01 11:49:34 -0700[0m - dagster - [34mINFO[0m - __ASSET_JOB - df44f303-9dd4-4c9e-be52-98f785d874f2 - supplemental_profiles - Saved 8331837 (Davis_McKenzie)
[32m2026-06-01 11:49:36 -0700[0m - dagster - [34mINFO[0m - __ASSET_JOB - df44f303-9dd4-4c9e-be52-98f785d874f2 - supplemental_profiles - Saved 7980295 (Fisher_Kaiah)
[32m2026-06-01 11:49:37 -0700[0m - dagster - [34mINFO[0m - __ASSET_JOB - df44f303-9dd4-4c9e-be52-98f785d874f2 - supplemental_profiles - Saved 8019720 (Flynt_Amelia)
[32m2026-06-01 11:49:38 -0700[0m - dagster - [34mINFO[0m - __ASSET_JOB - df44f303-9dd4-4c9e-be52-98f785d874f2 - supplemental_profiles - Saved 9016411 (Savva_Valentina)
[32m2026-06-01 11:49:39 -0700[0m - dagster - [34mINFO[0m - __ASSET_JOB - df44f303-9dd4-4c9e-be52-98f785d874f2 - supplemental_profiles - Saved 8709403 (Roberts_Lara)
[32m2026-06-01 11:49:41 -0700[0m - dagster - [34mINFO[0m - __ASSET_JOB - df44f303-9dd4-4c9e-be52-98f785d874f2 - supplemental_profiles - Saved 8030181 (Makhethe_Phethisang)
[32m2026-06-01 11:49:42 -0700[0m - dagster - [34mINFO[0m - __ASSET_JOB - df44f303-9dd4-4c9e-be52-98f785d874f2 - supplemental_profiles - Saved 8664746 (Koskondy_Jordan)
[32m2026-06-01 11:49:43 -0700[0m - dagster - [34mINFO[0m - __ASSET_JOB - df44f303-9dd4-4c9e-be52-98f785d874f2 - supplemental_profiles - Saved 8339459 (Rut Runarsdottir_Elisabet)
[32m2026-06-01 11:49:44 -0700[0m - dagster - [34mINFO[0m - __ASSET_JOB - df44f303-9dd4-4c9e-be52-98f785d874f2 - supplemental_profiles - Saved 8283680 (Clarke_Kennedy)
[32m2026-06-01 11:49:46 -0700[0m - dagster - [34mINFO[0m - __ASSET_JOB - df44f303-9dd4-4c9e-be52-98f785d874f2 - supplemental_profiles - Saved 9246956 (Meeks_Giavonna)
[32m2026-06-01 11:49:47 -0700[0m - dagster - [34mINFO[0m - __ASSET_JOB - df44f303-9dd4-4c9e-be52-98f785d874f2 - supplemental_profiles - Saved 8336191 (Streit_Hadley)
[32m2026-06-01 11:49:48 -0700[0m - dagster - [34mINFO[0m - __ASSET_JOB - df44f303-9dd4-4c9e-be52-98f785d874f2 - supplemental_profiles - Saved 9272238 (Akintunde_Oluwatomilayo)
[32m2026-06-01 11:49:50 -0700[0m - dagster - [34mINFO[0m - __ASSET_JOB - df44f303-9dd4-4c9e-be52-98f785d874f2 - supplemental_profiles - Saved 8312006 (Neaves_Rachel)
[32m2026-06-01 11:49:51 -0700[0m - dagster - [34mINFO[0m - __ASSET_JOB - df44f303-9dd4-4c9e-be52-98f785d874f2 - supplemental_profiles - Saved 9250536 (Burton_Burklie)
[32m2026-06-01 11:49:52 -0700[0m - dagster - [34mINFO[0m - __ASSET_JOB - df44f303-9dd4-4c9e-be52-98f785d874f2 - supplemental_profiles - Saved 8435569 (Barrios Bornacelli_Valentina)
[32m2026-06-01 11:49:53 -0700[0m - dagster - [34mINFO[0m - __ASSET_JOB - df44f303-9dd4-4c9e-be52-98f785d874f2 - supplemental_profiles - Saved 8473803 (Van Der Westhuizen_McKyla)
[32m2026-06-01 11:49:54 -0700[0m - dagster - [34mINFO[0m - __ASSET_JOB - df44f303-9dd4-4c9e-be52-98f785d874f2 - supplemental_profiles - Saved 7986521 (Fairchild_Katelyn)
[32m2026-06-01 11:49:55 -0700[0m - dagster - [34mINFO[0m - __ASSET_JOB - df44f303-9dd4-4c9e-be52-98f785d874f2 - supplemental_profiles - Saved 9261405 (Lowka_Jana)
[32m2026-06-01 11:49:56 -0700[0m - dagster - [34mINFO[0m - __ASSET_JOB - df44f303-9dd4-4c9e-be52-98f785d874f2 - supplemental_profiles - Saved 8705608 (Jepkemboi_Irene)
[32m2026-06-01 11:49:58 -0700[0m - dagster - [34mINFO[0m - __ASSET_JOB - df44f303-9dd4-4c9e-be52-98f785d874f2 - supplemental_profiles - Saved 8324607 (Orange_Saydi)
[32m2026-06-01 11:49:59 -0700[0m - dagster - [34mINFO[0m - __ASSET_JOB - df44f303-9dd4-4c9e-be52-98f785d874f2 - supplemental_profiles - Saved 8710576 (Fairchild_McKenzie)
[32m2026-06-01 11:50:00 -0700[0m - dagster - [34mINFO[0m - __ASSET_JOB - df44f303-9dd4-4c9e-be52-98f785d874f2 - supplemental_profiles - Saved 9246065 (Glivinski_Greyson)
[32m2026-06-01 11:50:01 -0700[0m - dagster - [34mINFO[0m - __ASSET_JOB - df44f303-9dd4-4c9e-be52-98f785d874f2 - supplemental_profiles - Saved 9018349 (Goody_Charlize)
[32m2026-06-01 11:50:03 -0700[0m - dagster - [34mINFO[0m - __ASSET_JOB - df44f303-9dd4-4c9e-be52-98f785d874f2 - supplemental_profiles - Saved 8765896 (Urban_Lilly)
[32m2026-06-01 11:50:04 -0700[0m - dagster - [34mINFO[0m - __ASSET_JOB - df44f303-9dd4-4c9e-be52-98f785d874f2 - supplemental_profiles - Saved 7487690 (Ciccolini_Skylar)
[32m2026-06-01 11:50:05 -0700[0m - dagster - [34mINFO[0m - __ASSET_JOB - df44f303-9dd4-4c9e-be52-98f785d874f2 - supplemental_profiles - Saved 8483146 (Tack_Erin)
[32m2026-06-01 11:50:06 -0700[0m - dagster - [34mINFO[0m - __ASSET_JOB - df44f303-9dd4-4c9e-be52-98f785d874f2 - supplemental_profiles - Done: 781 saved, 79 skipped, 0 errors
[32m2026-06-01 11:50:06 -0700[0m - dagster - [34mDEBUG[0m - __ASSET_JOB - df44f303-9dd4-4c9e-be52-98f785d874f2 - 34882 - supplemental_profiles - STEP_OUTPUT - Yielded output "result" of type "Nothing". (Type check passed).
[32m2026-06-01 11:50:06 -0700[0m - dagster - [34mDEBUG[0m - __ASSET_JOB - df44f303-9dd4-4c9e-be52-98f785d874f2 - 34882 - supplemental_profiles - ASSET_MATERIALIZATION - Materialized value supplemental_profiles.
[32m2026-06-01 11:50:06 -0700[0m - dagster - [34mDEBUG[0m - __ASSET_JOB - df44f303-9dd4-4c9e-be52-98f785d874f2 - 34882 - supplemental_profiles - STEP_SUCCESS - Finished execution of step "supplemental_profiles" in 16m38s.
