year,event,gender,place,athlete_id,athlete_name,school,mark,season_best,season_avg,avg_place,conf_champ_place,pr,cross_event_avg_place,conf_champ_place_any_event,relay_qualifying_time,relay_season_best,relay_qualifying_place
2025,100,M,1,8328830,Jordan Anthony,Arkansas,10.07,9.95,10.028,1.0,1.0,9.75,3.588235294117647,1.0,,,
2025,100,M,2,8343523,Max Thomas,USC,10.10,10.03,10.21,2.3333333333333335,2.0,9.92,2.642857142857143,2.0,,,
2025,100,M,3,8992440,Jelani Watkins,LSU,10.10,10.01,10.074285714285711,2.5,3.0,10.01,3.076923076923077,2.0,,,
2025,100,M,4,8709992,Kanyinsola Ajayi,Auburn,10.13,9.92,10.047142857142855,2.3333333333333335,2.0,9.84,2.1666666666666665,1.0,,,
2025,100,M,5,8682109,Davonte Howell,Tennessee,10.17,10.05,10.18,9.333333333333334,5.0,10.05,8.9375,1.0,,,
2025,100,M,6,8714494,Jaiden  Reid,LSU,10.17,10.02,10.16875,7.0,5.0,10.01,4.173913043478261,2.0,,,
2025,100,M,7,9006516,Israel Okon,Auburn,10.18,10.07,10.146666666666668,4.5,4.0,9.91,3.375,4.0,,,
2025,100,M,8,8339841,T'Mars McCallum,Tennessee,10.24,10.03,10.11,6.0,7.0,9.94,6.3125,1.0,,,
2025,200,M,1,8362093,Carli Makarawu,Kentucky,22.62,19.84,20.205454545454543,1.4,1.0,19.84,2.8461538461538463,1.0,,,
2025,200,M,2,7984341,Makanakaishe Charamba,Auburn,15.34,19.92,20.133333333333333,1.4285714285714286,2.0,19.79,1.6363636363636365,1.0,,,
2025,200,M,3,8236839,Garrett Kaalund,USC,17.77,19.85,20.287,2.5,3.0,19.85,2.0,2.0,,,
2025,200,M,4,8328830,Jordan Anthony,Arkansas,26.02,19.93,20.21375,2.0,1.0,19.93,3.588235294117647,1.0,,,
2025,200,M,5,8339841,T'Mars McCallum,Tennessee,19.96,19.83,20.383333333333333,4.0,5.0,19.83,6.3125,1.0,,,
2025,200,M,6,8343523,Max Thomas,USC,14.57,20.02,20.30375,2.5,2.0,20.02,2.642857142857143,2.0,,,
2025,200,M,7,8982863,Xavier Butler,Texas,18.56,20.02,20.478181818181817,4.666666666666667,5.0,20.02,5.470588235294118,4.0,,,
2025,200,M,8,8700013,Abdul-Rasheed Saminu,South Florida,25.28,20.26,20.711,3.6666666666666665,2.0,19.95,2.533333333333333,1.0,,,
2025,400,M,1,8691776,Samuel Ogazi,Alabama,44.84,44.43,45.01714285714286,1.0,1.0,43.82,3.3,1.0,,,
2025,400,M,2,8343526,William Jones,USC,45.53,44.76,45.67,4.0,1.0,44.65,4.764705882352941,1.0,,,
2025,400,M,3,8666362,Jordan Pierre,Arkansas-Pine Bluff,45.75,45.44,46.77333333333333,5.714285714285714,2.0,44.12,5.0,1.0,,,
2025,400,M,4,8364830,DeSean  Boyce,Texas Tech,45.78,45.15,45.784444444444446,2.75,1.0,44.85,2.888888888888889,1.0,,,
2025,400,M,5,8978945,Joseph Taylor,Duke,45.83,44.98,46.337,8.0,2.0,44.98,9.38095238095238,2.0,,,
2025,400,M,6,8711001,Jayden Davis,Arizona State,45.91,44.84,45.60066666666667,3.5555555555555554,3.0,44.29,4.142857142857143,1.0,,,
2025,400,M,7,7734256,Auhmad Robinson,Texas A&M,46.07,45.07,45.68833333333333,4.0,7.0,44.61,2.409090909090909,2.0,,,
2025,400,M,8,8671794,Gabriel Clement II,UCLA,46.17,45.35,46.21714285714285,4.666666666666667,8.0,45.22,4.0625,6.0,,,
2025,800,M,1,7987288,Sam Whitmarsh,Texas A&M,2:11.27,105.35,107.20777777777778,2.25,1.0,104.46,3.142857142857143,1.0,,,
2025,800,M,2,7892016,Matthew Erickson,Oregon,1:52.70,105.89,106.89428571428572,2.125,2.0,105.89,2.4285714285714284,2.0,,,
2025,800,M,3,8673515,Rivaldo  Marshall,Arkansas,1:42.45,105.59,107.91,6.833333333333333,3.0,104.15,6.769230769230769,3.0,,,
2025,800,M,4,7918236,Samuel  Rodman,Princeton,1:30.84,106.27,108.525,7.125,2.0,106.27,6.266666666666667,2.0,,,
2025,800,M,5,7751674,Aidan McCarthy,Cal Poly,1:59.71,105.19,107.05272727272728,2.1666666666666665,1.0,105.19,2.4,1.0,,,
2025,800,M,6,8023572,Samuel  Navarro,Miss State,2:10.95,105.32,108.65272727272728,10.666666666666666,6.0,105.32,11.0,6.0,,,
2025,800,M,7,7916232,Christian Jackson,Virginia Tech,1:47.42,104.83,106.71571428571428,3.0,1.0,104.83,10.833333333333334,1.0,,,
2025,800,M,8,8328299,Tyrice Taylor,Arkansas,2:00.34,105.23,107.24545454545456,4.0,6.0,104.35,5.9,6.0,,,
2025,1500,M,1,7910774,Nathan Green,Washington,3:47.26,215.52,227.26714285714283,1.3333333333333333,1.0,214.79,1.25,1.0,,,
2025,1500,M,2,7908130,Ethan Strand,North Carolina,3:47.33,213.22,221.09,1.25,1.0,213.22,3.4545454545454546,1.0,,,
2025,1500,M,3,8623171,Ferenc Kovacs,Harvard,3:47.42,220.08,222.96857142857144,14.75,3.0,220.08,23.571428571428573,1.0,,,
2025,1500,M,4,7899902,Adam Spencer,Wisconsin,3:47.50,214.57,224.6,4.333333333333333,1.0,214.57,3.8,1.0,,,
2025,1500,M,5,8329149,Gary Martin,Virginia,3:47.58,213.71,222.88666666666663,4.0,5.0,213.41,2.2222222222222223,5.0,,,
2025,1500,M,6,7727751,Jack Crull,Bradley,3:47.61,218.47,226.36444444444444,5.2,6.0,218.47,8.214285714285714,6.0,,,
2025,1500,M,7,8672366,Simeon Birnbaum,Oregon,3:47.64,217.02,227.43428571428572,3.6666666666666665,3.0,211.69,2.625,1.0,,,
2025,1500,M,8,7936824,Damian Hackett,Cornell,3:47.74,216.78,223.1657142857143,5.0,3.0,216.78,4.5,3.0,,,
2025,5000,M,1,8647595,Brian Musau,Oklahoma State,12:40.56,791.34,804.8199999999999,1.0,1.0,791.29,2.75,1.0,,,
2025,5000,M,2,8609549,Habtom Samuel,New Mexico,11:52.80,784.92,798.125,1.7142857142857142,2.0,783.47,3.25,2.0,,,
2025,5000,M,3,8232893,Marco Langon,Villanova,9:36.85,785.21,811.8633333333333,2.6,1.0,785.21,2.6,1.0,,,
2025,5000,M,4,8330427,Valentin Soca,CBU,15:54.10,793.1,800.48,3.5,4.0,793.1,2.6666666666666665,1.0,,,
2025,5000,M,5,8585457,Rocky Hansen,Wake Forest,10:01.86,792.65,801.6299999999999,4.75,5.0,792.65,3.875,5.0,,,
2025,5000,M,6,7735918,Matt Strangio,Portland,14:43.61,803.28,804.63,6.0,6.0,803.28,9.25,6.0,,,
2025,5000,M,7,9020103,Ishmael Kipkurui,New Mexico,12:04.67,789.24,802.8771428571429,5.833333333333333,1.0,789.24,5.166666666666667,1.0,,,
2025,5000,M,8,8013125,Fouad Messaoudi,Oklahoma State,12:45.21,805.48,809.3299999999999,4.5,8.0,805.48,3.4,1.0,,,
2025,10k,M,1,9020103,Ishmael Kipkurui,New Mexico,30:17.61,1689.32,1719.1,1.5,1.0,1689.32,5.166666666666667,1.0,,,
2025,10k,M,2,8609549,Habtom Samuel,New Mexico,27:06.32,1689.33,1730.4419999999998,1.5,2.0,1650.51,3.25,2.0,,,
2025,10k,M,3,8725440,Ernest Cheruiyot,Texas Tech,24:12.81,1665.65,1721.455,2.0,1.0,1661.59,5.090909090909091,1.0,,,
2025,10k,M,4,8245423,Rodgers Kiplimo,Iowa State,35:53.60,1699.84,1758.23,3.5,3.0,1672.12,7.0,3.0,,,
2025,10k,M,5,8977339,Evans Kurui,Washington St.,24:30.77,1699.22,1725.065,5.0,5.0,1657.32,8.833333333333334,5.0,,,
2025,10k,M,6,8983861,David Mullarkey,Northern Arizona,29:28.56,1699.73,1737.9366666666665,3.5,1.0,1671.8,5.666666666666667,1.0,,,
2025,10k,M,7,7717276,Dylan Schubert,Furman,37:39.03,1665.63,1719.0933333333337,4.0,7.0,1665.63,7.8,1.0,,,
2025,10k,M,8,7888807,Creed Thompson,BYU,21:53.58,1694.08,1731.6,6.333333333333333,2.0,1684.15,15.22222222222222,2.0,,,
2025,110H,M,1,8709994,Ja'Kobe Tharp,Auburn,13.05,13.05,13.312857142857142,1.6666666666666667,1.0,13.05,3.857142857142857,1.0,,,
2025,110H,M,2,8009666,Zachary Extine,Arizona,13.13,13.13,13.3975,2.4,2.0,13.13,4.818181818181818,2.0,,,
2025,110H,M,3,9001093,John Adesola,Houston,13.28,13.28,13.53,4.0,3.0,13.26,3.8,3.0,,,
2025,110H,M,4,7727876,Jamar  Marshall Jr.,Houston,13.34,13.13,13.3675,2.8,1.0,13.13,2.4545454545454546,1.0,,,
2025,110H,M,5,8611983,Demario Prince,Baylor,13.44,13.18,13.515,2.25,2.0,13.14,2.5714285714285716,2.0,,,
2025,110H,M,6,7984691,Darius Brown,DePaul,13.50,13.37,13.46,2.6666666666666665,1.0,13.37,1.5555555555555556,1.0,,,
2025,110H,M,7,8714497,Jahiem Stern,LSU,13.57,13.29,13.537777777777778,3.3333333333333335,6.0,13.29,4.142857142857143,2.0,,,
2025,110H,M,8,7979143,Jayden Smith,Davidson,13.65,13.4,13.72,3.6666666666666665,8.0,13.37,3.6666666666666665,8.0,,,
2025,400H,M,1,8017719,Nathaniel Ezekiel,Baylor,58.89,47.49,48.36142857142857,1.0,1.0,47.49,1.5384615384615383,1.0,,,
2025,400H,M,2,8712078,Ja'Qualon Scott,Texas A&M,48.78,48.29,49.56,2.25,2.0,48.22,3.2222222222222223,2.0,,,
2025,400H,M,3,8316982,Kody Blackwood,Texas,41.37,48.66,49.324444444444445,2.0,2.0,48.26,5.428571428571429,2.0,,,
2025,400H,M,4,7993397,Oskar Edlund,Texas Tech,51.48,49.0,49.555,2.0,2.0,48.7,3.142857142857143,2.0,,,
2025,400H,M,5,9008200,Saad Hinti,Tennessee,55.01,48.44,49.37,3.3333333333333335,1.0,48.44,2.4285714285714284,1.0,,,
2025,400H,M,6,8005683,Bryce McCray,Texas A&M,39.12,49.52,50.41545454545455,3.2857142857142856,5.0,49.52,5.888888888888889,5.0,,,
2025,400H,M,7,7974466,Johnny Brackins,USC,1:04.70,49.04,50.435,4.5,7.0,49.04,3.066666666666667,3.0,,,
2025,400H,M,8,8668146,Bryce Tucker,Rutgers,49.82,50.0,52.534444444444446,5.5,8.0,50.0,5.722222222222222,8.0,,,
2025,3000S,M,1,8268086,James Corrigan,BYU,5:47.49,496.41,508.2616666666667,1.0,1.0,496.41,12.22222222222222,1.0,,,
2025,3000S,M,2,8916058,Geoffrey Kirwa,Louisville,10:16.43,493.89,502.17,1.5,2.0,488.1,21.166666666666668,2.0,,,
2025,3000S,M,3,7717277,Carson Williams,Furman,6:49.77,499.71,509.27,3.3333333333333335,1.0,499.71,10.0,1.0,,,
2025,3000S,M,4,8895705,Joash Ruto,Iowa State,8:40.49,500.47,504.982,3.0,2.0,500.47,8.0,2.0,,,
2025,3000S,M,5,8895220,Collins Kiprop Kipngok,Kentucky,9:43.39,502.92,504.775,3.0,1.0,502.67,12.0,1.0,,,
2025,3000S,M,6,9020972,Mathew Kosgei,New Mexico,6:32.89,503.7,506.4525,3.5,1.0,502.13,3.5833333333333335,1.0,,,
2025,3000S,M,7,8261257,Benjamin Balazs,Oregon,9:40.13,504.46,512.222,3.0,1.0,504.46,6.444444444444445,1.0,,,
2025,3000S,M,8,7894462,Rob McManus,Montana State,9:06.30,505.83,514.2116666666666,3.0,1.0,505.83,6.0625,1.0,,,
2025,HJ,M,1,8341372,Arvesta Troupe,Ole Miss,1.91m,2.27,2.2055555555555557,2.125,1.0,2.27,2.125,1.0,,,
2025,HJ,M,4,7978389,Kamyren Garrett,Illinois,2.46m,2.2,2.1175,3.4285714285714284,2.0,2.21,3.4285714285714284,2.0,,,
2025,HJ,M,5,8675817,Nathanil Figgers,South Carolina,1.61m,2.2,2.1063636363636364,5.5,5.0,2.2,7.214285714285714,5.0,,,
2025,PV,M,1,9009619,Aleksandr Solovev,Texas A&M,7.51m,5.8,5.590769230769231,1.4166666666666667,1.0,5.8,2.642857142857143,1.0,,,
2025,PV,M,2,8320105,Ashton Barkdull,Kansas,4.87m,5.73,5.458333333333333,3.6,1.0,5.81,3.6,1.0,,,
2025,PV,M,3,7722564,Bradley Jelmert,Arkansas State,6.36m,5.63,5.4688888888888885,1.875,1.0,5.72,1.875,1.0,,,
2025,PV,M,4,7718475,Benjamin Conacher,Virginia Tech,5.02m,5.58,5.375,4.0,4.0,5.61,4.0,4.0,,,
2025,LJ,M,1,7731971,Malcolm Clemons,Florida,7.16m,7.91,7.623333333333334,3.5714285714285716,1.0,8.22,3.5714285714285716,1.0,,,
2025,LJ,M,2,7973950,Blair  Anderson,Oklahoma State,6.82m,7.93,7.576666666666667,2.111111111111111,2.0,8.02,2.111111111111111,2.0,,,
2025,LJ,M,3,7984924,Henry Kiner,Arkansas,5.73m,7.96,7.601000000000001,6.666666666666667,3.0,8.04,5.8,3.0,,,
2025,LJ,M,4,8725163,Charles Godfred,Minnesota,10.12m,8.1,7.92625,1.375,1.0,8.19,4.833333333333333,1.0,,,
2025,LJ,M,5,8986893,Lokesh Sathyanathan,Tarleton State,7.52m,7.92,7.667,4.0,1.0,8.21,4.0,1.0,,,
2025,LJ,M,6,8599966,Tyson Adams,NC State,6.33m,7.9,7.627142857142857,2.142857142857143,1.0,8.05,2.375,1.0,,,
2025,LJ,M,7,8329029,Greg Foster,Princeton,5.77m,7.84,7.692222222222223,4.2,1.0,8.24,4.3,1.0,,,
2025,LJ,M,8,8996696,Jayden Keys,Georgia,6.32m,7.95,7.667272727272728,5.1,1.0,7.95,8.8,1.0,,,
2025,TJ,M,1,8283704,Brandon Green Jr,Oklahoma,13.45m,16.94,16.69,2.0,1.0,16.96,2.0,1.0,,,
2025,TJ,M,2,8714172,Floyd Whitaker,Oklahoma,15.43m,16.41,15.911,4.666666666666667,2.0,16.44,4.7272727272727275,2.0,,,
2025,TJ,M,3,8368601,Kyvon Tatham,Florida State,11.69m,16.23,15.98,1.6,1.0,16.37,4.636363636363637,1.0,,,
2025,TJ,M,4,7987465,Luke Brown,Kentucky,13.91m,16.87,16.29,2.6666666666666665,2.0,16.87,2.6666666666666665,2.0,,,
2025,TJ,M,5,9011661,Selva Prabhu,Kansas State,16.57m,16.49,15.9425,3.6666666666666665,5.0,17.19,3.6666666666666665,5.0,,,
2025,TJ,M,6,8358263,Theophilus Mudzengerere,South Carolina,13.68m,16.38,16.05666666666667,2.6,4.0,16.38,2.6,4.0,,,
2025,TJ,M,7,7979847,Safin Wills,Oregon,19.93m,16.07,15.61,4.333333333333333,2.0,16.2,4.2727272727272725,2.0,,,
2025,TJ,M,8,8674331,Stafon Roach,ULM,18.39m,16.2,15.612,3.1,2.0,16.23,5.1875,2.0,,,
2025,SP,M,1,7727861,Jason Swarens,Wisconsin,15.92m,21.37,19.94333333333333,1.7272727272727273,1.0,21.37,3.25,1.0,,,
2025,SP,M,2,7725397,Thomas Kitchell,North Carolina,24.47m,20.74,19.56,2.125,1.0,20.74,3.6666666666666665,1.0,,,
2025,SP,M,3,8341371,Tarik Robinson-O'Hagan,Ole Miss,26.53m,21.11,20.746,1.3333333333333333,1.0,21.18,1.6111111111111112,1.0,,,
2025,SP,M,4,8672432,Kobe Lawrence,Oregon,25.81m,20.32,19.216363636363635,2.5,3.0,20.5,3.2666666666666666,3.0,,,
2025,SP,M,5,8369390,Christopher Licata,South Carolina,18.74m,20.46,20.215714285714284,2.5,2.0,20.51,2.5,2.0,,,
2025,SP,M,6,7722255,Danny Bryant,BYU,17.34m,19.84,19.12142857142857,3.230769230769231,4.0,20.02,4.571428571428571,4.0,,,
2025,SP,M,7,7729961,Dylan  Targgart,South Carolina,19.87m,19.74,19.263333333333335,4.125,4.0,20.45,4.125,4.0,,,
2025,SP,M,8,8319513,Fred Moudani Likibi,Cincinnati,15.36m,20.62,19.64,3.375,1.0,20.62,4.888888888888889,1.0,,,
2025,DT,M,1,7930060,Ralford  Mullings,Oklahoma,69.31m,69.31,67.664,1.0,1.0,69.31,3.0,1.0,,,
2025,DT,M,2,8019706,Mykolas Alekna,California,66.77m,72.12,70.026,1.25,1.0,72.12,1.25,1.0,,,
2025,DT,M,3,8367906,Uladzislau Puchko,Virginia Tech,63.94m,63.94,60.254999999999995,2.0,2.0,63.94,2.0,2.0,,,
2025,DT,M,4,8699158,Racquil Broderick,USC,63.31m,63.31,60.91142857142857,2.8333333333333335,4.0,63.31,2.8333333333333335,4.0,,,
2025,DT,M,5,8376077,Michael Pinckney,UCLA,61.39m,61.39,58.86625,2.2857142857142856,1.0,61.39,4.25,1.0,,,
2025,DT,M,6,7983335,Dimitrios Pavlidis,Kansas,61.04m,63.86,62.03666666666667,2.0,1.0,64.9,2.0,1.0,,,
2025,DT,M,7,8700044,Vincent Ugwoke,South Florida,60.58m,62.72,60.91,2.6,1.0,63.72,7.166666666666667,1.0,,,
2025,DT,M,8,8682097,Aron  Alvarez Aranda,Tennessee,59.87m,59.87,59.104,5.0,5.0,61.71,6.0,5.0,,,
2025,HT,M,1,7537882,Kostas Zaltos,Minnesota,67.93m,78.08,76.42375,1.4285714285714286,1.0,78.08,1.3333333333333333,1.0,,,
2025,HT,M,2,8676284,Angelos Mantzouranis,Minnesota,56.18m,78.61,75.285,1.8571428571428572,2.0,78.61,1.9,2.0,,,
2025,HT,M,3,8341371,Tarik Robinson-O'Hagan,Ole Miss,67.57m,76.78,75.3875,1.6666666666666667,1.0,77.62,1.6111111111111112,1.0,,,
2025,HT,M,4,8324710,Texas  Tanner,Air Force,81.24m,75.83,73.22888888888889,1.5,1.0,78.87,3.068965517241379,1.0,,,
2025,HT,M,5,8440603,Rory Devaney,Cal Poly,64.52m,74.16,68.5025,2.4285714285714284,3.0,74.16,2.3333333333333335,3.0,,,
2025,HT,M,6,9014928,Ryan  Johnson,Iowa,62.56m,71.91,70.33857142857143,2.3333333333333335,4.0,77.64,1.7857142857142858,4.0,,,
2025,HT,M,7,8673338,Daniel Reynolds,Wyoming,83.62m,72.97,70.21571428571428,2.8333333333333335,2.0,72.97,3.466666666666667,1.0,,,
2025,HT,M,8,8705111,Christian Toro,Duke,76.52m,70.13,68.52428571428571,3.5,1.0,70.13,3.2857142857142856,1.0,,,
2025,JT,M,1,7655614,Devoux Deysel,Miami (Fla.),72.76m,82.35,78.332,1.0,1.0,82.35,1.0,1.0,,,
2025,JT,M,2,8714790,Leikel Cabrera Gay,Florida,60.08m,79.05,76.026,2.25,2.0,79.05,2.25,2.0,,,
2025,JT,M,3,8711055,Callan Saldutto,Missouri,77.65m,76.88,70.75375,1.8571428571428572,3.0,76.88,1.8571428571428572,3.0,,,
2025,JT,M,4,9047243,Moustafa Alsherif,Georgia,77.46m,80.52,76.9,2.0,2.0,80.52,2.0,2.0,,,
2025,JT,M,5,8364008,Keyshawn Strachan,Nebraska,96.31m,81.01,77.47666666666667,2.4,4.0,84.27,2.4,4.0,,,
2025,JT,M,6,8321686,Mike Stein,Iowa,71.22m,77.41,75.825,3.4,2.0,81.19,3.4,2.0,,,
2025,JT,M,7,7546466,Arthur Petersen,Nebraska,77.77m,78.91,74.6925,4.0,1.0,79.9,4.0,1.0,,,
2025,JT,M,8,8121538,James Kotowski,UMass Lowell,62.40m,75.18,71.675,2.75,8.0,75.18,2.75,8.0,,,
2025,100,W,1,8107788,Samirah Moody,USC,9.03,10.93,11.11625,1.2,1.0,10.93,2.3529411764705883,1.0,,,
2025,100,W,2,8675923,JaMeesia Ford,South Carolina,8.25,10.87,11.093333333333334,1.3333333333333333,1.0,10.87,1.7307692307692308,1.0,,,
2025,100,W,3,8714489,Tima Godbless,LSU,10.75,10.91,11.118333333333332,2.4,2.0,10.91,3.7142857142857144,2.0,,,
2025,100,W,4,8679347,Anthaya Charlton,Florida,13.99,10.87,11.108571428571429,2.75,3.0,10.87,3.642857142857143,1.0,,,
2025,100,W,5,8003629,Leah Bertrand,Ohio State,10.88,10.92,11.184285714285716,3.75,4.0,10.91,5.035714285714286,3.0,,,
2025,100,W,6,8712626,Shenese Walker,Florida State,12.24,10.98,11.115,4.0,1.0,10.8,3.0714285714285716,1.0,,,
2025,100,W,7,8368619,Dajaz Defrand,USC,14.38,10.93,11.16,3.0,2.0,10.88,2.380952380952381,1.0,,,
2025,100,W,8,8977035,Brianna Selby,USC,9.57,11.01,11.16375,4.2,5.0,10.74,3.4,5.0,,,
2025,200,W,1,8675923,JaMeesia Ford,South Carolina,22.21,21.98,22.343636363636364,1.3333333333333333,1.0,21.98,1.7307692307692308,1.0,,,
2025,200,W,2,8699147,Madison Whyte,USC,22.23,22.16,22.625384615384615,2.2857142857142856,1.0,21.78,2.12,1.0,,,
2025,200,W,3,8368619,Dajaz Defrand,USC,22.39,22.2,22.71923076923077,3.2857142857142856,3.0,22.2,2.380952380952381,1.0,,,
2025,200,W,4,8003629,Leah Bertrand,Ohio State,22.60,22.54,23.26923076923077,7.111111111111111,4.0,22.54,5.035714285714286,3.0,,,
2025,200,W,5,8364545,Jasmine Montgomery,Texas A&M,22.61,22.26,22.71444444444445,3.1666666666666665,2.0,22.17,2.88,2.0,,,
2025,200,W,6,8647431,Kenondra Davis,Texas,22.66,22.45,23.04,4.8,4.0,22.45,5.222222222222222,4.0,,,
2025,200,W,7,7986734,Jayla Jamison,South Carolina,22.77,22.54,22.97125,4.2,7.0,22.26,3.0526315789473686,1.0,,,
2025,200,W,8,8341502,Gabrielle Matthews,Florida,22.84,22.59,22.865,9.0,8.0,22.41,5.5,6.0,,,
2025,400,W,1,8235200,Aaliyah Butler,Georgia,49.26,49.26,50.53,1.1428571428571428,1.0,49.26,1.4705882352941178,1.0,,,
2025,400,W,2,8364135,Dejanea Oakley,Georgia,49.65,49.65,51.230714285714285,3.875,2.0,48.92,2.75,1.0,,,
2025,400,W,3,7478918,Rosey Effiong,Arkansas,50.51,50.49,51.53875,5.0,3.0,49.72,3.1818181818181817,2.0,,,
2025,400,W,4,8359937,Ella Onojuvwevwo,LSU,50.57,50.31,51.26583333333334,5.166666666666667,2.0,49.59,4.470588235294118,2.0,,,
2025,400,W,5,8677962,Kaylyn Brown,Arkansas,51.30,50.35,51.13636363636363,3.4,3.0,49.13,2.7142857142857144,3.0,,,
2025,400,W,6,8338531,Rachel Joseph,Iowa State,51.36,50.66,51.19538461538461,4.0,1.0,50.08,3.7777777777777777,1.0,,,
2025,400,W,7,6995056,Sami Oblad,BYU,51.57,50.49,51.76615384615385,2.4285714285714284,2.0,50.49,3.769230769230769,2.0,,,
2025,400,W,8,8712628,Kaelyaah Liburd,Florida State,51.69,51.31,52.43090909090909,3.142857142857143,3.0,51.31,2.7333333333333334,3.0,,,
2025,800,W,1,8239785,Roisin Willis,Stanford,1:32.15,118.13,120.72111111111111,4.0,1.0,118.13,3.8333333333333335,1.0,,,
2025,800,W,2,7908137,Makayla Paige,North Carolina,1:23.28,118.97,120.727,1.6,2.0,118.97,2.0588235294117645,2.0,,,
2025,800,W,3,7722268,Meghan Hunter,BYU,2:06.18,118.95,121.435,2.6,1.0,118.95,2.2222222222222223,1.0,,,
2025,800,W,4,7930954,Michaela Rose,LSU,2:25.76,118.12,120.7553846153846,1.8571428571428572,1.0,118.12,2.7222222222222223,1.0,,,
2025,800,W,5,8321329,Lauren Tolbert,Duke,1:41.90,119.39,121.69625,3.5,5.0,119.39,3.0526315789473686,1.0,,,
2025,800,W,6,8617013,Smilla Kolbe,North Florida,1:49.54,120.09,123.15416666666668,2.5,1.0,119.02,2.1666666666666665,1.0,,,
2025,800,W,7,7735951,Laura  Pellicoro,Portland,1:30.63,120.84,121.52,3.75,7.0,120.84,3.857142857142857,7.0,,,
2025,800,W,8,8584868,Veronica Hargrave,Indiana,2:32.46,120.51,124.70166666666668,4.5,2.0,119.79,4.6875,2.0,,,
2025,1500,W,1,7730040,Sophie O'Sullivan,Washington,4:07.94,247.94,251.22285714285712,1.6666666666666667,1.0,247.94,2.0,1.0,,,
2025,1500,W,2,7897037,Margot  Appleton,Virginia,4:08.99,245.68,250.7444444444444,3.8,1.0,245.68,6.666666666666667,1.0,,,
2025,1500,W,3,7815743,Maggi Congdon,Northern Arizona,4:09.31,245.73,251.91666666666663,2.3333333333333335,2.0,245.73,2.4705882352941178,1.0,,,
2025,1500,W,4,8288637,Silan  Ayyildiz,Oregon,4:09.75,245.66,250.97142857142856,3.6666666666666665,2.0,245.66,2.5384615384615383,1.0,,,
2025,1500,W,5,8261269,Klaudia Kazimierska,Oregon,4:10.42,246.53,250.21999999999997,3.0,5.0,246.53,1.6666666666666667,1.0,,,
2025,1500,W,6,7889042,Kimberley May,Providence,4:10.79,246.31,249.064,4.0,6.0,246.31,3.5,1.0,,,
2025,1500,W,7,7402013,Lindsey Butler,Virginia Tech,4:10.79,249.88,251.67333333333332,5.333333333333333,7.0,247.96,7.75,6.0,,,
2025,1500,W,8,8324602,Chloe Foerster,Washington,4:11.03,245.75,249.64,4.333333333333333,8.0,245.75,5.090909090909091,8.0,,,
2025,5000,W,1,8916070,Pamela Kosgei,New Mexico,17:16.70,892.45,927.8957142857143,1.6666666666666667,1.0,892.45,2.3125,1.0,,,
2025,5000,W,2,8267707,Vera Sjoberg,Boston University,19:37.81,927.51,934.3466666666668,2.0,2.0,927.51,7.272727272727272,2.0,,,
2025,5000,W,3,8592999,Sophia Kennedy,Stanford,12:37.42,910.71,924.68,5.2,2.0,907.9,5.416666666666667,2.0,,,
2025,5000,W,4,9020090,Marion Jepngetich,New Mexico,12:00.06,917.02,945.002,5.5,2.0,917.02,9.727272727272728,2.0,,,
2025,5000,W,5,8242189,Grace Hartman,NC State,11:41.55,898.11,916.645,2.8,1.0,898.11,3.3333333333333335,1.0,,,
2025,5000,W,6,8585341,Paityn Noe,Arkansas,16:31.96,911.27,926.5516666666666,3.6,2.0,911.27,4.090909090909091,1.0,,,
2025,5000,W,7,9001984,Agnes McTighe,Northern Arizona,19:57.92,935.87,957.6175,34.0,7.0,935.87,13.833333333333334,3.0,,,
2025,5000,W,8,8982729,Amina Maatoug,Washington,18:05.68,935.93,943.74,5.0,2.0,935.93,4.357142857142857,2.0,,,
2025,10k,W,1,8916070,Pamela Kosgei,New Mexico,31:17.82,1877.82,1937.79,1.0,1.0,1849.99,2.3125,1.0,,,
2025,10k,W,2,8242189,Grace Hartman,NC State,31:32.15,1880.6,1908.5166666666669,1.5,2.0,1880.6,3.3333333333333335,1.0,,,
2025,10k,W,3,8920567,Joy Naukot,West Virginia,31:34.34,1894.34,1954.5875,2.0,1.0,1894.34,4.111111111111111,1.0,,,
2025,10k,W,4,8585341,Paityn Noe,Arkansas,31:36.91,1896.91,1967.8333333333333,2.5,1.0,1896.91,4.090909090909091,1.0,,,
2025,10k,W,5,7893942,Chloe Scrimgeour,Georgetown,31:41.68,1901.68,1933.64,3.0,1.0,1901.68,5.6,1.0,,,
2025,10k,W,6,9012348,Edna Chepkemoi,LSU,32:10.75,1930.75,1985.87,5.0,4.0,1930.75,13.166666666666666,4.0,,,
2025,10k,W,7,7891172,Rosina Machu,Gonzaga,32:15.49,1935.49,1983.125,7.0,7.0,1935.49,7.666666666666667,7.0,,,
2025,10k,W,8,8711956,Brenda Tuwei,Alabama,32:20.14,1940.14,1967.4666666666665,8.0,8.0,1940.14,6.5,5.0,,,
2025,100H,W,1,8354291,Aaliyah McCormick,Oregon,10.76,12.74,12.85142857142857,1.25,1.0,12.43,2.727272727272727,1.0,,,
2025,100H,W,2,8364031,Jaiya Covington,Texas A&M,15.00,12.86,12.961111111111112,1.8,2.0,12.77,2.7333333333333334,2.0,,,
2025,100H,W,3,8986740,Marcia Sey,Howard,15.91,12.88,13.087,2.0,1.0,12.76,3.1785714285714284,1.0,,,
2025,100H,W,4,9006522,Ana-Liese Torian,Auburn,15.41,12.81,13.034,3.6,2.0,12.81,3.6666666666666665,2.0,,,
2025,100H,W,5,8316097,Oneka Wilson,Clemson,13.94,12.94,13.110833333333334,2.0,1.0,12.79,5.153846153846154,1.0,,,
2025,100H,W,6,8345801,Janela Spencer,Ohio State,13.25,12.94,13.225,4.75,6.0,12.52,4.625,3.0,,,
2025,400H,W,1,8011524,Savannah Sutherland,Michigan,46.69,52.46,54.55625,1.0,1.0,52.46,2.3333333333333335,1.0,,,
2025,400H,W,2,8647433,Akala Garrett,Texas,43.73,53.73,54.89125,1.75,1.0,53.73,5.6875,1.0,,,
2025,400H,W,3,8996686,Michelle Smith,Georgia,57.96,54.62,55.3825,2.0,2.0,54.56,3.8,1.0,,,
2025,400H,W,4,8336291,Sanaa Hebron,Miami (Fla.),1:04.34,55.21,55.93,2.75,1.0,55.19,5.0476190476190474,1.0,,,
2025,400H,W,5,8368627,Tyra Wilson,Florida State,56.13,55.39,55.78285714285715,2.6666666666666665,2.0,55.39,2.4615384615384617,2.0,,,
2025,400H,W,6,8332686,Chloe Fair,Harvard,54.14,55.81,56.51625,3.5,1.0,55.81,3.608695652173913,1.0,,,
2025,400H,W,7,8705610,Amelliah Birdow,TCU,56.40,55.84,56.57454545454546,3.2,3.0,54.79,5.3125,3.0,,,
2025,400H,W,8,8369558,Allyria McBride,Vanderbilt,58.45,55.65,56.35857142857143,4.666666666666667,5.0,55.65,4.647058823529412,5.0,,,
2025,3000S,W,1,8614328,Doris Lemngole,Alabama,8:58.15,538.15,553.734,1.0,1.0,538.15,1.1666666666666667,1.0,,,
2025,3000S,W,2,7712194,Lexy Halladay-Lowry,BYU,9:08.68,548.68,561.5,1.5,2.0,548.68,1.8,1.0,,,
2025,3000S,W,3,8594424,Angelina Napoleon,NC State,9:16.66,556.66,570.2566666666667,2.0,1.0,556.66,3.769230769230769,1.0,,,
2025,3000S,W,4,8585677,Sarah Tait,West Virginia,9:27.80,567.8,577.868,2.3333333333333335,1.0,567.8,2.888888888888889,1.0,,,
2025,3000S,W,5,8917740,Debora Cherono,Texas A&M,9:32.10,572.1,585.366,4.0,3.0,572.1,6.461538461538462,3.0,,,
2025,3000S,W,6,7917518,Katelyn Stewart-Barnett,Michigan State,9:33.21,573.21,579.582,3.0,1.0,573.21,6.818181818181818,1.0,,,
2025,3000S,W,7,8704570,Shelby Jensen,Utah State,9:36.61,576.61,587.508,6.333333333333333,2.0,576.61,26.9,2.0,,,
2025,3000S,W,8,8917138,Leah Jeruto,Oklahoma,9:38.94,574.71,587.8266666666667,3.0,2.0,574.71,7.071428571428571,2.0,,,
2025,HJ,W,1,8005705,Elena Kulichenko,Georgia,1.96m,1.96,1.8927272727272728,1.4,1.0,1.97,1.4,1.0,,,
2025,HJ,W,2,8679706,Rose Yeboah,Illinois,1.93m,1.93,1.86875,2.2857142857142856,2.0,1.97,2.2857142857142856,2.0,,,
2025,HJ,W,3,7727577,Jenna Rogers,Nebraska,1.90m,1.94,1.868,2.3333333333333335,1.0,1.94,2.3333333333333335,1.0,,,
2025,HJ,W,4,8324337,Alyssa Jones,Stanford,1.90m,1.9,1.7914285714285714,5.5,4.0,1.91,3.6,1.0,,,
2025,HJ,W,5,8701620,Temitope Adeshina,Texas Tech,1.87m,1.97,1.9,1.5,1.0,1.97,1.5,1.0,,,
2025,HJ,W,6,8983909,Kristi Perez-Snyman,Missouri,1.87m,1.9,1.844,2.888888888888889,1.0,1.9,2.888888888888889,1.0,,,
2025,HJ,W,7,8676337,Celia Rifaterra,Virginia,1.84m,1.86,1.7954545454545454,1.7777777777777777,1.0,1.86,1.7777777777777777,1.0,,,
2025,HJ,W,8,8996991,Valentina Fakrogha,UCLA,1.84m,1.84,1.77,3.1666666666666665,4.0,1.9,5.0,4.0,,,
2025,PV,W,1,8676762,Hana Moll,Washington,4.50m,4.81,4.607777777777778,2.125,1.0,4.88,2.125,1.0,,,
2025,PV,W,2,7980608,Chloe Timberg,Rutgers,4.36m,4.72,4.4624999999999995,2.9,2.0,4.72,2.9,2.0,,,
2025,PV,W,3,8676761,Amanda Moll,Washington,5.34m,4.91,4.7,1.4285714285714286,1.0,4.91,1.4285714285714286,1.0,,,
2025,PV,W,6,8354288,Emily Fitzsimmons,Oregon,5.24m,4.44,4.253,4.222222222222222,6.0,4.48,4.222222222222222,6.0,,,
2025,PV,W,7,7484536,Gennifer Hirata,South Dakota,3.60m,4.44,4.2155555555555555,4.75,4.0,4.45,4.75,4.0,,,
2025,LJ,W,1,7731621,Synclair Savage,Louisville,6.72m,6.72,6.422499999999999,1.25,1.0,6.72,5.888888888888889,1.0,,,
2025,LJ,W,2,8324337,Alyssa Jones,Stanford,6.70m,6.71,6.55125,1.5714285714285714,1.0,7.09,3.6,1.0,,,
2025,LJ,W,3,7533309,Alexis Brown,Baylor,6.63m,7.03,6.815555555555556,1.2222222222222223,1.0,7.03,1.95,1.0,,,
2025,LJ,W,4,8015591,Tacoria Humphrey,Illinois,6.62m,6.94,6.69375,1.7142857142857142,1.0,6.94,1.625,1.0,,,
2025,LJ,W,5,8679347,Anthaya Charlton,Florida,6.58m,6.98,6.63875,3.0,1.0,6.98,3.642857142857143,1.0,,,
2025,LJ,W,6,8664744,Sophia  Beckmon,Illinois,6.49m,6.71,6.47,4.0,3.0,6.86,4.0,3.0,,,
2025,LJ,W,7,8647432,Aaliyah Foster,Texas,6.47m,6.57,6.393,4.2,4.0,6.75,4.636363636363637,4.0,,,
2025,LJ,W,8,9063858,Prestina Ochonogor,Tarleton State,6.41m,6.67,6.548333333333333,4.0,1.0,6.69,4.625,1.0,,,
2025,TJ,W,1,8374480,Winny Bii,Texas A&M,13.96m,14.01,13.814285714285717,1.5555555555555556,1.0,14.01,2.8333333333333335,1.0,,,
2025,TJ,W,2,8010632,Emilia Sjostrand,San Jose St.,13.88m,14.01,13.592000000000002,2.5,1.0,14.09,3.0,1.0,,,
2025,TJ,W,3,8283682,Agur  Dwol,Oklahoma,13.77m,13.77,13.607777777777777,1.3,1.0,14.02,4.0,1.0,,,
2025,TJ,W,4,7974393,Shantae Foreman,Clemson,13.72m,14.01,13.591,2.2222222222222223,1.0,14.17,3.952380952380953,1.0,,,
2025,TJ,W,5,7491670,Victoria Gorlova,Texas Tech,13.53m,13.99,13.726666666666668,3.0,1.0,13.99,3.0,1.0,,,
2025,TJ,W,6,8996687,Skylynn Townsend,Georgia,13.52m,13.52,13.295555555555556,3.5,3.0,13.67,5.25,3.0,,,
2025,TJ,W,7,9013735,Ashley Moore,Oklahoma,13.30m,13.48,13.18,5.125,7.0,13.48,7.4375,7.0,,,
2025,TJ,W,8,7726437,Ryann Porter,Oregon,13.22m,13.55,13.255,3.4444444444444446,1.0,13.55,7.0,1.0,,,
2025,SP,W,1,7727870,Mya Lesnar,Colorado St.,19.01m,19.6,18.658,1.3333333333333333,1.0,19.6,2.1538461538461537,1.0,,,
2025,SP,W,2,9007180,Abria Smith,Illinois,18.85m,18.92,17.46,2.2,1.0,18.92,3.1875,1.0,,,
2025,SP,W,3,8647437,Nina Ndubuisi,Texas,18.50m,18.91,17.78,2.4,1.0,18.91,4.642857142857143,1.0,,,
2025,SP,W,4,8673346,Jayden Ulrich,Louisville,18.26m,18.4,17.848888888888887,2.625,1.0,18.66,2.5833333333333335,1.0,,,
2025,SP,W,5,8977029,Ashley Erasmus,USC,17.99m,17.99,17.634,2.3333333333333335,3.0,18.3,3.0,3.0,,,
2025,SP,W,6,8634276,Kelsie Murrell-Ross,Georgia,17.80m,18.0,17.355555555555558,3.25,3.0,18.33,3.25,3.0,,,
2025,SP,W,7,8691791,MyeJoi Williams,Alabama,17.73m,17.85,17.36692307692308,3.9166666666666665,4.0,17.85,5.45,4.0,,,
2025,SP,W,8,7746659,Cierra Jackson,Fresno State,17.70m,17.77,16.771666666666665,3.0,2.0,17.77,2.5714285714285716,1.0,,,
2025,DT,W,1,7746659,Cierra Jackson,Fresno State,70.43m,65.82,58.36857142857143,2.8333333333333335,1.0,65.82,2.5714285714285716,1.0,,,
2025,DT,W,2,8398788,Alida Van Daalen,Florida,77.93m,65.24,63.33,1.3333333333333333,1.0,69.31,3.8,1.0,,,
2025,DT,W,3,7725119,Shelby Frank,Texas Tech,49.43m,63.37,61.015,1.7142857142857142,1.0,63.37,1.6842105263157894,1.0,,,
2025,DT,W,4,8721010,Caisa-Marie Lindfors,California,71.96m,62.57,60.72666666666667,2.0,2.0,62.57,2.7777777777777777,2.0,,,
2025,DT,W,5,8924225,Amanda Ngandu-Ntumba,Cincinnati,61.38m,60.77,59.52166666666667,3.25,2.0,60.77,5.363636363636363,2.0,,,
2025,DT,W,6,7513086,Adrienne Adams,Auburn,78.72m,60.55,55.684285714285714,3.3333333333333335,2.0,60.55,4.0,2.0,,,
2025,DT,W,7,8673346,Jayden Ulrich,Louisville,48.20m,66.14,63.134,2.5,1.0,66.14,2.5833333333333335,1.0,,,
2025,DT,W,8,7729050,Michaelle Valentin,FIU,51.91m,62.17,57.163333333333334,3.2,2.0,62.17,4.5,1.0,,,
2025,HT,W,1,8634278,Stephanie Ratcliffe,Georgia,71.37m,71.37,69.12166666666667,1.2,1.0,73.63,1.8571428571428572,1.0,,,
2025,HT,W,2,7725119,Shelby Frank,Texas Tech,71.05m,71.05,66.47428571428571,1.6666666666666667,1.0,71.05,1.6842105263157894,1.0,,,
2025,HT,W,3,8709403,Lara Roberts,Texas State,70.42m,70.97,68.19375,1.8571428571428572,1.0,70.97,2.9,1.0,,,
2025,HT,W,4,7511460,Emma Robbins,Oklahoma State,69.27m,70.02,68.86333333333333,2.2,2.0,70.02,1.9,2.0,,,
2025,HT,W,5,9016408,Giavonna Meeks,California,68.94m,68.94,66.545,3.4,1.0,68.94,3.769230769230769,1.0,,,
2025,HT,W,6,8008554,Gudrun Hallgrimsdottir,VCU,68.66m,69.92,68.664,3.0,6.0,69.92,2.0,6.0,,,
2025,HT,W,7,7719803,Kenna Curry,North Dakota,68.16m,68.16,66.48857142857143,2.0,1.0,68.16,3.2,1.0,,,
2025,HT,W,8,7547302,Chloe Lindeman,Wisconsin,67.82m,67.89,65.71857142857142,3.0,3.0,67.89,2.6666666666666665,3.0,,,
2025,JT,W,1,8435569,Valentina Barrios Bornacelli,Missouri,62.00m,62.0,54.776250000000005,1.4285714285714286,1.0,62.0,1.4285714285714286,1.0,,,
2025,JT,W,2,8996684,Manuela Rotundo,Georgia,60.35m,61.13,58.605,2.3333333333333335,2.0,64.17,2.3333333333333335,2.0,,,
2025,JT,W,3,8705608,Irene Jepkemboi,TCU,60.31m,60.31,57.09166666666667,2.0,1.0,60.31,2.0,1.0,,,
2025,JT,W,4,7986520,Lianna Davidson,Georgia,59.03m,63.79,58.39833333333333,1.6,1.0,63.79,1.6,1.0,,,
2025,JT,W,5,7730318,Maddie Harris,Nebraska,58.36m,59.12,57.42666666666667,2.6,1.0,59.12,2.6,1.0,,,
2025,JT,W,6,8996998,Jana van Schalkwyk,UCLA,57.07m,57.07,55.21714285714285,2.3333333333333335,2.0,57.07,2.3333333333333335,2.0,,,
2025,JT,W,7,8473803,McKyla Van Der Westhuizen,Rice,56.65m,60.29,56.82714285714286,2.3333333333333335,1.0,60.29,2.3333333333333335,1.0,,,
2025,JT,W,8,7977180,Kelsi Oldroyd,Utah Valley,56.37m,57.72,56.278333333333336,3.0,1.0,57.72,3.076923076923077,1.0,,,
2024,100,M,1,8348286,Louie Hinchliffe,Houston,10.45,10.0,10.228,2.0,2.0,9.84,3.3333333333333335,1.0,,,
2024,100,M,2,8363992,Favour Ashe,Auburn,7.20,9.94,10.074000000000002,1.0,,9.79,2.142857142857143,2.0,,,
2024,100,M,3,8709992,Kanyinsola Ajayi,Auburn,7.81,10.03,10.175714285714289,5.0,7.0,9.84,3.5,2.0,,,
2024,100,M,4,7989909,Godson Oghenebrume,LSU,10.83,9.99,10.121666666666668,2.0,1.0,9.9,3.5789473684210527,1.0,,,
2024,100,M,5,8700013,Saminu Abdul-Rasheed,South Florida,9.52,10.03,10.174,1.5,1.0,9.86,2.1666666666666665,1.0,,,
2024,100,M,6,8709986,Wanya McCoy,Florida,7.33,10.02,10.115,3.5,2.0,10.02,2.5,2.0,,,
2024,100,M,7,7721646,Shaun Maswanganyi,Houston,7.24,10.03,10.184,1.0,1.0,9.87,1.3076923076923077,1.0,,,
2024,100,M,8,8367318,Zachaeus  Beard,Northwestern St.,10.71,10.04,10.205,2.2,2.0,10.0,4.8,1.0,,,
2024,200,M,1,8674190,Cheickna Traore,Penn State,19.95,19.93,20.37375,1.6,2.0,19.93,2.0,2.0,,,
2024,200,M,2,8363938,Robert Gregory,Florida,20.08,20.2,20.49111111111111,3.4,9.0,19.6,4.916666666666667,3.0,,,
2024,200,M,3,8700013,Saminu Abdul-Rasheed,South Florida,20.12,20.34,20.746,3.0,1.0,19.95,2.1666666666666665,1.0,,,
2024,200,M,4,8016458,Tarsis Orogot,Alabama,20.14,19.75,20.13,1.0,1.0,19.6,3.5,1.0,,,
2024,200,M,5,7984341,Makanakaishe Charamba,Auburn,20.20,19.95,20.42875,3.4,3.0,19.79,3.0,2.0,,,
2024,200,M,6,7721646,Shaun Maswanganyi,Houston,20.25,20.08,20.41142857142857,1.5,1.0,19.93,1.3076923076923077,1.0,,,
2024,200,M,7,8318061,Jamarion Stubbs,Alabama State,20.59,19.95,20.59857142857143,1.8,,19.95,1.5384615384615383,,,,
2024,200,M,8,7482112,Lance Lang,Arkansas,20.67,20.04,20.348333333333333,4.75,4.0,19.99,3.7222222222222223,1.0,,,
2024,400,M,1,8235187,Christopher Morales Williams,Georgia,40.92,44.05,45.23363636363637,1.4285714285714286,1.0,44.05,3.8333333333333335,1.0,,,
2024,400,M,2,8691776,Samuel Ogazi,Alabama,48.53,44.53,45.53875,3.75,2.0,43.82,3.0,2.0,,,
2024,400,M,3,8363942,JeVaughn Powell,Florida,31.18,45.16,45.63857142857143,3.0,,44.54,2.75,3.0,,,
2024,400,M,4,8022254,Johnnie Blockburger,USC,41.76,44.51,45.692,2.7142857142857144,,44.51,2.0,,,,
2024,400,M,5,8235489,Judson Lincoln IV,Virginia Tech,39.88,44.55,45.24,1.75,1.0,44.55,5.541666666666667,1.0,,,
2024,400,M,6,7487901,Emmanuel Bynum,Tennessee,45.30,45.4,45.8675,7.4,6.0,44.49,5.076923076923077,6.0,,,
2024,400,M,7,8709973,Reheem  Hayles,Florida,47.62,45.31,46.05111111111111,6.6,,44.81,5.266666666666667,3.0,,,
2024,400,M,8,7930058,Justin  Robinson,Arizona State,50.06,45.2,45.44833333333333,1.6666666666666667,,44.51,2.0625,,,,
2024,800,M,1,8621220,Shane  Cohen,Virginia,1:44.97,105.36,108.72272727272728,13.428571428571429,3.0,104.97,11.384615384615383,3.0,,,
2024,800,M,2,7987288,Sam Whitmarsh,Texas A&M,1:45.10,104.46,106.88666666666668,1.2,1.0,104.46,1.375,1.0,,,
2024,800,M,3,6904283,Finley McLear,Iowa State,1:45.66,106.81,108.19857142857144,7.0,20.0,105.66,6.142857142857143,20.0,,,
2024,800,M,4,7974317,Tarees Rhoden,Clemson,1:45.70,105.71,107.44888888888887,1.4,1.0,105.7,3.1578947368421053,1.0,,,
2024,800,M,5,7383904,Sean Dolan,Villanova,1:45.89,105.83,107.49555555555555,3.0,1.0,105.83,3.0,1.0,,,
2024,800,M,6,7725762,Yusuf Bizimana,Texas,1:46.37,106.07,106.59833333333334,1.75,1.0,105.74,2.0,1.0,,,
2024,800,M,7,7945430,Kimar Farquharson,Texas A&M,1:46.38,106.2,107.77636363636364,3.0,5.0,105.99,3.4210526315789473,4.0,,,
2024,800,M,8,8235126,Nicholas Plant,Virginia Tech,1:47.00,106.35,107.98666666666666,2.0,4.0,105.9,2.0,1.0,,,
2024,1500,M,1,7480799,Joe Waskom,Washington,3:48.26,219.83,224.59,21.0,,215.86,9.88888888888889,,,,
2024,1500,M,2,7722809,Elliott Cook,Oregon,2:33.70,218.55,224.15666666666667,4.333333333333333,,217.25,2.8333333333333335,,,,
2024,1500,M,3,7899902,Adam Spencer,Wisconsin,2:40.46,217.34,219.765,5.0,,214.57,3.3,1.0,,,
2024,1500,M,4,8271041,Colin Sahlman,Northern Arizona,3:04.74,213.96,220.9766666666667,1.3333333333333333,1.0,213.96,2.7,1.0,,,
2024,1500,M,5,6900649,Damien Dilcher,Iona,3:31.43,218.85,220.65,7.5,,218.85,7.0,,,,
2024,1500,M,6,7700480,Wes Porter,Virginia,3:47.01,219.54,223.17166666666665,20.666666666666668,3.0,219.45,12.909090909090908,3.0,,,
2024,1500,M,7,7371800,Ezekiel  Rop,Iowa State,3:36.09,218.28,220.11125,8.0,1.0,216.92,9.88888888888889,1.0,,,
2024,1500,M,8,8074967,Anass  Essayi,South Carolina,2:38.99,216.35,219.1425,1.5,,216.35,2.2222222222222223,2.0,,,
2024,5000,M,1,7908131,Parker Wolfe,North Carolina,13:04.37,799.38,814.4866666666667,1.0,1.0,793.49,1.3636363636363635,1.0,,,
2024,5000,M,2,7711751,Nico Young,Northern Arizona,11:32.76,777.14,816.215,1.3333333333333333,1.0,777.14,2.75,1.0,,,
2024,5000,M,3,7697359,Ky Robinson,Stanford,10:34.60,801.99,824.9200000000001,4.333333333333333,,786.42,4.571428571428571,,,,
2024,5000,M,4,8647595,Brian Musau,Oklahoma State,13:40.68,791.29,804.0433333333334,2.0,,791.29,2.75,4.0,,,
2024,5000,M,5,7919013,Graham Blanks,Harvard,15:38.35,779.89,809.4366666666666,2.5,,779.89,2.5,,,,
2024,5000,M,6,8609549,Habtom Samuel,New Mexico,17:20.15,793.34,818.765,1.3333333333333333,1.0,783.47,4.636363636363637,1.0,,,
2024,5000,M,7,8009874,Toby Gillen,Ole Miss,13:08.66,808.81,818.134,12.0,,806.74,9.25,7.0,,,
2024,5000,M,8,7388515,Jesse Hamlin,Butler,15:14.63,807.26,819.4125,4.333333333333333,2.0,807.26,5.333333333333333,2.0,,,
2024,10k,M,1,8609549,Habtom Samuel,New Mexico,30:39.73,1706.91,1726.4,1.0,,1650.51,4.636363636363637,1.0,,,
2024,10k,M,2,7895317,Victor Kiprop,Alabama,34:53.86,1687.86,1751.934,2.5,1.0,1677.63,6.1,1.0,,,
2024,10k,M,3,8647596,Denis  Kipngetich,Oklahoma State,29:00.96,1692.88,1718.115,9.0,,1658.36,4.8,3.0,,,
2024,10k,M,4,8725440,Ernest Cheruiyot,Texas Tech,26:46.27,1672.13,1742.5260000000003,3.0,4.0,1661.59,6.375,4.0,,,
2024,10k,M,5,7554109,Chandler Gibbens,Kansas,35:30.50,1692.14,1702.75,8.0,,1690.87,17.125,4.0,,,
2024,10k,M,6,7815149,Ian Kibiwot,Louisville,27:03.99,1706.67,1729.0500000000002,22.0,,1691.65,16.428571428571427,6.0,,,
2024,10k,M,7,7889759,Sanele Masondo,Iowa State,25:07.03,1715.16,1742.4333333333334,13.666666666666666,1.0,1674.77,15.555555555555555,1.0,,,
2024,10k,M,8,7904836,Patrick Kiprop,Arkansas,34:43.61,1694.77,1738.6060000000002,6.0,2.0,1680.58,8.8,1.0,,,
2024,110H,M,1,7538550,Darius Luff,Nebraska,11.74,13.25,13.386666666666668,1.25,1.0,13.19,2.142857142857143,1.0,,,
2024,110H,M,2,8709994,Ja'Kobe Tharp,Auburn,9.24,13.18,13.432857142857143,1.0,1.0,13.05,2.5,1.0,,,
2024,110H,M,3,8712078,Ja'Qualon Scott,Texas A&M,12.74,13.31,13.442000000000002,1.3333333333333333,2.0,13.12,3.1578947368421053,2.0,,,
2024,110H,M,4,8679005,Malachi Snow,San Jose St.,12.13,13.37,13.6325,1.5,1.0,13.08,3.0,1.0,,,
2024,110H,M,5,7070432,De' Vion Wilson,Houston,16.84,13.24,13.448333333333332,1.3333333333333333,1.0,13.24,1.9,1.0,,,
2024,110H,M,6,7491601,Samuel Bennett,Howard,15.07,13.52,13.644,1.6666666666666667,,13.39,2.4,,,,
2024,110H,M,7,8029490,Jerome Campbell,Northern Colorado,17.27,13.3,13.61,2.0,1.0,13.23,3.5217391304347827,1.0,,,
2024,110H,M,8,8359929,Matthew Sophia,LSU,10.96,13.4,16.686666666666667,2.8,,13.28,3.1,,,,
2024,400H,M,1,7526270,Caleb Dean,Texas Tech,47.23,48.05,49.265,2.0,2.0,48.39,1.8888888888888888,2.0,,,
2024,400H,M,2,7535860,Chris Robinson,Alabama,47.98,47.95,48.830000000000005,1.0,1.0,48.36,1.6666666666666667,1.0,,,
2024,400H,M,3,8017719,Nathaniel Ezekiel,Baylor,48.88,48.0,48.98500000000001,2.0,1.0,47.49,3.4285714285714284,1.0,,,
2024,400H,M,4,8712078,Ja'Qualon Scott,Texas A&M,49.08,49.96,51.05,5.666666666666667,,48.22,3.1578947368421053,2.0,,,
2024,400H,M,5,7993397,Oskar Edlund,Texas Tech,49.23,48.7,49.7475,3.25,3.0,48.7,3.5454545454545454,1.0,,,
2024,400H,M,6,7746444,Corde Long,Alabama,49.47,49.07,50.26285714285715,7.5,6.0,49.07,11.909090909090908,6.0,,,
2024,400H,M,7,8017812,Jakwan Hale,Tennessee,49.49,49.4,49.784000000000006,2.5,3.0,49.18,10.0,3.0,,,
2024,400H,M,8,7729850,Sean Burrell,LSU,51.17,49.44,50.21333333333333,4.666666666666667,8.0,47.85,6.478260869565218,5.0,,,
2024,3000S,M,1,7373057,Parker Stokes,Georgetown,8:19.54,506.61,512.76,5.0,,498.88,17.833333333333332,1.0,,,
2024,3000S,M,2,7979835,Nathan Mountain,Virginia,8:30.77,500.68,507.3633333333334,1.5,1.0,491.92,16.2,1.0,,,
2024,3000S,M,3,6872531,Gable Sieperda,Iowa State,7:04.98,506.58,513.6600000000001,6.333333333333333,3.0,505.92,6.555555555555555,3.0,,,
2024,3000S,M,4,8245050,Abdelhakim Abouzouhir,Eastern Kentucky,7:31.31,505.37,512.75,2.0,,505.37,7.3,10.0,,,
2024,3000S,M,5,8237169,CJ Singleton,Notre Dame,8:57.91,513.6,515.3433333333334,7.0,4.0,507.46,13.333333333333334,4.0,,,
2024,3000S,M,6,8281094,Estanis Ruiz,Portland,8:17.99,518.38,519.8199999999999,8.0,,508.15,16.0,,,,
2024,3000S,M,7,7700490,Yasin Sado,Virginia,10:04.73,507.13,510.66333333333336,5.5,2.0,507.13,11.0,2.0,,,
2024,3000S,M,8,6874366,Alexander Korczynski,Northeastern,8:14.14,515.78,524.73,6.0,1.0,509.42,12.333333333333334,1.0,,,
2024,HJ,M,1,7535392,Romaine Beckford,Arkansas,2.26m,2.27,2.224285714285714,1.0,1.0,2.27,1.0,1.0,,,
2024,HJ,M,2,7977923,Tyus Wilson,Nebraska,2.72m,2.29,2.194545454545455,1.7,1.0,2.29,1.7,1.0,,,
2024,HJ,M,3,7719884,Caleb  Snowden,Arkansas-Pine Bluff,1.81m,2.27,2.1879999999999997,1.4444444444444444,,2.27,10.1,,,,
2024,HJ,M,4,8684031,Tito Alofe,Harvard,2.24m,2.22,2.135,1.818181818181818,,2.25,2.4166666666666665,,,,
2024,HJ,M,5,7983333,Devin Loudermilk,Kansas,2.07m,2.26,2.18125,2.7142857142857144,1.0,2.26,2.7142857142857144,1.0,,,
2024,HJ,M,6,8676195,Kyren Washington,Oklahoma,2.84m,2.2,2.1145454545454543,4.8,4.0,2.25,4.8,4.0,,,
2024,HJ,M,7,8634240,Riyon Rankin,Georgia,1.89m,2.21,2.175,3.0,,2.29,3.0,,,,
2024,HJ,M,8,7730020,Brady Palen,Wichita State,1.89m,2.2,2.1566666666666667,1.4285714285714286,1.0,2.22,1.4285714285714286,1.0,,,
2024,PV,M,1,7599292,Keaton Daniel,Kentucky,5.16m,5.8,5.609,1.3333333333333333,1.0,5.8,1.3333333333333333,1.0,,,
2024,PV,M,2,7983334,Clayton Simms,Kansas,5.11m,5.68,5.42,1.625,5.0,5.71,1.625,5.0,,,
2024,PV,M,5,8664682,Cody  Johnston,Illinois,5.02m,5.6,5.423,2.111111111111111,2.0,5.7,2.111111111111111,2.0,,,
2024,LJ,M,1,8343519,Chrstyn John (JC) Stevenson,USC,6.08m,8.05,7.576666666666666,4.25,,8.37,3.2,,,,
2024,LJ,M,2,7524768,Jeremiah Davis,Florida State,9.04m,8.2,7.919999999999999,2.0,1.0,8.37,1.7,1.0,,,
2024,LJ,M,3,7731971,Malcolm Clemons,Florida,8.61m,8.22,7.93125,2.125,4.0,8.22,2.5555555555555554,4.0,,,
2024,LJ,M,4,7974466,Johnny Brackins,USC,8.59m,8.23,7.894,3.25,,8.3,2.375,,,,
2024,LJ,M,5,7697085,Wayne Pinnock,Arkansas,9.58m,8.28,8.133333333333333,1.0,1.0,8.44,1.0,1.0,,,
2024,LJ,M,6,8725163,Charles Godfred,Minnesota,6.79m,7.98,7.781666666666666,1.1428571428571428,1.0,8.19,3.142857142857143,1.0,,,
2024,LJ,M,7,8700012,Goodness Iredia,South Florida,8.88m,7.94,7.567142857142857,2.5,1.0,7.94,2.6666666666666665,1.0,,,
2024,LJ,M,8,7730053,Nikaoli Williams,Oklahoma,6.29m,7.99,7.678333333333334,2.8333333333333335,3.0,8.06,2.5714285714285716,3.0,,,
2024,TJ,M,1,7791695,Salif Mane,FDU,17.14m,16.69,16.386000000000003,1.0,1.0,17.14,1.0,1.0,,,
2024,TJ,M,2,7534785,Russell Robinson,Miami (Fla.),17.13m,16.67,16.475714285714286,2.3333333333333335,2.0,17.13,2.8181818181818183,2.0,,,
2024,TJ,M,3,8283704,Brandon Green Jr,Oklahoma,16.63m,16.76,16.45,1.5,1.0,16.96,2.375,1.0,,,
2024,TJ,M,4,7524768,Jeremiah Davis,Florida State,16.62m,16.71,16.492,1.25,1.0,16.78,1.7,1.0,,,
2024,TJ,M,5,7987465,Luke Brown,Kentucky,16.44m,16.8,16.384999999999998,1.7142857142857142,1.0,16.87,1.7142857142857142,1.0,,,
2024,TJ,M,6,7979848,Praise Aniamaka,Purdue,16.30m,16.49,15.972,1.25,1.0,16.73,1.25,1.0,,,
2024,TJ,M,7,8368601,Kyvon Tatham,Florida State,16.30m,15.76,15.64875,3.888888888888889,3.0,16.37,6.0588235294117645,3.0,,,
2024,TJ,M,8,8363937,Sean Dixon-Bodie,Florida,16.28m,16.35,16.224,2.8,2.0,16.89,4.333333333333333,2.0,,,
2024,SP,M,1,8341371,Tarik Robinson-O'Hagan,Ole Miss,20.88m,20.85,20.188181818181818,2.3,1.0,21.18,2.2857142857142856,1.0,,,
2024,SP,M,2,7727861,Jason Swarens,Wisconsin,20.38m,20.05,19.27777777777778,3.0,10.0,21.37,5.235294117647059,10.0,,,
2024,SP,M,3,7729961,Dylan  Targgart,South Carolina,20.23m,20.45,19.823333333333338,2.125,3.0,20.45,3.230769230769231,3.0,,,
2024,SP,M,4,7722255,Danny Bryant,BYU,20.02m,19.59,18.729285714285712,1.8461538461538465,2.0,20.02,4.9,2.0,,,
2024,SP,M,5,8713721,Courtney Lawrence,Clemson,19.92m,19.75,18.91,2.6666666666666665,1.0,19.92,2.6666666666666665,1.0,,,
2024,SP,M,6,8634255,Alexander Kolesnikoff,Georgia,19.70m,20.45,19.71777777777778,2.25,4.0,20.69,2.25,4.0,,,
2024,SP,M,7,7544543,Tyler Sudduth,Illinois,19.67m,19.85,19.03,2.5454545454545454,3.0,19.85,2.9583333333333335,3.0,,,
2024,SP,M,8,7538541,Kevin Shubert,Nebraska,19.63m,19.89,19.544285714285714,1.5,2.0,19.89,1.5,2.0,,,
2024,DT,M,1,7537623,Francois Prinsloo,South Alabama,54.62m,67.26,62.54375,1.1428571428571428,1.0,67.26,5.315789473684211,1.0,,,
2024,DT,M,2,8699158,Racquil Broderick,USC,44.47m,62.14,60.19,2.0,,63.31,2.5,,,,
2024,DT,M,3,7983335,Dimitrios Pavlidis,Kansas,42.68m,63.72,60.870000000000005,1.5,1.0,64.9,1.5,1.0,,,
2024,DT,M,4,6992912,Mitchell Weber,Missouri,57.20m,60.58,59.15,2.6666666666666665,3.0,60.99,3.0,3.0,,,
2024,DT,M,5,8709971,Kai Chang,Florida,49.70m,60.91,60.2575,2.6666666666666665,2.0,61.65,5.333333333333333,2.0,,,
2024,DT,M,6,7537576,Jacob  Lemmon,Virginia,78.56m,60.5,58.916666666666664,1.5,2.0,61.8,3.0,2.0,,,
2024,DT,M,7,7039996,Milton Ingraham,Miami (Fla.),68.70m,61.66,60.10428571428571,1.3333333333333333,1.0,62.13,2.6666666666666665,1.0,,,
2024,DT,M,8,7722603,Dallin Shurts,BYU,63.76m,62.48,61.572,1.5,2.0,63.26,1.5,2.0,,,
2024,HT,M,1,8720932,Rowan  Hamilton,California,77.18m,77.16,74.726,1.0,,77.18,1.3333333333333333,,,,
2024,HT,M,2,7981311,Kenneth Ikeji,Harvard,77.12m,74.47,72.5275,1.0,,77.92,1.0,,,,
2024,HT,M,3,8676284,Angelos Mantzouranis,Minnesota,75.50m,75.55,73.50833333333333,1.0,1.0,78.61,1.25,1.0,,,
2024,HT,M,4,8009990,Israel Oloyede,Grand Canyon,75.29m,74.84,70.49666666666667,1.8,1.0,75.29,1.8,1.0,,,
2024,HT,M,5,7886978,Nikolaos Polychroniou,USC,74.18m,75.24,72.804,2.5,,75.24,2.5,,,,
2024,HT,M,6,8699945,Trey Knight,CSUN,74.00m,76.99,74.50999999999999,1.2,,77.91,1.1111111111111112,,,,
2024,HT,M,7,8341371,Tarik Robinson-O'Hagan,Ole Miss,72.81m,72.42,70.325,2.0,1.0,77.62,2.2857142857142856,1.0,,,
2024,HT,M,8,8318487,Parker Feuerborn,SE Missouri,71.42m,71.65,69.45666666666666,1.5,,71.65,3.3461538461538463,,,,
2024,JT,M,1,8235191,Marc Minichello,Georgia,56.49m,82.32,79.095,1.0,1.0,82.32,1.0,1.0,,,
2024,JT,M,2,8324562,Chandler Ault,Washington,79.31m,77.51,74.61800000000001,1.25,,79.31,1.25,,,,
2024,JT,M,3,7655614,Devoux Deysel,Miami (Fla.),56.36m,76.81,74.62666666666667,1.5,1.0,82.35,1.5,1.0,,,
2024,JT,M,4,7974488,Chinecherem Prosper  Nnamdi,Baylor,93.09m,82.54,80.48666666666666,1.5,1.0,84.68,1.5,1.0,,,
2024,JT,M,5,8364008,Keyshawn Strachan,Auburn,80.20m,76.25,74.96333333333332,2.0,,84.27,2.0,,,,
2024,JT,M,6,8369918,Remi Rougete,Miss State,65.32m,74.7,72.59,2.6666666666666665,6.0,80.49,2.6666666666666665,6.0,,,
2024,JT,M,7,8321686,Mike Stein,Iowa,59.70m,81.19,78.41000000000001,1.0,1.0,81.19,1.0,1.0,,,
2024,JT,M,8,7184209,Cameron Bates,BYU,61.28m,75.15,72.7825,1.3333333333333333,2.0,77.17,1.3333333333333333,2.0,,,
2024,200,W,1,6985778,McKenzie Long,Ole Miss,27.51,22.03,22.502857142857145,2.6,1.0,21.83,4.785714285714286,1.0,,,
2024,200,W,2,8675923,JaMeesia Ford,South Carolina,26.72,22.11,22.401111111111113,1.2857142857142858,2.0,21.98,1.64,2.0,,,
2024,200,W,3,7722969,Jadyn Mays,Oregon,23.30,22.46,22.83625,2.1666666666666665,,22.13,2.0526315789473686,,,,
2024,200,W,4,7986734,Jayla Jamison,South Carolina,26.49,22.58,23.082,6.857142857142857,,22.26,3.5217391304347827,2.0,,,
2024,200,W,5,8343530,Jassani Carter,USC,19.72,22.62,23.206666666666667,2.375,,22.45,2.272727272727273,,,,
2024,200,W,6,8235201,Kaila Jackson,Georgia,21.32,22.28,22.77875,7.333333333333333,5.0,22.28,4.666666666666667,2.0,,,
2024,200,W,7,8368619,Dajaz Defrand,Florida State,23.86,22.34,22.818,3.0,1.0,22.2,3.3333333333333335,1.0,,,
2024,200,W,8,8714489,Tima Godbless,LSU,21.73,22.63,23.025,5.0,,22.55,3.7142857142857144,3.0,,,
2024,400,W,1,7732209,Nickisha Pryce,Arkansas,48.41,49.32,50.511,2.3333333333333335,1.0,48.89,3.8125,1.0,,,
2024,400,W,2,8677962,Kaylyn Brown,Arkansas,35.87,49.47,50.81888888888889,2.0,2.0,49.13,2.5,2.0,,,
2024,400,W,3,7511452,Amber Anning,Arkansas,35.71,49.51,50.37375,2.0,3.0,49.51,2.789473684210526,3.0,,,
2024,400,W,4,7478918,Rosey Effiong,Arkansas,47.74,50.11,51.217,6.5,5.0,49.72,4.291666666666667,3.0,,,
2024,400,W,5,7785853,Isabella  Whittaker,Penn,52.18,50.82,52.20555555555555,2.5,,50.17,3.8823529411764706,,,,
2024,400,W,6,8359937,Ella Onojuvwevwo,LSU,57.32,50.57,51.697,6.833333333333333,8.0,49.59,6.0,5.0,,,
2024,400,W,7,7519684,Jan'Taijah Jones,USC,45.19,51.07,52.001,3.4285714285714284,,50.31,3.9375,,,,
2024,400,W,8,7729115,Brianna White,Tennessee,1:02.98,50.64,52.48888888888889,10.2,7.0,50.64,5.823529411764706,1.0,,,
2024,800,W,1,8239784,Juliette Whittaker,Stanford,1:59.61,120.09,121.92166666666668,2.25,,119.44,3.692307692307693,,,,
2024,800,W,2,8239785,Roisin Willis,Stanford,2:00.17,121.0,122.40500000000002,1.3333333333333333,,118.13,2.0,,,,
2024,800,W,3,7481168,Gabija Galvydyte,Oklahoma State,2:00.23,120.42,122.7225,3.4,1.0,120.11,4.583333333333333,1.0,,,
2024,800,W,4,7930954,Michaela Rose,LSU,2:01.03,118.37,120.69,1.0,1.0,118.12,4.611111111111111,1.0,,,
2024,800,W,5,8603131,Hayley Kitching,Penn State,2:01.05,121.17,122.86555555555556,2.2,1.0,119.15,2.8666666666666667,1.0,,,
2024,800,W,6,8364036,Sanu Jallow,Arkansas,2:01.07,119.29,123.33545454545455,2.857142857142857,2.0,117.74,2.823529411764706,2.0,,,
2024,800,W,7,8234613,Aniya Mosley,Ohio State,2:01.23,121.52,125.78454545454544,22.428571428571427,2.0,120.8,15.5,2.0,,,
2024,800,W,8,8321329,Lauren Tolbert,Duke,2:01.95,121.98,123.93800000000002,8.333333333333334,,119.39,4.45,1.0,,,
2024,1500,W,1,7919037,Maia Ramsden,Harvard,4:06.62,245.65,249.26666666666665,5.75,,245.65,4.2727272727272725,,,,
2024,1500,W,2,7889042,Kimberley May,Providence,4:08.07,247.0,247.91,2.0,,246.31,1.3333333333333333,1.0,,,
2024,1500,W,3,8261269,Klaudia Kazimierska,Oregon,4:08.22,248.43,254.91333333333333,5.333333333333333,,246.53,4.333333333333333,,,,
2024,1500,W,4,7982248,Melissa Riggins,Georgetown,4:08.74,247.96,252.73,2.0,1.0,247.67,3.6,1.0,,,
2024,1500,W,5,7388961,Flomena Asekol,Florida,4:08.91,247.1,250.21166666666667,6.666666666666667,1.0,246.85,4.5,1.0,,,
2024,1500,W,6,7687816,Shannon Flockhart,Providence,4:09.53,248.4,253.484,1.5,2.0,244.97,1.8,1.0,,,
2024,1500,W,7,7402013,Lindsey Butler,Virginia Tech,4:09.85,247.96,249.98,7.0,,247.96,3.8181818181818183,3.0,,,
2024,1500,W,8,7544494,Olivia Howell,Texas,4:10.05,249.7,255.9085714285714,13.25,3.0,249.7,7.230769230769231,3.0,,,
2024,5000,W,1,7699859,Parker Valby,Florida,14:52.18,907.86,913.81,1.0,1.0,892.18,1.0,1.0,,,
2024,5000,W,2,8247130,Hilda Olemomoi,Alabama,15:10.04,892.84,906.2766666666666,1.5,,892.84,2.0,1.0,,,
2024,5000,W,3,7003048,Bailey Hertenstein,Colorado,15:10.98,918.8,945.3925,6.0,,910.98,4.166666666666667,,,,
2024,5000,W,4,7897037,Margot Appleton,Virginia,15:24.24,918.21,932.7266666666668,2.0,3.0,918.21,3.272727272727273,1.0,,,
2024,5000,W,5,8601479,Juliet Cherubet,Texas Tech,15:25.41,925.71,954.4,7.0,2.0,925.41,6.5,1.0,,,
2024,5000,W,6,7389217,Taylor Roe,Oklahoma State,15:26.18,912.71,934.7925,1.0,,912.71,1.4285714285714286,,,,
2024,5000,W,7,6907365,Ella Baran,Colorado,15:28.43,926.66,959.6775,9.0,,926.66,8.75,,,,
2024,5000,W,8,6882597,Sadie Sargent,BYU,15:30.63,934.18,945.8766666666668,7.5,,930.63,9.2,2.0,,,
2024,10k,W,1,7699859,Parker Valby,Florida,31:46.09,1850.43,1907.17,1.0,,1850.43,1.0,1.0,,,
2024,10k,W,2,8247130,Hilda Olemomoi,Alabama,31:51.89,1942.2,1981.01,1.0,1.0,1911.89,2.0,1.0,,,
2024,10k,W,3,7389217,Taylor Roe,Oklahoma State,32:17.45,1997.1,2011.665,1.0,,1937.45,1.4285714285714286,,,,
2024,10k,W,4,6911493,Molly Born,Oklahoma State,32:27.18,1997.15,2026.255,2.0,,1947.18,1.6666666666666667,1.0,,,
2024,10k,W,5,7893942,Chloe Scrimgeour,Georgetown,32:29.44,1956.25,1964.995,1.0,1.0,1901.68,4.166666666666667,1.0,,,
2024,10k,W,6,8278025,Jenna Hutchins,BYU,32:44.05,1972.01,2011.155,2.0,,1921.02,6.0,3.0,,,
2024,10k,W,7,7891097,Sydney Thorvaldson,Arkansas,32:50.47,1956.47,2025.6866666666667,5.5,8.0,1941.37,5.0,4.0,,,
2024,10k,W,8,8242189,Grace Hartman,NC State,32:54.98,1948.89,1961.435,1.0,,1880.6,8.214285714285714,4.0,,,
2024,100H,W,1,7533304,Grace Stark,Florida,12.47,12.53,12.672857142857143,1.0,1.0,12.47,3.0,1.0,,,
2024,100H,W,2,8321889,Maribel Caicedo,Washington St.,12.56,12.49,12.892857142857142,1.25,,12.38,2.75,,,,
2024,100H,W,3,7513080,Rayniah  Jones,UCF,12.59,12.72,12.87857142857143,1.8,1.0,12.59,4.44,1.0,,,
2024,100H,W,4,7687405,Jasmine Jones,USC,12.64,12.72,12.845,1.5,,12.58,1.3333333333333333,,,,
2024,100H,W,5,7545644,Destiny Huven,Arkansas,12.85,12.98,13.12,4.0,7.0,12.72,7.5,7.0,,,
2024,100H,W,6,8011545,Aasia Laurencin,Michigan,12.86,12.72,12.84142857142857,1.3333333333333333,1.0,12.67,5.733333333333333,1.0,,,
2024,100H,W,7,7736277,Micaela De Mello,Washington St.,12.92,12.85,13.283333333333331,2.0,,12.63,5.681818181818182,,,,
2024,100H,W,8,7886983,Jalaysiya Smith,USC,12.96,12.94,13.243333333333334,5.333333333333333,,12.75,5.333333333333333,,,,
2024,400H,W,1,7687405,Jasmine Jones,USC,1:08.04,53.87,55.83166666666667,1.0,,53.87,1.3333333333333333,,,,
2024,400H,W,2,8011524,Savannah Sutherland,Michigan,38.35,54.61,55.135,1.0,1.0,52.46,3.5,1.0,,,
2024,400H,W,3,7731611,Rachel  Glenn,Arkansas,49.24,53.94,58.126,5.0,8.0,54.02,3.3333333333333335,2.0,,,
2024,400H,W,4,8647433,Akala Garrett,Texas,49.36,54.73,56.08714285714286,1.0,1.0,53.73,4.470588235294118,1.0,,,
2024,400H,W,5,8475863,Sydni Townsend,Houston,42.91,55.0,56.426,2.5,2.0,55.0,2.25,1.0,,,
2024,400H,W,6,7985917,Shana Grebo,Oregon,1:08.58,56.24,56.818333333333335,3.6666666666666665,,56.28,3.6,,,,
2024,400H,W,7,8341502,Gabrielle Matthews,Ole Miss,38.73,55.12,56.76666666666667,2.6666666666666665,1.0,55.12,8.411764705882353,1.0,,,
2024,400H,W,8,7494773,Abbey Glynn,Colorado,52.97,55.31,56.49857142857143,2.5,,55.75,2.9285714285714284,,,,
2024,3000S,W,1,8614328,Doris Lemngole,Alabama,12:01.82,562.31,566.4766666666666,1.0,1.0,538.15,1.7,1.0,,,
2024,3000S,W,2,7404684,Olivia Markezich,Notre Dame,8:32.78,575.33,575.83,2.0,,557.36,1.1428571428571428,1.0,,,
2024,3000S,W,3,7366920,Janette Schraft,Iowa State,9:57.82,588.2,602.27,1.0,1.0,574.82,14.2,1.0,,,
2024,3000S,W,4,7686712,Greta Karinauskaite,CBU,12:10.97,577.31,584.9399999999999,3.5,1.0,566.88,6.5,1.0,,,
2024,3000S,W,5,7374015,Laura  Taborda,Arkansas,11:07.78,592.99,596.0466666666667,2.5,3.0,575.67,8.454545454545455,3.0,,,
2024,3000S,W,6,7389432,Elise Thorner,Florida,11:03.90,568.49,582.5600000000001,2.5,2.0,568.49,9.88888888888889,2.0,,,
2024,3000S,W,7,7888162,Sophie Novak,Notre Dame,6:46.38,587.57,593.845,4.333333333333333,1.0,564.95,5.25,1.0,,,
2024,3000S,W,8,8720351,Karrie  Baloga,Northern Arizona,11:09.56,600.72,606.5575,7.333333333333333,1.0,577.93,11.9375,1.0,,,
2024,HJ,W,3,8701620,Temitope Adeshina,Texas Tech,1.65m,1.96,1.87125,1.5714285714285714,1.0,1.97,1.5714285714285714,1.0,,,
2024,HJ,W,4,7729642,Lamara Distin,Texas A&M,1.36m,2.0,1.9242857142857144,1.5,3.0,2.0,1.5,3.0,,,
2024,PV,W,1,7980608,Chloe Timberg,Rutgers,3.91m,4.6,4.429090909090909,1.5555555555555556,2.0,4.72,1.5555555555555556,2.0,,,
2024,PV,W,2,6984395,Riley Felts,Charlotte,3.87m,4.55,4.392857142857143,1.3076923076923077,1.0,4.55,1.3076923076923077,1.0,,,
2024,PV,W,3,8676762,Hana Moll,Washington,4.19m,4.64,4.515714285714286,1.1666666666666667,,4.88,1.1666666666666667,,,,
2024,PV,W,4,8324599,Nastassja Campbell,Washington,4.18m,4.38,4.3025,2.4285714285714284,,4.55,2.4285714285714284,,,,
2024,PV,W,7,8015605,Tori Thomas,Illinois,4.97m,4.52,4.352307692307692,1.5,1.0,4.57,2.230769230769231,1.0,,,
2024,LJ,W,1,7958878,Ackelia Smith,Texas,6.79m,6.74,6.646666666666667,1.5,3.0,7.1,2.9166666666666665,1.0,,,
2024,LJ,W,2,7732041,Claire  Bryant,Florida,6.74m,6.72,6.6066666666666665,1.8571428571428572,1.0,6.88,3.4166666666666665,1.0,,,
2024,LJ,W,3,8324337,Alyssa Jones,Stanford,6.64m,6.49,6.293333333333333,2.2,,7.09,2.888888888888889,,,,
2024,LJ,W,4,8679347,Anthaya Charlton,Florida,6.59m,6.6,6.365,4.375,2.0,6.98,6.714285714285714,2.0,,,
2024,LJ,W,5,7533309,Alexis Brown,Baylor,6.51m,6.83,6.587142857142857,1.8571428571428572,1.0,7.03,5.9523809523809526,1.0,,,
2024,LJ,W,6,7730386,Funminiyi Olajide,SMU,6.48m,6.59,6.4225,4.6,1.0,6.7,6.25,1.0,,,
2024,LJ,W,7,7978401,Velecia Williams,Nebraska,6.41m,6.56,6.207142857142857,6.166666666666667,6.0,6.56,7.357142857142857,6.0,,,
2024,LJ,W,8,8700917,Ida Breigan,UTSA,6.40m,6.58,6.5,1.7142857142857142,2.0,6.74,3.7,2.0,,,
2024,TJ,W,1,7958878,Ackelia Smith,Texas,11.62m,13.92,13.645,2.0,1.0,14.54,2.9166666666666665,1.0,,,
2024,TJ,W,2,8014286,Darja Sopova,Illinois,16.25m,13.56,13.234285714285717,2.2857142857142856,3.0,14.01,3.0833333333333335,3.0,,,
2024,TJ,W,3,8010632,Emilia Sjostrand,San Jose St.,13.45m,14.09,13.672,1.6666666666666667,1.0,14.09,1.818181818181818,1.0,,,
2024,TJ,W,4,8029262,Anne-Suzanna Fosther-Katta,Texas Tech,10.12m,13.83,13.57,2.0,2.0,14.2,3.875,2.0,,,
2024,TJ,W,5,8235207,Mikeisha Welcome,Georgia,10.65m,13.44,13.3025,1.3333333333333333,2.0,14.21,4.75,2.0,,,
2024,TJ,W,6,7687408,Temitope Ojora,USC,15.00m,13.9,13.64,1.1666666666666667,,13.9,3.5,,,,
2024,TJ,W,7,8014297,Eunice Ilunga Mbuyi,ULM,13.77m,13.37,13.022222222222222,1.818181818181818,1.0,13.6,2.411764705882353,1.0,,,
2024,TJ,W,8,7730606,Ruta Lasmane,Texas Tech,10.94m,13.78,13.71,1.6666666666666667,,14.47,2.8333333333333335,,,,
2024,SP,W,1,7722972,Jaida Ross,Oregon,19.57m,20.01,18.881428571428575,1.1666666666666667,,20.01,1.3,,,,
2024,SP,W,2,7002471,Gabby Morris,Colorado St.,18.66m,18.19,17.297777777777778,2.125,2.0,18.66,3.0,2.0,,,
2024,SP,W,3,7977784,Axelina Johansson,Nebraska,18.24m,18.82,18.264,1.5,1.0,19.97,2.0,1.0,,,
2024,SP,W,4,8673346,Jayden Ulrich,Louisville,17.89m,18.66,17.61111111111111,1.75,1.0,18.66,1.6153846153846154,1.0,,,
2024,SP,W,5,7727870,Mya Lesnar,Colorado St.,17.67m,19.1,18.74833333333333,1.0,1.0,19.6,1.9230769230769231,1.0,,,
2024,SP,W,6,8398788,Alida Van Daalen,Florida,17.52m,18.59,18.1,2.5,4.0,18.66,1.8571428571428572,1.0,,,
2024,SP,W,7,8713328,Sarah Omoregie,Vanderbilt,17.35m,17.79,16.834,3.888888888888889,7.0,17.79,3.888888888888889,7.0,,,
2024,SP,W,8,8647437,Nina Ndubuisi,Texas,17.15m,18.19,17.567,2.0,2.0,18.91,2.642857142857143,2.0,,,
2024,DT,W,1,7004006,Veronica Fraley,Vanderbilt,67.48m,61.62,60.586,1.5,2.0,63.66,3.2857142857142856,1.0,,,
2024,DT,W,2,8673346,Jayden Ulrich,Louisville,81.33m,64.29,61.21333333333333,1.4,1.0,66.14,1.6153846153846154,1.0,,,
2024,DT,W,3,8398788,Alida Van Daalen,Florida,70.56m,65.25,62.865,1.0,1.0,69.31,1.8571428571428572,1.0,,,
2024,DT,W,4,7725119,Shelby Frank,Minnesota,57.35m,60.1,56.60666666666666,3.0,10.0,63.37,2.1875,1.0,,,
2024,DT,W,5,7723779,Corinne Jemison,Michigan,70.28m,58.19,55.94714285714286,2.8333333333333335,3.0,60.07,3.5555555555555554,3.0,,,
2024,DT,W,6,7501493,Michaela  Hawkins,Colorado St.,74.78m,61.24,60.20857142857143,1.1666666666666667,1.0,61.24,3.6666666666666665,1.0,,,
2024,DT,W,7,8684055,Milina Wepiwe,Harvard,59.23m,55.75,52.145,1.6,,59.75,4.583333333333333,,,,
2024,DT,W,8,8710581,Abigail Martin,Texas A&M,43.36m,59.0,55.74285714285714,3.0,4.0,59.44,3.0,4.0,,,
2024,HT,W,1,8339459,Elisabet Rut Runarsdottir,Texas State,70.47m,70.33,68.68714285714286,1.3333333333333333,1.0,72.89,1.5,1.0,,,
2024,HT,W,2,7542360,Tara Simpson-Sullivan,Rice,69.94m,65.76,64.285,1.6666666666666667,1.0,69.94,1.4,1.0,,,
2024,HT,W,3,7511444,Jalani Davis,Ole Miss,69.86m,68.54,66.34166666666667,2.8,3.0,69.86,2.5238095238095237,2.0,,,
2024,HT,W,4,8354292,Shelby Moran,Oregon,69.43m,70.02,67.31,1.2,,70.02,2.111111111111111,,,,
2024,HT,W,5,8008554,Gudrun Hallgrimsdottir,VCU,69.12m,69.76,68.62,1.8,,69.92,1.625,,,,
2024,HT,W,6,8376104,Mayyi Mahama,UCLA,68.69m,67.73,64.42857142857143,1.6666666666666667,,68.69,2.142857142857143,,,,
2024,HT,W,7,7725119,Shelby Frank,Minnesota,68.40m,67.96,65.83833333333332,2.2,1.0,71.05,2.1875,1.0,,,
2024,HT,W,8,6985107,Amber Simpson,Illinois,67.73m,70.21,66.85,2.75,3.0,70.21,3.0,3.0,,,
2024,JT,W,1,7729053,Rhema Otabor,Nebraska,64.19m,59.12,57.93666666666667,1.0,1.0,64.19,1.0,1.0,,,
2024,JT,W,2,7986520,Lianna Davidson,Texas A&M,60.70m,57.89,56.722857142857144,1.1666666666666667,1.0,63.79,1.1666666666666667,1.0,,,
2024,JT,W,3,8473803,McKyla Van Der Westhuizen,Rice,57.51m,55.98,55.1875,1.0,1.0,60.29,1.0,1.0,,,
2024,JT,W,4,8705608,Irene Jepkemboi,TCU,56.51m,57.23,53.425,2.0,1.0,60.31,2.0,1.0,,,
2024,JT,W,5,7777611,Eniko Sara,Nebraska,55.66m,54.23,51.272000000000006,2.5,4.0,55.78,2.5,4.0,,,
2024,JT,W,6,7487690,Skylar Ciccolini,Missouri,55.06m,52.43,50.43666666666667,5.4,8.0,57.45,5.4,8.0,,,
2024,JT,W,7,8716146,Trinity Spooner,LSU,54.81m,55.24,53.33833333333333,2.0,3.0,55.24,2.0,3.0,,,
2024,JT,W,8,8353877,Deisiane Teixeira,Miami (Fla.),54.54m,56.03,52.498000000000005,1.5,1.0,56.03,1.5,1.0,,,
2023,100,M,1,7036992,Courtney Lindsey,Texas Tech,9.89,9.89,10.076666666666666,1.3333333333333333,1.0,9.89,2.5,1.0,,,
2023,100,M,2,7989909,Godson Oghenebrume,LSU,9.90,9.9,10.046666666666669,1.2,1.0,9.9,4.05,1.0,,,
2023,100,M,3,7721646,Shaun Maswanganyi,Houston,9.91,9.91,10.23875,2.0,1.0,9.87,2.96,1.0,,,
2023,100,M,4,7729846,Da'Marcus Fleming,LSU,9.97,9.97,10.112857142857145,3.1666666666666665,4.0,9.85,2.7142857142857144,1.0,,,
2023,100,M,5,7731969,PJ Austin,Florida,9.97,9.89,10.078333333333331,4.5,5.0,9.88,4.055555555555555,2.0,,,
2023,100,M,6,7980286,Udodi Onwuzurike,Stanford,9.98,9.92,10.08,3.0,6.0,9.92,3.2,1.0,,,
2023,100,M,7,7722962,Micah Williams,Oregon,9.99,9.99,10.123333333333331,3.3333333333333335,7.0,9.83,2.375,7.0,,,
2023,100,M,8,8363992,Favour Ashe,Auburn,10.02,9.96,10.03,5.0,2.0,9.79,3.1666666666666665,2.0,,,
2023,200,M,1,7980286,Udodi Onwuzurike,Stanford,16.87,19.76,20.203636363636363,1.5714285714285714,1.0,19.76,3.2,1.0,,,
2023,200,M,2,7036992,Courtney Lindsey,Texas Tech,20.66,19.86,20.19272727272727,1.6666666666666667,1.0,19.81,2.5,1.0,,,
2023,200,M,3,7727055,Terrence Jones,Texas Tech,22.85,19.87,20.24,2.0,2.0,19.87,2.2,1.0,,,
2023,200,M,4,8363938,Robert Gregory,Florida,20.89,19.89,20.3075,2.25,1.0,19.6,5.111111111111111,1.0,,,
2023,200,M,5,8016458,Tarsis Orogot,Alabama,20.03,19.94,20.251818181818184,2.7142857142857144,3.0,19.6,3.0588235294117645,2.0,,,
2023,200,M,6,7721646,Shaun Maswanganyi,Houston,25.29,19.99,20.577,3.7142857142857144,1.0,19.93,2.96,1.0,,,
2023,200,M,7,7734619,David Dunlap,Northern Arizona,20.77,20.16,20.56,3.0,7.0,20.16,4.565217391304348,7.0,,,
2023,200,M,8,7531874,Cameron Miller,Louisville,16.24,20.17,20.373,2.7142857142857144,8.0,19.93,3.6666666666666665,2.0,,,
2023,400,M,1,8365076,Emmanuel Bamidele,Florida,35.40,44.24,45.59166666666667,5.714285714285714,1.0,44.24,3.875,1.0,,,
2023,400,M,2,7731978,Ryan Willie,Florida,33.63,44.25,45.29769230769231,2.2857142857142856,1.0,44.25,3.0434782608695654,1.0,,,
2023,400,M,3,7487901,Emmanuel Bynum,Tennessee,39.16,44.49,45.4175,2.5,3.0,44.49,4.173913043478261,3.0,,,
2023,400,M,4,7930058,Justin  Robinson,Arizona State,46.74,44.51,45.48615384615384,6.714285714285714,4.0,44.51,4.6923076923076925,2.0,,,
2023,400,M,5,7727878,Dubem Nwachukwu,Arizona State,50.31,44.81,45.77,8.5,5.0,44.81,5.866666666666666,2.0,,,
2023,400,M,6,7986433,Reheem Hayles,N. Carolina A&T,35.73,44.81,45.914545454545454,2.7142857142857144,6.0,44.81,4.142857142857143,6.0,,,
2023,400,M,7,8363942,JeVaughn Powell,Florida,44.87,45.02,46.114615384615384,11.428571428571429,7.0,44.54,8.25,1.0,,,
2023,400,M,8,8040987,Gamali Felix,Arizona State,37.18,45.12,45.60375,7.25,8.0,45.12,5.111111111111111,8.0,,,
2023,800,M,1,8233518,Will Sumner,Georgia,1:41.14,104.26,108.38,4.0,1.0,104.26,4.476190476190476,1.0,,,
2023,800,M,2,7725762,Yusuf Bizimana,Texas,1:21.42,105.74,107.36333333333332,2.0,1.0,105.74,12.1875,1.0,,,
2023,800,M,3,8322772,Handal Roban,Penn State,2:03.97,105.95,108.22266666666664,2.7777777777777777,3.0,104.73,2.6666666666666665,3.0,,,
2023,800,M,4,7724879,Abdullahi Hassan,Wisconsin,1:49.49,106.25,108.412,3.3333333333333335,4.0,105.39,8.266666666666667,4.0,,,
2023,800,M,5,7700481,Conor  Murphy,Virginia,1:54.95,106.43,108.1718181818182,3.0,5.0,106.43,3.933333333333333,5.0,,,
2023,800,M,6,8237621,Mehdi Yanouri,Oklahoma State,2:17.39,106.5,108.15230769230767,5.5,2.0,106.5,5.555555555555555,2.0,,,
2023,800,M,7,7751674,Aidan McCarthy,Cal Poly,1:33.97,106.26,107.94375,3.5,7.0,105.19,12.0,7.0,,,
2023,800,M,8,8009334,Tiarnan Crorken,Ole Miss,1:15.84,106.81,112.35,4.8,3.0,106.81,5.909090909090909,3.0,,,
2023,1500,M,1,7910774,Nathan Green,Washington,3:42.78,218.1,221.1657142857143,5.333333333333333,1.0,214.79,4.888888888888889,1.0,,,
2023,1500,M,2,7480799,Joe Waskom,Washington,3:42.93,215.86,223.1775,8.75,2.0,215.86,6.8,2.0,,,
2023,1500,M,3,7899902,Adam Spencer,Wisconsin,3:42.98,217.72,219.958,7.0,3.0,214.57,2.9,2.0,,,
2023,1500,M,4,8074967,Anass  Essayi,South Carolina,3:43.31,216.89,223.5257142857143,4.0,1.0,216.35,2.75,1.0,,,
2023,1500,M,5,7363947,Isaac  Basten,Drake,3:43.33,216.99,224.66428571428577,5.0,1.0,216.99,3.636363636363636,1.0,,,
2023,1500,M,6,6922271,Jesse Hunt,North Carolina,3:43.40,217.53,222.97285714285712,4.333333333333333,4.0,217.53,3.4444444444444446,4.0,,,
2023,1500,M,7,7371800,Ezekiel  Rop,Iowa State,3:43.59,216.92,222.8175,4.5,2.0,216.92,6.0,2.0,,,
2023,1500,M,8,7364612,Evan Dorenkamp,Penn State,3:44.20,220.3,225.6888888888889,10.2,2.0,219.58,13.625,2.0,,,
2023,5000,M,1,7697359,Ky Robinson,Stanford,16:36.83,786.42,820.745,3.6,1.0,786.42,2.9285714285714284,1.0,,,
2023,5000,M,2,7919013,Graham Blanks,Harvard,18:03.56,783.78,829.8442857142857,3.1666666666666665,2.0,779.89,3.642857142857143,2.0,,,
2023,5000,M,3,7397924,Jackson  Sharp,Wisconsin,13:24.44,805.51,823.2959999999999,6.25,3.0,805.51,3.1666666666666665,1.0,,,
2023,5000,M,4,7686035,Luke Tewalt,Wake Forest,10:26.92,827.04,837.395,6.0,2.0,808.18,12.444444444444445,2.0,,,
2023,5000,M,5,7908131,Parker Wolfe,North Carolina,15:15.30,793.61,826.2466666666668,4.8,5.0,793.49,4.125,3.0,,,
2023,5000,M,6,7416005,Charles Hicks,Stanford,16:16.39,802.05,822.472,6.25,6.0,802.05,4.916666666666667,2.0,,,
2023,5000,M,7,7688021,Carter Solomon,Notre Dame,12:36.12,806.11,839.12,8.2,7.0,806.11,7.0,1.0,,,
2023,5000,M,8,7711751,Nico Young,Northern Arizona,15:26.69,802.96,823.0200000000001,4.333333333333333,8.0,777.14,3.75,8.0,,,
2023,10k,M,1,7697359,Ky Robinson,Stanford,33:32.25,1678.74,1708.768,2.0,1.0,1667.11,2.9285714285714284,1.0,,,
2023,10k,M,2,7416005,Charles Hicks,Stanford,33:50.64,1677.47,1694.2075,1.6666666666666667,2.0,1660.16,4.916666666666667,2.0,,,
2023,10k,M,3,6476140,Casey Clinger,BYU,33:18.49,1681.67,1692.9033333333334,2.5,3.0,1681.67,5.2,3.0,,,
2023,10k,M,4,6880448,James Mwaura,Gonzaga,34:27.46,1694.64,1705.3966666666668,3.5,4.0,1670.44,6.25,4.0,,,
2023,10k,M,5,6516194,Isai Rodriguez,Oklahoma State,29:06.35,1695.48,1719.3625,2.6666666666666665,2.0,1672.92,5.4,2.0,,,
2023,10k,M,6,7919013,Graham Blanks,Harvard,33:21.17,1695.9,1727.872,4.0,6.0,1695.9,3.642857142857143,2.0,,,
2023,10k,M,7,6429872,Barry Keane,Butler,33:22.71,1684.66,1717.52,4.666666666666667,1.0,1684.66,5.111111111111111,1.0,,,
2023,10k,M,8,7904836,Patrick Kiprop,Arkansas,25:02.64,1680.58,1710.77,7.0,8.0,1680.58,10.88888888888889,2.0,,,
2023,110H,M,1,7537813,Phillip Lemonious,Arkansas,12.98,13.24,13.521428571428572,3.8,1.0,13.24,5.769230769230769,1.0,,,
2023,110H,M,2,7070432,De' Vion Wilson,Houston,11.14,13.26,13.624,2.1666666666666665,1.0,13.24,3.1875,1.0,,,
2023,110H,M,3,7981048,Jaheem Hayles,Syracuse,16.47,13.28,13.544285714285715,3.0,3.0,13.28,3.0,3.0,,,
2023,110H,M,4,6972494,Omotade Ojora,USC,14.22,13.29,13.563333333333333,2.3333333333333335,4.0,13.29,2.1818181818181817,4.0,,,
2023,110H,M,5,7718288,Giano Roberts,Clemson,11.85,13.31,13.413999999999998,3.3333333333333335,2.0,13.31,2.75,1.0,,,
2023,110H,M,6,7538550,Darius Luff,Nebraska,10.04,13.32,13.442000000000002,2.2,1.0,13.19,2.3333333333333335,1.0,,,
2023,110H,M,7,7496245,Connor Schulman,Texas A&M,9.43,13.33,13.62125,3.8,7.0,13.33,9.538461538461538,7.0,,,
2023,110H,M,8,7728735,Rasheem Brown,Tennessee,11.75,13.5,13.618,6.666666666666667,3.0,13.43,6.333333333333333,3.0,,,
2023,400H,M,1,7535860,Chris Robinson,Alabama,48.12,48.12,49.265,1.4,1.0,48.36,2.608695652173913,1.0,,,
2023,400H,M,2,7746444,Corde Long,Alabama,48.53,48.53,49.90777777777778,6.0,2.0,49.07,4.285714285714286,2.0,,,
2023,400H,M,3,8017719,Nathaniel Ezekiel,Baylor,48.54,48.52,49.075,2.6,2.0,47.49,4.0,1.0,,,
2023,400H,M,4,7526270,Caleb Dean,Texas Tech,48.56,48.39,49.10625,2.0,1.0,48.39,2.2142857142857144,1.0,,,
2023,400H,M,5,7487906,Rasheeme Griffith,Tennessee,49.17,49.0,50.009,5.6,5.0,48.79,7.6,5.0,,,
2023,400H,M,6,7495802,Caleb Cavanaugh,Georgia,49.20,49.04,49.83222222222222,3.6,3.0,49.04,4.6,3.0,,,
2023,400H,M,7,7039313,Cass Elliott,Washington,49.21,49.13,49.85363636363636,2.5,7.0,49.26,3.466666666666667,7.0,,,
2023,400H,M,8,7044237,James Smith II,Texas A&M,49.21,49.21,50.17666666666666,8.5,6.0,49.3,8.88888888888889,6.0,,,
2023,3000S,M,1,6882592,Kenneth Rooks,BYU,8:26.17,505.05,510.488,1.0,1.0,502.56,24.0,1.0,,,
2023,3000S,M,2,6876443,Duncan Hamilton,Montana State,8:32.18,496.23,516.085,1.25,2.0,496.23,4.333333333333333,2.0,,,
2023,3000S,M,3,8005749,Victor Kibiego,UTEP,8:32.49,506.8,524.91,2.25,3.0,505.48,2.111111111111111,3.0,,,
2023,3000S,M,4,7979835,Nathan Mountain,Virginia,8:35.99,512.05,515.7479999999999,2.0,1.0,491.92,10.5,1.0,,,
2023,3000S,M,5,6429582,Matthew Wilkinson,Minnesota,8:36.12,506.33,513.178,2.6666666666666665,1.0,505.03,5.571428571428571,1.0,,,
2023,3000S,M,6,8245050,Abdelhakim Abouzouhir,Eastern Kentucky,8:36.19,515.41,516.6,3.3333333333333335,1.0,505.37,10.384615384615383,1.0,,,
2023,3000S,M,7,6990067,Victor Shitsama,Oklahoma State,8:36.79,510.7,514.9183333333333,3.75,1.0,509.89,27.0,1.0,,,
2023,3000S,M,8,6876347,Derek  Johnson,Virginia,8:37.29,505.23,515.91,3.5,2.0,505.23,5.636363636363637,2.0,,,
2023,HJ,M,1,7535392,Romaine Beckford,South Florida,2.27m,2.27,2.2100000000000004,1.1111111111111112,1.0,2.27,1.3,1.0,,,
2023,HJ,M,2,6569708,Vernon Turner,Oklahoma,2.27m,2.3,2.20625,2.5714285714285716,1.0,2.33,3.0,1.0,,,
2023,HJ,M,3,6992911,Roberto Vilches,Missouri,2.24m,2.24,2.1875,4.142857142857143,1.0,2.27,4.142857142857143,1.0,,,
2023,HJ,M,4,7534612,Trey Allen,Louisville,2.16m,2.25,2.1954545454545458,2.2,1.0,2.27,2.2,1.0,,,
2023,HJ,M,4,8369917,Tony Jones,Miss State,2.16m,2.21,2.169,3.0,3.0,2.21,3.0,3.0,,,
2023,HJ,M,4,7977923,Tyus Wilson,Nebraska,2.16m,2.2,2.133846153846154,2.9166666666666665,2.0,2.29,2.9166666666666665,2.0,,,
2023,HJ,M,4,7530597,"Shaun Miller, Jr.",Ohio State,2.16m,2.21,2.1554545454545457,5.333333333333333,3.0,2.23,5.857142857142857,3.0,,,
2023,HJ,M,4,7476114,Slavko Stevic,SE Louisiana,2.16m,2.22,2.1475,2.363636363636364,4.0,2.22,2.8333333333333335,4.0,,,
2023,PV,M,1,7719642,Kyle Rademeyer,South Alabama,5.70m,5.82,5.5969999999999995,2.0,1.0,5.82,2.0,1.0,,,
2023,PV,M,2,7728252,Hunter Garretson,Akron,5.70m,5.71,5.449375,2.1333333333333333,1.0,5.83,2.2941176470588234,1.0,,,
2023,PV,M,5,7983334,Clayton Simms,Kansas,5.60m,5.71,5.506666666666666,2.7857142857142856,4.0,5.71,2.7857142857142856,4.0,,,
2023,LJ,M,1,7487907,Carey McLeod,Arkansas,9.25m,8.4,8.122857142857143,2.0,1.0,8.4,3.4285714285714284,1.0,,,
2023,LJ,M,2,7697085,Wayne Pinnock,Arkansas,7.82m,8.37,8.203333333333333,2.2,1.0,8.44,3.0,1.0,,,
2023,LJ,M,3,8328829,Jordan Turner,Kentucky,8.86m,8.13,7.761428571428572,5.0,3.0,8.13,5.0,3.0,,,
2023,LJ,M,4,7731971,Malcolm Clemons,Florida,6.13m,8.07,7.875714285714286,3.75,4.0,8.22,4.5,4.0,,,
2023,LJ,M,5,7023317,Cameron Crump,Miss State,9.65m,8.39,8.0,2.7777777777777777,3.0,8.39,5.333333333333333,3.0,,,
2023,LJ,M,6,7730053,Nikaoli Williams,Oklahoma,10.19m,8.06,7.854444444444444,3.75,1.0,8.06,4.333333333333333,1.0,,,
2023,LJ,M,7,7524768,Jeremiah Davis,Florida State,10.17m,8.37,8.1325,1.8888888888888888,1.0,8.37,2.111111111111111,1.0,,,
2023,LJ,M,8,8478306,Brandon Hicklin,LSU,8.33m,7.97,7.72,4.538461538461538,5.0,8.18,3.5714285714285716,1.0,,,
2023,TJ,M,1,8339138,Jaydon Hibbert,Arkansas,13.87m,17.87,17.165714285714284,1.0,1.0,17.87,1.0,1.0,,,
2023,TJ,M,2,7534785,Russell Robinson,Miami (Fla.),16.43m,17.12,16.534285714285716,2.5714285714285716,2.0,17.13,3.3333333333333335,2.0,,,
2023,TJ,M,3,7524768,Jeremiah Davis,Florida State,18.34m,16.78,16.334444444444443,2.3333333333333335,3.0,16.78,2.111111111111111,1.0,,,
2023,TJ,M,4,8363937,Sean Dixon-Bodie,Florida,11.96m,16.61,16.322857142857142,4.714285714285714,4.0,16.89,5.1,4.0,,,
2023,TJ,M,5,7791695,Salif Mane,Fairleigh Dickinson,16.62m,16.79,16.401666666666667,4.0,5.0,17.14,3.823529411764706,2.0,,,
2023,TJ,M,6,6988192,Owayne Owens,Virginia,12.27m,16.69,16.351666666666667,3.142857142857143,1.0,16.69,3.3,1.0,,,
2023,TJ,M,7,7003472,Malik Cunningham,Villanova,11.48m,16.17,15.946000000000002,3.5,1.0,16.17,3.5,1.0,,,
2023,TJ,M,8,8337002,Astley Davis,Southern Utah,13.42m,16.17,15.4425,2.5555555555555554,1.0,16.28,4.6,1.0,,,
2023,SP,M,1,6583856,Jordan Geist,Arizona,21.06m,21.48,21.137,1.125,1.0,21.59,2.588235294117647,1.0,,,
2023,SP,M,2,6901432,Turner Washington,Arizona State,21.04m,21.04,19.99875,3.0,2.0,21.85,2.1538461538461537,1.0,,,
2023,SP,M,3,8319513,Fred Moudani Likibi,Cincinnati,20.54m,20.54,19.743,2.375,1.0,20.62,3.363636363636364,1.0,,,
2023,SP,M,4,7977918,Maxwell Otterdahl,Nebraska,20.52m,21.22,19.972727272727273,3.3,2.0,21.22,4.142857142857143,1.0,,,
2023,SP,M,5,7989907,John Meyer,LSU,20.44m,20.5,20.229,2.3333333333333335,2.0,20.5,3.6666666666666665,2.0,,,
2023,SP,M,6,8003661,Hayden Tobias,Ohio State,20.26m,20.26,19.71,3.3,5.0,20.26,8.722222222222221,5.0,,,
2023,SP,M,7,6533143,Jordan West,Arkansas,20.02m,20.76,20.135833333333338,2.727272727272727,1.0,20.76,3.0,1.0,,,
2023,SP,M,8,7729241,Jeff Duensing,California,19.98m,19.98,18.97,4.75,8.0,19.98,4.75,8.0,,,
2023,DT,M,1,6901432,Turner Washington,Arizona State,73.50m,66.22,63.88142857142857,1.1666666666666667,1.0,66.26,2.1538461538461537,1.0,,,
2023,DT,M,2,7003965,Roje Stona,Arkansas,78.00m,68.64,66.678,1.5,1.0,68.64,4.230769230769231,1.0,,,
2023,DT,M,3,8019706,Mykolas Alekna,California,71.47m,71.0,68.19,1.4,3.0,72.12,1.4,3.0,,,
2023,DT,M,4,8359928,Claudio Romero,LSU,75.83m,62.67,59.59875,2.4285714285714284,4.0,67.29,3.75,4.0,,,
2023,DT,M,5,8012869,Kevin Nedrick,Liberty,59.45m,61.93,58.81888888888889,2.0,2.0,61.93,2.888888888888889,2.0,,,
2023,DT,M,6,7039996,Milton Ingraham,Florida State,77.41m,62.13,59.47444444444445,2.0,1.0,62.13,2.3333333333333335,1.0,,,
2023,DT,M,7,7722603,Dallin Shurts,BYU,68.01m,62.21,59.29833333333334,3.909090909090909,7.0,63.26,3.909090909090909,7.0,,,
2023,DT,M,8,6586906,Elijah Mason,Washington,62.32m,61.77,59.87857142857143,5.833333333333333,8.0,61.77,5.833333333333333,8.0,,,
2023,HT,M,1,7981311,Kenneth Ikeji,Harvard,98.96m,77.92,72.38375,1.1666666666666667,1.0,77.92,3.5714285714285716,1.0,,,
2023,HT,M,2,7537882,Kostas Zaltos,Minnesota,94.65m,76.33,73.35555555555555,1.25,1.0,78.08,1.2222222222222223,1.0,,,
2023,HT,M,3,6583856,Jordan Geist,Arizona,80.53m,75.97,72.315,3.5,3.0,75.97,2.588235294117647,1.0,,,
2023,HT,M,4,8014116,Decio Andrade,Miami (Fla.),59.72m,73.77,72.78,2.1666666666666665,1.0,73.77,1.9090909090909092,1.0,,,
2023,HT,M,5,7886978,Nikolaos Polychroniou,USC,53.76m,72.65,70.46285714285715,2.6666666666666665,5.0,75.24,2.6666666666666665,5.0,,,
2023,HT,M,6,7980790,Jake Kubiatowicz,Minnesota,55.75m,72.4,67.35777777777778,3.125,3.0,72.4,2.5555555555555554,3.0,,,
2023,HT,M,7,7188295,Tyler Merkley,Penn State,91.22m,73.67,71.87375,2.6666666666666665,2.0,73.67,3.7058823529411766,2.0,,,
2023,HT,M,8,8341371,Tarik Robinson-O'Hagan,Ole Miss,54.96m,71.38,70.14999999999999,4.2,1.0,77.62,4.541666666666667,1.0,,,
2023,JT,M,1,6985940,Tzuriel Pedigo,LSU,58.25m,79.79,77.354,2.0,1.0,79.79,5.333333333333333,1.0,,,
2023,JT,M,2,6988187,Ethan Dabbs,Virginia,81.65m,80.82,76.19,2.5,1.0,82.92,2.5,1.0,,,
2023,JT,M,3,7974488,Chinecherem Prosper  Nnamdi,Baylor,94.82m,79.98,75.39285714285714,1.8333333333333333,1.0,84.68,1.8333333333333333,1.0,,,
2023,JT,M,4,8235191,Marc Minichello,Georgia,88.09m,80.62,75.83714285714287,2.6666666666666665,1.0,82.32,2.6666666666666665,1.0,,,
2023,JT,M,5,7729615,Sam Hankins,Texas A&M,61.71m,76.18,71.23375,3.4285714285714284,4.0,77.95,3.4285714285714284,4.0,,,
2023,JT,M,6,7744832,Braden Presser,Navy,75.24m,76.0,72.60857142857142,2.0,6.0,76.0,2.0,6.0,,,
2023,JT,M,7,7208883,John Keenan,Notre Dame,60.01m,75.96,69.52142857142857,2.6666666666666665,2.0,75.96,2.6666666666666665,2.0,,,
2023,JT,M,8,7184209,Cameron Bates,BYU,54.54m,76.07,73.96799999999999,5.0,8.0,77.17,5.0,8.0,,,
2023,100,W,1,7087489,Julien Alfred,Texas,7.72,10.83,10.954,1.0,1.0,10.72,1.0869565217391304,1.0,,,
2023,100,W,2,6985354,Kennedy Blackmon,Oklahoma,10.77,11.02,11.145,3.0,2.0,10.87,3.95,2.0,,,
2023,100,W,3,7534774,Jacious Sears,Tennessee,13.90,10.96,11.045,3.5,1.0,10.77,3.5714285714285716,1.0,,,
2023,100,W,4,8235201,Kaila Jackson,Georgia,12.06,11.04,11.128,3.25,2.0,10.93,3.619047619047619,2.0,,,
2023,100,W,5,7690425,Kevona Davis,Texas,10.33,11.04,11.096,3.25,2.0,10.83,3.235294117647059,1.0,,,
2023,100,W,6,7548443,Rosemary Chukwuma,Texas Tech,8.61,11.01,11.142,4.0,5.0,10.82,3.2666666666666666,4.0,,,
2023,100,W,7,8316972,Ezinne Abba,Texas,8.20,10.98,11.098,5.0,3.0,10.93,5.117647058823529,1.0,,,
2023,100,W,8,8368619,Dajaz Defrand,Florida State,10.75,11.05,11.3,9.6,1.0,10.88,5.176470588235294,1.0,,,
2023,200,W,1,7087489,Julien Alfred,Texas,18.04,21.91,22.405,1.1428571428571428,1.0,21.73,1.0869565217391304,1.0,,,
2023,200,W,2,6985778,McKenzie Long,Ole Miss,15.54,22.31,24.164,12.714285714285714,1.0,21.83,7.181818181818182,1.0,,,
2023,200,W,3,7690425,Kevona Davis,Texas,19.38,22.33,22.751666666666665,4.0,2.0,22.02,3.235294117647059,1.0,,,
2023,200,W,4,7534774,Jacious Sears,Tennessee,24.91,22.45,22.9,4.222222222222222,2.0,22.04,3.5714285714285716,1.0,,,
2023,200,W,5,8316977,Lanae Thomas,Texas,21.92,22.38,22.802,3.25,5.0,22.12,3.2666666666666666,3.0,,,
2023,200,W,6,7002873,Caisja Chandler,USC,22.60,22.37,22.76727272727273,3.111111111111111,6.0,22.27,3.2,4.0,,,
2023,200,W,7,7732042,Talitha  Diggs,Florida,19.54,22.45,22.697777777777777,3.8333333333333335,4.0,22.43,3.0,3.0,,,
2023,200,W,8,6550717,Karimah Davis,Kentucky,19.79,22.62,22.985,8.666666666666666,5.0,22.48,4.409090909090909,2.0,,,
2023,400,W,1,7690419,Rhasidat Adeleke,Texas,56.09,49.2,50.52,1.4,1.0,49.2,1.7,1.0,,,
2023,400,W,2,7488009,Britton Wilson,Arkansas,35.25,49.13,49.801,1.4,1.0,49.13,1.6470588235294117,1.0,,,
2023,400,W,3,7732209,Nickisha Pryce,Arkansas,43.70,50.23,51.537142857142854,6.375,3.0,48.89,4.833333333333333,1.0,,,
2023,400,W,4,7478918,Rosey Effiong,Arkansas,54.84,50.17,51.265,4.25,4.0,49.72,4.0,1.0,,,
2023,400,W,5,7732042,Talitha  Diggs,Florida,1:05.19,50.15,50.93166666666667,3.1666666666666665,3.0,49.99,3.0,3.0,,,
2023,400,W,6,7723778,Ziyah Holman,Michigan,35.73,50.4,51.85923076923076,3.7142857142857144,1.0,50.4,3.4482758620689653,1.0,,,
2023,400,W,7,7724966,Jermaisha Arnold,Texas A&M,42.38,50.33,51.36285714285714,5.625,4.0,50.33,3.7222222222222223,1.0,,,
2023,400,W,8,7002165,Tierra Robinson-Jones,Texas A&M,53.17,50.52,51.53,4.571428571428571,2.0,50.52,3.0,1.0,,,
2023,800,W,1,7930954,Michaela Rose,LSU,2:02.23,119.08,121.375,1.375,1.0,118.12,3.55,1.0,,,
2023,800,W,2,7481168,Gabija Galvydyte,Oklahoma State,1:41.20,120.47,123.92181818181815,4.0,1.0,120.11,5.444444444444445,1.0,,,
2023,800,W,3,6547986,Claire Seymour,BYU,2:18.64,120.04,123.12909090909092,4.714285714285714,3.0,120.04,14.833333333333334,3.0,,,
2023,800,W,4,8239785,Roisin Willis,Stanford,1:48.82,119.93,122.2077777777778,2.0,4.0,118.13,3.411764705882353,4.0,,,
2023,800,W,5,6920343,Dorcus Ewoi,Campbell,1:29.16,121.12,125.69181818181818,2.0,1.0,121.12,2.5454545454545454,1.0,,,
2023,800,W,6,7008908,Valery Tobias,Texas,1:59.95,120.31,123.70615384615384,4.25,2.0,120.31,5.45,2.0,,,
2023,800,W,7,6909381,Aurora Rynda,Michigan,2:15.47,122.69,124.809,5.0,1.0,121.35,3.3333333333333335,1.0,,,
2023,800,W,8,7722268,Meghan Hunter,BYU,1:46.69,121.53,126.795,15.636363636363637,8.0,118.95,12.1875,8.0,,,
2023,1500,W,1,7919037,Maia Ramsden,Harvard,4:08.60,248.6,253.46333333333337,2.0,1.0,245.65,3.8333333333333335,1.0,,,
2023,1500,W,2,7929852,Izzy Thornton-Bott,Oregon,4:09.21,248.64,254.07375,3.6666666666666665,2.0,248.64,4.928571428571429,2.0,,,
2023,1500,W,3,7897037,Margot Appleton,Virginia,4:09.30,248.96,254.13285714285715,1.6666666666666667,1.0,245.68,4.846153846153846,1.0,,,
2023,1500,W,4,8261269,Klaudia Kazimierska,Oregon,4:09.84,248.53,252.78875,5.25,4.0,246.53,5.866666666666666,4.0,,,
2023,1500,W,5,8285251,Billah Jepkirui,Oklahoma State,4:10.17,250.17,254.73285714285717,2.3333333333333335,1.0,244.59,4.769230769230769,1.0,,,
2023,1500,W,6,7687816,Shannon Flockhart,Providence,4:10.78,250.78,256.135,3.5,1.0,244.97,6.857142857142857,1.0,,,
2023,1500,W,7,7704053,Katelyn Tuohy,NC State,4:11.40,246.49,251.53,4.0,7.0,246.49,2.5,1.0,,,
2023,1500,W,8,7544494,Olivia Howell,Illinois,4:11.54,251.54,256.0828571428571,3.6666666666666665,1.0,249.7,2.5625,1.0,,,
2023,5000,W,1,7699859,Parker Valby,Florida,12:24.46,896.11,923.516,1.0,1.0,892.18,2.3333333333333335,1.0,,,
2023,5000,W,2,7934445,Everlyn Kemboi,Utah Valley,18:09.91,920.67,940.94,2.2,1.0,920.67,7.3076923076923075,1.0,,,
2023,5000,W,3,7905593,Emily Venters,Utah,12:24.50,920.37,941.79,4.0,3.0,920.37,3.0,2.0,,,
2023,5000,W,4,8397826,Amaris Tyynismaa,NC State,11:58.07,930.37,944.9175,2.3333333333333335,1.0,930.37,6.428571428571429,1.0,,,
2023,5000,W,5,8257176,Amina Maatoug,Duke,15:38.74,948.22,955.36,4.5,4.0,935.93,4.75,2.0,,,
2023,5000,W,6,6445545,Cailie Logue,Iowa State,12:01.89,936.4,952.088,3.5,1.0,936.4,4.090909090909091,1.0,,,
2023,5000,W,7,7905591,Simone Plourde,Utah,19:28.63,921.19,935.31,4.5,7.0,921.19,2.7777777777777777,7.0,,,
2023,5000,W,8,7893942,Chloe Scrimgeour,Georgetown,19:59.99,924.36,949.73,6.0,1.0,905.4,17.0,1.0,,,
2023,10k,W,1,7934445,Everlyn Kemboi,Utah Valley,39:10.90,1923.3,1965.075,1.3333333333333333,1.0,1923.3,7.3076923076923075,1.0,,,
2023,10k,W,2,7905593,Emily Venters,Utah,36:04.47,1908.35,1942.46,1.3333333333333333,2.0,1908.35,3.0,2.0,,,
2023,10k,W,3,7376675,Mercy Chelangat,Alabama,34:08.41,1915.8,1961.3033333333333,2.0,3.0,1915.8,4.285714285714286,2.0,,,
2023,10k,W,4,7389434,Amelia Mazza-Downie,New Mexico,42:23.76,1927.62,1950.6333333333332,3.5,4.0,1927.62,5.0,1.0,,,
2023,10k,W,5,8247130,Hilda Olemomoi,Alabama,42:12.88,1925.83,1968.7833333333335,3.5,5.0,1911.89,3.0,3.0,,,
2023,10k,W,6,6445545,Cailie Logue,Iowa State,31:27.52,1953.63,1991.62,3.6666666666666665,1.0,1953.63,4.090909090909091,1.0,,,
2023,10k,W,7,7367311,Amanda Vestri,Syracuse,28:12.94,1928.26,1979.7325,4.333333333333333,3.0,1928.26,8.875,3.0,,,
2023,10k,W,8,7366522,Kelsey Chmiel,NC State,35:33.68,1975.19,1998.4166666666667,6.0,8.0,1965.83,5.625,2.0,,,
2023,100H,W,1,7718451,Ackera Nugent,Arkansas,12.38,12.43,12.582,1.3333333333333333,1.0,12.25,5.052631578947368,1.0,,,
2023,100H,W,2,6995394,Masai Russell,Kentucky,13.93,12.36,12.578,1.75,2.0,12.32,2.4285714285714284,2.0,,,
2023,100H,W,3,7511453,Alia Armstrong,LSU,14.99,12.4,12.66375,1.5714285714285714,1.0,12.31,2.6666666666666665,1.0,,,
2023,100H,W,4,7511395,Talie Bonds,Arizona,11.95,12.65,12.947,1.6666666666666667,4.0,12.65,3.0,4.0,,,
2023,100H,W,5,7533304,Grace Stark,Florida,14.50,12.76,12.974285714285712,4.25,5.0,12.47,4.625,5.0,,,
2023,100H,W,6,8002777,Alexis Glasco,Coastal Carolina,11.85,12.67,13.036,2.8333333333333335,1.0,12.67,3.625,1.0,,,
2023,100H,W,7,8011545,Aasia Laurencin,Michigan,11.67,12.8,13.0175,3.25,1.0,12.67,5.882352941176471,1.0,,,
2023,100H,W,8,6988926,Paula  Salmon,N. Carolina A&T,12.92,12.91,13.2625,4.6,8.0,12.63,5.0,8.0,,,
2023,400H,W,1,8011524,Savannah Sutherland,Michigan,1:02.08,54.45,56.0875,1.25,1.0,52.46,3.0833333333333335,1.0,,,
2023,400H,W,2,6995394,Masai Russell,Kentucky,57.94,54.66,55.98125,2.0,2.0,55.21,2.4285714285714284,2.0,,,
2023,400H,W,3,7520143,Chastity Pickett,Campbell,43.34,54.86,56.888888888888886,2.0,1.0,55.7,4.2105263157894735,1.0,,,
2023,400H,W,4,8366921,Brooke Overholt,Vanderbilt,1:01.61,55.5,56.82142857142857,7.333333333333333,4.0,56.64,6.142857142857143,4.0,,,
2023,400H,W,5,8359933,Shani'a Bellamy,LSU,1:02.25,55.58,56.785555555555554,4.25,5.0,55.58,12.782608695652174,5.0,,,
2023,400H,W,6,8316107,Lashanna Graham,Clemson,1:01.15,55.59,57.01,3.8,6.0,56.54,6.36,3.0,,,
2023,400H,W,7,7488009,Britton Wilson,Arkansas,58.16,53.23,54.30125,2.5,1.0,53.23,1.6470588235294117,1.0,,,
2023,400H,W,8,7494773,Abbey Glynn,Colorado,1:07.78,55.94,57.15090909090909,3.8333333333333335,8.0,55.75,4.875,8.0,,,
2023,3000S,W,1,7404684,Olivia Markezich,Notre Dame,7:09.43,565.03,579.7574999999999,1.0,1.0,557.36,1.6666666666666667,1.0,,,
2023,3000S,W,2,7686712,Greta Karinauskaite,CBU,7:42.39,566.88,576.174,2.3333333333333335,1.0,566.88,3.3333333333333335,1.0,,,
2023,3000S,W,3,7365150,Ceili McCabe,West Virginia,12:12.47,581.32,592.49,1.6666666666666667,1.0,571.14,3.0,1.0,,,
2023,3000S,W,4,7712194,Lexy Halladay-Lowry,BYU,7:33.85,581.85,585.0425,4.5,4.0,548.68,11.88888888888889,4.0,,,
2023,3000S,W,5,7389432,Elise Thorner,New Mexico,6:48.07,579.39,584.1925,3.0,5.0,568.49,13.2,3.0,,,
2023,3000S,W,6,6870153,Grace Fetherstonhaugh,Oregon State,7:04.43,578.93,584.98,3.0,6.0,577.56,4.846153846153846,6.0,,,
2023,3000S,W,7,7612157,Kaylee Mitchell,Oregon State,8:27.11,579.45,585.238,3.3333333333333335,7.0,574.59,6.933333333333334,7.0,,,
2023,3000S,W,8,6545344,Pauline Meyer,Arkansas State,10:32.11,584.85,597.46,3.3333333333333335,1.0,584.85,4.315789473684211,1.0,,,
2023,HJ,W,1,7487638,Charity Griffith,Ball State,1.97m,1.93,1.838181818181818,1.5714285714285714,1.0,1.93,5.911764705882353,1.0,,,
2023,HJ,W,2,7729642,Lamara Distin,Texas A&M,1.87m,1.97,1.9155555555555557,1.25,1.0,2.0,1.25,1.0,,,
2023,HJ,W,3,8005705,Elena Kulichenko,Georgia,1.46m,1.92,1.8625,1.9090909090909092,2.0,1.97,1.9090909090909092,2.0,,,
2023,HJ,W,4,7989006,Lilian Turban,Hawaii,1.66m,1.87,1.818,1.6666666666666667,4.0,1.87,5.555555555555555,4.0,,,
2023,HJ,W,7,7540309,Cierra Tidwell,BYU,2.24m,1.88,1.8106666666666664,2.9285714285714284,7.0,1.89,2.8,7.0,,,
2023,HJ,W,8,7497079,Taylor Beard,Cincinnati,2.28m,1.88,1.835,3.142857142857143,1.0,1.88,7.555555555555555,1.0,,,
2023,PV,W,1,7495942,Julia Fixsen,Virginia Tech,3.56m,4.45,4.343999999999999,3.6666666666666665,1.0,4.58,3.6666666666666665,1.0,,,
2023,PV,W,2,8324599,Nastassja Campbell,Washington,3.83m,4.55,4.340833333333333,2.0,2.0,4.55,2.0,2.0,,,
2023,PV,W,3,7484536,Gennifer Hirata,South Dakota,3.74m,4.45,4.200714285714286,4.461538461538462,1.0,4.45,4.461538461538462,1.0,,,
2023,PV,W,4,7528279,Sevanna Hanson,Arizona State,4.69m,4.3,3.9983333333333335,8.090909090909092,4.0,4.3,8.090909090909092,4.0,,,
2023,PV,W,5,7707244,Sydney Horn,High Point,4.17m,4.5,4.298461538461539,3.0,1.0,4.57,3.0,1.0,,,
2023,PV,W,8,8235499,Kenna Stimmel,Virginia Tech,4.26m,4.45,4.3015384615384615,4.166666666666667,4.0,4.45,4.166666666666667,4.0,,,
2023,LJ,W,1,7958878,Ackelia Smith,Texas,6.88m,7.08,6.714,4.0,1.0,7.1,8.357142857142858,1.0,,,
2023,LJ,W,2,8324337,Alyssa Jones,Stanford,6.86m,6.86,6.44375,2.125,2.0,7.09,2.9285714285714284,2.0,,,
2023,LJ,W,3,8010897,Jasmine Moore,Florida,6.66m,7.03,6.755714285714285,1.4285714285714286,1.0,7.03,1.4,1.0,,,
2023,LJ,W,4,7488536,Alysah Hickey,Oregon,6.48m,6.79,6.5344444444444445,2.5,4.0,6.81,3.3,4.0,,,
2023,LJ,W,5,7732041,Claire  Bryant,Florida,6.44m,6.88,6.59,2.7,3.0,6.88,4.823529411764706,3.0,,,
2023,LJ,W,6,7037704,Charisma Taylor,Tennessee,6.41m,6.64,6.4037500000000005,4.0,4.0,6.64,3.4615384615384617,2.0,,,
2023,LJ,W,7,8010632,Emilia Sjostrand,San Jose St.,6.31m,6.48,6.194,5.9,1.0,6.59,4.894736842105263,1.0,,,
2023,LJ,W,8,7731621,Synclair Savage,Louisville,6.30m,6.53,6.353,3.1818181818181817,2.0,6.72,6.0,2.0,,,
2023,TJ,W,1,8010897,Jasmine Moore,Florida,14.78m,15.12,14.39,1.375,1.0,15.12,1.4,1.0,,,
2023,TJ,W,2,7958878,Ackelia Smith,Texas,14.54m,14.54,14.105,1.75,1.0,14.54,8.357142857142858,1.0,,,
2023,TJ,W,3,7730606,Ruta Lasmane,Texas Tech,14.21m,14.07,13.85,2.3333333333333335,2.0,14.47,2.3333333333333335,2.0,,,
2023,TJ,W,4,7037704,Charisma Taylor,Tennessee,13.93m,14.88,13.985555555555557,2.125,2.0,14.88,3.4615384615384617,2.0,,,
2023,TJ,W,5,6997737,Titiana Marsh,Georgia,13.67m,13.8,13.506666666666668,4.555555555555555,5.0,13.83,5.894736842105263,5.0,,,
2023,TJ,W,6,7687408,Temitope Ojora,USC,13.66m,13.71,13.464285714285714,2.142857142857143,6.0,13.9,2.1538461538461537,6.0,,,
2023,TJ,W,7,8029262,Anne-Suzanna Fosther-Katta,Texas Tech,13.66m,14.2,13.705,4.0,3.0,14.2,4.0,3.0,,,
2023,TJ,W,8,8235207,Mikeisha Welcome,Georgia,13.62m,14.21,13.73125,3.2,3.0,14.21,4.083333333333333,3.0,,,
2023,SP,W,1,7977784,Axelina Johansson,Nebraska,24.10m,19.54,18.82888888888889,1.5,1.0,19.97,3.272727272727273,1.0,,,
2023,SP,W,2,8354294,Jorinde Van Klinken,Oregon,13.86m,19.57,18.433333333333337,2.0,2.0,19.57,1.6666666666666667,1.0,,,
2023,SP,W,3,8353875,Rosa Santana,UNLV,14.70m,18.43,17.815555555555555,1.75,2.0,18.43,3.2222222222222223,2.0,,,
2023,SP,W,4,8398788,Alida Van Daalen,Florida,22.39m,18.66,17.938,2.111111111111111,1.0,18.66,2.142857142857143,1.0,,,
2023,SP,W,5,7722972,Jaida Ross,Oregon,15.03m,18.46,17.834545454545456,3.1,5.0,20.01,2.857142857142857,5.0,,,
2023,SP,W,6,7493771,Mallory Kauffman,Penn State,16.92m,18.0,16.899285714285714,2.5833333333333335,5.0,18.0,2.823529411764706,5.0,,,
2023,SP,W,7,6584256,Josie Schaefer,Wisconsin,22.80m,18.98,17.974615384615387,2.1818181818181817,2.0,18.98,3.388888888888889,2.0,,,
2023,SP,W,8,7039504,Hannah Hall,Miami (Fla.),22.96m,18.03,17.317999999999998,2.7142857142857144,1.0,18.03,4.7272727272727275,1.0,,,
2023,DT,W,1,8354294,Jorinde Van Klinken,Oregon,73.42m,65.55,63.114,1.0,1.0,67.05,1.6666666666666667,1.0,,,
2023,DT,W,2,7979969,Ashley Anumba,Virginia,62.35m,61.13,58.52444444444445,1.5,2.0,61.13,3.5714285714285716,2.0,,,
2023,DT,W,3,8398788,Alida Van Daalen,Florida,74.95m,59.96,57.821666666666665,2.2,2.0,69.31,2.142857142857143,1.0,,,
2023,DT,W,4,7730608,Caisa-Marie Lindfors,Florida State,42.12m,60.8,57.598571428571425,2.0,1.0,60.8,3.636363636363636,1.0,,,
2023,DT,W,5,6592751,Samantha  Lenton,Memphis,41.27m,58.95,55.40125,1.7142857142857142,1.0,58.95,3.96875,1.0,,,
2023,DT,W,6,7491617,Estel Valeanu,Harvard,57.09m,58.25,55.09777777777778,2.25,1.0,58.25,2.72,1.0,,,
2023,DT,W,7,7002471,Gabby McDonald,Colorado St.,58.34m,59.75,55.54299999999999,4.0,1.0,59.75,4.225806451612903,1.0,,,
2023,DT,W,8,7730828,Jade Whitfield,Oregon State,51.29m,58.36,56.229,3.7777777777777777,8.0,58.36,3.7777777777777777,8.0,,,
2023,HT,W,1,7491616,Stephanie Ratcliffe,Harvard,73.63m,73.63,69.65,1.0,1.0,73.63,1.1,1.0,,,
2023,HT,W,2,6574473,Madi Malone,Auburn,72.37m,72.37,68.21333333333334,1.4285714285714286,1.0,72.37,2.3076923076923075,1.0,,,
2023,HT,W,3,7729246,Anna Purchase,California,71.47m,73.02,69.97571428571429,1.8333333333333333,3.0,73.02,2.142857142857143,3.0,,,
2023,HT,W,4,7511460,Emma Robbins,Kansas State,69.89m,69.89,65.89750000000001,2.857142857142857,2.0,70.02,3.5833333333333335,2.0,,,
2023,HT,W,5,7542360,Tara Simpson-Sullivan,Rice,67.00m,68.24,65.74833333333333,3.0,5.0,69.94,3.25,5.0,,,
2023,HT,W,6,6557376,Shey Taiwo,Ole Miss,66.99m,67.69,66.67571428571429,3.6666666666666665,3.0,71.27,5.2727272727272725,3.0,,,
2023,HT,W,7,8339459,Elisabet Rut Runarsdottir,Texas State,66.98m,66.98,63.599999999999994,2.75,1.0,72.89,3.090909090909091,1.0,,,
2023,HT,W,8,6558758,Taylor Gorum,Alabama,66.60m,66.6,64.46333333333332,6.4,8.0,66.6,7.458333333333333,8.0,,,
2023,JT,W,1,7729053,Rhema Otabor,Nebraska,42.83m,59.49,55.602,3.5,1.0,64.19,3.5,1.0,,,
2023,JT,W,2,7986520,Lianna Davidson,Texas A&M,66.42m,58.78,55.737142857142864,1.8333333333333333,1.0,63.79,1.8333333333333333,1.0,,,
2023,JT,W,3,7986521,Katelyn Fairchild,Texas A&M,52.17m,57.97,55.478571428571435,2.3333333333333335,3.0,57.97,2.3333333333333335,3.0,,,
2023,JT,W,4,7730318,Maddie Harris,Nebraska,45.81m,57.26,55.60799999999999,3.75,2.0,59.12,3.75,2.0,,,
2023,JT,W,5,7487690,Skylar Ciccolini,Missouri,40.90m,56.03,54.5,5.333333333333333,5.0,57.45,5.333333333333333,5.0,,,
2023,JT,W,6,6992947,Sophia Rivera,Missouri,48.09m,57.67,55.74333333333333,2.8,2.0,57.67,7.444444444444445,2.0,,,
2023,JT,W,7,8467686,Federica  Botter,UCLA,39.61m,57.81,54.278333333333336,3.0,7.0,58.72,3.0,7.0,,,
2023,JT,W,8,6588923,Madison Wiltrout,North Carolina,67.15m,58.51,56.134,2.75,1.0,60.03,2.75,1.0,,,
2022,100,M,1,7531871,Joseph Fahnbulleh,Florida,10.00,10.0,10.142857142857142,3.75,1.0,10.0,2.764705882352941,1.0,,,
2022,100,M,2,7994600,Favour Ashe,Tennessee,10.08,10.04,10.115714285714288,1.5,1.0,9.79,2.8,1.0,,,
2022,100,M,3,7728613,Javonte Harding,N. Carolina A&T,10.08,10.08,10.25875,4.25,1.0,9.98,3.0,1.0,,,
2022,100,M,4,7730597,JoVaughn Martin,Florida State,10.09,10.05,10.127142857142855,4.0,1.0,9.94,3.5,1.0,,,
2022,100,M,5,7731977,Dedrick Vanover,Florida,10.16,10.1,10.19375,3.2,2.0,10.03,2.75,1.0,,,
2022,100,M,6,7495800,Matthew Boling,Georgia,10.18,9.98,10.131111111111112,2.6,4.0,9.97,2.4,1.0,,,
2022,100,M,7,7722962,Micah Williams,Oregon,10.19,9.86,10.07625,2.2,7.0,9.83,1.5,7.0,,,
2022,100,M,8,7729846,Da'Marcus Fleming,LSU,10.20,10.08,10.184285714285712,3.0,8.0,9.85,4.857142857142857,8.0,,,
2022,200,M,1,7531871,Joseph Fahnbulleh,Florida,25.39,19.83,20.399,2.8333333333333335,1.0,19.83,2.764705882352941,1.0,,,
2022,200,M,2,7495800,Matthew Boling,Georgia,18.12,19.92,20.25,1.4285714285714286,1.0,19.92,2.4,1.0,,,
2022,200,M,3,7980286,Udodi Onwuzurike,Stanford,20.36,20.08,20.432499999999997,1.8,3.0,19.76,2.076923076923077,3.0,,,
2022,200,M,4,6588208,Micaiah Harris,Texas,26.18,20.28,20.642857142857142,6.75,4.0,19.72,4.4375,4.0,,,
2022,200,M,5,8016458,Tarsis Orogot,Alabama,26.01,20.32,20.66875,6.6,5.0,19.6,5.875,5.0,,,
2022,200,M,6,7721646,Shaun Maswanganyi,Houston,15.80,20.26,20.796,4.285714285714286,1.0,19.93,3.925925925925926,1.0,,,
2022,200,M,7,7713620,Robert Gregory,TCU,15.41,20.34,20.65727272727273,3.0,7.0,19.6,2.8,7.0,,,
2022,200,M,8,7036992,Courtney Lindsey,Texas Tech,17.78,20.15,20.656666666666663,2.8333333333333335,8.0,19.81,3.263157894736842,8.0,,,
2022,400,M,1,7495470,Randolph Ross,N. Carolina A&T,36.63,44.13,44.94583333333333,1.0,1.0,43.85,2.6,1.0,,,
2022,400,M,2,8010865,Champion Allison,Florida,36.42,44.29,45.14454545454545,2.0,1.0,44.29,1.6363636363636365,1.0,,,
2022,400,M,3,6997785,Elija Godwin,Georgia,52.51,44.5,45.916666666666664,1.8888888888888888,2.0,44.5,2.111111111111111,2.0,,,
2022,400,M,4,7008872,Jonathan Jones,Texas,37.75,44.43,45.188,2.0,4.0,44.43,2.9047619047619047,4.0,,,
2022,400,M,5,7731978,Ryan Willie,Florida,58.05,45.0,45.6876923076923,3.142857142857143,5.0,44.25,3.636363636363636,1.0,,,
2022,400,M,6,7974885,Richard Kuykendoll,Oklahoma,43.45,45.25,46.46071428571429,4.444444444444445,6.0,44.8,3.380952380952381,6.0,,,
2022,400,M,7,7538741,Jevaughn Powell,UTEP,38.94,44.87,46.28909090909091,3.0,1.0,44.54,2.7142857142857144,1.0,,,
2022,400,M,8,7037364,Tyler Johnson,Ohio State,35.75,44.95,45.91833333333333,3.1666666666666665,1.0,44.95,3.0,1.0,,,
2022,800,M,1,8022881,Moad Zahafi,Texas Tech,1:44.49,103.69,105.76333333333334,1.25,1.0,103.69,1.4444444444444444,1.0,,,
2022,800,M,2,7722926,Navasky Anderson,Miss State,1:45.02,105.02,106.9057142857143,2.3333333333333335,1.0,105.02,2.5,1.0,,,
2022,800,M,3,7729617,Brandon Miller,Texas A&M,1:45.09,105.09,106.82846153846154,2.5714285714285716,3.0,104.97,2.5,3.0,,,
2022,800,M,4,8711106,Jason Gomez,Iowa State,1:46.34,106.34,109.70555555555556,6.6,4.0,106.34,8.9,4.0,,,
2022,800,M,5,7383904,Sean Dolan,Villanova,1:46.38,106.38,108.04,2.0,1.0,105.83,2.7,1.0,,,
2022,800,M,6,7930022,Dayton  Carlson,Arizona State,1:46.72,106.72,109.06,3.4,6.0,105.26,4.166666666666667,6.0,,,
2022,800,M,7,7918236,Samuel  Rodman,Princeton,1:46.96,106.96,111.418,11.285714285714286,7.0,106.27,7.153846153846154,7.0,,,
2022,800,M,8,5983045,Jonathan Schwind,Lipscomb,1:47.12,106.4,108.77727272727272,3.1666666666666665,1.0,106.4,4.611111111111111,1.0,,,
2022,1500,M,1,7480799,Joe Waskom,Washington,3:45.58,219.45,222.59,1.0,1.0,215.86,6.1,1.0,,,
2022,1500,M,2,6901779,Mario Garcia Romo,Ole Miss,3:45.69,216.91,223.09857142857143,3.0,1.0,216.91,2.272727272727273,1.0,,,
2022,1500,M,3,6476059,Sam Ellis,Princeton,3:45.82,217.6,222.42,7.0,3.0,217.6,7.916666666666667,3.0,,,
2022,1500,M,4,7895663,Thomas Vanoppen,Wake Forest,3:46.03,217.65,222.76285714285711,2.0,1.0,217.65,5.0,1.0,,,
2022,1500,M,5,7480790,Luke  Houser,Washington,3:46.13,217.51,221.4171428571429,5.333333333333333,5.0,217.51,6.2727272727272725,5.0,,,
2022,1500,M,6,5971060,Jonathan  Davis,Illinois,3:46.15,216.85,223.62857142857143,4.666666666666667,2.0,216.85,3.923076923076923,2.0,,,
2022,1500,M,7,7910774,Nathan Green,Washington,3:46.26,217.46,222.18833333333336,13.666666666666666,7.0,214.79,10.0,7.0,,,
2022,1500,M,8,7899902,Adam Spencer,Wisconsin,3:46.28,217.4,223.37857142857143,4.0,1.0,214.57,4.181818181818182,1.0,,,
2022,5000,M,1,5461344,Olin  Hacker,Wisconsin,14:08.12,799.34,821.9440000000001,1.0,1.0,799.34,1.375,1.0,,,
2022,5000,M,2,6025566,Morgan Beadlescomb,Michigan State,11:10.96,797.16,816.09,2.3333333333333335,2.0,797.16,3.5384615384615383,1.0,,,
2022,5000,M,3,7711751,Nico Young,Northern Arizona,14:09.06,795.25,814.5883333333333,3.6,3.0,777.14,3.692307692307693,2.0,,,
2022,5000,M,4,7697359,Ky Robinson,Stanford,16:44.69,791.53,806.6,2.2,4.0,786.42,3.5454545454545454,4.0,,,
2022,5000,M,5,7388938,Sam Gilman,Air Force,16:37.31,805.64,819.1116666666667,7.6,2.0,805.17,5.181818181818182,2.0,,,
2022,5000,M,6,7893794,Michael Power,Tulsa,11:21.44,811.23,832.2199999999999,5.5,5.0,809.57,3.625,1.0,,,
2022,5000,M,7,7910773,Brian Fay,Washington,11:13.46,796.52,804.2616666666667,4.8,7.0,796.52,3.8461538461538463,7.0,,,
2022,5000,M,8,5624063,Alex Ostberg,North Carolina,12:59.14,811.6,819.9625,4.666666666666667,8.0,811.6,5.428571428571429,2.0,,,
2022,10k,M,1,6891927,Dylan Jacobs,Notre Dame,26:30.78,1681.94,1720.836,1.0,1.0,1681.53,6.125,1.0,,,
2022,10k,M,2,7389301,Alex Maier,Oklahoma State,28:46.54,1692.68,1737.715,2.0,2.0,1692.68,3.7,2.0,,,
2022,10k,M,3,7409415,Abdihamid Nur,Northern Arizona,25:08.12,1694.51,1710.205,3.0,3.0,1662.73,2.6153846153846154,1.0,,,
2022,10k,M,4,7697360,Cole Sprout,Stanford,26:50.15,1662.42,1726.715,4.0,4.0,1662.42,4.416666666666667,4.0,,,
2022,10k,M,5,7386914,Athanas  Kioko,Campbell,21:46.82,1696.11,1699.6566666666668,4.0,5.0,1696.11,3.2941176470588234,1.0,,,
2022,10k,M,6,7416005,Charles Hicks,Stanford,34:14.44,1660.16,1700.4633333333334,3.3333333333333335,6.0,1660.16,5.111111111111111,6.0,,,
2022,10k,M,7,7730602,Adriaan Wildschutt,Florida State,28:52.25,1658.54,1688.5600000000002,4.5,7.0,1658.54,6.444444444444445,2.0,,,
2022,10k,M,8,6591141,Aaron Bienenfeld,Oregon,22:56.23,1694.67,1714.4919999999995,5.5,8.0,1690.95,6.0,8.0,,,
2022,110H,M,1,6578646,Trey Cunningham,Florida State,9.36,13.0,13.163,1.0,1.0,13.0,1.1111111111111112,1.0,,,
2022,110H,M,2,6999405,Eric Edwards Jr.,LSU,16.70,13.15,13.419999999999998,1.5,1.0,13.15,2.764705882352941,1.0,,,
2022,110H,M,3,7503401,Joshua Zeller,Michigan,10.61,13.19,13.542727272727271,1.8,1.0,13.19,2.642857142857143,1.0,,,
2022,110H,M,4,7718288,Giano Roberts,Clemson,14.53,13.41,13.664545454545454,3.5,2.0,13.31,4.6875,2.0,,,
2022,110H,M,5,7044818,Lafranz Campbell,Clemson,11.71,13.45,13.699000000000002,5.0,5.0,13.45,5.444444444444445,5.0,,,
2022,110H,M,6,8003659,Kentre Patterson,Ohio State,11.31,13.39,13.727857142857143,2.6666666666666665,2.0,13.39,11.25,2.0,,,
2022,110H,M,7,7482261,Justin Leaston,Charlotte,16.88,13.46,13.696666666666664,4.0,2.0,13.42,4.769230769230769,2.0,,,
2022,110H,M,8,6972494,Omotade Ojora,USC,14.81,13.48,13.710833333333332,2.857142857142857,8.0,13.29,2.75,8.0,,,
2022,400H,M,1,7729850,Sean Burrell,LSU,48.70,48.7,50.415,4.5,1.0,47.85,6.076923076923077,1.0,,,
2022,400H,M,2,7019596,Malik Metivier,Texas Tech,49.13,48.89,49.73363636363637,4.333333333333333,2.0,48.89,3.909090909090909,2.0,,,
2022,400H,M,3,6569704,Isaiah Levingston,Oklahoma,49.20,48.82,49.97222222222222,3.0,3.0,48.49,3.625,3.0,,,
2022,400H,M,4,8017719,Nathaniel Ezekiel,Baylor,49.24,48.42,49.376666666666665,2.75,4.0,47.49,3.588235294117647,4.0,,,
2022,400H,M,5,6547850,Quivell Jordan-Bacot,Houston,49.52,48.72,49.721,3.0,1.0,48.72,5.125,1.0,,,
2022,400H,M,6,6531718,Drake Schneider,Montana State,49.75,49.04,49.817,2.4,1.0,49.04,1.375,1.0,,,
2022,400H,M,7,6547924,Colten Yardley,BYU,50.10,49.6,50.385,2.5,7.0,49.6,2.9166666666666665,7.0,,,
2022,400H,M,8,7044237,James Smith,Texas A&M,50.19,49.38,49.79333333333333,3.7142857142857144,2.0,49.3,3.8,2.0,,,
2022,3000S,M,1,7727420,Ahmed  Jaziri,Eastern Kentucky,10:23.38,498.7,508.916,1.6666666666666667,1.0,498.7,2.25,1.0,,,
2022,3000S,M,2,6876443,Duncan Hamilton,Montana State,9:53.67,498.88,512.6283333333333,2.0,1.0,496.23,5.25,1.0,,,
2022,3000S,M,3,7373057,Parker Stokes,Georgetown,5:54.21,498.88,511.89400000000006,1.6666666666666667,1.0,498.88,5.416666666666667,1.0,,,
2022,3000S,M,4,5977704,Ryan Smeeton,Oklahoma State,9:10.07,500.06,511.8325,2.5,4.0,500.06,2.5,4.0,,,
2022,3000S,M,5,6476063,Ed Trippas,Princeton,9:05.32,500.29,512.688,3.0,5.0,500.29,6.222222222222222,5.0,,,
2022,3000S,M,6,6882592,Kenneth Rooks,BYU,10:38.26,502.56,511.9966666666666,2.25,6.0,502.56,8.333333333333334,6.0,,,
2022,3000S,M,7,6011691,Alec Basten,Minnesota,7:28.44,503.86,514.7479999999999,3.3333333333333335,1.0,503.86,4.222222222222222,1.0,,,
2022,3000S,M,8,6429582,Matthew Wilkinson,Minnesota,9:50.89,505.03,514.85,3.6666666666666665,2.0,505.03,4.666666666666667,2.0,,,
2022,HJ,M,1,6533098,Tejaswin Shankar,Kansas State,1.91m,2.27,2.2157142857142857,2.4,1.0,2.29,4.384615384615385,1.0,,,
2022,HJ,M,2,6121266,Darius Carbin,Georgia,2.89m,2.3,2.228,1.5,1.0,2.3,1.5,1.0,,,
2022,HJ,M,3,7019595,Dontavious Hill,Auburn,2.32m,2.23,2.1964285714285716,2.1538461538461537,2.0,2.24,2.1538461538461537,2.0,,,
2022,HJ,M,4,6569708,Vernon Turner,Oklahoma,2.81m,2.32,2.2333333333333334,1.375,4.0,2.33,2.727272727272727,4.0,,,
2022,HJ,M,5,6588212,Mitch Jacobson,Washington St.,2.14m,2.21,2.1166666666666667,2.4545454545454546,5.0,2.21,2.4545454545454546,5.0,,,
2022,HJ,M,6,7546465,Bryson DeBerry,UT-Arlington,2.77m,2.21,2.140909090909091,3.4,5.0,2.21,3.6875,4.0,,,
2022,HJ,M,7,7534612,Trey Allen,Louisville,2.16m,2.27,2.1791666666666667,2.909090909090909,1.0,2.27,2.909090909090909,1.0,,,
2022,HJ,M,8,6992911,Roberto Vilches,Missouri,1.63m,2.26,2.18375,4.285714285714286,4.0,2.27,4.285714285714286,4.0,,,
2022,PV,M,1,7975590,Sondre Guttormsen,Princeton,7.25m,5.82,5.5649999999999995,1.2222222222222223,1.0,6.0,1.2222222222222223,1.0,,,
2022,PV,M,2,6543213,Clayton Fritsch,Sam Houston,6.90m,5.8,5.599333333333333,2.0,1.0,5.8,2.0,1.0,,,
2022,PV,M,3,7599292,Keaton Daniel,Kentucky,6.61m,5.65,5.425,2.5555555555555554,1.0,5.8,2.5555555555555554,1.0,,,
2022,PV,M,4,7975589,Simen Guttormsen,Princeton,6.89m,5.65,5.484444444444445,2.25,4.0,5.71,2.25,4.0,,,
2022,PV,M,5,7041294,Branson Ellis,Stephen F. Austin,5.76m,5.65,5.3808333333333325,2.1818181818181817,2.0,5.86,2.1818181818181817,2.0,,,
2022,PV,M,6,7540246,Zach McWhorter,BYU,7.06m,5.81,5.667142857142857,2.8333333333333335,6.0,5.85,2.8333333333333335,6.0,,,
2022,PV,M,7,7983334,Clayton Simms,Kansas,6.44m,5.5,5.345,3.1818181818181817,7.0,5.71,3.1818181818181817,7.0,,,
2022,PV,M,8,7719642,Kyle Rademeyer,South Alabama,6.88m,5.6,5.458333333333333,3.4,1.0,5.82,3.4,1.0,,,
2022,LJ,M,1,7697085,Wayne Pinnock,Tennessee,8.00m,8.06,7.985714285714286,1.5,1.0,8.44,2.2222222222222223,1.0,,,
2022,LJ,M,2,7524768,Jeremiah Davis,Florida State,8.00m,8.0,7.715833333333333,3.4545454545454546,2.0,8.37,4.2105263157894735,2.0,,,
2022,LJ,M,3,7524772,Isaac Grimes,Florida State,7.97m,8.05,7.821666666666666,3.3333333333333335,1.0,8.35,3.3333333333333335,1.0,,,
2022,LJ,M,4,7487907,Carey McLeod,Tennessee,7.90m,8.07,7.906666666666666,2.25,2.0,8.4,3.0,2.0,,,
2022,LJ,M,5,6988878,Brandon  Hicklin,N. Carolina A&T,7.86m,8.18,7.600909090909091,6.0,1.0,8.18,6.285714285714286,1.0,,,
2022,LJ,M,6,6985983,A'Nan Bridgett,Rutgers,7.85m,7.89,7.779999999999999,2.2,1.0,7.97,3.7777777777777777,1.0,,,
2022,LJ,M,7,7725763,Stacy Brown Jr,Texas,7.81m,7.93,7.612222222222223,5.9,7.0,7.99,8.6,7.0,,,
2022,LJ,M,8,7487909,Anthony Riley,Tennessee,7.80m,7.8,7.3981818181818175,9.2,8.0,7.92,9.2,8.0,,,
2022,TJ,M,1,6605817,Chengetayi Mapaya,TCU,12.95m,17.26,16.661428571428573,1.5,1.0,17.26,1.5,1.0,,,
2022,TJ,M,2,7734303,Emmanuel Ihemeje,Oregon,14.65m,17.03,16.668333333333333,1.3333333333333333,2.0,17.26,1.5555555555555556,2.0,,,
2022,TJ,M,3,7989903,Apalos Edwards,LSU,17.21m,16.39,16.03875,3.7777777777777777,2.0,16.84,4.384615384615385,2.0,,,
2022,TJ,M,4,7038695,Keyshawn King,Stanford,16.16m,16.77,15.845555555555556,2.2222222222222223,4.0,16.77,3.0833333333333335,4.0,,,
2022,TJ,M,5,6992896,Georgi Nachev,Missouri,12.62m,16.48,16.206666666666667,2.5,3.0,16.48,2.5,3.0,,,
2022,TJ,M,6,7034968,Chris Welch,Texas Tech,17.30m,16.46,16.06,2.625,6.0,16.46,3.5833333333333335,6.0,,,
2022,TJ,M,7,7524768,Jeremiah Davis,Florida State,20.97m,16.16,15.624444444444444,5.25,3.0,16.78,4.2105263157894735,2.0,,,
2022,TJ,M,8,7735674,Nathan Crawford-Wallis,Prairie View,13.69m,16.1,15.513333333333334,3.0,8.0,16.1,4.076923076923077,8.0,,,
2022,SP,M,1,6547040,Adrian Piperi,Texas,21.52m,21.58,21.288333333333338,1.2727272727272727,1.0,21.74,1.6923076923076923,1.0,,,
2022,SP,M,2,6901432,Turner Washington,Arizona State,21.05m,21.65,20.561,1.5555555555555556,2.0,21.85,3.1538461538461537,2.0,,,
2022,SP,M,3,6598183,Isaac Odugbesan,Alabama,20.48m,20.85,20.276666666666667,3.0,3.0,20.85,4.333333333333333,3.0,,,
2022,SP,M,4,6533143,Jordan West,Tennessee,20.28m,20.33,19.817,2.375,1.0,20.76,3.8333333333333335,1.0,,,
2022,SP,M,5,6079450,Darius King,Northern Iowa,20.04m,20.33,19.81142857142857,2.3846153846153846,5.0,20.33,3.0454545454545454,5.0,,,
2022,SP,M,6,6533352,Logan Calvin,Illinois State,19.89m,20.24,19.090769230769233,2.8333333333333335,6.0,20.24,4.961538461538462,6.0,,,
2022,SP,M,7,8003661,Hayden Tobias,Ohio State,19.86m,19.95,18.885,3.3333333333333335,2.0,20.26,9.153846153846152,2.0,,,
2022,SP,M,8,7966997,Nikolas Curtiss,Iowa,19.74m,20.04,19.220769230769232,4.0,4.0,20.04,4.076923076923077,4.0,,,
2022,DT,M,1,7537580,Claudio Romero,Virginia,56.91m,67.02,63.67666666666667,1.0,1.0,67.29,4.357142857142857,1.0,,,
2022,DT,M,2,8019706,Mykolas Alekna,California,78.06m,68.73,66.0425,1.2857142857142858,2.0,72.12,1.2857142857142858,2.0,,,
2022,DT,M,3,7930060,Ralford  Mullings,Arizona State,61.21m,65.39,62.71555555555555,1.7142857142857142,3.0,69.31,5.0,3.0,,,
2022,DT,M,4,6527557,Iffy Joyner,California,71.08m,62.17,59.18111111111111,2.5714285714285716,4.0,62.17,3.75,4.0,,,
2022,DT,M,5,6533951,Kaleb Siekmeier,Minnesota,68.39m,59.99,55.81,3.5,4.0,59.99,5.0,4.0,,,
2022,DT,M,6,7534789,Jeffrey Williams,Miami (Fla.),50.28m,59.86,56.09125,2.7142857142857144,3.0,59.86,5.647058823529412,3.0,,,
2022,DT,M,7,6586906,Elijah Mason,Washington,54.24m,59.6,57.74142857142857,4.5,7.0,61.77,4.5,7.0,,,
2022,DT,M,8,7480316,Jordan Johnson,Iowa,65.47m,59.52,56.18375,4.166666666666667,2.0,59.52,7.142857142857143,2.0,,,
2022,HT,M,1,6104881,Logan Blomquist,SE Missouri,78.51m,73.37,71.48,1.0,1.0,73.37,1.6666666666666667,1.0,,,
2022,HT,M,2,7188295,Tyler Merkley,Penn State,93.06m,72.7,70.13625,1.6666666666666667,2.0,73.67,2.3529411764705883,2.0,,,
2022,HT,M,3,7537882,Kostas Zaltos,Minnesota,75.41m,72.51,70.1,1.4285714285714286,1.0,78.08,1.5,1.0,,,
2022,HT,M,4,7041008,Bobby Colantonio,Alabama,64.05m,72.59,70.89200000000001,3.25,1.0,72.59,2.0,1.0,,,
2022,HT,M,5,6996705,Michael Bryan,Wichita State,52.24m,71.56,68.98857142857143,1.8333333333333333,1.0,71.56,3.642857142857143,1.0,,,
2022,HT,M,6,7977922,Alexander Talley,Nebraska,67.23m,71.52,68.926,3.0,4.0,71.52,2.9411764705882355,4.0,,,
2022,HT,M,7,8014116,Decio Andrade,Miami (Fla.),49.60m,71.76,70.28,2.4,1.0,73.77,3.0,1.0,,,
2022,HT,M,8,7687398,Trey Knight,USC,72.85m,71.81,70.025,2.8333333333333335,8.0,71.81,3.3,8.0,,,
2022,JT,M,1,6874930,Marc Minichello,Penn,73.05m,81.17,77.58,1.0,1.0,82.32,1.0,1.0,,,
2022,JT,M,2,6988187,Ethan Dabbs,Virginia,77.29m,82.92,80.0175,1.3333333333333333,1.0,82.92,1.3333333333333333,1.0,,,
2022,JT,M,3,6985940,Tzuriel Pedigo,LSU,83.63m,78.9,74.66285714285713,2.3333333333333335,3.0,79.79,2.3333333333333335,3.0,,,
2022,JT,M,4,6547485,Taran Taylor,Wichita State,100.81m,78.76,70.41166666666668,2.0,1.0,78.76,2.0,1.0,,,
2022,JT,M,5,7974488,Chinecherem Prosper  Nnamdi,Baylor,82.54m,81.22,78.06285714285715,1.8333333333333333,5.0,84.68,1.8333333333333333,5.0,,,
2022,JT,M,6,7546466,Arthur Petersen,UT-Arlington,63.36m,79.9,74.375,3.2,1.0,79.9,3.2,1.0,,,
2022,JT,M,7,7797902,DJ Jonsson,Miss State,86.97m,76.78,75.70666666666666,2.4,1.0,78.66,2.4,1.0,,,
2022,JT,M,8,7495806,Ahmed Magour,Georgia,76.07m,74.4,71.01833333333333,3.0,2.0,74.4,3.0,2.0,,,
2022,100,W,1,7087489,Julien Alfred,Texas,11.02,10.81,10.994285714285716,1.0,1.0,10.72,2.3333333333333335,1.0,,,
2022,100,W,2,7722970,Kemba Nelson,Oregon,11.02,10.97,11.135,1.5,2.0,10.85,1.4705882352941178,2.0,,,
2022,100,W,3,6995396,Abby Steiner,Kentucky,11.08,10.9,11.044285714285715,1.75,2.0,10.9,1.5,1.0,,,
2022,100,W,4,7548443,Rosemary Chukwuma,Texas Tech,11.14,10.99,11.156,2.5,4.0,10.82,2.2941176470588234,4.0,,,
2022,100,W,5,7729916,Favour Ofili,LSU,11.17,10.93,11.066666666666666,2.1666666666666665,1.0,10.9,2.7058823529411766,1.0,,,
2022,100,W,6,8042870,Grace Nwokocha,N. Carolina A&T,11.21,10.97,11.286666666666669,2.6,1.0,10.97,4.0,1.0,,,
2022,100,W,7,7690425,Kevona Davis,Texas,11.22,10.95,11.231666666666667,4.25,7.0,10.83,3.695652173913043,1.0,,,
2022,100,W,8,7540568,Melissa Jefferson,Coastal Carolina,11.24,10.88,11.113333333333332,2.8,1.0,10.88,3.0869565217391304,1.0,,,
2022,200,W,1,6995396,Abby Steiner,Kentucky,17.44,21.8,22.22923076923077,1.125,1.0,21.8,1.5,1.0,,,
2022,200,W,2,7729916,Favour Ofili,LSU,25.80,21.96,22.353846153846156,1.5714285714285714,1.0,21.96,2.7058823529411766,1.0,,,
2022,200,W,3,6586400,Anavia Battle,Ohio State,18.54,22.26,22.535833333333333,1.5714285714285714,1.0,22.26,1.96,1.0,,,
2022,200,W,4,7008903,Kynnedy Flannel,Texas,24.14,22.23,22.813333333333333,2.4285714285714284,4.0,22.23,3.2,1.0,,,
2022,200,W,5,7690425,Kevona Davis,Texas,17.55,22.26,22.89272727272727,4.4,5.0,22.02,3.695652173913043,1.0,,,
2022,200,W,6,8042870,Grace Nwokocha,N. Carolina A&T,28.15,22.44,23.27,8.666666666666666,1.0,22.44,4.0,1.0,,,
2022,200,W,7,7524761,Edidiong Odiong,Florida State,22.02,22.43,23.016363636363636,3.857142857142857,1.0,22.43,3.466666666666667,1.0,,,
2022,200,W,8,7036762,Joella Lloyd,Tennessee,22.35,22.66,23.35153846153846,7.5,5.0,22.66,6.666666666666667,4.0,,,
2022,400,W,1,7732042,Talitha  Diggs,Florida,49.99,49.99,51.41833333333333,2.1666666666666665,1.0,49.99,2.9,1.0,,,
2022,400,W,2,7496294,Charokee Young,Texas A&M,50.65,49.87,50.92230769230769,2.5714285714285716,2.0,49.87,2.0,2.0,,,
2022,400,W,3,7008907,Kennedy Simon,Texas,50.69,50.45,51.36076923076923,2.0,3.0,50.45,2.619047619047619,2.0,,,
2022,400,W,4,6989583,Alexis Holmes,Kentucky,50.71,50.71,51.51933333333333,2.3333333333333335,3.0,50.71,1.88,1.0,,,
2022,400,W,5,7546402,Stacey Ann Williams,Texas,51.13,50.18,51.19307692307692,2.857142857142857,5.0,50.18,3.0526315789473686,2.0,,,
2022,400,W,6,7492615,Shae Anderson,UCLA,51.50,50.94,51.78142857142858,4.0,6.0,50.94,3.764705882352941,6.0,,,
2022,400,W,7,7478918,Rosey Effiong,Arkansas,51.55,51.06,52.11133333333333,4.777777777777778,7.0,49.72,3.8620689655172415,3.0,,,
2022,400,W,8,7718448,Kavia Francis,Baylor,52.16,51.15,52.433846153846154,4.375,8.0,51.15,4.24,8.0,,,
2022,800,W,1,6550329,Kristie Schoffield,Boise State,2:05.94,121.09,126.20142857142856,1.5555555555555556,1.0,121.09,6.133333333333334,1.0,,,
2022,800,W,2,6086448,McKenna Keegan,Villanova,1:30.07,121.71,123.962,1.8,2.0,121.25,3.4,2.0,,,
2022,800,W,3,7481168,Gabija Galvydyte,Oklahoma State,1:52.02,121.76,124.45727272727272,2.2,3.0,120.11,2.5714285714285716,3.0,,,
2022,800,W,4,6904226,Imogen Barrett,Florida,1:59.61,121.42,123.28714285714284,1.75,1.0,120.96,2.6153846153846154,1.0,,,
2022,800,W,5,6871713,Sarah Hendrick,Kennesaw State,1:38.98,120.98,123.68166666666669,2.7142857142857144,1.0,120.98,1.7,1.0,,,
2022,800,W,6,7008908,Valery Tobias,Texas,1:40.65,122.14,125.808125,3.9,6.0,120.31,5.235294117647059,6.0,,,
2022,800,W,7,5977375,Aaliyah Miller,Baylor,2:16.59,122.31,124.376,4.0,7.0,120.69,3.466666666666667,7.0,,,
2022,800,W,8,6895487,Katy-Ann McDonald,LSU,1:46.27,120.98,124.00615384615384,3.4285714285714284,4.0,120.98,2.6153846153846154,3.0,,,
2022,1500,W,1,7367325,Sintayehu Vissa,Ole Miss,4:46.84,248.72,252.23166666666663,1.0,1.0,248.72,2.0,1.0,,,
2022,1500,W,2,7791359,Micaela Degenero,Colorado,4:37.08,249.62,256.3742857142857,4.0,2.0,249.38,4.222222222222222,2.0,,,
2022,1500,W,3,5962970,Christina Aragon,Stanford,4:00.00,250.0,256.9085714285714,4.333333333333333,3.0,249.59,4.714285714285714,3.0,,,
2022,1500,W,4,6419176,Krissy Gear,Arkansas,4:55.07,250.06,257.57166666666666,7.5,4.0,249.0,4.545454545454546,4.0,,,
2022,1500,W,5,6436596,Julia Heymach,Stanford,3:20.47,250.58,253.77333333333337,5.666666666666667,5.0,249.89,5.076923076923077,5.0,,,
2022,1500,W,6,6430629,Emily Mackay,Binghamton,4:28.68,251.1,254.715,5.666666666666667,6.0,251.1,4.0,6.0,,,
2022,1500,W,7,7687816,Shannon Flockhart,Providence,5:18.91,250.8,257.61571428571426,9.0,1.0,244.97,4.0,1.0,,,
2022,1500,W,8,6982204,Eusila Chepkemei,Mid. Tenn. State,3:51.33,251.44,259.50111111111113,2.8,1.0,251.44,3.35,1.0,,,
2022,5000,W,1,7704053,Katelyn Tuohy,NC State,16:41.05,914.61,928.3171428571428,1.5,1.0,914.61,1.4444444444444444,1.0,,,
2022,5000,W,2,7699859,Parker Valby,Florida,17:28.92,920.1,927.1933333333332,2.0,2.0,892.18,1.5,2.0,,,
2022,5000,W,3,7389217,Taylor Roe,Oklahoma State,17:24.59,921.47,933.03,2.0,3.0,912.71,2.4285714285714284,3.0,,,
2022,5000,W,4,7376675,Mercy Chelangat,Alabama,16:01.53,917.28,928.58125,2.857142857142857,1.0,917.28,3.3333333333333335,1.0,,,
2022,5000,W,5,6423728,Lauren Gregory,Arkansas,13:55.50,925.17,937.3016666666668,6.2,3.0,925.17,3.5714285714285716,2.0,,,
2022,5000,W,6,7791361,Abby Nichols,Colorado,17:06.40,915.95,936.6175,4.0,6.0,915.95,2.6666666666666665,6.0,,,
2022,5000,W,7,7389428,Gracelyn Larkin,New Mexico,13:13.14,929.93,945.6771428571428,6.0,1.0,929.93,8.538461538461538,1.0,,,
2022,5000,W,8,7388051,Isabel Van Camp,Arkansas,19:57.62,935.64,951.946,4.25,4.0,935.64,5.363636363636363,3.0,,,
2022,10k,W,1,7376675,Mercy Chelangat,Alabama,32:37.08,1957.08,2003.41,1.0,1.0,1915.8,3.3333333333333335,1.0,,,
2022,10k,W,2,7422260,Grace Forbes,Rice,32:48.07,1968.07,2014.3675,1.5,1.0,1944.38,1.3333333333333333,1.0,,,
2022,10k,W,3,6455158,Jenna Magness,Michigan State,32:59.96,1979.96,2018.6833333333336,2.0,1.0,1979.96,1.9090909090909092,1.0,,,
2022,10k,W,4,7392925,Emily Covert,Colorado,33:14.64,1950.82,1990.37,3.5,4.0,1950.82,5.0,4.0,,,
2022,10k,W,5,6454342,Alexandra Hays,NC State,33:16.16,1995.53,2019.35,4.0,5.0,1941.13,7.285714285714286,5.0,,,
2022,10k,W,6,7389214,Gabby  Hentemann,Oklahoma State,33:18.04,1998.04,2027.763333333333,3.5,6.0,1997.48,3.3333333333333335,6.0,,,
2022,10k,W,7,7480903,Haley Herberg,Washington,33:20.33,1954.67,2004.5525,9.333333333333334,7.0,1954.67,7.4,7.0,,,
2022,10k,W,8,7726451,Charlotte Dannatt,Georgetown,33:26.78,2006.78,2035.1966666666665,5.5,8.0,2006.78,5.5,3.0,,,
2022,100H,W,1,7511453,Alia Armstrong,LSU,12.57,12.55,12.74,1.1666666666666667,1.0,12.31,2.2916666666666665,1.0,,,
2022,100H,W,2,7687405,Jasmine Jones,USC,12.66,12.66,12.965555555555556,1.8,2.0,12.58,1.8888888888888888,2.0,,,
2022,100H,W,3,6995394,Masai Russell,Kentucky,12.81,12.71,12.993636363636364,2.0,3.0,12.32,2.5588235294117645,2.0,,,
2022,100H,W,4,6988926,Paula  Salmon,N. Carolina A&T,12.85,12.63,12.845454545454546,2.3333333333333335,1.0,12.63,2.9285714285714284,1.0,,,
2022,100H,W,5,7496293,Kaylah Robinson,Texas A&M,12.86,12.71,12.887,2.5,2.0,12.49,3.4705882352941178,2.0,,,
2022,100H,W,6,7545644,Destiny Huven,Wisconsin,12.92,12.82,13.293333333333331,3.4,3.0,12.72,4.8125,3.0,,,
2022,100H,W,7,6985909,Demisha Roswell,Texas Tech,12.94,12.44,12.87,3.25,7.0,12.44,4.615384615384615,7.0,,,
2022,100H,W,8,7497320,Destinee  Rocker,South Carolina,13.07,12.95,15.896363636363638,4.5,5.0,12.95,4.75,5.0,,,
2022,400H,W,1,7488009,Britton Wilson,Arkansas,46.86,53.75,54.952,1.2,1.0,53.23,2.814814814814815,1.0,,,
2022,400H,W,2,8010896,Anna Hall,Florida,1:08.45,54.48,55.19428571428572,1.6666666666666667,2.0,54.48,4.375,2.0,,,
2022,400H,W,3,6583377,Lauren Hoffman,Duke,1:10.03,55.47,56.154999999999994,1.6,1.0,55.47,4.809523809523809,1.0,,,
2022,400H,W,4,6995394,Masai Russell,Kentucky,1:01.98,55.36,56.174,2.0,3.0,55.21,2.5588235294117645,2.0,,,
2022,400H,W,5,6527547,Deshae Wise,Texas A&M,1:10.55,55.99,57.242999999999995,3.8333333333333335,4.0,55.99,3.7,4.0,,,
2022,400H,W,6,6592009,Bianca Stubler,Wisconsin,45.20,56.23,57.584,3.6,2.0,56.23,4.333333333333333,2.0,,,
2022,400H,W,7,8010900,Vanessa Watson,Florida,53.42,56.25,57.246,4.8,5.0,55.59,10.875,5.0,,,
2022,400H,W,8,7044242,Shannon Meisberger,Arizona,1:02.52,55.79,56.715555555555554,3.0,8.0,55.7,2.619047619047619,8.0,,,
2022,3000S,W,1,6107448,Courtney Wayment,BYU,8:59.32,556.0,571.6025,1.0,1.0,556.0,3.75,1.0,,,
2022,3000S,W,2,6471626,Kayley DeLay,Yale,8:22.93,565.08,578.8025,1.5,2.0,565.08,4.4,2.0,,,
2022,3000S,W,3,7365150,Ceili McCabe,West Virginia,8:05.47,571.14,584.796,1.6666666666666667,3.0,571.14,3.375,3.0,,,
2022,3000S,W,4,5966782,Madison Boreman,Colorado,9:21.56,573.02,585.27,2.6666666666666665,4.0,573.02,3.75,4.0,,,
2022,3000S,W,5,7389432,Elise Thorner,New Mexico,7:10.50,572.42,580.47,2.6666666666666665,5.0,568.49,5.466666666666667,1.0,,,
2022,3000S,W,6,7612157,Kaylee Mitchell,Oregon State,10:32.05,574.59,586.312,4.0,6.0,574.59,5.142857142857143,6.0,,,
2022,3000S,W,7,5965696,Logan Jolly,Arkansas,9:11.77,574.76,584.58,4.0,3.0,574.76,5.636363636363637,3.0,,,
2022,3000S,W,8,6910593,Adva Cohen,New Mexico,9:01.07,575.6,587.2275,4.5,1.0,575.6,6.833333333333333,1.0,,,
2022,HJ,W,1,7729642,Lamara Distin,Texas A&M,1.68m,1.97,1.905,1.1538461538461535,1.0,2.0,1.8571428571428572,1.0,,,
2022,HJ,W,2,8014418,Abigail Kwarteng,Mid. Tenn. State,1.90m,1.92,1.8542857142857143,1.2,1.0,1.92,1.8888888888888888,1.0,,,
2022,HJ,W,3,7731611,Rachel  Glenn,South Carolina,2.23m,1.9,1.8525,1.7,2.0,2.0,2.363636363636364,2.0,,,
2022,HJ,W,4,7003545,Sanaa Barnes,Villanova,1.88m,1.86,1.82,2.2,1.0,1.86,2.2,1.0,,,
2022,HJ,W,5,7487638,Charity Griffith,Ball State,1.94m,1.85,1.79,4.0,1.0,1.93,6.368421052631579,1.0,,,
2022,HJ,W,6,7511454,Nyagoa Bayak,LSU,1.92m,1.86,1.83,3.25,3.0,1.86,3.25,3.0,,,
2022,HJ,W,6,7727577,Jenna Rogers,Nebraska,1.32m,1.85,1.8116666666666668,2.636363636363636,1.0,1.94,2.636363636363636,1.0,,,
2022,HJ,W,6,6537001,Marguerite Lorenzo,Cornell,2.03m,1.84,1.798,2.3333333333333335,6.0,1.84,2.3333333333333335,6.0,,,
2022,PV,W,1,6540291,Gabriela Leon,Louisville,4.60m,4.61,4.443846153846153,2.1666666666666665,1.0,4.61,2.1666666666666665,1.0,,,
2022,PV,W,2,6988330,Amanda Fassold,Arkansas,4.55m,4.55,4.3028571428571425,2.1666666666666665,1.0,4.55,2.1666666666666665,1.0,,,
2022,PV,W,3,6987320,Lisa Gunnarsson,LSU,4.55m,4.65,4.441111111111111,2.375,2.0,4.65,2.375,2.0,,,
2022,PV,W,4,6562838,Rachel Baxter,Virginia Tech,4.50m,4.62,4.446363636363636,2.0,4.0,4.62,2.0,4.0,,,
2022,PV,W,5,7495942,Julia Fixsen,Virginia Tech,4.40m,4.46,4.311999999999999,4.0,2.0,4.58,4.0,2.0,,,
2022,PV,W,6,7707244,Sydney Horn,High Point,4.35m,4.46,4.314375,2.8,1.0,4.57,2.8,1.0,,,
2022,PV,W,7,6545350,Sophia Franklin,Michigan State,4.35m,4.35,4.239166666666667,3.090909090909091,7.0,4.38,3.090909090909091,7.0,,,
2022,PV,W,8,6527910,Sommer Knight,East Carolina,4.30m,4.31,4.2275,2.142857142857143,1.0,4.35,2.142857142857143,1.0,,,
2022,LJ,W,1,8010897,Jasmine Moore,Florida,6.79m,6.82,6.654000000000001,1.4444444444444444,1.0,7.03,1.25,1.0,,,
2022,LJ,W,2,7091735,Deborah Acquah,Texas A&M,7.26m,6.89,6.593636363636364,1.75,2.0,6.89,2.4210526315789473,2.0,,,
2022,LJ,W,3,8036060,Tyra Gittens,Texas,5.98m,6.69,6.457142857142857,4.0,3.0,6.96,4.0588235294117645,3.0,,,
2022,LJ,W,4,6562811,Monae' Nichols,Texas Tech,5.62m,6.97,6.67125,1.75,4.0,6.97,1.75,4.0,,,
2022,LJ,W,5,7732041,Claire  Bryant,Florida,7.55m,6.73,6.49,4.2,3.0,6.88,4.5,3.0,,,
2022,LJ,W,6,7989960,Morgan Smalls,LSU,7.31m,6.58,6.306363636363637,3.5,2.0,6.58,6.392857142857143,2.0,,,
2022,LJ,W,7,6528087,Caira Pettway,Baylor,8.08m,6.41,6.209166666666667,4.7272727272727275,7.0,6.41,4.37037037037037,7.0,,,
2022,LJ,W,8,7958878,Ackelia Smith,Texas,5.58m,6.73,6.385000000000001,5.571428571428571,8.0,7.1,5.5,4.0,,,
2022,TJ,W,1,8010897,Jasmine Moore,Florida,14.32m,14.57,14.20857142857143,1.0,1.0,15.12,1.25,1.0,,,
2022,TJ,W,2,7500561,Ruth Usoro,Texas Tech,13.95m,13.95,13.62,2.857142857142857,2.0,14.5,2.357142857142857,2.0,,,
2022,TJ,W,3,7730606,Ruta Lasmane,Texas Tech,13.89m,13.89,13.854,2.3333333333333335,3.0,14.47,4.222222222222222,3.0,,,
2022,TJ,W,4,7958878,Ackelia Smith,Texas,13.79m,14.08,13.785714285714286,3.3333333333333335,4.0,14.54,5.5,4.0,,,
2022,TJ,W,5,6997737,Titiana Marsh,Georgia,13.55m,13.56,13.3,4.5,3.0,13.83,5.0,3.0,,,
2022,TJ,W,6,7036942,Natricia Hooper,Florida,13.44m,14.1,13.82,2.1,2.0,14.18,2.1,2.0,,,
2022,TJ,W,7,7488539,Dominique Ruotolo,Oregon,13.27m,13.27,13.15,3.6666666666666665,7.0,13.66,3.5,7.0,,,
2022,TJ,W,8,7524308,Esther Isa,Mid. Tenn. State,13.24m,13.48,12.848888888888888,4.125,1.0,13.48,3.5294117647058822,1.0,,,
2022,SP,W,1,6701960,Adelaide Aquilla,Ohio State,22.39m,19.64,18.616153846153846,1.181818181818182,1.0,19.64,1.9375,1.0,,,
2022,SP,W,2,7727873,Jorinde Van Klinken,Arizona State,21.37m,19.08,18.44,1.2222222222222223,2.0,19.57,1.2142857142857142,1.0,,,
2022,SP,W,3,7977784,Axelina Johansson,Nebraska,19.87m,18.39,17.567777777777778,2.875,2.0,19.97,4.636363636363637,2.0,,,
2022,SP,W,4,7729144,Maria Deaviz,Virginia,22.10m,17.97,16.68307692307692,2.0,1.0,17.97,3.0625,1.0,,,
2022,SP,W,5,7722972,Jaida Ross,Oregon,12.84m,17.83,16.641666666666666,2.8,5.0,20.01,3.611111111111111,5.0,,,
2022,SP,W,6,7530664,Divine Oladipo,Vanderbilt,20.93m,17.97,17.32,3.0,2.0,17.97,3.647058823529412,2.0,,,
2022,SP,W,7,6461040,A'veun Moore-Jones,Southern Illinois,22.39m,17.63,16.81923076923077,2.6666666666666665,7.0,17.63,2.466666666666667,7.0,,,
2022,SP,W,8,6135492,Annina Brandenburg,Abilene Christian,15.40m,17.3,16.406666666666666,3.1538461538461537,1.0,17.3,2.5833333333333335,1.0,,,
2022,DT,W,1,7727873,Jorinde Van Klinken,Arizona State,72.73m,64.75,63.071666666666665,1.2,1.0,67.05,1.2142857142857142,1.0,,,
2022,DT,W,2,6605848,Alexandra Emilianov,Kansas,73.05m,60.51,59.01166666666666,1.2,2.0,62.63,2.2,2.0,,,
2022,DT,W,3,7002878,Malin Smith,Texas Tech,60.19m,56.78,53.28857142857142,4.5,3.0,57.84,5.956521739130435,3.0,,,
2022,DT,W,4,6569688,Lauren Jones,Oklahoma,61.00m,57.28,55.26571428571429,2.1666666666666665,4.0,57.28,3.5384615384615383,4.0,,,
2022,DT,W,5,6576296,Seasons Usual,Texas Tech,47.61m,58.5,56.355,2.4285714285714284,5.0,59.85,2.142857142857143,5.0,,,
2022,DT,W,6,7725119,Shelby Frank,Minnesota,55.97m,58.85,55.74,3.4285714285714284,2.0,63.37,4.25,2.0,,,
2022,DT,W,7,6586020,Debbie Ajagbe,Miami (Fla.),63.37m,57.1,54.09,3.857142857142857,1.0,58.42,5.083333333333333,1.0,,,
2022,DT,W,8,7720913,Emily March,Iowa State,64.68m,57.88,55.51,3.2,8.0,58.27,5.538461538461538,8.0,,,
2022,HT,W,1,6527542,Camryn Rogers,California,87.77m,77.67,75.13833333333334,1.2,1.0,77.67,1.375,1.0,,,
2022,HT,W,2,8016825,Alyssa Wilson,Texas State,72.54m,74.78,71.44777777777777,1.125,1.0,74.78,2.8181818181818183,1.0,,,
2022,HT,W,3,6583863,Beatrice Llano,Arizona State,87.24m,72.1,67.79555555555555,2.2857142857142856,3.0,72.1,2.2857142857142856,3.0,,,
2022,HT,W,4,7730797,Sara Killinen,Virginia Tech,72.44m,71.02,67.01714285714286,2.6666666666666665,3.0,71.02,3.727272727272727,3.0,,,
2022,HT,W,5,6901444,Shelby Moran,Arizona State,80.46m,70.58,66.98666666666666,3.142857142857143,5.0,70.58,5.083333333333333,5.0,,,
2022,HT,W,6,7511444,Jalani Davis,Ole Miss,87.61m,69.53,65.23666666666666,5.0,6.0,69.86,5.285714285714286,3.0,,,
2022,HT,W,7,7729246,Anna Purchase,California,56.17m,70.63,68.65,2.5,7.0,73.02,3.625,7.0,,,
2022,HT,W,8,6574473,Madi Malone,Auburn,72.68m,69.66,67.4175,4.333333333333333,1.0,72.37,5.133333333333334,1.0,,,
2022,JT,W,1,6703200,Ashton Riner,BYU,58.24m,60.36,56.82333333333333,1.4,1.0,60.36,1.4,1.0,,,
2022,JT,W,2,7730318,Maddie Harris,Nebraska,57.69m,57.9,54.555,1.2,1.0,59.12,4.125,1.0,,,
2022,JT,W,3,6588923,Madison Wiltrout,North Carolina,56.46m,60.03,56.62714285714286,1.4,1.0,60.03,1.4,1.0,,,
2022,JT,W,4,7729053,Rhema Otabor,FIU,55.92m,56.25,54.63166666666667,2.0,1.0,64.19,6.333333333333333,1.0,,,
2022,JT,W,5,7526548,Sara Zabarino,Florida State,55.61m,55.66,52.894285714285715,3.0,2.0,55.66,3.0,2.0,,,
2022,JT,W,6,7842838,Kate Joyce,Princeton,54.68m,54.68,50.334,4.25,6.0,56.03,4.25,6.0,,,
2022,JT,W,7,6586855,Virginia Miller,Stanford,54.12m,54.83,53.626,2.5,7.0,55.26,2.5,7.0,,,
2022,JT,W,8,7979191,Valentina  Barrios Bornacelli,Washington St.,54.03m,54.03,50.07142857142857,4.333333333333333,8.0,54.03,4.333333333333333,8.0,,,
2021,100,M,1,7031139,Terrance Laird,LSU,10.05,10.05,10.1225,1.0,1.0,9.8,1.4,1.0,,,
2021,100,M,2,7721646,Shaun Maswanganyi,Houston,10.09,10.04,10.153333333333334,1.5,1.0,9.87,1.7826086956521738,1.0,,,
2021,100,M,3,7722962,Micah Williams,Oregon,10.11,10.0,10.068,2.0,,9.83,1.3,,,,
2021,100,M,4,7730597,JoVaughn Martin,Florida State,10.12,9.94,10.06,2.5,,9.94,3.8333333333333335,1.0,,,
2021,100,M,5,7687394,Davonte Burnett,USC,10.19,10.05,10.225,1.8,,9.99,2.0,,,,
2021,100,M,6,7495800,Matthew Boling,Georgia,10.19,10.15,10.216,3.0,2.0,9.97,2.5185185185185186,2.0,,,
2021,100,M,7,7531871,Joseph Fahnbulleh,Florida,10.26,10.21,10.2625,4.333333333333333,5.0,10.0,3.4166666666666665,2.0,,,
2021,100,M,8,7524764,Taylor Banks,Florida State,10.35,10.18,10.28,5.333333333333333,4.0,9.91,3.636363636363636,1.0,,,
2021,200,M,1,7531871,Joseph Fahnbulleh,Florida,19.91,19.91,20.34,2.1666666666666665,2.0,19.83,3.4166666666666665,2.0,,,
2021,200,M,2,7031139,Terrance Laird,LSU,19.94,19.81,20.24769230769231,1.25,1.0,19.64,1.4,1.0,,,
2021,200,M,3,7721646,Shaun Maswanganyi,Houston,20.10,20.1,20.593333333333337,2.1666666666666665,1.0,19.93,1.7826086956521738,1.0,,,
2021,200,M,4,6588208,Micaiah Harris,Texas,20.26,20.2,20.461818181818185,2.5,,19.72,3.130434782608696,,,,
2021,200,M,5,7495800,Matthew Boling,Georgia,20.48,20.06,20.361,2.4,3.0,19.92,2.5185185185185186,2.0,,,
2021,200,M,6,7687394,Davonte Burnett,USC,20.55,20.29,20.775,2.75,,20.28,2.0,,,,
2021,200,M,7,7730597,JoVaughn Martin,Florida State,20.96,20.22,20.555714285714284,4.0,2.0,20.22,3.8333333333333335,1.0,,,
2021,200,M,8,7713620,Robert Gregory,TCU,21.74,20.4,20.7875,2.5,,19.6,2.789473684210526,,,,
2021,400,M,1,7495470,Randolph Ross,N. Carolina A&T,57.01,43.85,45.091,1.5,,43.85,1.6666666666666667,,,,
2021,400,M,2,5610154,Bryce Deadmon,Texas A&M,52.44,44.44,45.206,2.2222222222222223,2.0,44.44,2.65,2.0,,,
2021,400,M,3,7729883,Noah Williams,LSU,51.22,44.3,45.219166666666666,1.3333333333333333,1.0,44.3,1.8571428571428572,1.0,,,
2021,400,M,4,6533137,Trevor Stewart,N. Carolina A&T,47.66,44.52,45.366,3.0,,44.25,2.4285714285714284,,,,
2021,400,M,5,6531190,Dwight St Hillaire,Kentucky,35.71,45.12,45.72692307692308,4.142857142857143,4.0,44.55,2.72,1.0,,,
2021,400,M,6,7731978,Ryan Willie,Florida,34.48,45.36,45.741,4.25,,44.25,4.909090909090909,5.0,,,
2021,400,M,7,7037364,Tyler Johnson,Ohio State,33.15,45.07,45.92928571428571,2.0,1.0,44.95,2.4285714285714284,1.0,,,
2021,400,M,8,6547908,Michael Bluth,BYU,54.18,45.13,46.58727272727273,2.5714285714285716,,45.13,2.5555555555555554,,,,
2021,800,M,1,6972491,Isaiah Jewett,USC,1:44.68,104.68,106.67142857142858,1.0,,104.68,1.3333333333333333,,,,
2021,800,M,2,7729617,Brandon Miller,Texas A&M,1:44.97,104.97,107.91461538461536,1.5,1.0,104.97,2.3,1.0,,,
2021,800,M,3,6877070,Charlie Hunter,Oregon,1:45.75,105.59,106.953,2.0,,105.59,2.4166666666666665,,,,
2021,800,M,4,6904283,Finley McLear,Miami (Ohio),1:45.80,105.8,107.619,1.6666666666666667,,105.66,9.454545454545457,,,,
2021,800,M,5,6445416,Festus  Lagat,Iowa State,1:46.33,106.09,107.70333333333332,3.5,,105.05,2.2,,,,
2021,800,M,6,7720286,Shane Streich,Lipscomb,1:46.70,106.7,107.83857142857144,2.25,1.0,106.7,4.125,1.0,,,
2021,800,M,7,7725762,Yusuf Bizimana,Texas,1:46.76,106.76,108.57555555555555,2.75,,105.74,2.363636363636364,,,,
2021,800,M,8,7726156,Eric Brown,Auburn,1:46.76,106.76,108.8,3.8,6.0,106.76,5.125,6.0,,,
2021,1500,M,1,7365737,Cole Hocker,Oregon,4:20.58,215.35,218.18666666666664,2.0,,215.35,2.0,,,,
2021,1500,M,2,6422180,Yared Nuguse,Notre Dame,3:50.70,214.68,217.95,1.3333333333333333,1.0,214.68,1.25,1.0,,,
2021,1500,M,3,6443366,Waleed Suliman,Ole Miss,2:47.33,216.53,220.17714285714283,2.0,2.0,216.53,3.3076923076923075,2.0,,,
2021,1500,M,4,7379010,Eliud Kipsang,Alabama,3:40.37,215.49,217.00428571428571,2.0,1.0,213.74,1.6923076923076923,1.0,,,
2021,1500,M,5,6901779,Mario Garcia Romo,Ole Miss,3:01.49,217.17,221.26142857142855,3.6666666666666665,4.0,216.91,3.5,4.0,,,
2021,1500,M,6,5958980,Jack Salisbury,Georgetown,2:42.85,217.18,220.81166666666664,5.333333333333333,1.0,217.18,4.333333333333333,1.0,,,
2021,1500,M,7,5467517,Diego Zarate,Virginia Tech,4:15.34,218.85,221.8025,3.25,3.0,218.85,6.142857142857143,3.0,,,
2021,1500,M,8,5489289,Paul  Ryan,Washington St.,4:17.99,217.73,220.53,4.666666666666667,,217.73,4.833333333333333,,,,
2021,5000,M,1,6418651,Cooper Teare,Oregon,12:08.89,792.27,809.975,1.6666666666666667,,792.27,1.75,,,,
2021,5000,M,2,6587949,Luis Grijalva,Northern Arizona,12:49.35,793.14,827.3075,2.6666666666666665,5.0,793.14,2.0,1.0,,,
2021,5000,M,3,7386914,Athanas  Kioko,Campbell,12:25.87,793.47,815.6025,1.6666666666666667,1.0,793.47,2.0625,1.0,,,
2021,5000,M,4,7365737,Cole Hocker,Oregon,11:27.10,798.95,812.1575,2.0,,798.95,2.0,,,,
2021,5000,M,5,7726470,Robert  Brandt,Georgetown,13:59.07,799.11,815.8475,2.6666666666666665,1.0,799.11,3.0,1.0,,,
2021,5000,M,6,7396811,Patrick  Dever,Tulsa,15:19.83,799.85,816.9425,2.6666666666666665,1.0,799.85,2.0,1.0,,,
2021,5000,M,7,5962982,Thomas Ratcliffe,North Carolina,10:24.69,800.88,812.8366666666667,5.0,,800.88,3.7142857142857144,6.0,,,
2021,5000,M,8,6025566,Morgan Beadlescomb,Michigan State,13:29.42,801.4,820.8785714285714,3.0,1.0,797.16,3.4,1.0,,,
2021,10k,M,1,7396811,Patrick  Dever,Tulsa,27:41.87,1661.87,1737.65,1.0,,1661.87,2.0,1.0,,,
2021,10k,M,2,6547912,Conner Mantz,BYU,27:42.46,1661.16,1722.2216666666666,3.0,,1661.16,2.6,,,,
2021,10k,M,3,7409415,Abdihamid Nur,Northern Arizona,27:42.73,1662.73,1735.3216666666667,2.0,,1662.73,3.142857142857143,1.0,,,
2021,10k,M,4,7726470,Robert  Brandt,Georgetown,27:43.17,1663.17,1698.28,2.5,,1663.17,3.0,1.0,,,
2021,10k,M,5,5477172,Eric  Hamer,Colorado St.,27:44.87,1664.87,1721.84,2.3333333333333335,,1664.87,3.25,,,,
2021,10k,M,6,6880452,Alex  Masai,Hofstra,27:45.19,1665.19,1738.0866666666668,6.0,,1665.19,7.0,,,,
2021,10k,M,7,7416005,Charles Hicks,Stanford,27:47.63,1667.63,1743.0216666666668,4.0,,1660.16,4.142857142857143,,,,
2021,10k,M,8,7730602,Adriaan Wildschutt,Florida State,27:48.89,1668.89,1726.5283333333334,4.5,,1658.54,2.5714285714285716,1.0,,,
2021,110H,M,1,7040924,Robert Dunning,Alabama,13.52,13.24,13.416666666666666,1.0,1.0,13.15,2.076923076923077,1.0,,,
2021,110H,M,2,6987140,Jaylan  McConico,Iowa,9.64,13.23,13.524444444444445,2.5,1.0,13.23,2.636363636363636,1.0,,,
2021,110H,M,3,7537813,Phillip Lemonious,Arkansas,9.38,13.39,13.536666666666669,3.3333333333333335,4.0,13.24,6.636363636363637,4.0,,,
2021,110H,M,4,7480321,Jamal  Britt,Iowa,16.68,13.45,13.615,2.4,2.0,13.45,2.5806451612903225,1.0,,,
2021,110H,M,5,7727876,Jamar  Marshall Jr.,Arizona State,15.02,13.49,13.69,2.2857142857142856,,13.13,3.047619047619047,,,,
2021,110H,M,6,6972494,Omotade Ojora,USC,16.83,13.57,13.823,2.0,,13.29,2.0,,,,
2021,110H,M,7,7718288,Giano Roberts,Clemson,11.74,13.59,13.911666666666669,4.2,4.0,13.31,4.214285714285714,2.0,,,
2021,110H,M,8,6551782,Damion Thomas,LSU,13.76,13.22,13.494285714285713,3.4,2.0,13.22,2.9166666666666665,2.0,,,
2021,400H,M,1,7729850,Sean Burrell,LSU,59.34,47.85,49.538,1.1666666666666667,2.0,47.85,2.1333333333333333,2.0,,,
2021,400H,M,2,6569704,Isaiah Levingston,Oklahoma,44.13,48.49,49.68888888888889,1.2,,48.49,1.9411764705882353,,,,
2021,400H,M,3,6597048,Cameron Samuel,USC,47.71,48.68,49.83888888888889,1.4,,48.68,3.076923076923077,,,,
2021,400H,M,4,7051768,Moitalel Mpoke,Texas A&M,50.17,48.7,49.675,2.0,1.0,48.7,2.5294117647058822,1.0,,,
2021,400H,M,5,7019596,Malik Metivier,Auburn,43.85,49.26,49.99625,3.25,3.0,48.89,4.833333333333333,3.0,,,
2021,400H,M,6,7723989,Leonardo Ledgister,Texas A&M-CC,39.92,48.79,49.876666666666665,2.2,1.0,48.79,2.142857142857143,1.0,,,
2021,400H,M,7,6100997,Jonathan Harvey,Oregon,58.58,49.64,50.49875,3.0,,49.64,3.090909090909091,,,,
2021,400H,M,8,7484243,Charles Brockman III,Texas,1:00.41,49.51,50.147000000000006,4.6,,49.51,6.32,,,,
2021,3000S,M,1,5582474,Kigen Chemadi,Mid. Tenn. State,7:06.89,508.2,518.3983333333333,1.25,1.0,508.2,9.22222222222222,1.0,,,
2021,3000S,M,2,6011691,Alec Basten,Minnesota,7:02.50,509.03,516.3059999999999,1.3333333333333333,1.0,503.86,3.4545454545454546,1.0,,,
2021,3000S,M,3,5977704,Ryan Smeeton,Oklahoma State,6:17.92,510.7,518.7833333333333,2.0,,500.06,2.0,,,,
2021,3000S,M,4,6098034,Garrett Marsing,BYU,8:16.20,511.54,517.358,2.3333333333333335,,511.54,3.0,,,,
2021,3000S,M,5,6876443,Duncan Hamilton,Montana State,8:21.32,511.55,524.4157142857142,1.8,1.0,496.23,2.0,1.0,,,
2021,3000S,M,6,7697359,Ky Robinson,Stanford,10:29.78,512.01,524.5383333333333,3.0,,512.01,3.8,,,,
2021,3000S,M,7,6876347,Derek  Johnson,Virginia,9:34.51,512.95,521.1133333333333,6.0,4.0,505.23,5.714285714285714,4.0,,,
2021,3000S,M,8,7373057,Parker Stokes,Georgetown,10:57.21,512.03,518.688,3.3333333333333335,1.0,498.88,6.714285714285714,1.0,,,
2021,HJ,M,1,6551772,JuVaughn Harrison,LSU,2.33m,2.36,2.2737499999999997,1.0,1.0,2.36,1.1428571428571428,1.0,,,
2021,HJ,M,2,6533098,Tejaswin Shankar,Kansas State,2.23m,2.28,2.226363636363636,1.375,,2.29,3.2916666666666665,,,,
2021,HJ,M,3,7028105,Mayson Conner,Nebraska,2.23m,2.23,2.1166666666666667,3.5,6.0,2.24,3.5,6.0,,,
2021,HJ,M,4,6074231,Darryl  Sullivan,Tennessee,2.23m,2.33,2.256,2.0,2.0,2.33,2.0,2.0,,,
2021,HJ,M,7,6597050,Earnie Sears,USC,2.20m,2.26,2.2,2.375,,2.3,2.375,,,,
2021,PV,M,1,7041294,Branson Ellis,Stephen F. Austin,5.70m,5.72,5.48875,1.8571428571428572,1.0,5.86,1.8571428571428572,1.0,,,
2021,PV,M,2,7599292,Keaton Daniel,Kentucky,5.55m,5.7,5.49,1.25,1.0,5.8,1.25,1.0,,,
2021,PV,M,3,6116130,Ethan Bray,South Dakota,5.55m,5.65,5.524666666666667,2.2142857142857144,2.0,5.65,2.2142857142857144,2.0,,,
2021,PV,M,4,6543213,Clayton Fritsch,Sam Houston,5.55m,5.65,5.485,2.3076923076923075,2.0,5.8,2.3076923076923075,2.0,,,
2021,PV,M,5,6993760,Zach Bradford,Kansas,5.45m,5.81,5.638000000000001,2.0714285714285716,,5.91,2.0714285714285716,,,,
2021,PV,M,6,6534234,Ryan Lipe,Alabama,5.45m,5.6,5.37625,2.142857142857143,2.0,5.6,2.75,2.0,,,
2021,LJ,M,1,6551772,JuVaughn Harrison,LSU,9.84m,8.45,8.2425,1.2857142857142858,2.0,8.45,1.1428571428571428,1.0,,,
2021,LJ,M,2,7524772,Isaac Grimes,Florida State,7.33m,8.35,8.059999999999999,1.2222222222222223,1.0,8.35,2.6666666666666665,1.0,,,
2021,LJ,M,3,7487907,Carey McLeod,Tennessee,6.75m,8.34,8.14,2.1666666666666665,1.0,8.4,3.230769230769231,1.0,,,
2021,LJ,M,4,6988878,Brandon  Hicklin,N. Carolina A&T,10.20m,7.91,7.585714285714286,4.166666666666667,,8.18,4.166666666666667,,,,
2021,LJ,M,5,5637084,Steffin  McCarter,Texas,7.92m,8.17,7.976666666666667,2.0,,8.35,3.4166666666666665,,,,
2021,LJ,M,6,7183095,Harrison  Schrage,UCLA,9.24m,,,,,,,,,,
2021,LJ,M,7,6099065,Rayvon Grey,LSU,9.88m,7.9,7.68,4.142857142857143,11.0,8.19,4.142857142857143,11.0,,,
2021,LJ,M,8,7378913,Rayvon Allen,Oklahoma,9.54m,8.19,7.667,2.363636363636364,,8.19,2.391304347826087,,,,
2021,TJ,M,1,7734303,Emmanuel Ihemeje,Oregon,15.08m,17.26,16.790000000000003,1.2,,17.26,1.2,,,,
2021,TJ,M,2,6584631,Jah-Nhai Perinchief,Tennessee,19.07m,17.03,16.535,1.3333333333333333,1.0,17.03,1.5,1.0,,,
2021,TJ,M,3,6605817,Chengetayi Mapaya,TCU,17.91m,17.01,16.665555555555557,1.5,,17.26,2.4,,,,
2021,TJ,M,4,7729851,Sean Dixon-Bodie,LSU,15.95m,16.61,16.37,2.888888888888889,5.0,16.89,2.888888888888889,5.0,,,
2021,TJ,M,5,6099784,Clayton Brown,Florida,15.40m,16.56,16.235,3.5,6.0,16.58,3.2857142857142856,3.0,,,
2021,TJ,M,6,6096986,Isaiah Griffith,Oregon,13.07m,16.54,15.996666666666664,6.5,,16.68,4.0,,,,
2021,TJ,M,7,7487907,Carey McLeod,Tennessee,11.97m,17.17,16.435,4.333333333333333,10.0,17.17,3.230769230769231,1.0,,,
2021,TJ,M,8,6131754,O'Brien Wasome,Texas,15.04m,16.41,16.125999999999998,3.4,,17.06,4.583333333333333,,,,
2021,SP,M,1,6901432,Turner Washington,Arizona State,17.94m,21.85,21.121111111111112,1.0,,21.85,1.0,,,,
2021,SP,M,2,6547040,Adrian Piperi,Texas,15.53m,21.74,20.583333333333332,2.75,,21.74,2.75,,,,
2021,SP,M,3,6583856,Jordan Geist,Arizona,23.87m,20.4,19.87333333333333,3.5454545454545454,,21.59,3.652173913043478,,,,
2021,SP,M,4,5597149,Andrew Liskowitz,Michigan,24.28m,20.7,19.8675,2.2857142857142856,1.0,21.02,2.75,1.0,,,
2021,SP,M,5,6995300,Josh Sobota,Kentucky,21.01m,19.82,18.66,3.5,7.0,20.88,4.0,3.0,,,
2021,SP,M,6,6111896,Zack Short,Idaho,19.71m,19.71,19.316666666666663,2.0,1.0,19.81,2.5714285714285716,1.0,,,
2021,SP,M,7,6079450,Darius King,Northern Iowa,17.92m,20.14,19.48,2.5714285714285716,,20.33,3.2666666666666666,,,,
2021,SP,M,8,6586912,Jonah Wilson,Washington,21.44m,19.67,19.178888888888892,3.375,,21.32,3.1666666666666665,,,,
2021,DT,M,1,6901432,Turner Washington,Arizona State,63.42m,66.26,64.49714285714286,1.0,,66.26,1.0,,,,
2021,DT,M,2,7003965,Roje Stona,Clemson,61.94m,61.94,60.29666666666666,1.4,2.0,68.64,3.2,2.0,,,
2021,DT,M,3,7537580,Claudio Romero,Virginia,61.36m,65.78,62.22714285714286,1.5,1.0,67.29,4.277777777777778,1.0,,,
2021,DT,M,4,7038263,Malik Paul,South Carolina,58.35m,58.35,56.04125,2.7142857142857144,4.0,58.35,3.3529411764705883,4.0,,,
2021,DT,M,5,7537576,Jacob  Lemmon,Virginia,57.78m,57.78,56.701666666666675,3.8,5.0,61.8,4.625,5.0,,,
2021,DT,M,6,6586906,Elijah Mason,Washington,57.72m,60.67,58.89666666666667,2.2,,61.77,2.2,,,,
2021,DT,M,7,7001230,Colton Paller,Wyoming,56.86m,57.61,55.965,2.857142857142857,,57.61,3.625,,,,
2021,DT,M,8,6079903,Terrell Adams,Charlotte,56.85m,59.61,55.61333333333333,3.0,1.0,59.61,2.8181818181818183,1.0,,,
2021,HT,M,1,6582277,Thomas Mardal,Florida,84.41m,76.74,74.7475,1.0,1.0,76.74,1.1666666666666667,1.0,,,
2021,HT,M,2,6092897,Gleb Dudarev,Kansas,88.69m,74.61,72.82000000000001,1.1666666666666667,,78.04,1.1428571428571428,,,,
2021,HT,M,3,7537882,Kostas Zaltos,Minnesota,63.38m,71.21,68.90714285714286,1.3333333333333333,1.0,78.08,5.3076923076923075,1.0,,,
2021,HT,M,4,5585164,Vlad Pavlenko,Iowa State,72.54m,72.41,68.265,2.4,,72.41,2.4,,,,
2021,HT,M,5,7540492,Alexios Prodanas,Virginia Tech,83.16m,71.08,68.13833333333334,2.8,1.0,71.08,4.0,1.0,,,
2021,HT,M,6,6096122,Alex  Talley,North Dakota State,81.64m,71.05,68.54714285714286,2.6666666666666665,1.0,71.05,2.4166666666666665,1.0,,,
2021,HT,M,7,7729884,Jon Nerdal,LSU,58.12m,70.92,69.18125,3.142857142857143,4.0,70.92,2.9285714285714284,4.0,,,
2021,HT,M,8,6583856,Jordan Geist,Arizona,59.95m,71.78,68.73666666666666,2.5,,75.97,3.652173913043478,,,,
2021,JT,M,1,6985940,Tzuriel Pedigo,LSU,76.98m,76.98,71.63857142857144,2.6666666666666665,4.0,79.79,2.6666666666666665,4.0,,,
2021,JT,M,2,7797902,DJ Jonsson,Miss State,76.73m,78.66,77.186,2.25,1.0,78.66,2.25,1.0,,,
2021,JT,M,3,6574455,Cade Antonucci,Auburn,76.14m,76.14,72.47,2.3333333333333335,,76.14,2.3333333333333335,,,,
2021,JT,M,4,7023325,Tyriq Horsford,Miss State,75.95m,75.95,73.378,3.25,,78.78,3.25,,,,
2021,JT,M,5,5640335,Sindri Gudmundsson,Miss State,75.61m,79.83,77.6575,3.0,2.0,80.49,3.0,2.0,,,
2021,JT,M,6,7476110,Franck DiSanza,SE Louisiana,74.71m,75.8,70.63625,2.142857142857143,1.0,75.8,2.142857142857143,1.0,,,
2021,JT,M,7,7184209,Cameron Bates,BYU,74.25m,74.4,71.728,4.5,,77.17,4.5,,,,
2021,JT,M,8,6537946,Benji Phillips,North Dakota State,71.40m,75.27,71.49142857142857,2.5,1.0,75.27,2.5,1.0,,,
2021,100,W,1,6988927,Cambrea  Sturgis,N. Carolina A&T,12.03,10.92,11.32375,1.8,,10.74,2.6818181818181817,,,,
2021,100,W,2,6598713,Twanisha Terry,USC,10.47,10.89,11.07,1.25,,10.79,2.1666666666666665,,,,
2021,100,W,3,6534261,Tamara Clark,Alabama,10.67,10.96,11.105,1.75,1.0,10.87,2.4347826086956523,1.0,,,
2021,100,W,4,7722970,Kemba Nelson,Oregon,10.14,10.98,11.183333333333332,3.0,,10.85,2.0,,,,
2021,100,W,5,6132219,Alfreda Steele,Miami (Fla.),9.11,11.15,11.302857142857144,2.6666666666666665,2.0,11.11,2.466666666666667,1.0,,,
2021,100,W,6,6578656,Jayla Kirkland,Florida State,7.86,11.12,11.24,2.5,1.0,11.12,2.0,1.0,,,
2021,100,W,7,6972576,Lanae-Tava Thomas,USC,8.55,11.18,11.335,2.8,,11.06,2.5416666666666665,,,,
2021,100,W,8,6531194,Celera Barnes,Kentucky,13.46,11.25,11.336666666666666,4.5,,10.82,3.6666666666666665,,,,
2021,200,W,1,6988927,Cambrea  Sturgis,N. Carolina A&T,24.34,22.12,22.95777777777778,3.6666666666666665,,22.12,2.6818181818181817,,,,
2021,200,W,2,6534261,Tamara Clark,Alabama,24.39,22.13,22.58818181818182,1.6666666666666667,1.0,21.89,2.4347826086956523,1.0,,,
2021,200,W,3,6586400,Anavia Battle,Ohio State,28.93,22.28,22.77916666666667,1.75,1.0,22.26,1.411764705882353,1.0,,,
2021,200,W,4,7729916,Favour Ofili,LSU,17.74,22.3,22.79090909090909,3.142857142857143,2.0,21.96,2.5454545454545454,1.0,,,
2021,200,W,5,6598713,Twanisha Terry,USC,29.27,22.54,22.99363636363637,3.4285714285714284,,22.54,2.1666666666666665,,,,
2021,200,W,6,6598705,Anglerne Annelus,USC,22.95,22.7,22.883999999999997,4.0,,22.16,2.4285714285714284,,,,
2021,200,W,7,6132219,Alfreda Steele,Miami (Fla.),29.38,22.77,22.929999999999996,2.75,1.0,22.47,2.466666666666667,1.0,,,
2021,200,W,8,7690425,Kevona Davis,Texas,28.71,22.78,23.049166666666665,4.375,,22.02,3.8260869565217392,,,,
2021,400,W,1,7729637,Athing Mu,Texas A&M,44.62,49.57,50.376666666666665,1.25,1.0,49.57,1.05,1.0,,,
2021,400,W,2,7732042,Talitha  Diggs,Florida,1:05.46,50.74,51.338,2.25,3.0,49.99,3.0,2.0,,,
2021,400,W,3,6110569,Kyra Constantine,USC,39.17,50.87,51.5425,2.0,,50.87,1.6153846153846154,,,,
2021,400,W,4,7519690,Nicole  Yeargin,USC,42.86,50.96,52.21857142857143,3.5,,50.96,2.608695652173913,,,,
2021,400,W,5,7496294,Charokee Young,Texas A&M,37.84,50.85,51.650000000000006,2.875,6.0,49.87,1.85,1.0,,,
2021,400,W,6,7546402,Stacey Ann Williams,Texas,38.51,50.34,51.98,2.7142857142857144,,50.18,4.052631578947368,,,,
2021,400,W,7,6972571,Bailey Lear,USC,59.07,51.02,51.905833333333334,3.5714285714285716,,51.02,2.8421052631578947,,,,
2021,400,W,8,6582287,Taylor Manson,Florida,55.68,51.04,51.88999999999999,4.166666666666667,5.0,51.04,4.125,2.0,,,
2021,800,W,1,7700503,Michaela Meyer,Virginia,2:20.73,120.28,122.50545454545454,1.2857142857142858,3.0,120.28,1.4,1.0,,,
2021,800,W,2,7003997,Laurie Barton,Clemson,2:16.34,120.65,122.81692307692308,1.7142857142857142,1.0,120.65,2.0555555555555554,1.0,,,
2021,800,W,3,6904231,Gabrielle Wilkinson,Florida,2:13.32,121.2,124.91153846153846,3.5714285714285716,9.0,121.2,4.0,1.0,,,
2021,800,W,4,6547986,Claire Seymour,BYU,2:38.49,121.91,124.078,3.0,,120.04,2.6,,,,
2021,800,W,5,6871713,Sarah Hendrick,Kennesaw State,2:33.24,121.47,123.89333333333332,2.625,1.0,120.98,2.4210526315789473,1.0,,,
2021,800,W,6,7402013,Lindsey Butler,Virginia Tech,2:28.63,121.32,123.71181818181816,3.2,2.0,121.23,2.5714285714285716,2.0,,,
2021,800,W,7,6418665,Avi' Tal Wilson-Perteete,UNLV,2:27.42,122.85,126.002,2.3333333333333335,,121.14,2.0833333333333335,,,,
2021,800,W,8,6419425,Brooke  Fazio,Richmond,1:48.22,122.73,126.19642857142856,2.6,1.0,122.73,2.2142857142857144,1.0,,,
2021,1500,W,1,6151585,Anna  Camp,BYU,4:08.53,248.53,252.1783333333333,2.3333333333333335,,248.53,2.25,,,,
2021,1500,W,2,5966783,Sage Hurta,Colorado,4:09.42,248.38,251.71,5.0,,248.38,1.8888888888888888,,,,
2021,1500,W,3,5962972,Ella Donaghu,Stanford,4:09.66,249.66,255.40571428571428,1.6666666666666667,,249.66,3.5,,,,
2021,1500,W,4,5956980,Danae Rivers,Penn State,4:10.47,250.47,255.57857142857145,3.6666666666666665,5.0,250.47,2.5,5.0,,,
2021,1500,W,5,6419176,Krissy Gear,Arkansas,4:11.01,249.0,251.93833333333336,2.3333333333333335,,249.0,2.625,1.0,,,
2021,1500,W,6,7791359,Micaela Degenero,Colorado,4:11.26,249.38,254.93333333333337,3.8,,249.38,3.4444444444444446,,,,
2021,1500,W,7,7376681,Amaris Tyynismaa,Alabama,4:11.56,249.48,252.58,3.6666666666666665,3.0,249.48,2.6666666666666665,3.0,,,
2021,1500,W,8,5962970,Christina Aragon,Stanford,4:12.63,252.44,256.2557142857143,5.333333333333333,,249.59,3.8,,,,
2021,5000,W,1,5962183,Elly Henes,NC State,19:20.07,918.75,936.8628571428573,1.5,1.0,918.75,3.066666666666667,1.0,,,
2021,5000,W,2,5960611,Katie Wasserman,Notre Dame,18:15.85,928.68,936.72,1.5,,928.68,1.8,4.0,,,
2021,5000,W,3,5956172,Bethany  Hasz,Minnesota,16:07.80,930.57,947.4525,1.8571428571428572,2.0,925.33,1.4615384615384617,1.0,,,
2021,5000,W,4,6455158,Jenna Magness,Michigan State,14:55.60,932.91,945.3142857142856,2.6666666666666665,1.0,926.21,2.5,1.0,,,
2021,5000,W,5,7376675,Mercy Chelangat,Alabama,11:58.57,917.79,940.4116666666667,2.2,1.0,917.28,2.3,1.0,,,
2021,5000,W,6,6436596,Julia Heymach,Stanford,13:41.59,933.62,943.36,3.5,,933.62,2.75,,,,
2021,5000,W,7,6430629,Emily Mackay,Binghamton,16:38.93,942.38,946.045,7.666666666666667,,942.38,5.666666666666667,,,,
2021,5000,W,8,5961475,Clare O'Brien,Boise State,16:41.11,937.87,952.1,5.333333333333333,,937.87,5.0,,,,
2021,10k,W,1,6418652,Carmela Cardama Baez,Oregon,41:37.61,1936.13,1968.4066666666668,1.0,,1936.13,2.2,,,,
2021,10k,W,2,7376675,Mercy Chelangat,Alabama,35:55.75,1933.13,1953.375,1.3333333333333333,1.0,1915.8,2.3,1.0,,,
2021,10k,W,3,6445883,Maria Mettler,Air Force,38:25.78,1954.05,2005.256666666667,4.0,,1954.05,4.0,,,,
2021,10k,W,4,7388040,Katie Izzo,Arkansas,34:50.96,1954.16,1990.1066666666663,3.0,2.0,1954.16,3.2222222222222223,2.0,,,
2021,10k,W,5,7480903,Haley Herberg,Washington,31:36.93,1955.59,1982.6233333333332,4.0,,1954.67,6.0,,,,
2021,10k,W,6,5961475,Clare O'Brien,Boise State,31:18.69,1956.96,2006.6466666666668,4.5,,1956.96,5.0,,,,
2021,10k,W,7,7422260,Grace Forbes,Rice,38:51.11,1944.38,1985.455,3.0,1.0,1944.38,1.9166666666666667,1.0,,,
2021,10k,W,8,7366522,Kelsey Chmiel,NC State,30:28.23,1965.83,2006.08,5.0,,1965.83,9.5,7.0,,,
2021,100H,W,1,6110568,Anna Cockrell,USC,10.19,12.54,12.79,1.0,,12.54,1.75,,,,
2021,100H,W,2,7513080,Rayniah  Jones,UCF,13.34,12.73,12.92875,1.6666666666666667,1.0,12.59,2.8125,1.0,,,
2021,100H,W,3,7718451,Ackera Nugent,Baylor,15.67,12.76,12.95,2.3333333333333335,,12.25,3.0,,,,
2021,100H,W,4,7533304,Grace Stark,Florida,15.73,12.73,13.045000000000002,4.333333333333333,2.0,12.47,3.2,2.0,,,
2021,100H,W,5,6082543,Madeleine Akobundu,N. Carolina A&T,12.65,12.84,13.172222222222222,4.5,,12.81,8.0,,,,
2021,100H,W,6,6995394,Masai Russell,Kentucky,12.97,12.9,13.140909090909092,3.8,6.0,12.32,3.75,3.0,,,
2021,100H,W,7,7723646,Cha'Mia Rothwell,Duke,14.72,12.95,13.166666666666666,2.5,3.0,12.95,3.25,3.0,,,
2021,100H,W,8,6533151,TeJyrica Robinson,N. Carolina A&T,28.24,12.83,14.901111111111112,3.0,,12.81,3.7142857142857144,,,,
2021,400H,W,1,6110568,Anna Cockrell,USC,54.68,54.68,56.07857142857143,1.0,,54.68,1.75,,,,
2021,400H,W,2,7044242,Shannon Meisberger,Arizona,55.70,55.7,56.80444444444444,2.0,,55.7,2.9444444444444446,,,,
2021,400H,W,3,6594839,Andrenette Knight,Virginia,55.81,55.75,56.6575,1.5,1.0,55.75,3.05,1.0,,,
2021,400H,W,4,6995394,Masai Russell,Kentucky,56.18,56.18,57.693333333333335,3.4,3.0,55.21,3.75,3.0,,,
2021,400H,W,5,6551878,Milan Young,LSU,56.23,56.23,57.414,2.4,2.0,56.23,4.148148148148148,2.0,,,
2021,400H,W,6,6083682,Faith Ross,Kentucky,56.49,56.49,57.90888888888888,5.0,8.0,56.49,5.6,5.0,,,
2021,400H,W,7,7731615,Ashton Lindley,South Carolina,56.74,56.74,57.664,3.8333333333333335,5.0,56.74,3.3333333333333335,3.0,,,
2021,400H,W,8,5626973,Stephanie Cho,Washington St.,57.48,57.48,58.66818181818182,3.2857142857142856,,57.48,3.363636363636364,,,,
2021,3000S,W,1,6537508,Mahala  Norris,Air Force,11:03.28,571.79,589.2516666666667,3.0,,571.79,3.0,,,,
2021,3000S,W,2,6574469,Joyce Kimeli,Auburn,8:34.66,571.84,580.648,1.6666666666666667,2.0,571.84,3.5384615384615383,2.0,,,
2021,3000S,W,3,6922644,Katie Rainsberger,Washington,7:37.70,572.12,582.4383333333334,2.75,,572.12,6.384615384615385,,,,
2021,3000S,W,4,6107448,Courtney Wayment,BYU,7:03.97,571.37,574.042,2.0,,556.0,2.5,,,,
2021,3000S,W,5,6438777,Charlotte Prouse,New Mexico,7:04.95,574.25,578.7633333333333,5.0,,574.25,2.8333333333333335,,,,
2021,3000S,W,6,7365150,Ceili McCabe,West Virginia,7:41.92,577.39,592.285,2.5,,571.14,2.111111111111111,,,,
2021,3000S,W,7,5974558,Gabrielle Jennings,Furman,11:22.33,578.24,583.486,5.0,,578.24,5.6,,,,
2021,3000S,W,8,4530682,Summer Allen,Weber State,6:52.07,577.48,593.9566666666666,3.25,1.0,577.48,6.375,1.0,,,
2021,HJ,W,1,7731611,Rachel  Glenn,South Carolina,1.78m,1.93,1.842222222222222,1.75,1.0,2.0,3.8947368421052633,1.0,,,
2021,HJ,W,2,7729642,Lamara Distin,Texas A&M,1.48m,1.9,1.82,2.8,3.0,2.0,3.928571428571429,3.0,,,
2021,HJ,W,3,6559750,Tyra Gittens,Texas A&M,1.80m,1.95,1.876875,1.3333333333333333,2.0,1.95,4.24,2.0,,,
2021,HJ,W,4,7687410,Morgan Smalls,USC,1.88m,1.84,1.79,3.0,,1.86,3.269230769230769,,,,
2021,HJ,W,5,7495951,Shelby Tyler,Georgia,2.36m,1.84,1.7800000000000002,3.9,7.0,1.84,3.9,7.0,,,
2021,HJ,W,6,7003545,Sanaa Barnes,Villanova,1.92m,1.82,1.805,4.0,2.0,1.86,4.0,2.0,,,
2021,PV,W,1,6987320,Lisa Gunnarsson,LSU,3.30m,4.56,4.4479999999999995,1.5555555555555556,2.0,4.65,1.5555555555555556,2.0,,,
2021,PV,W,2,7478921,Lauren Martinez,Arkansas,4.22m,4.49,4.33375,2.0,2.0,4.49,2.0,2.0,,,
2021,PV,W,5,5646714,Kayla Smith,Georgia,5.05m,4.49,4.335833333333333,2.0,4.0,4.49,2.0,4.0,,,
2021,PV,W,6,7707244,Sydney Horn,High Point,4.82m,4.44,4.284166666666667,2.5454545454545454,1.0,4.57,2.5454545454545454,1.0,,,
2021,PV,W,7,7019784,Chinne Okoronkwo,Texas Tech,5.38m,4.3,4.1257142857142854,3.8333333333333335,,4.35,4.3076923076923075,,,,
2021,LJ,W,1,7087499,Tara Davis,Texas,6.70m,7.14,6.766666666666667,1.2222222222222223,,7.14,3.176470588235294,,,,
2021,LJ,W,2,6559750,Tyra Gittens,Texas A&M,6.68m,6.96,6.39,2.3333333333333335,4.0,6.96,4.24,2.0,,,
2021,LJ,W,3,7495948,Jasmine Moore,Georgia,6.65m,6.83,6.489999999999999,3.2857142857142856,3.0,7.03,2.3333333333333335,1.0,,,
2021,LJ,W,4,5584573,Bria Matthews,Georgia Tech,6.58m,6.58,6.422,2.0,2.0,6.58,3.142857142857143,2.0,,,
2021,LJ,W,5,7488536,Alysah Hickey,Oregon,6.50m,6.81,6.328333333333333,4.6,,6.81,6.153846153846154,,,,
2021,LJ,W,6,7732041,Claire  Bryant,Florida,6.45m,6.7,6.455555555555556,2.888888888888889,2.0,6.88,3.272727272727273,2.0,,,
2021,LJ,W,7,7091735,Deborah Acquah,Texas A&M,6.39m,6.81,6.517272727272727,2.5384615384615383,1.0,6.89,2.35,1.0,,,
2021,LJ,W,8,7500561,Ruth Usoro,Texas Tech,6.36m,6.82,6.582222222222223,2.7777777777777777,,6.82,1.9411764705882353,,,,
2021,TJ,W,1,7500561,Ruth Usoro,Texas Tech,14.19m,14.5,14.17,1.0,,14.5,1.9411764705882353,,,,
2021,TJ,W,2,7495948,Jasmine Moore,Georgia,14.13m,14.39,13.975555555555555,1.5,1.0,15.12,2.3333333333333335,1.0,,,
2021,TJ,W,3,6133624,Michelle Fokam,Rice,14.04m,14.04,13.547142857142855,1.5714285714285714,1.0,14.04,3.0,1.0,,,
2021,TJ,W,4,7091735,Deborah Acquah,Texas A&M,13.95m,14.27,13.77875,2.0,2.0,14.27,2.35,1.0,,,
2021,TJ,W,5,7730606,Ruta Lasmane,Florida State,13.91m,14.2,13.8475,1.75,1.0,14.47,2.363636363636364,1.0,,,
2021,TJ,W,6,5584573,Bria Matthews,Georgia Tech,13.90m,13.9,13.142857142857142,3.0,2.0,13.9,3.142857142857143,2.0,,,
2021,TJ,W,7,6997737,Titiana Marsh,Georgia,13.68m,13.68,13.30375,4.875,4.0,13.83,6.125,4.0,,,
2021,TJ,W,8,7687408,Temitope Ojora,USC,13.51m,13.62,13.287142857142856,2.142857142857143,,13.9,2.4166666666666665,,,,
2021,SP,W,1,6701960,Adelaide Aquilla,Ohio State,18.98m,19.12,17.626923076923077,1.5,1.0,19.64,3.4444444444444446,1.0,,,
2021,SP,W,2,6584256,Josie Schaefer,Wisconsin,18.29m,18.29,17.39,2.6,3.0,18.98,3.1875,3.0,,,
2021,SP,W,3,7015898,Akealy  Moton,North Dakota State,18.11m,18.11,17.569285714285716,1.5384615384615383,1.0,18.11,2.588235294117647,1.0,,,
2021,SP,W,4,6107120,Khayla Dawson,Indiana,17.99m,18.91,18.085714285714285,1.6666666666666667,2.0,18.91,4.090909090909091,2.0,,,
2021,SP,W,5,6587509,Latavia Maines,Tennessee,17.79m,18.71,17.234615384615385,2.5,1.0,18.71,2.5,1.0,,,
2021,SP,W,6,6087945,Laulauga Tausaga,Iowa,17.29m,17.97,17.488333333333333,3.2,5.0,18.02,3.3,1.0,,,
2021,SP,W,7,7728836,Samantha Noennig,Arizona,17.26m,18.25,17.79,1.7,,18.25,1.8666666666666667,,,,
2021,SP,W,8,5636605,Sade Olatoye,Ohio State,17.26m,17.75,16.9225,3.7142857142857144,4.0,17.88,3.0526315789473686,1.0,,,
2021,DT,W,1,7727873,Jorinde Van Klinken,Arizona State,65.01m,65.01,60.7775,1.0,,67.05,2.0555555555555554,,,,
2021,DT,W,2,6087945,Laulauga Tausaga,Iowa,63.53m,63.53,61.586,1.25,1.0,63.53,3.3,1.0,,,
2021,DT,W,3,6576296,Seasons Usual,Texas Tech,58.58m,59.85,57.128,2.0,,59.85,2.9047619047619047,,,,
2021,DT,W,4,6124440,Shanice Love,Florida State,58.50m,61.22,58.815714285714286,1.8333333333333333,1.0,62.69,1.8333333333333333,1.0,,,
2021,DT,W,5,6078103,Sydney Laufenberg,Illinois State,58.02m,58.02,54.23777777777778,1.875,,58.02,4.368421052631579,,,,
2021,DT,W,6,6997916,Gabrielle Bailey,Kent State,57.73m,58.36,53.38428571428572,3.6666666666666665,,58.36,3.45,,,,
2021,DT,W,7,7540506,Essence Henderson,Virginia Tech,57.72m,57.72,53.91,5.75,13.0,58.83,3.7,1.0,,,
2021,DT,W,8,6605848,Alexandra Emilianov,Kansas,57.60m,60.26,57.144285714285715,2.5,,62.63,3.0,,,,
2021,HT,W,1,6527542,Camryn Rogers,California,93.64m,75.52,72.58999999999999,1.0,,77.67,1.9,,,,
2021,HT,W,2,6557376,Shey Taiwo,Ole Miss,88.37m,71.27,65.44142857142857,2.5,7.0,71.27,5.2,7.0,,,
2021,HT,W,3,6588921,Jillian Shippee,North Carolina,65.25m,69.42,67.15333333333334,1.6,1.0,70.07,2.3,1.0,,,
2021,HT,W,4,7542360,Tara Simpson-Sullivan,Rice,49.52m,68.91,65.22153846153846,2.0,1.0,69.94,2.076923076923077,1.0,,,
2021,HT,W,5,6583863,Beatrice Llano,Arizona State,58.46m,68.78,67.718,2.5,,72.1,2.5,,,,
2021,HT,W,6,5595464,Maddy Nilles,North Dakota State,69.98m,68.95,67.27125,2.0,1.0,68.95,3.8666666666666663,1.0,,,
2021,HT,W,7,5636605,Sade Olatoye,Ohio State,72.59m,69.89,68.10285714285715,2.0,1.0,69.89,3.0526315789473686,1.0,,,
2021,HT,W,8,6536740,Nayoka Clunis,Tennessee,52.57m,67.4,63.68285714285714,4.166666666666667,5.0,67.4,5.8125,2.0,,,
2021,JT,W,1,6562296,Marie-Therese Obst,Georgia,54.91m,61.37,58.695,1.0,1.0,61.37,1.0,1.0,,,
2021,JT,W,2,7727871,Alizee Minard,Arizona State,53.86m,57.91,55.1325,1.6666666666666667,,57.91,1.6666666666666667,,,,
2021,JT,W,3,6546692,Maura Fiamoncini,Bucknell,69.47m,56.48,54.4075,1.6666666666666667,1.0,56.48,1.6666666666666667,1.0,,,
2021,JT,W,4,5640551,Vanja Spaic,Fresno State,70.48m,55.06,51.86125,1.4285714285714286,,55.06,1.4285714285714286,,,,
2021,JT,W,5,6537871,Kari Wolfe,North Dakota State,58.87m,55.02,53.87375,1.7142857142857142,1.0,55.02,1.7142857142857142,1.0,,,
2021,JT,W,6,5636625,Kylee Carter,Auburn,68.75m,60.69,56.16285714285714,2.3333333333333335,2.0,60.69,2.3333333333333335,2.0,,,
2021,JT,W,7,6586855,Virginia Miller,Stanford,54.49m,54.49,50.785714285714285,3.1666666666666665,,55.26,3.1666666666666665,,,,
2021,JT,W,8,7524759,Kelechi Nwanaga,Florida State,69.36m,54.93,51.12166666666667,4.8,1.0,55.06,4.8,1.0,,,
2019,100,M,1,6166402,Divine Oduduru,Texas Tech,7.30,9.94,10.053999999999998,1.0,1.0,9.86,1.8,1.0,,,
2019,100,M,2,6582462,Cravon Gillespie,Oregon,12.22,9.97,10.093333333333334,2.0,,9.93,2.4,,,,
2019,100,M,3,6582280,Hakim Sani Brown,Florida,11.97,9.99,10.156,2.6666666666666665,1.0,9.96,2.0,1.0,,,
2019,100,M,4,6103961,Waseem Williams,Purdue,12.75,10.11,10.2925,5.2,,10.04,4.44,,,,
2019,100,M,5,7040001,Bryand Rincher,Florida State,10.87,10.21,10.3,12.5,,10.02,5.375,,,,
2019,100,M,6,5596167,Mario Burke,Houston,10.97,10.08,10.23,1.75,1.0,9.95,1.55,1.0,,,
2019,100,M,7,5637238,Devin Quinn,Illinois,7.80,10.11,10.238333333333332,1.2,,10.01,1.4285714285714286,,,,
2019,100,M,8,6133024,Joseph Amoah,Coppin State,9.92,10.1,10.278333333333334,2.0,,10.0,3.7058823529411766,,,,
2019,200,M,1,6166402,Divine Oduduru,Texas Tech,21.12,19.76,20.168,1.3333333333333333,,19.73,1.8,1.0,,,
2019,200,M,2,6582462,Cravon Gillespie,Oregon,15.55,20.17,20.586,3.0,,19.93,2.4,,,,
2019,200,M,3,6582280,Hakim Sani Brown,Florida,19.68,20.13,20.52,2.0,,20.08,2.0,1.0,,,
2019,200,M,4,5596167,Mario Burke,Houston,22.93,20.4,20.856666666666666,1.75,2.0,20.08,1.55,1.0,,,
2019,200,M,5,6588208,Micaiah Harris,Texas,21.34,20.21,20.782,3.3333333333333335,,19.72,4.117647058823529,3.0,,,
2019,200,M,6,6133024,Joseph Amoah,Coppin State,18.58,20.24,20.827142857142857,2.8333333333333335,,20.08,3.7058823529411766,,,,
2019,200,M,7,5639473,Andrew Hudson,Texas Tech,24.51,20.04,20.481111111111108,1.8,1.0,20.04,2.0,1.0,,,
2019,200,M,8,5602274,Mustaqeem Williams,Tennessee,22.83,20.31,20.7,1.8,1.0,20.11,3.3157894736842106,1.0,,,
2019,400,M,1,6547853,Kahmari Montgomery,Houston,57.06,44.78,45.73625,1.0,1.0,44.23,1.0,1.0,,,
2019,400,M,2,6533137,Trevor Stewart,N. Carolina A&T,44.70,44.54,45.91875,2.2,,44.25,2.25,,,,
2019,400,M,3,5639665,Wil London,Baylor,34.37,44.93,45.63333333333333,1.0,1.0,44.63,1.25,1.0,,,
2019,400,M,4,7008872,Jonathan Jones,Texas,32.59,45.02,46.158,4.166666666666667,2.0,44.43,4.444444444444445,2.0,,,
2019,400,M,5,6577694,Alejandro Zapata,Liberty,58.08,45.19,45.895,1.1666666666666667,1.0,44.86,3.2916666666666665,1.0,,,
2019,400,M,6,5610154,Bryce Deadmon,Texas A&M,47.89,45.82,46.52666666666667,5.6,9.0,44.44,2.85,1.0,,,
2019,400,M,7,6582281,Chantz Sawyers,Florida,57.91,45.6,46.32375,7.4,,45.24,6.428571428571429,,,,
2019,800,M,1,6092901,Bryce Hoppel,Kansas,1:44.41,105.87,108.909,1.0,1.0,104.41,1.8421052631578947,1.0,,,
2019,800,M,2,6104391,Devin Dixon,Texas A&M,1:44.84,104.76,107.56666666666666,1.2,1.0,104.76,1.15,1.0,,,
2019,800,M,3,6445416,Festus  Lagat,Iowa State,1:45.05,106.58,108.644,3.0,4.0,105.05,2.7857142857142856,2.0,,,
2019,800,M,4,6560112,Carlton Orange,Texas A&M,1:46.40,107.05,108.89444444444445,3.0,7.0,106.4,3.388888888888889,7.0,,,
2019,800,M,5,6106986,Cooper Williams,Indiana,1:46.45,107.24,108.831,1.1666666666666667,,106.06,2.5,,,,
2019,800,M,6,6099600,Michael Rhoads,Air Force,1:46.58,107.1,109.5788888888889,1.8,1.0,106.58,2.5,1.0,,,
2019,800,M,7,5505770,Jonah Koech,Texas Tech,1:47.28,106.42,108.43571428571428,2.75,2.0,106.23,4.928571428571429,2.0,,,
2019,800,M,8,5639469,Vincent Crisp,Texas Tech,1:47.48,107.28,108.8375,3.0,5.0,106.31,2.75,5.0,,,
2019,1500,M,1,6422180,Yared Nuguse,Notre Dame,3:41.39,218.32,222.688,2.0,,214.68,1.3333333333333333,,,,
2019,1500,M,2,4999842,Justine Kiprotich,Michigan State,3:41.39,221.89,226.245,1.0,,221.39,1.5555555555555556,,,,
2019,1500,M,3,5595883,Cameron  Griffith,Arkansas,3:42.14,219.86,224.868,6.0,2.0,219.86,3.0833333333333335,2.0,,,
2019,1500,M,4,5969929,Oliver Hoare,Wisconsin,3:42.29,217.2,221.79166666666663,3.6666666666666665,,217.2,3.5555555555555554,,,,
2019,1500,M,5,6901427,William Paulson,Arizona State,3:42.32,218.35,223.02285714285716,2.75,,218.35,4.875,,,,
2019,1500,M,6,5484122,Kasey  Knevelbaard,Southern Utah,3:42.43,221.69,225.01,9.0,2.0,221.69,8.466666666666667,2.0,,,
2019,1500,M,7,6078118,Jack Anstey,Illinois State,3:42.73,221.81,227.85333333333332,8.333333333333334,,219.17,3.142857142857143,,,,
2019,1500,M,8,5538189,Casey Comber,Villanova,3:42.77,222.54,230.87600000000003,2.0,1.0,217.76,1.625,1.0,,,
2019,5000,M,1,4985329,Morgan  McDonald,Wisconsin,11:16.81,817.85,825.1766666666666,1.0,,809.79,1.4,,,,
2019,5000,M,2,5576701,Grant Fisher,Stanford,13:32.77,809.52,821.82,1.5,,809.52,1.8888888888888888,,,,
2019,5000,M,3,5962982,Thomas Ratcliffe,Stanford,11:01.38,812.81,820.025,3.0,,800.88,5.4,,,,
2019,5000,M,4,6421307,Gilbert Kigen,Alabama,16:32.30,814.95,835.0925,2.3333333333333335,2.0,814.95,2.5714285714285716,1.0,,,
2019,5000,M,5,6579290,Edwin Kurgat,Iowa State,10:27.72,804.04,833.816,2.25,3.0,800.48,1.7777777777777777,2.0,,,
2019,5000,M,6,5463999,Clayton Young,BYU,9:54.30,811.79,829.885,18.0,,811.79,17.666666666666668,,,,
2019,5000,M,7,6547912,Conner Mantz,BYU,13:18.25,809.73,819.21,16.0,,804.78,13.0,,,,
2019,5000,M,8,5464381,Kyle Mau,Indiana,15:51.58,824.43,841.2275,1.3333333333333333,,824.43,3.6666666666666665,,,,
2019,10k,M,1,5463999,Clayton Young,BYU,35:07.92,1698.5,1719.635,2.0,,1698.5,17.666666666666668,,,,
2019,10k,M,2,6421307,Gilbert Kigen,Alabama,27:15.04,1700.28,1769.172,2.0,1.0,1700.28,2.5714285714285716,1.0,,,
2019,10k,M,3,5022717,Connor McMillan,BYU,31:40.64,1691.3,1715.895,9.0,,1689.55,7.333333333333333,,,,
2019,10k,M,4,6547912,Conner Mantz,BYU,22:35.15,1698.18,1777.82,1.0,,1661.16,13.0,,,,
2019,10k,M,5,5977711,Hassan Abdi,Oklahoma State,36:23.31,1740.45,1755.2733333333333,10.0,1.0,1734.86,5.4,1.0,,,
2019,10k,M,6,5466304,Tyler Day,Northern Arizona,20:35.75,1704.94,1722.745,7.0,,1684.44,10.11111111111111,1.0,,,
2019,10k,M,7,6608192,Robert Brandt,UCLA,35:01.95,1735.27,1741.2699999999998,1.0,,1735.27,2.3333333333333335,,,,
2019,10k,M,8,5590490,Azaria Kirwa,Liberty,36:18.19,1736.84,1761.9666666666665,1.5,1.0,1736.84,6.444444444444445,1.0,,,
2019,110H,M,1,6099791,Grant Holloway,Florida,14.54,13.07,13.19285714285714,1.3333333333333333,2.0,12.98,2.0416666666666665,2.0,,,
2019,110H,M,2,6083648,Daniel Roberts,Kentucky,13.91,13.07,13.383333333333333,1.2,1.0,13.0,3.3684210526315788,1.0,,,
2019,110H,M,3,5153755,Isaiah Moore,South Carolina,12.71,13.39,13.597777777777775,2.25,3.0,13.25,2.375,3.0,,,
2019,110H,M,4,5593013,Dashaun Jackson,Saint Francis University,10.31,13.53,13.776,2.0,,13.37,4.473684210526316,,,,
2019,110H,M,5,6131405,Caleb Parker,Southern Miss.,17.08,13.52,13.8475,2.6666666666666665,1.0,13.5,2.6842105263157894,1.0,,,
2019,110H,M,6,5588402,Michael  Dickson,N. Carolina A&T,13.44,13.58,13.7425,3.5,,13.54,4.785714285714286,,,,
2019,110H,M,7,5596172,Amere Lattin,Houston,14.88,13.56,13.697142857142856,2.4,1.0,13.3,2.0,1.0,,,
2019,400H,M,1,7038252,Quincy  Hall,South Carolina,48.48,48.54,49.45666666666667,1.0,,48.48,2.0833333333333335,1.0,,,
2019,400H,M,2,6097479,Norman Grimes,Texas Tech,48.71,49.11,51.717777777777776,1.6,1.0,48.71,2.3076923076923075,1.0,,,
2019,400H,M,3,5596172,Amere Lattin,Houston,48.72,49.45,49.81714285714286,1.25,1.0,48.72,2.0,1.0,,,
2019,400H,M,4,5597150,Taylor McLaughlin,Michigan,48.85,49.94,50.568,1.5,,48.85,4.714285714285714,,,,
2019,400H,M,5,7044237,James Smith,Arizona,49.72,49.88,50.41625,2.8,,49.3,3.7222222222222223,,,,
2019,400H,M,6,6597048,Cameron Samuel,USC,49.83,49.09,50.25,1.0,,48.68,2.0,,,,
2019,400H,M,7,5592771,Martice Moore,Louisville,50.14,49.85,51.01333333333333,1.6666666666666667,,49.85,3.0,,,,
2019,3000S,M,1,5111587,Steven Fahy,Stanford,6:49.59,519.6,522.98,1.0,,514.52,4.875,,,,
2019,3000S,M,2,5977704,Ryan Smeeton,Oklahoma State,7:16.05,507.9,522.35,1.0,1.0,500.06,3.1818181818181817,1.0,,,
2019,3000S,M,3,5582474,Kigen Chemadi,Mid. Tenn. State,7:58.61,518.28,525.2166666666667,1.0,1.0,508.2,4.076923076923077,1.0,,,
2019,3000S,M,4,5014135,Obsa Ali,Minnesota,8:45.57,511.15,517.3766666666667,3.0,,511.15,4.5,,,,
2019,3000S,M,5,4979670,Bailey Roth,Arizona,10:09.48,518.68,527.7360000000001,3.75,,517.38,12.75,,,,
2019,3000S,M,6,5482490,Alex Rogers,Texas,6:42.94,515.25,528.9,1.6666666666666667,3.0,515.25,3.3846153846153846,3.0,,,
2019,3000S,M,7,7002948,Daniel Michalski,Indiana,8:01.61,514.26,518.155,1.5,,514.26,5.375,,,,
2019,3000S,M,8,5998571,Matt Owens,BYU,8:45.40,512.59,519.745,3.6666666666666665,,512.59,7.625,,,,
2019,HJ,M,1,6551772,JuVaughn Harrison,LSU,2.57m,2.28,2.24,1.2,1.0,2.36,2.363636363636364,1.0,,,
2019,HJ,M,2,6533098,Tejaswin Shankar,Kansas State,2.25m,2.28,2.2257142857142855,1.0,1.0,2.29,3.4,1.0,,,
2019,HJ,M,3,6534232,Shelby McEwen,Alabama,2.60m,2.31,2.236666666666667,1.375,2.0,2.31,1.375,2.0,,,
2019,HJ,M,4,6121269,Keenon Laine,Georgia,1.90m,2.28,2.2183333333333333,2.6,6.0,2.28,2.6,6.0,,,
2019,HJ,M,5,7015361,Eric Richards,Southern Miss.,2.24m,2.22,2.1466666666666665,2.0,4.0,2.25,3.6666666666666665,4.0,,,
2019,HJ,M,6,7051382,Sean Lee,UCLA,2.61m,2.17,2.148571428571429,2.0,,2.21,2.0,,,,
2019,PV,M,1,6116135,Chris Nilsen,South Dakota,5.95m,5.85,5.647857142857142,1.0,1.0,5.95,1.0,1.0,,,
2019,PV,M,2,6985934,Mondo Duplantis,LSU,5.80m,6.0,5.7625,1.0,1.0,6.0,1.0,1.0,,,
2019,PV,M,3,6543213,Clayton Fritsch,Sam Houston St.,5.75m,5.71,5.349166666666666,2.4545454545454546,,5.8,2.4545454545454546,,,,
2019,PV,M,4,7011286,KC Lightfoot,Baylor,5.70m,5.71,5.573333333333333,1.2727272727272727,1.0,6.0,1.2727272727272727,1.0,,,
2019,PV,M,5,5597757,Michael Carr,Arkansas State,5.70m,5.48,5.26,1.9,2.0,5.7,1.9,2.0,,,
2019,PV,M,6,6993760,Zach Bradford,Kansas,5.70m,5.77,5.45,2.857142857142857,3.0,5.91,2.857142857142857,3.0,,,
2019,PV,M,7,5639459,Brandon Bray,Texas Tech,5.70m,5.45,5.3420000000000005,2.0,2.0,5.7,2.0,2.0,,,
2019,PV,M,8,6097505,Drew McMichael,Texas Tech,5.60m,5.58,5.365833333333334,2.272727272727273,4.0,5.6,2.272727272727273,4.0,,,
2019,LJ,M,1,6551772,JuVaughn Harrison,LSU,8.20m,8.17,7.883333333333333,3.0,2.0,8.45,2.363636363636364,1.0,,,
2019,LJ,M,2,5101661,Trumaine Jefferson,Houston,8.18m,7.84,7.734999999999999,2.0,,8.18,2.0833333333333335,,,,
2019,LJ,M,3,6139889,Yann  Randrianasolo,South Carolina,8.12m,8.07,7.786,1.625,3.0,8.12,3.1538461538461537,3.0,,,
2019,LJ,M,4,6097480,Justin Hall,Texas Tech,8.05m,7.88,7.638571428571429,3.6666666666666665,3.0,8.05,4.882352941176471,3.0,,,
2019,LJ,M,5,5608250,Jacob Fincham-Dukes,Oklahoma State,8.00m,7.99,7.88,2.0,5.0,8.02,4.0,5.0,,,
2019,LJ,M,6,6080407,Jamie Brown,Alabama State,7.88m,7.74,7.45125,2.4285714285714284,,7.88,5.6875,,,,
2019,LJ,M,7,5665304,Kemonie Briggs,Long Beach St.,7.87m,7.96,7.726666666666667,1.5,1.0,7.99,2.652173913043478,1.0,,,
2019,LJ,M,8,5096177,Jordan Latimer,Akron,7.83m,8.02,7.837999999999999,2.375,1.0,8.02,2.375,1.0,,,
2019,TJ,M,1,6605817,Chengetayi Mapaya,TCU,12.68m,16.83,16.555,1.4285714285714286,1.0,17.26,1.4285714285714286,1.0,,,
2019,TJ,M,2,5955831,Jordan Scott,Virginia,18.71m,17.07,16.5875,1.0,,17.37,1.3333333333333333,,,,
2019,TJ,M,3,5639564,Armani Wallace,Florida State,13.42m,16.88,16.186666666666667,3.4,,16.99,3.2857142857142856,,,,
2019,TJ,M,4,6550401,John Warren,Southern Miss.,12.92m,16.81,16.246666666666666,1.0,1.0,16.81,2.3333333333333335,1.0,,,
2019,TJ,M,5,6131754,O'Brien Wasome,Texas,12.03m,16.4,16.19333333333333,2.0,3.0,17.06,1.8,3.0,,,
2019,TJ,M,6,6576262,Odaine Lewis,Texas Tech,17.03m,16.53,16.408,2.2,2.0,16.73,1.8,2.0,,,
2019,TJ,M,7,5584412,Eric Bethea,Indiana,17.98m,16.19,15.926666666666668,1.6,,16.65,2.6666666666666665,,,,
2019,TJ,M,8,6527558,Tuomas Kaukolahti,California,19.31m,16.5,16.216,1.0,,16.5,1.3333333333333333,,,,
2019,SP,M,1,6547040,Adrian Piperi,Texas,23.43m,21.01,20.45777777777778,1.625,1.0,21.74,5.3076923076923075,1.0,,,
2019,SP,M,2,5640394,Denzel Comenentia,Georgia,17.45m,20.82,20.4,2.4,1.0,20.88,2.5,1.0,,,
2019,SP,M,3,6583856,Jordan Geist,Arizona,22.75m,21.59,20.91,1.1428571428571428,,21.59,1.6111111111111112,,,,
2019,SP,M,4,5596833,Payton  Otterdahl,North Dakota State,23.07m,21.81,20.99,1.2857142857142858,1.0,21.81,1.7333333333333334,1.0,,,
2019,SP,M,5,5257446,Dotun Ogundeji,UCLA,21.90m,21.05,19.78090909090909,2.4,,21.05,2.375,,,,
2019,SP,M,6,5584344,Matthew Katnik,USC,17.88m,19.67,19.183636363636364,3.9,,20.76,4.0,,,,
2019,SP,M,7,6218237,Nate Esparza,UCLA,16.51m,19.82,18.869,5.333333333333333,,19.83,5.333333333333333,,,,
2019,SP,M,8,5597149,Andrew Liskowitz,Michigan,20.89m,20.23,19.67625,2.0,,21.02,5.153846153846154,,,,
2019,DT,M,1,6097483,Eric Kicinski,Texas Tech,54.40m,63.45,60.50555555555555,1.25,1.0,63.45,2.888888888888889,1.0,,,
2019,DT,M,2,5596833,Payton  Otterdahl,North Dakota State,78.72m,62.64,60.492,1.75,1.0,62.94,1.7333333333333334,1.0,,,
2019,DT,M,3,5610006,Kord Ferguson,Alabama,76.97m,60.85,59.84400000000001,2.25,1.0,62.07,2.0,1.0,,,
2019,DT,M,4,5257446,Dotun Ogundeji,UCLA,61.56m,60.54,57.879999999999995,2.3333333333333335,,60.54,2.375,,,,
2019,DT,M,5,5640394,Denzel Comenentia,Georgia,73.76m,58.54,57.27,3.6666666666666665,2.0,59.97,2.5,1.0,,,
2019,DT,M,6,6990924,Samuel Welsh,Harvard,61.92m,59.24,55.312,5.25,,63.26,3.8,,,,
2019,DT,M,7,6586906,Elijah Mason,Washington,52.46m,60.65,56.81833333333333,1.8,,61.77,3.8181818181818183,,,,
2019,DT,M,8,5584335,Brett Neelly,Kansas State,46.58m,57.36,54.085,4.8,2.0,58.23,3.0,2.0,,,
2019,HT,M,1,7188426,Daniel  Haugh,Kennesaw State,79.11m,75.55,73.2757142857143,1.3333333333333333,1.0,75.55,1.6666666666666667,1.0,,,
2019,HT,M,2,6092897,Gleb Dudarev,Kansas,55.41m,74.39,72.96600000000001,1.25,1.0,78.04,1.2,1.0,,,
2019,HT,M,3,5640659,Hilmar Orn Jonsson,Virginia,91.64m,75.26,73.122,1.25,,75.26,2.5,,,,
2019,HT,M,4,6582277,Thomas Mardal,Florida,57.75m,73.0,71.55199999999999,2.0,1.0,76.74,3.125,1.0,,,
2019,HT,M,5,5640394,Denzel Comenentia,Georgia,87.52m,76.8,73.215,2.3333333333333335,2.0,76.8,2.5,1.0,,,
2019,HT,M,6,5135087,AJ McFarland,Florida,55.91m,70.99,69.452,3.5,3.0,71.68,5.222222222222222,3.0,,,
2019,HT,M,7,5109711,Morgan Shigo,Penn State,79.24m,72.05,70.72571428571429,2.4,,72.47,2.6,,,,
2019,HT,M,8,5146857,Joe Ellis,Michigan,62.33m,70.88,70.2275,2.3333333333333335,,72.72,1.8333333333333333,,,,
2019,JT,M,1,6582863,Anderson Peters,Miss State,101.35m,86.07,82.586,1.0,1.0,86.62,1.0,1.0,,,
2019,JT,M,2,5147895,Curtis Thompson,Miss State,92.55m,78.68,76.14166666666667,2.0,2.0,82.88,2.0,2.0,,,
2019,JT,M,3,7023325,Tyriq Horsford,Miss State,96.00m,78.78,71.71166666666666,4.6,3.0,78.78,4.6,3.0,,,
2019,JT,M,4,5640335,Sindri Gudmundsson,Utah State,69.48m,73.69,73.685,1.0,1.0,80.49,1.0,1.0,,,
2019,JT,M,5,5139811,Aaron True,Wichita State,92.12m,75.33,72.69833333333334,1.0,1.0,77.49,1.0,1.0,,,
2019,JT,M,6,4637330,Sam Hardin,Texas A&M,86.20m,73.09,71.21833333333333,1.8,4.0,73.42,1.8,4.0,,,
2019,JT,M,7,6988187,Ethan Dabbs,Virginia,93.90m,76.04,70.72200000000001,1.0,,82.92,1.0,,,,
2019,JT,M,8,5154039,Denham Patricelli,Washington,88.73m,73.62,70.03833333333334,4.6,,73.62,4.6,,,,
2019,100,W,1,6987308,Sha'Carri Richardson,LSU,10.65,10.99,11.193333333333332,1.5,1.0,10.75,1.894736842105263,1.0,,,
2019,100,W,2,5588415,Kayla White,N. Carolina A&T,13.69,11.11,11.18,1.0,,10.95,1.4545454545454546,,,,
2019,100,W,3,6598713,Twanisha Terry,USC,10.76,11.09,11.198,1.25,,10.79,1.7777777777777777,,,,
2019,100,W,4,5637432,Teahna Daniels,Texas,8.25,10.99,11.274,1.0,1.0,10.99,3.5714285714285716,1.0,,,
2019,100,W,5,5637289,Kiara  Parker,Arkansas,12.35,11.24,11.3525,4.5,3.0,11.02,3.1578947368421053,2.0,,,
2019,100,W,6,6580048,Kiara Grant,Norfolk State,9.06,11.18,11.27,9.0,,11.04,3.8,,,,
2019,100,W,7,6598705,Anglerne Annelus,USC,13.90,11.17,11.276,2.3333333333333335,,11.06,1.4666666666666666,,,,
2019,100,W,8,6550718,Ka'Tia Seymour,Florida State,8.16,11.14,11.236,1.3333333333333333,,11.08,2.533333333333333,,,,
2019,200,W,1,6598705,Anglerne Annelus,USC,22.16,22.36,22.877142857142857,1.4,,22.16,1.4666666666666666,,,,
2019,200,W,2,6987308,Sha'Carri Richardson,LSU,22.17,22.57,23.018888888888892,3.0,1.0,22.17,1.894736842105263,1.0,,,
2019,200,W,3,6988927,Cambrea  Sturgis,N. Carolina A&T,22.40,22.52,23.246666666666663,1.5,,22.12,3.1333333333333333,,,,
2019,200,W,4,6548045,Janeek Brown,Arkansas,22.40,22.47,23.10375,4.166666666666667,5.0,22.4,2.5416666666666665,1.0,,,
2019,200,W,5,5637432,Teahna Daniels,Texas,22.62,22.51,23.35,4.75,1.0,22.51,3.5714285714285716,1.0,,,
2019,200,W,6,6972576,Lanae-Tava Thomas,USC,22.74,22.76,23.011428571428574,2.0,,22.12,2.72,,,,
2019,200,W,7,5588415,Kayla White,N. Carolina A&T,22.81,22.56,23.106666666666666,1.3333333333333333,,22.52,1.4545454545454546,,,,
2019,400,W,1,7037373,Wadeline Jonathas,South Carolina,50.60,51.19,52.25666666666667,2.4,3.0,50.6,2.6666666666666665,3.0,,,
2019,400,W,2,6995379,Chloe Abbott,Kentucky,50.98,51.32,52.39833333333333,2.0,4.0,50.98,2.391304347826087,4.0,,,
2019,400,W,3,5651818,Sharrika Barnett,Florida,51.00,50.96,52.21333333333334,3.8,9.0,50.69,4.785714285714286,3.0,,,
2019,400,W,4,6996484,Kethlin Campbell,Arkansas,51.09,51.03,52.16375,2.25,1.0,51.03,2.3448275862068964,1.0,,,
2019,400,W,5,5637462,Aliyah  Abrams,South Carolina,51.13,51.63,52.4025,3.25,5.0,51.13,2.9411764705882355,4.0,,,
2019,400,W,6,6110569,Kyra Constantine,USC,51.47,51.41,52.321000000000005,2.857142857142857,,50.87,2.823529411764706,,,,
2019,400,W,7,7002164,Syaira Richardson,Texas A&M,51.98,51.17,52.190999999999995,1.3333333333333333,2.0,51.17,1.4210526315789471,2.0,,,
2019,400,W,8,6101009,Hannah Waller,Oregon,52.47,51.6,52.445,3.0,,51.6,8.416666666666666,,,,
2019,800,W,1,5610186,Jazmine Fray,Texas A&M,2:23.15,122.27,125.7611111111111,1.0,1.0,120.69,2.3846153846153846,1.0,,,
2019,800,W,2,5964394,Nia Akins,Penn,1:28.82,123.44,125.1,1.75,,120.71,2.066666666666667,,,,
2019,800,W,3,6418665,Avi' Tal Wilson-Perteete,UNLV,2:30.31,122.41,126.65555555555557,3.6,1.0,121.14,3.0555555555555554,1.0,,,
2019,800,W,4,6418653,Susan Ejore,Oregon,2:12.04,122.66,124.258,1.6666666666666667,,122.26,2.9,,,,
2019,800,W,5,4986767,Allie Wilson,Monmouth,2:07.47,123.81,125.15,2.0,,122.56,2.2,,,,
2019,800,W,6,6550329,Kristie Schoffield,Boise State,2:10.06,122.65,127.28125,3.25,2.0,121.09,7.166666666666667,2.0,,,
2019,800,W,7,6551867,Ersula Farrow,LSU,1:28.61,124.15,125.714,1.6666666666666667,4.0,123.66,2.3333333333333335,4.0,,,
2019,800,W,8,6151585,Anna  Camp,BYU,1:36.97,123.69,125.97333333333331,9.0,,122.83,10.11111111111111,,,,
2019,1500,W,1,6000008,Sinclaire  Johnson,Oklahoma State,4:23.20,249.5,253.71,1.0,,245.98,1.6,1.0,,,
2019,1500,W,2,5510746,Jessica Hull,Oregon,3:46.57,249.9,254.76,1.0,,246.27,2.125,,,,
2019,1500,W,3,5102954,Jessica Harris,Notre Dame,4:32.12,252.64,254.27666666666664,1.0,,251.67,3.0,,,,
2019,1500,W,4,5997861,Lotte Black,Rhode Island,3:27.48,257.28,259.28749999999997,5.0,,253.02,3.0,1.0,,,
2019,1500,W,5,5989588,Dillon McClintock,Michigan State,3:20.32,256.74,258.96333333333337,1.0,,252.46,1.6,,,,
2019,1500,W,6,5962972,Ella Donaghu,Stanford,3:10.22,251.7,259.0785714285714,3.75,,249.66,11.77777777777778,,,,
2019,1500,W,7,5014100,Jenny Celis,Oklahoma State,3:38.70,252.92,259.2316666666666,3.0,6.0,252.62,3.6666666666666665,6.0,,,
2019,1500,W,8,5998586,Whittni Orton,BYU,5:15.87,253.58,254.9325,4.0,,249.31,5.625,,,,
2019,5000,W,1,5684073,Dani Jones,Colorado,15:50.65,946.93,950.895,1.0,,917.11,1.0,,,,
2019,5000,W,2,5959453,Taylor Werner,Arkansas,15:51.24,938.51,953.1525,6.0,1.0,938.51,5.4,1.0,,,
2019,5000,W,3,6897921,Esther Gitahi,Alabama,15:51.85,956.03,959.41,5.5,4.0,951.85,7.5,3.0,,,
2019,5000,W,4,5958970,Josette Norris,Georgetown,15:52.05,946.75,957.085,9.0,,946.75,3.5,1.0,,,
2019,5000,W,5,6438775,Weini Kelati,New Mexico,15:54.46,914.71,925.395,3.3333333333333335,,914.71,2.625,1.0,,,
2019,5000,W,6,5783743,Makena Morley,Colorado,16:02.89,942.55,948.2466666666666,5.0,,926.22,3.3333333333333335,,,,
2019,5000,W,7,5962973,Fiona O'Keeffe,Stanford,16:07.84,931.45,941.8166666666666,2.5,,931.45,4.0,,,,
2019,5000,W,8,6449963,Hannah  Steelman,Wofford,16:14.58,952.68,978.8933333333332,1.5,2.0,930.87,2.230769230769231,1.0,,,
2019,10k,W,1,6438775,Weini Kelati,New Mexico,41:08.65,1929.1,1962.155,1.0,1.0,1929.1,2.625,1.0,,,
2019,10k,W,2,6418652,Carmela Cardama Baez,Oregon,31:31.99,1975.5,2005.78,12.0,,1936.13,7.428571428571429,,,,
2019,10k,W,3,5782192,Isobel Batt-Doyle,Washington,23:58.43,1940.84,1990.98,5.5,,1940.84,6.25,,,,
2019,10k,W,4,5959453,Taylor Werner,Arkansas,30:00.62,1946.38,1983.595,12.0,,1946.38,5.4,1.0,,,
2019,10k,W,5,6874618,Caroline Alcorta,Villanova,33:00.70,1973.26,2022.43,9.5,1.0,1973.26,3.636363636363636,1.0,,,
2019,10k,W,6,5506841,Anna Rohrer,Notre Dame,30:45.44,1987.9,1999.315,1.0,,1918.99,1.0,,,,
2019,10k,W,7,5660585,Paige Stoner,Syracuse,30:31.65,1927.36,1971.125,4.0,,1927.36,3.0,,,,
2019,10k,W,8,5642157,Amy  Davis,Wisconsin,27:31.65,1992.26,2006.1866666666665,15.0,,1992.26,5.75,,,,
2019,100H,W,1,6548045,Janeek Brown,Arkansas,9.30,12.55,12.788333333333334,1.25,1.0,12.4,2.5416666666666665,1.0,,,
2019,100H,W,2,6598706,Chanel Brissett,USC,13.02,12.7,15.24,3.2,,12.52,3.764705882352941,,,,
2019,100H,W,3,6099525,Tonea Marshall,LSU,15.58,12.81,12.93142857142857,1.4,3.0,12.44,2.789473684210526,1.0,,,
2019,100H,W,4,6079182,Jeanine Williams,Georgia Tech,16.57,12.72,13.148,2.0,,12.62,3.5625,,,,
2019,100H,W,5,6110568,Anna Cockrell,USC,15.62,12.85,12.98,2.0,,12.54,2.0714285714285716,,,,
2019,100H,W,6,6124448,Cortney Jones,Florida State,9.48,12.72,12.86285714285714,1.25,,12.72,3.2,,,,
2019,100H,W,7,6586025,Tiara McMinn,Miami (Fla.),9.99,12.88,13.155714285714286,4.0,,12.74,5.5,,,,
2019,100H,W,8,5637292,Payton Chadwick,Arkansas,14.10,12.7,12.917142857142858,2.5,2.0,12.7,2.4814814814814814,1.0,,,
2019,400H,W,1,6110568,Anna Cockrell,USC,55.23,56.44,56.8,1.0,,54.68,2.0714285714285716,,,,
2019,400H,W,2,5605160,Gabby Scott,Colorado,56.04,56.51,57.75142857142857,2.0,,56.04,2.6666666666666665,,,,
2019,400H,W,3,6099522,Brittley Humphrey,LSU,56.11,56.72,57.553999999999995,2.0,2.0,56.11,5.2272727272727275,2.0,,,
2019,400H,W,4,6988729,Reanda Richards,Rutgers,56.42,56.31,58.18,1.0,1.0,56.31,2.5833333333333335,1.0,,,
2019,400H,W,5,4674802,Brenna Porter,BYU,57.26,56.89,57.82285714285714,2.75,,56.89,3.230769230769231,,,,
2019,400H,W,6,6551877,Jurnee Woodward,LSU,57.48,56.77,57.91875,2.25,1.0,56.64,5.944444444444445,1.0,,,
2019,400H,W,7,5640850,Darhian Mills,Washington,57.76,57.02,58.5375,1.8333333333333333,,57.02,4.384615384615385,,,,
2019,400H,W,8,5641989,Samantha Gonzalez,Miami (Fla.),58.43,57.33,58.370000000000005,3.75,,56.77,4.642857142857143,,,,
2019,3000S,W,1,5477463,Allie Ostrander,Boise State,11:33.28,580.05,582.855,1.0,,577.73,2.5,1.0,,,
2019,3000S,W,2,6438777,Charlotte Prouse,New Mexico,9:56.19,587.43,591.3333333333334,3.0,1.0,574.25,12.6,1.0,,,
2019,3000S,W,3,6449963,Hannah  Steelman,Wofford,9:05.06,592.71,596.2266666666666,1.0,1.0,583.08,2.230769230769231,1.0,,,
2019,3000S,W,4,6910593,Adva Cohen,New Mexico,10:50.86,584.41,585.06,2.0,,575.6,4.875,3.0,,,
2019,3000S,W,5,5463971,Erica Birk,BYU,8:24.37,582.54,589.0550000000001,1.0,,582.54,3.5,,,,
2019,3000S,W,6,4982600,Val Constien,Colorado,10:32.61,584.51,596.0133333333333,2.0,,584.51,6.25,,,,
2019,3000S,W,7,5462804,Devin Clark,Arkansas,8:43.80,588.35,592.105,1.0,1.0,588.35,4.111111111111111,1.0,,,
2019,3000S,W,8,5461011,Rebekah Topham,Wichita State,12:39.21,593.92,606.0166666666668,3.5,1.0,593.92,3.9375,1.0,,,
2019,HJ,W,1,5637236,Zarriea Willis,Texas Tech,1.46m,1.85,1.8155555555555556,1.625,1.0,1.89,1.7777777777777777,1.0,,,
2019,HJ,W,2,5636456,Nicole Greene,North Carolina,1.74m,1.88,1.8228571428571427,1.0,,1.88,1.0,,,,
2019,HJ,W,3,5582964,Anna Peyton Malizia,Penn,2.37m,1.82,1.7866666666666668,1.1428571428571428,,1.84,1.1428571428571428,,,,
2019,HJ,W,4,7043818,Abigail Kwarteng,Alabama,1.86m,1.82,1.77875,3.0,7.0,1.87,3.0,7.0,,,
2019,HJ,W,5,6084141,Karla Teran,Arizona,2.30m,1.88,1.78,2.6666666666666665,,1.88,2.6666666666666665,,,,
2019,HJ,W,8,5610035,Stacey Destin,Alabama,2.32m,1.8,1.767,2.857142857142857,4.0,1.9,5.583333333333333,4.0,,,
2019,PV,W,1,5637297,Victoria Hoggard,Arkansas,3.69m,4.6,4.4325,1.7142857142857142,2.0,4.61,1.7142857142857142,2.0,,,
2019,PV,W,2,5104433,Bonnie Draxler,San Diego St.,4.56m,4.51,4.34,1.1666666666666667,1.0,4.56,2.25,1.0,,,
2019,PV,W,3,7039317,Olivia Gruver,Washington,3.74m,4.73,4.57,1.0,,4.73,1.0,,,,
2019,PV,W,4,5126876,Bridget Guy,Virginia,4.32m,4.33,4.222222222222222,1.375,,4.46,1.375,,,,
2019,PV,W,5,6106405,Lucy Bryan,Akron,5.00m,4.5,4.328181818181818,1.6,1.0,4.51,1.6,1.0,,,
2019,PV,W,6,5644229,Meagan Gray,Oklahoma,4.70m,4.32,4.14,3.4,8.0,4.35,3.4,8.0,,,
2019,PV,W,7,6542661,Helen Falda,South Dakota,3.13m,4.36,4.203076923076923,2.0,4.0,4.42,2.0,4.0,,,
2019,PV,W,8,6139649,Kristen Denk,Vanderbilt,3.61m,4.36,4.244285714285715,1.8333333333333333,1.0,4.36,1.8333333333333333,1.0,,,
2019,LJ,W,1,5651827,Yanis David,Florida,6.84m,6.65,6.406000000000001,1.2,1.0,6.84,1.2222222222222223,1.0,,,
2019,LJ,W,2,6127055,Jasmyn Steels,Northwestern St.,6.71m,6.48,6.271428571428571,1.5714285714285714,,6.71,5.153846153846154,,,,
2019,LJ,W,3,7091735,Deborah Acquah,Texas A&M,6.63m,6.44,6.184285714285714,2.7142857142857144,4.0,6.89,4.181818181818182,4.0,,,
2019,LJ,W,4,6980967,Destiny Longmire,TCU,6.55m,6.39,6.317142857142857,2.5,2.0,6.59,5.136363636363637,2.0,,,
2019,LJ,W,5,7040027,Rougui Sow,Florida State,6.49m,6.49,6.32125,2.142857142857143,,6.49,3.4444444444444446,,,,
2019,LJ,W,6,5148036,Sarea Alexander,Incarnate Word,6.44m,6.6,6.28875,2.25,,6.6,2.764705882352941,,,,
2019,LJ,W,7,6101004,Rhesa Foster,Oregon,6.43m,6.36,6.3149999999999995,1.3333333333333333,,6.57,5.0,,,,
2019,LJ,W,8,7040094,Aliyah Whisby,Georgia,6.40m,6.76,6.304285714285713,3.25,7.0,6.76,4.571428571428571,7.0,,,
2019,TJ,W,1,5584307,Shardia Lawrence,Kansas State,13.99m,13.72,13.451666666666668,1.3333333333333333,1.0,13.99,4.666666666666667,1.0,,,
2019,TJ,W,2,5651827,Yanis David,Florida,13.93m,14.35,13.87,1.25,1.0,14.35,1.2222222222222223,1.0,,,
2019,TJ,W,3,5649580,Marie-Josee Ebwea-Excel,Kentucky,13.87m,13.69,13.5375,2.0,3.0,14.0,3.8,3.0,,,
2019,TJ,W,4,6101001,Chaquinn Cook,Oregon,13.72m,13.6,13.4325,1.6666666666666667,,13.89,4.0,,,,
2019,TJ,W,5,6109464,Kelly  McKee,Virginia,13.51m,13.7,13.4425,1.75,,13.7,1.6,,,,
2019,TJ,W,6,7037257,Mirieli Santos,Missouri,13.46m,13.21,13.07,5.333333333333333,7.0,13.46,5.333333333333333,7.0,,,
2019,TJ,W,7,6105172,Ciynamon Stevenson,Texas A&M,13.36m,13.31,13.024285714285714,4.25,6.0,13.96,8.894736842105264,6.0,,,
2019,TJ,W,8,5147903,Tiffany Flynn,Miss State,13.32m,13.63,13.135000000000002,2.3333333333333335,2.0,13.87,5.3,2.0,,,
2019,SP,W,1,6135473,Samantha Noennig,Arizona State,13.61m,17.91,17.64428571428571,1.1666666666666667,,18.25,1.4545454545454546,,,,
2019,SP,W,2,6534260,Portious Warren,Alabama,14.13m,18.61,17.387,1.5555555555555556,1.0,18.61,4.2631578947368425,1.0,,,
2019,SP,W,3,5636605,Sade Olatoye,Ohio State,12.52m,17.88,17.203,1.7777777777777777,,17.88,2.25,,,,
2019,SP,W,4,6532991,Taylor Latimer,Kansas State,13.25m,17.74,16.132727272727273,2.5,1.0,17.74,4.818181818181818,1.0,,,
2019,SP,W,5,7015898,Akealy  Moton,North Dakota State,13.10m,17.41,16.419090909090908,2.5,1.0,18.11,4.466666666666667,1.0,,,
2019,SP,W,6,6107120,Khayla Dawson,Indiana,20.17m,17.65,16.752142857142857,2.0833333333333335,,18.91,4.176470588235294,,,,
2019,SP,W,7,6599195,Alyssa Wilson,UCLA,16.79m,18.02,17.206,1.1111111111111112,,18.02,1.48,,,,
2019,SP,W,8,6550052,Madison Pollard,Indiana,20.16m,16.87,16.435,3.0833333333333335,,17.57,3.5555555555555554,,,,
2019,DT,W,1,6087945,Laulauga Tausaga,Iowa,63.26m,62.69,59.86833333333334,1.2,,63.53,2.5,,,,
2019,DT,W,2,6124440,Shanice Love,Florida State,62.69m,61.54,59.847142857142856,1.4,,62.69,1.4,,,,
2019,DT,W,3,7208721,Shadae Lawrence,Colorado St.,60.32m,65.05,59.857777777777784,1.375,1.0,65.05,1.375,1.0,,,
2019,DT,W,4,6605848,Alexandra Emilianov,Kansas,58.90m,58.01,56.605,2.0,1.0,62.63,3.4545454545454546,1.0,,,
2019,DT,W,5,6586020,Debbie Ajagbe,Miami (Fla.),56.92m,56.39,52.864,2.75,,58.42,5.3,,,,
2019,DT,W,6,6983776,Venique Harris,Albany,56.89m,57.94,55.413333333333334,1.5,,57.94,8.875,,,,
2019,DT,W,7,6599195,Alyssa Wilson,UCLA,56.70m,60.76,57.044285714285714,2.0,,60.76,1.48,,,,
2019,DT,W,8,5146701,Gabi Jacobs,Missouri,56.68m,60.25,57.19714285714286,1.5,1.0,60.25,3.8181818181818183,1.0,,,
2019,HT,W,1,6527542,Camryn Rogers,California,71.50m,69.79,67.20833333333333,1.4,,77.67,1.3333333333333333,,,,
2019,HT,W,2,6593317,Erin Reese,Indiana State,71.06m,65.31,62.7975,1.2857142857142858,,71.06,3.1481481481481484,,,,
2019,HT,W,3,6599195,Alyssa Wilson,UCLA,69.75m,70.63,67.895,1.4285714285714286,,74.78,1.48,,,,
2019,HT,W,4,5636605,Sade Olatoye,Ohio State,69.37m,67.49,64.71714285714286,2.1666666666666665,,69.89,2.25,,,,
2019,HT,W,5,5111566,Temi  Ogunrinde,Minnesota,68.85m,67.42,63.43625,2.0,,68.85,3.3333333333333335,,,,
2019,HT,W,6,5104161,Molli Detloff,North Dakota,67.94m,66.11,63.36166666666667,3.2,2.0,67.94,3.125,2.0,,,
2019,HT,W,7,6583863,Beatrice Llano,Arizona State,67.74m,71.43,66.582,1.75,,72.1,1.8333333333333333,,,,
2019,HT,W,8,6077769,Stamatia Scarvelis,Tennessee,67.59m,68.33,67.604,1.0,1.0,69.1,2.0,1.0,,,
2019,JT,W,1,5624076,Mackenzie Little,Stanford,59.44m,59.47,57.95666666666667,1.0,,60.36,1.6666666666666667,,,,
2019,JT,W,2,5636625,Kylee Carter,Auburn,56.40m,57.45,54.27571428571429,1.0,1.0,60.69,1.0,1.0,,,
2019,JT,W,3,6588923,Madison Wiltrout,North Carolina,55.21m,55.6,52.9325,1.2857142857142858,,60.03,1.2857142857142858,,,,
2019,JT,W,4,6267016,Jenna Gray,Stanford,54.79m,56.09,54.708333333333336,2.0,,57.29,2.0,,,,
2019,JT,W,5,5624964,Chase Wolinski,Nebraska,53.75m,54.9,52.54,2.25,,54.9,2.25,,,,
2019,JT,W,6,6992947,Sophia Rivera,Missouri,53.34m,55.73,53.156666666666666,1.4,2.0,57.67,2.4166666666666665,2.0,,,
2019,JT,W,7,6124447,Laura Paredes,Florida State,53.13m,55.38,54.522000000000006,1.3333333333333333,,55.38,1.3333333333333333,,,,
2019,JT,W,8,6097004,Samantha Zelden,Alabama,52.91m,51.67,49.196666666666665,4.2,5.0,52.91,4.2,5.0,,,
2025,4x100,M,1,,,Auburn,38.33,,,,,,,,38.51,,2.0
2025,4x100,M,2,,,USC,38.46,,,,,,,,38.89,38.41,3.0
2025,4x100,M,3,,,Arkansas,38.72,,,,,,,,38.63,,2.0
2025,4x100,M,4,,,South Florida,38.73,,,,,,,,38.05,,1.0
2025,4x100,M,5,,,Tennessee,38.79,,,,,,,,38.63,,3.0
2025,4x100,M,6,,,Kentucky,38.85,,,,,,,,39.07,,6.0
2025,4x100,M,7,,,Minnesota,38.88,,,,,,,,39.07,,6.0
2025,4x100,M,8,,,Texas,39.10,,,,,,,,38.57,,1.0
2025,4x400,M,1,,,South Florida,3:00.42,,,,,,,,181.52,,1.0
2025,4x400,M,2,,,Texas A&M,3:00.73,,,,,,,,,,
2025,4x400,M,3,,,Arkansas,3:01.59,,,,,,,,182.13,,1.0
2025,4x400,M,4,,,Iowa,3:01.61,,,,,,,,183.88,,9.0
2025,4x400,M,5,,,Florida,3:01.88,,,,,,,,182.01,,2.0
2025,4x400,M,6,,,Alabama,3:02.17,,,,,,,,182.78,,4.0
2025,4x400,M,7,,,BYU,3:02.51,,,,,,,,183.65,182.51,8.0
2025,4x400,M,8,,,USC,3:03.18,,,,,,,,182.18,182.18,2.0
2025,4x100,W,1,,,USC,45.18,,,,,,,,38.89,38.41,3.0
2025,4x100,W,2,,,South Carolina,44.95,,,,,,,,,,
2025,4x100,W,3,,,Texas A&M,35.17,,,,,,,,,,
2025,4x100,W,4,,,TCU,42.97,,,,,,,,39.44,40.37,12.0
2025,4x100,W,5,,,Texas,39.98,,,,,,,,38.57,,1.0
2025,4x100,W,6,,,Howard,47.99,,,,,,,,,,
2025,4x100,W,7,,,Florida State,49.80,,,,,,,,,,
2025,4x100,W,8,,,LSU,39.43,,,,,,,,38.78,38.14,4.0
2025,4x400,W,1,,,Georgia,3:23.62,,,,,,,,183.15,,5.0
2025,4x400,W,2,,,Arkansas,3:24.25,,,,,,,,182.13,,1.0
2025,4x400,W,3,,,USC,3:26.01,,,,,,,,182.18,182.18,2.0
2025,4x400,W,4,,,Texas A&M,3:27.11,,,,,,,,,,
2025,4x400,W,5,,,Duke,3:27.40,,,,,,,,184.47,,13.0
2025,4x400,W,6,,,Iowa,3:27.42,,,,,,,,183.88,,9.0
2025,4x400,W,7,,,UCLA,3:31.14,,,,,,,,,187.27,
2025,4x400,W,8,,,Miami (Fla.),3:47.22,,,,,,,,,,
2024,4x100,M,1,,,Auburn,46.78,,,,,,,,38.66,,3.0
2024,4x100,M,2,,,LSU,42.42,,,,,,,,39.19,38.19,7.0
2024,4x100,M,3,,,Houston,27.93,,,,,,,,38.8,,2.0
2024,4x100,M,4,,,Florida,43.71,,,,,,,,38.66,,4.0
2024,4x100,M,5,,,Texas,49.13,,,,,,,,38.97,,3.0
2024,4x400,M,1,,,Texas A&M,3:51.89,,,,,,,,181.22,,1.0
2024,4x400,M,2,,,Arkansas,2:24.86,,,,,,,,181.83,,4.0
2024,4x400,M,3,,,Florida,2:41.09,,,,,,,,181.5,,2.0
2024,4x400,M,4,,,Arizona State,2:13.85,,,,,,,,182.42,,5.0
2024,4x400,M,5,,,Tennessee,2:57.60,,,,,,,,182.04,,5.0
2024,4x400,M,6,,,Texas,3:05.04,,,,,,,,181.53,,2.0
2024,4x400,M,7,,,LSU,2:25.26,,,,,,,,181.74,181.28,3.0
2024,4x400,M,8,,,USC,3:48.35,,,,,,,,183.61,183.14,7.0
2024,4x100,W,1,,,Ole Miss,33.88,,,,,,,,,,
2024,4x100,W,2,,,LSU,36.61,,,,,,,,39.19,38.19,7.0
2024,4x100,W,3,,,South Carolina,39.22,,,,,,,,,,
2024,4x100,W,4,,,Arkansas,34.17,,,,,,,,,,
2024,4x100,W,5,,,Texas Tech,51.45,,,,,,,,39.02,,4.0
2024,4x100,W,6,,,Baylor,55.02,,,,,,,,39.19,,6.0
2024,4x100,W,7,,,Texas,45.65,,,,,,,,38.97,,3.0
2024,4x100,W,8,,,Oregon,40.96,,,,,,,,,,
2024,4x400,W,1,,,Arkansas,3:17.96,,,,,,,,181.83,,4.0
2024,4x400,W,2,,,Tennessee,3:23.32,,,,,,,,182.04,,5.0
2024,4x400,W,3,,,Texas,3:23.68,,,,,,,,181.53,,2.0
2024,4x400,W,4,,,Georgia,3:24.26,,,,,,,,,,
2024,4x400,W,5,,,Houston,3:24.73,,,,,,,,,,
2024,4x400,W,6,,,South Carolina,3:24.86,,,,,,,,,,
2024,4x400,W,7,,,Oregon,3:25.82,,,,,,,,,,
2024,4x400,W,8,,,Texas A&M,3:25.89,,,,,,,,181.22,,1.0
2023,4x100,M,1,,,LSU,38.05,,,,,,,,39.09,37.9,2.0
2023,4x100,M,2,,,Florida,38.26,,,,,,,,38.82,,1.0
2023,4x100,M,3,,,Florida State,38.29,,,,,,,,39.3,,4.0
2023,4x100,M,4,,,Arizona State,38.54,,,,,,,,39.21,,8.0
2023,4x100,M,5,,,Alabama State,38.79,,,,,,,,39.52,,6.0
2023,4x100,M,6,,,Louisville,38.81,,,,,,,,39.26,,3.0
2023,4x400,M,1,,,Florida,3:13.74,,,,,,,,185.7,,3.0
2023,4x400,M,2,,,Arizona State,2:52.45,,,,,,,,182.62,,2.0
2023,4x400,M,3,,,UCLA,2:32.85,,,,,,,,183.68,190.16,5.0
2023,4x400,M,4,,,Alabama,3:36.98,,,,,,,,186.8,,6.0
2023,4x400,M,5,,,Texas A&M,2:06.63,,,,,,,,183.17,,4.0
2023,4x400,M,6,,,Baylor,2:08.96,,,,,,,,182.2,,1.0
2023,4x400,M,7,,,Georgia,2:57.73,,,,,,,,184.71,,1.0
2023,4x400,M,8,,,Arkansas,3:36.72,,,,,,,,184.29,,10.0
2023,4x100,W,1,,,Texas,34.53,,,,,,,,39.35,,11.0
2023,4x100,W,2,,,Kentucky,44.59,,,,,,,,,,
2023,4x100,W,3,,,LSU,43.37,,,,,,,,39.09,37.9,2.0
2023,4x100,W,4,,,Arkansas,36.41,,,,,,,,39.3,,10.0
2023,4x100,W,5,,,Ohio State,34.28,,,,,,,,,,
2023,4x100,W,6,,,Georgia,47.59,,,,,,,,39.62,,7.0
2023,4x100,W,7,,,Oregon,39.62,,,,,,,,39.13,,5.0
2023,4x100,W,8,,,Baylor,32.34,,,,,,,,,,
2023,4x400,W,1,,,Arkansas,2:26.92,,,,,,,,184.29,,10.0
2023,4x400,W,2,,,Texas A&M,4:11.47,,,,,,,,183.17,,4.0
2023,4x400,W,3,,,Ohio State,3:16.39,,,,,,,,,,
2023,4x400,W,4,,,USC,4:13.06,,,,,,,,184.04,182.67,6.0
2023,4x400,W,5,,,Baylor,2:48.04,,,,,,,,182.2,,1.0
2023,4x400,W,6,,,Kentucky,3:48.22,,,,,,,,185.2,,2.0
2023,4x400,W,7,,,Oregon,3:34.01,,,,,,,,,,
2023,4x400,W,8,,,Duke,3:14.05,,,,,,,,,,
2022,4x100,M,1,,,USC,38.11,,,,,,,,38.71,38.49,2.0
2022,4x100,M,2,,,Florida,44.69,,,,,,,,38.81,,4.0
2022,4x100,M,3,,,Houston,46.37,,,,,,,,38.71,,1.0
2022,4x100,M,4,,,Tennessee,40.39,,,,,,,,38.78,,3.0
2022,4x100,M,5,,,Baylor,42.50,,,,,,,,38.87,,5.0
2022,4x100,M,6,,,Texas,34.77,,,,,,,,38.8,,3.0
2022,4x100,M,7,,,TCU,46.51,,,,,,,,38.89,,6.0
2022,4x100,M,8,,,N. Carolina A&T,32.66,,,,,,,,39.37,,8.0
2022,4x400,M,1,,,Florida,3:40.03,,,,,,,,181.22,,1.0
2022,4x400,M,2,,,USC,3:48.58,,,,,,,,182.2,179.98,4.0
2022,4x400,M,3,,,Alabama,3:01.98,,,,,,,,183.82,,7.0
2022,4x400,M,4,,,Texas,2:21.72,,,,,,,,180.7,,1.0
2022,4x400,M,5,,,Texas A&M,3:50.79,,,,,,,,184.11,,9.0
2022,4x400,M,6,,,Kentucky,2:33.71,,,,,,,,183.28,,4.0
2022,4x400,M,7,,,Iowa,2:35.59,,,,,,,,183.62,,5.0
2022,4x400,M,8,,,N. Carolina A&T,2:22.86,,,,,,,,181.59,,2.0
2022,4x100,W,1,,,Texas,36.06,,,,,,,,38.8,,3.0
2022,4x100,W,2,,,Kentucky,47.66,,,,,,,,39.33,,7.0
2022,4x100,W,3,,,Oregon,38.76,,,,,,,,39.14,,8.0
2022,4x100,W,4,,,LSU,36.23,,,,,,,,,38.85,
2022,4x100,W,5,,,Florida State,42.32,,,,,,,,38.51,,1.0
2022,4x100,W,6,,,Ohio State,30.47,,,,,,,,39.63,,12.0
2022,4x100,W,7,,,UCF,32.33,,,,,,,,,43.22,
2022,4x100,W,8,,,Coastal Carolina,43.78,,,,,,,,,,
2022,4x400,W,1,,,Kentucky,3:22.55,,,,,,,,183.28,,4.0
2022,4x400,W,2,,,Texas,3:23.35,,,,,,,,180.7,,1.0
2022,4x400,W,3,,,Arkansas,3:23.69,,,,,,,,183.95,,7.0
2022,4x400,W,4,,,Texas A&M,3:24.55,,,,,,,,184.11,,9.0
2022,4x400,W,5,,,South Carolina,3:25.78,,,,,,,,,,
2022,4x400,W,6,,,Howard,3:28.39,,,,,,,,,,
2022,4x400,W,7,,,UCLA,3:28.71,,,,,,,,,208.71,
2022,4x400,W,8,,,Baylor,3:28.89,,,,,,,,182.18,,3.0
2021,4x100,M,1,,,LSU,46.95,,,,,,,,38.85,38.48,4.0
2021,4x100,M,2,,,Georgia,50.11,,,,,,,,38.57,,2.0
2021,4x100,M,3,,,Florida State,33.59,,,,,,,,38.67,,3.0
2021,4x100,M,4,,,N. Carolina A&T,40.92,,,,,,,,38.54,,1.0
2021,4x100,M,5,,,Clemson,36.63,,,,,,,,39.15,,7.0
2021,4x100,M,6,,,Texas,28.57,,,,,,,,39.17,,5.0
2021,4x100,M,7,,,Texas A&M,45.00,,,,,,,,38.93,,1.0
2021,4x100,M,8,,,Houston,35.16,,,,,,,,39.02,,2.0
2021,4x400,M,1,,,N. Carolina A&T,2:55.50,,,,,,,,179.21,,1.0
2021,4x400,M,2,,,Stephen F. Austin,3:05.15,,,,,,,,184.13,,5.0
2021,4x400,M,3,,,Texas A&M,2:58.01,,,,,,,,183.12,,2.0
2021,4x400,M,4,,,USC,3:24.39,,,,,,,,182.85,182.49,1.0
2021,4x400,M,5,,,Iowa,3:15.32,,,,,,,,184.71,,9.0
2021,4x400,M,6,,,Arizona,3:47.64,,,,,,,,184.1,,4.0
2021,4x400,M,7,,,Florida,3:29.31,,,,,,,,185.27,,5.0
2021,4x400,M,8,,,Kentucky,2:10.38,,,,,,,,184.23,,3.0
2021,4x100,W,1,,,USC,29.98,,,,,,,,39.2,38.6,6.0
2021,4x100,W,2,,,LSU,52.70,,,,,,,,38.85,38.48,4.0
2021,4x100,W,3,,,N. Carolina A&T,55.94,,,,,,,,38.54,,1.0
2021,4x100,W,4,,,Florida State,31.44,,,,,,,,38.67,,3.0
2021,4x100,W,5,,,Texas,39.75,,,,,,,,39.17,,5.0
2021,4x100,W,6,,,Alabama,54.11,,,,,,,,,,
2021,4x100,W,7,,,Houston,56.70,,,,,,,,39.02,,2.0
2021,4x100,W,8,,,Baylor,33.87,,,,,,,,,,
2021,4x400,W,1,,,Texas A&M,3:22.34,,,,,,,,183.12,,2.0
2021,4x400,W,2,,,USC,3:24.54,,,,,,,,182.85,182.49,1.0
2021,4x400,W,3,,,UCLA,3:25.01,,,,,,,,,205.01,
2021,4x400,W,4,,,Florida,3:26.31,,,,,,,,185.27,,5.0
2021,4x400,W,5,,,Texas,3:26.72,,,,,,,,183.53,,3.0
2021,4x400,W,6,,,South Carolina,3:26.73,,,,,,,,,,
2021,4x400,W,7,,,Duke,3:28.27,,,,,,,,,,
2021,4x400,W,8,,,Kentucky,3:28.68,,,,,,,,184.23,,3.0
2019,4x100,M,1,,,Florida,43.67,,,,,,,,39.21,,3.0
2019,4x100,M,2,,,Florida State,30.85,,,,,,,,39.04,,2.0
2019,4x100,M,3,,,Texas Tech,37.30,,,,,,,,50.7,,1.0
2019,4x100,M,4,,,Arkansas,43.99,,,,,,,,39.64,,3.0
2019,4x100,M,5,,,N. Carolina A&T,33.58,,,,,,,,39.14,,5.0
2019,4x100,M,6,,,Oregon,33.73,,,,,,,,39.03,,2.0
2019,4x100,M,7,,,Purdue,45.15,,,,,,,,38.75,,1.0
2019,4x400,M,1,,,Texas A&M,2:26.83,,,,,,,,223.33,,1.0
2019,4x400,M,2,,,Florida,3:19.36,,,,,,,,183.52,,1.0
2019,4x400,M,3,,,Houston,2:43.87,,,,,,,,216.32,,3.0
2019,4x400,M,4,,,Iowa,3:00.14,,,,,,,,183.2,,4.0
2019,4x400,M,5,,,N. Carolina A&T,3:14.21,,,,,,,,130.79,,3.0
2019,4x400,M,6,,,Baylor,3:19.82,,,,,,,,183.17,,2.0
2019,4x400,M,7,,,Arkansas,2:17.55,,,,,,,,185.86,,6.0
2019,4x400,M,8,,,South Carolina,3:46.29,,,,,,,,178.82,,4.0
2019,4x100,W,1,,,USC,33.77,,,,,,,,,42.44,
2019,4x100,W,2,,,LSU,38.07,,,,,,,,39.08,39.24,4.0
2019,4x100,W,3,,,Arkansas,48.36,,,,,,,,39.64,,3.0
2019,4x100,W,4,,,Oregon,33.97,,,,,,,,39.03,,2.0
2019,4x100,W,5,,,Alabama,40.42,,,,,,,,,,
2019,4x100,W,6,,,N. Carolina A&T,42.66,,,,,,,,39.14,,5.0
2019,4x100,W,7,,,Florida State,44.43,,,,,,,,39.04,,2.0
2019,4x100,W,8,,,Texas,34.52,,,,,,,,,,
2019,4x400,W,1,,,Texas A&M,3:29.69,,,,,,,,223.33,,1.0
2019,4x400,W,2,,,Arkansas,3:05.31,,,,,,,,185.86,,6.0
2019,4x400,W,3,,,South Carolina,3:28.97,,,,,,,,178.82,,4.0
2019,4x400,W,4,,,Florida,3:39.45,,,,,,,,183.52,,1.0
2019,4x400,W,5,,,Alabama,4:10.62,,,,,,,,,,
2019,4x400,W,6,,,Kentucky,3:43.77,,,,,,,,203.22,,9.0
2019,4x400,W,7,,,Baylor,2:58.39,,,,,,,,183.17,,2.0
2019,4x400,W,8,,,USC,3:50.64,,,,,,,,,183.54,
