year,athlete_id,athlete_name,school,event,gender,season_best,season_avg,avg_place,conf_champ_place,pr,cross_event_avg_place,conf_champ_place_any_event
2022,7531871,Joseph Fahnbulleh,Florida,100,M,10.0,10.142857142857142,3.75,1.0,10.0,2.764705882352941,1.0
2022,7994600,Favour Ashe,Tennessee,100,M,10.04,10.115714285714287,1.5,1.0,9.79,2.8,1.0
2022,7728613,Javonte Harding,N. Carolina A&T,100,M,10.08,10.25875,4.25,1.0,9.98,3.0,1.0
2022,7730597,JoVaughn Martin,Florida State,100,M,10.05,10.127142857142857,4.0,1.0,9.94,3.5,1.0
2022,7731977,Dedrick Vanover,Florida,100,M,10.1,10.19375,3.2,2.0,10.03,2.75,1.0
2022,7495800,Matthew Boling,Georgia,100,M,9.98,10.131111111111112,2.6,4.0,9.97,2.4,1.0
2022,7722962,Micah Williams,Oregon,100,M,9.86,10.07625,2.2,7.0,9.83,1.5,7.0
2022,7729846,Da'Marcus Fleming,LSU,100,M,10.08,10.184285714285712,3.0,8.0,9.85,4.857142857142857,8.0
2022,7087489,Julien Alfred,Texas,100,W,10.81,10.994285714285715,1.0,1.0,10.72,2.3333333333333335,1.0
2022,7722970,Kemba Nelson,Oregon,100,W,10.97,11.135,1.5,2.0,10.85,1.4705882352941178,2.0
2022,6995396,Abby Steiner,Kentucky,100,W,10.9,11.044285714285715,1.75,2.0,10.9,1.5,1.0
2022,7548443,Rosemary Chukwuma,Texas Tech,100,W,10.99,11.156,2.5,4.0,10.82,2.2941176470588234,4.0
2022,7729916,Favour Ofili,LSU,100,W,10.93,11.066666666666666,2.1666666666666665,1.0,10.9,2.7058823529411766,1.0
2022,8042870,Grace Nwokocha,N. Carolina A&T,100,W,10.97,11.286666666666667,2.6,1.0,10.97,4.0,1.0
2022,7690425,Kevona Davis,Texas,100,W,10.95,11.231666666666667,4.25,7.0,10.83,3.6956521739130435,1.0
2022,7540568,Melissa Jefferson,Coastal Carolina,100,W,10.88,11.113333333333333,2.8,1.0,10.88,3.0869565217391304,1.0
2022,7511453,Alia Armstrong,LSU,100H,W,12.55,12.74,1.1666666666666667,1.0,12.31,2.2916666666666665,1.0
2022,7687405,Jasmine Jones,USC,100H,W,12.66,12.965555555555556,1.8,2.0,12.58,1.8888888888888888,2.0
2022,6995394,Masai Russell,Kentucky,100H,W,12.71,12.993636363636364,2.0,3.0,12.32,2.5588235294117645,2.0
2022,6988926,Paula  Salmon,N. Carolina A&T,100H,W,12.63,12.845454545454546,2.3333333333333335,1.0,12.63,2.9285714285714284,1.0
2022,7496293,Kaylah Robinson,Texas A&M,100H,W,12.71,12.887,2.5,2.0,12.49,3.4705882352941178,2.0
2022,7545644,Destiny Huven,Wisconsin,100H,W,12.82,13.293333333333333,3.4,3.0,12.72,4.8125,3.0
2022,6985909,Demisha Roswell,Texas Tech,100H,W,12.44,12.87,3.25,7.0,12.44,4.615384615384615,7.0
2022,7497320,Destinee  Rocker,South Carolina,100H,W,12.95,15.896363636363638,4.5,5.0,12.95,4.75,5.0
2022,6891927,Dylan Jacobs,Notre Dame,10k,M,1681.94,1720.836,1.0,1.0,1681.53,6.125,1.0
2022,7389301,Alex Maier,Oklahoma State,10k,M,1692.68,1737.7150000000001,2.0,2.0,1692.68,3.7,2.0
2022,7409415,Abdihamid Nur,Northern Arizona,10k,M,1694.51,1710.205,3.0,3.0,1662.73,2.6153846153846154,1.0
2022,7697360,Cole Sprout,Stanford,10k,M,1662.42,1726.7150000000001,4.0,4.0,1662.42,4.416666666666667,4.0
2022,7386914,Athanas  Kioko,Campbell,10k,M,1696.11,1699.6566666666668,4.0,5.0,1696.11,3.2941176470588234,1.0
2022,7416005,Charles Hicks,Stanford,10k,M,1660.16,1700.4633333333334,3.3333333333333335,6.0,1660.16,5.111111111111111,6.0
2022,7730602,Adriaan Wildschutt,Florida State,10k,M,1658.54,1688.5600000000002,4.5,7.0,1658.54,6.444444444444445,2.0
2022,6591141,Aaron Bienenfeld,Oregon,10k,M,1694.67,1714.4919999999997,5.5,8.0,1690.95,6.0,8.0
2022,7376675,Mercy Chelangat,Alabama,10k,W,1957.08,2003.4099999999999,1.0,1.0,1915.8,3.3333333333333335,1.0
2022,7422260,Grace Forbes,Rice,10k,W,1968.07,2014.3674999999998,1.5,1.0,1944.38,1.3333333333333333,1.0
2022,6455158,Jenna Magness,Michigan State,10k,W,1979.96,2018.6833333333334,2.0,1.0,1979.96,1.9090909090909092,1.0
2022,7392925,Emily Covert,Colorado,10k,W,1950.82,1990.3700000000001,3.5,4.0,1950.82,5.0,4.0
2022,6454342,Alexandra Hays,NC State,10k,W,1995.53,2019.3500000000001,4.0,5.0,1941.13,7.285714285714286,5.0
2022,7389214,Gabby  Hentemann,Oklahoma State,10k,W,1998.04,2027.7633333333333,3.5,6.0,1997.48,3.3333333333333335,6.0
2022,7480903,Haley Herberg,Washington,10k,W,1954.67,2004.5525,9.333333333333334,7.0,1954.67,7.4,7.0
2022,7726451,Charlotte Dannatt,Georgetown,10k,W,2006.78,2035.1966666666665,5.5,8.0,2006.78,5.5,3.0
2022,6578646,Trey Cunningham,Florida State,110H,M,13.0,13.163,1.0,1.0,13.0,1.1111111111111112,1.0
2022,6999405,Eric Edwards Jr.,LSU,110H,M,13.15,13.419999999999998,1.5,1.0,13.15,2.764705882352941,1.0
2022,7503401,Joshua Zeller,Michigan,110H,M,13.19,13.542727272727273,1.8,1.0,13.19,2.642857142857143,1.0
2022,7718288,Giano Roberts,Clemson,110H,M,13.41,13.664545454545454,3.5,2.0,13.31,4.6875,2.0
2022,7044818,Lafranz Campbell,Clemson,110H,M,13.45,13.699000000000002,5.0,5.0,13.45,5.444444444444445,5.0
2022,8003659,Kentre Patterson,Ohio State,110H,M,13.39,13.727857142857143,2.6666666666666665,2.0,13.39,11.25,2.0
2022,7482261,Justin Leaston,Charlotte,110H,M,13.46,13.696666666666665,4.0,2.0,13.42,4.769230769230769,2.0
2022,6972494,Omotade Ojora,USC,110H,M,13.48,13.710833333333333,2.857142857142857,8.0,13.29,2.75,8.0
2022,7480799,Joe Waskom,Washington,1500,M,219.45,222.59,1.0,1.0,215.86,6.1,1.0
2022,6901779,Mario Garcia Romo,Ole Miss,1500,M,216.91,223.09857142857143,3.0,1.0,216.91,2.272727272727273,1.0
2022,6476059,Sam Ellis,Princeton,1500,M,217.6,222.42,7.0,3.0,217.6,7.916666666666667,3.0
2022,7895663,Thomas Vanoppen,Wake Forest,1500,M,217.65,222.76285714285714,2.0,1.0,217.65,5.0,1.0
2022,7480790,Luke  Houser,Washington,1500,M,217.51,221.41714285714286,5.333333333333333,5.0,217.51,6.2727272727272725,5.0
2022,5971060,Jonathan  Davis,Illinois,1500,M,216.85,223.62857142857143,4.666666666666667,2.0,216.85,3.923076923076923,2.0
2022,7910774,Nathan Green,Washington,1500,M,217.46,222.18833333333336,13.666666666666666,7.0,214.79,10.0,7.0
2022,7899902,Adam Spencer,Wisconsin,1500,M,217.4,223.37857142857143,4.0,1.0,214.57,4.181818181818182,1.0
2022,7367325,Sintayehu Vissa,Ole Miss,1500,W,248.72,252.23166666666665,1.0,1.0,248.72,2.0,1.0
2022,7791359,Micaela Degenero,Colorado,1500,W,249.62,256.3742857142857,4.0,2.0,249.38,4.222222222222222,2.0
2022,5962970,Christina Aragon,Stanford,1500,W,250.0,256.9085714285714,4.333333333333333,3.0,249.59,4.714285714285714,3.0
2022,6419176,Krissy Gear,Arkansas,1500,W,250.06,257.57166666666666,7.5,4.0,249.0,4.545454545454546,4.0
2022,6436596,Julia Heymach,Stanford,1500,W,250.58,253.77333333333334,5.666666666666667,5.0,249.89,5.076923076923077,5.0
2022,6430629,Emily Mackay,Binghamton,1500,W,251.1,254.715,5.666666666666667,6.0,251.1,4.0,6.0
2022,7687816,Shannon Flockhart,Providence,1500,W,250.8,257.61571428571426,9.0,1.0,244.97,4.0,1.0
2022,6982204,Eusila Chepkemei,Mid. Tenn. State,1500,W,251.44,259.50111111111113,2.8,1.0,251.44,3.35,1.0
2022,7531871,Joseph Fahnbulleh,Florida,200,M,19.83,20.399,2.8333333333333335,1.0,19.83,2.764705882352941,1.0
2022,7495800,Matthew Boling,Georgia,200,M,19.92,20.25,1.4285714285714286,1.0,19.92,2.4,1.0
2022,7980286,Udodi Onwuzurike,Stanford,200,M,20.08,20.432499999999997,1.8,3.0,19.76,2.076923076923077,3.0
2022,6588208,Micaiah Harris,Texas,200,M,20.28,20.642857142857142,6.75,4.0,19.72,4.4375,4.0
2022,8016458,Tarsis Orogot,Alabama,200,M,20.32,20.66875,6.6,5.0,19.6,5.875,5.0
2022,7721646,Shaun Maswanganyi,Houston,200,M,20.26,20.796,4.285714285714286,1.0,19.93,3.925925925925926,1.0
2022,7713620,Robert Gregory,TCU,200,M,20.34,20.65727272727273,3.0,7.0,19.6,2.8,7.0
2022,7036992,Courtney Lindsey,Texas Tech,200,M,20.15,20.656666666666666,2.8333333333333335,8.0,19.81,3.263157894736842,8.0
2022,6995396,Abby Steiner,Kentucky,200,W,21.8,22.22923076923077,1.125,1.0,21.8,1.5,1.0
2022,7729916,Favour Ofili,LSU,200,W,21.96,22.353846153846156,1.5714285714285714,1.0,21.96,2.7058823529411766,1.0
2022,6586400,Anavia Battle,Ohio State,200,W,22.26,22.535833333333333,1.5714285714285714,1.0,22.26,1.96,1.0
2022,7008903,Kynnedy Flannel,Texas,200,W,22.23,22.813333333333333,2.4285714285714284,4.0,22.23,3.2,1.0
2022,7690425,Kevona Davis,Texas,200,W,22.26,22.89272727272727,4.4,5.0,22.02,3.6956521739130435,1.0
2022,8042870,Grace Nwokocha,N. Carolina A&T,200,W,22.44,23.27,8.666666666666666,1.0,22.44,4.0,1.0
2022,7524761,Edidiong Odiong,Florida State,200,W,22.43,23.016363636363636,3.857142857142857,1.0,22.43,3.466666666666667,1.0
2022,7036762,Joella Lloyd,Tennessee,200,W,22.66,23.35153846153846,7.5,5.0,22.66,6.666666666666667,4.0
2022,7727420,Ahmed  Jaziri,Eastern Kentucky,3000S,M,498.7,508.916,1.6666666666666667,1.0,498.7,2.25,1.0
2022,6876443,Duncan Hamilton,Montana State,3000S,M,498.88,512.6283333333333,2.0,1.0,496.23,5.25,1.0
2022,7373057,Parker Stokes,Georgetown,3000S,M,498.88,511.89400000000006,1.6666666666666667,1.0,498.88,5.416666666666667,1.0
2022,5977704,Ryan Smeeton,Oklahoma State,3000S,M,500.06,511.8325,2.5,4.0,500.06,2.5,4.0
2022,6476063,Ed Trippas,Princeton,3000S,M,500.29,512.688,3.0,5.0,500.29,6.222222222222222,5.0
2022,6882592,Kenneth Rooks,BYU,3000S,M,502.56,511.99666666666667,2.25,6.0,502.56,8.333333333333334,6.0
2022,6011691,Alec Basten,Minnesota,3000S,M,503.86,514.7479999999999,3.3333333333333335,1.0,503.86,4.222222222222222,1.0
2022,6429582,Matthew Wilkinson,Minnesota,3000S,M,505.03,514.85,3.6666666666666665,2.0,505.03,4.666666666666667,2.0
2022,6107448,Courtney Wayment,BYU,3000S,W,556.0,571.6025,1.0,1.0,556.0,3.75,1.0
2022,6471626,Kayley DeLay,Yale,3000S,W,565.08,578.8025,1.5,2.0,565.08,4.4,2.0
2022,7365150,Ceili McCabe,West Virginia,3000S,W,571.14,584.796,1.6666666666666667,3.0,571.14,3.375,3.0
2022,5966782,Madison Boreman,Colorado,3000S,W,573.02,585.27,2.6666666666666665,4.0,573.02,3.75,4.0
2022,7389432,Elise Thorner,New Mexico,3000S,W,572.42,580.47,2.6666666666666665,5.0,568.49,5.466666666666667,1.0
2022,7612157,Kaylee Mitchell,Oregon State,3000S,W,574.59,586.312,4.0,6.0,574.59,5.142857142857143,6.0
2022,5965696,Logan Jolly,Arkansas,3000S,W,574.76,584.58,4.0,3.0,574.76,5.636363636363637,3.0
2022,6910593,Adva Cohen,New Mexico,3000S,W,575.6,587.2275,4.5,1.0,575.6,6.833333333333333,1.0
2022,7495470,Randolph Ross,N. Carolina A&T,400,M,44.13,44.94583333333333,1.0,1.0,43.85,2.6,1.0
2022,8010865,Champion Allison,Florida,400,M,44.29,45.14454545454545,2.0,1.0,44.29,1.6363636363636365,1.0
2022,6997785,Elija Godwin,Georgia,400,M,44.5,45.916666666666664,1.8888888888888888,2.0,44.5,2.111111111111111,2.0
2022,7008872,Jonathan Jones,Texas,400,M,44.43,45.188,2.0,4.0,44.43,2.9047619047619047,4.0
2022,7731978,Ryan Willie,Florida,400,M,45.0,45.6876923076923,3.142857142857143,5.0,44.25,3.6363636363636362,1.0
2022,7974885,Richard Kuykendoll,Oklahoma,400,M,45.25,46.46071428571429,4.444444444444445,6.0,44.8,3.380952380952381,6.0
2022,7538741,Jevaughn Powell,UTEP,400,M,44.87,46.28909090909091,3.0,1.0,44.54,2.7142857142857144,1.0
2022,7037364,Tyler Johnson,Ohio State,400,M,44.95,45.91833333333333,3.1666666666666665,1.0,44.95,3.0,1.0
2022,7732042,Talitha  Diggs,Florida,400,W,49.99,51.41833333333333,2.1666666666666665,1.0,49.99,2.9,1.0
2022,7496294,Charokee Young,Texas A&M,400,W,49.87,50.92230769230769,2.5714285714285716,2.0,49.87,2.0,2.0
2022,7008907,Kennedy Simon,Texas,400,W,50.45,51.360769230769236,2.0,3.0,50.45,2.619047619047619,2.0
2022,6989583,Alexis Holmes,Kentucky,400,W,50.71,51.51933333333333,2.3333333333333335,3.0,50.71,1.88,1.0
2022,7546402,Stacey Ann Williams,Texas,400,W,50.18,51.19307692307692,2.857142857142857,5.0,50.18,3.0526315789473686,2.0
2022,7492615,Shae Anderson,UCLA,400,W,50.94,51.78142857142858,4.0,6.0,50.94,3.764705882352941,6.0
2022,7478918,Rosey Effiong,Arkansas,400,W,51.06,52.11133333333333,4.777777777777778,7.0,49.72,3.8620689655172415,3.0
2022,7718448,Kavia Francis,Baylor,400,W,51.15,52.433846153846154,4.375,8.0,51.15,4.24,8.0
2022,7729850,Sean Burrell,LSU,400H,M,48.7,50.415,4.5,1.0,47.85,6.076923076923077,1.0
2022,7019596,Malik Metivier,Texas Tech,400H,M,48.89,49.73363636363637,4.333333333333333,2.0,48.89,3.909090909090909,2.0
2022,6569704,Isaiah Levingston,Oklahoma,400H,M,48.82,49.97222222222222,3.0,3.0,48.49,3.625,3.0
2022,8017719,Nathaniel Ezekiel,Baylor,400H,M,48.42,49.376666666666665,2.75,4.0,47.49,3.588235294117647,4.0
2022,6547850,Quivell Jordan-Bacot,Houston,400H,M,48.72,49.721,3.0,1.0,48.72,5.125,1.0
2022,6531718,Drake Schneider,Montana State,400H,M,49.04,49.817,2.4,1.0,49.04,1.375,1.0
2022,6547924,Colten Yardley,BYU,400H,M,49.6,50.385,2.5,7.0,49.6,2.9166666666666665,7.0
2022,7044237,James Smith,Texas A&M,400H,M,49.38,49.79333333333333,3.7142857142857144,2.0,49.3,3.8,2.0
2022,7488009,Britton Wilson,Arkansas,400H,W,53.75,54.952,1.2,1.0,53.23,2.814814814814815,1.0
2022,8010896,Anna Hall,Florida,400H,W,54.48,55.19428571428572,1.6666666666666667,2.0,54.48,4.375,2.0
2022,6583377,Lauren Hoffman,Duke,400H,W,55.47,56.154999999999994,1.6,1.0,55.47,4.809523809523809,1.0
2022,6995394,Masai Russell,Kentucky,400H,W,55.36,56.174,2.0,3.0,55.21,2.5588235294117645,2.0
2022,6527547,Deshae Wise,Texas A&M,400H,W,55.99,57.242999999999995,3.8333333333333335,4.0,55.99,3.7,4.0
2022,6592009,Bianca Stubler,Wisconsin,400H,W,56.23,57.584,3.6,2.0,56.23,4.333333333333333,2.0
2022,8010900,Vanessa Watson,Florida,400H,W,56.25,57.246,4.8,5.0,55.59,10.875,5.0
2022,7044242,Shannon Meisberger,Arizona,400H,W,55.79,56.715555555555554,3.0,8.0,55.7,2.619047619047619,8.0
2022,5461344,Olin  Hacker,Wisconsin,5000,M,799.34,821.9440000000001,1.0,1.0,799.34,1.375,1.0
2022,6025566,Morgan Beadlescomb,Michigan State,5000,M,797.16,816.09,2.3333333333333335,2.0,797.16,3.5384615384615383,1.0
2022,7711751,Nico Young,Northern Arizona,5000,M,795.25,814.5883333333333,3.6,3.0,777.14,3.6923076923076925,2.0
2022,7697359,Ky Robinson,Stanford,5000,M,791.53,806.6,2.2,4.0,786.42,3.5454545454545454,4.0
2022,7388938,Sam Gilman,Air Force,5000,M,805.64,819.1116666666667,7.6,2.0,805.17,5.181818181818182,2.0
2022,7893794,Michael Power,Tulsa,5000,M,811.23,832.2199999999999,5.5,5.0,809.57,3.625,1.0
2022,7910773,Brian Fay,Washington,5000,M,796.52,804.2616666666667,4.8,7.0,796.52,3.8461538461538463,7.0
2022,5624063,Alex Ostberg,North Carolina,5000,M,811.6,819.9625,4.666666666666667,8.0,811.6,5.428571428571429,2.0
2022,7704053,Katelyn Tuohy,NC State,5000,W,914.61,928.3171428571429,1.5,1.0,914.61,1.4444444444444444,1.0
2022,7699859,Parker Valby,Florida,5000,W,920.1,927.1933333333333,2.0,2.0,892.18,1.5,2.0
2022,7389217,Taylor Roe,Oklahoma State,5000,W,921.47,933.0300000000001,2.0,3.0,912.71,2.4285714285714284,3.0
2022,7376675,Mercy Chelangat,Alabama,5000,W,917.28,928.58125,2.857142857142857,1.0,917.28,3.3333333333333335,1.0
2022,6423728,Lauren Gregory,Arkansas,5000,W,925.17,937.3016666666667,6.2,3.0,925.17,3.5714285714285716,2.0
2022,7791361,Abby Nichols,Colorado,5000,W,915.95,936.6175000000001,4.0,6.0,915.95,2.6666666666666665,6.0
2022,7389428,Gracelyn Larkin,New Mexico,5000,W,929.93,945.6771428571428,6.0,1.0,929.93,8.538461538461538,1.0
2022,7388051,Isabel Van Camp,Arkansas,5000,W,935.64,951.9459999999999,4.25,4.0,935.64,5.363636363636363,3.0
2022,8022881,Moad Zahafi,Texas Tech,800,M,103.69,105.76333333333334,1.25,1.0,103.69,1.4444444444444444,1.0
2022,7722926,Navasky Anderson,Miss State,800,M,105.02000000000001,106.9057142857143,2.3333333333333335,1.0,105.02000000000001,2.5,1.0
2022,7729617,Brandon Miller,Texas A&M,800,M,105.09,106.82846153846154,2.5714285714285716,3.0,104.97,2.5,3.0
2022,8711106,Jason Gomez,Iowa State,800,M,106.34,109.70555555555556,6.6,4.0,106.34,8.9,4.0
2022,7383904,Sean Dolan,Villanova,800,M,106.38,108.04,2.0,1.0,105.83,2.7,1.0
2022,7930022,Dayton  Carlson,Arizona State,800,M,106.72,109.06,3.4,6.0,105.25999999999999,4.166666666666667,6.0
2022,7918236,Samuel  Rodman,Princeton,800,M,106.96000000000001,111.418,11.285714285714286,7.0,106.27000000000001,7.153846153846154,7.0
2022,5983045,Jonathan Schwind,Lipscomb,800,M,106.4,108.77727272727272,3.1666666666666665,1.0,106.4,4.611111111111111,1.0
2022,6550329,Kristie Schoffield,Boise State,800,W,121.09,126.20142857142856,1.5555555555555556,1.0,121.09,6.133333333333334,1.0
2022,6086448,McKenna Keegan,Villanova,800,W,121.71,123.96199999999999,1.8,2.0,121.25,3.4,2.0
2022,7481168,Gabija Galvydyte,Oklahoma State,800,W,121.76,124.45727272727272,2.2,3.0,120.11,2.5714285714285716,3.0
2022,6904226,Imogen Barrett,Florida,800,W,121.42,123.28714285714285,1.75,1.0,120.96,2.6153846153846154,1.0
2022,6871713,Sarah Hendrick,Kennesaw State,800,W,120.98,123.68166666666667,2.7142857142857144,1.0,120.98,1.7,1.0
2022,7008908,Valery Tobias,Texas,800,W,122.14,125.808125,3.9,6.0,120.31,5.235294117647059,6.0
2022,5977375,Aaliyah Miller,Baylor,800,W,122.31,124.376,4.0,7.0,120.69,3.466666666666667,7.0
2022,6895487,Katy-Ann McDonald,LSU,800,W,120.98,124.00615384615384,3.4285714285714284,4.0,120.98,2.6153846153846154,3.0
2022,7537580,Claudio Romero,Virginia,DT,M,67.02,63.67666666666667,1.0,1.0,67.29,4.357142857142857,1.0
2022,8019706,Mykolas Alekna,California,DT,M,68.73,66.0425,1.2857142857142858,2.0,72.12,1.2857142857142858,2.0
2022,7930060,Ralford  Mullings,Arizona State,DT,M,65.39,62.71555555555555,1.7142857142857142,3.0,69.31,5.0,3.0
2022,6527557,Iffy Joyner,California,DT,M,62.17,59.18111111111111,2.5714285714285716,4.0,62.17,3.75,4.0
2022,6533951,Kaleb Siekmeier,Minnesota,DT,M,59.99,55.81,3.5,4.0,59.99,5.0,4.0
2022,7534789,Jeffrey Williams,Miami (Fla.),DT,M,59.86,56.09125,2.7142857142857144,3.0,59.86,5.647058823529412,3.0
2022,6586906,Elijah Mason,Washington,DT,M,59.6,57.74142857142857,4.5,7.0,61.77,4.5,7.0
2022,7480316,Jordan Johnson,Iowa,DT,M,59.52,56.18375,4.166666666666667,2.0,59.52,7.142857142857143,2.0
2022,7727873,Jorinde Van Klinken,Arizona State,DT,W,64.75,63.071666666666665,1.2,1.0,67.05,1.2142857142857142,1.0
2022,6605848,Alexandra Emilianov,Kansas,DT,W,60.51,59.01166666666666,1.2,2.0,62.63,2.2,2.0
2022,7002878,Malin Smith,Texas Tech,DT,W,56.78,53.28857142857142,4.5,3.0,57.84,5.956521739130435,3.0
2022,6569688,Lauren Jones,Oklahoma,DT,W,57.28,55.26571428571429,2.1666666666666665,4.0,57.28,3.5384615384615383,4.0
2022,6576296,Seasons Usual,Texas Tech,DT,W,58.5,56.355000000000004,2.4285714285714284,5.0,59.85,2.142857142857143,5.0
2022,7725119,Shelby Frank,Minnesota,DT,W,58.85,55.74,3.4285714285714284,2.0,63.37,4.25,2.0
2022,6586020,Debbie Ajagbe,Miami (Fla.),DT,W,57.1,54.09,3.857142857142857,1.0,58.42,5.083333333333333,1.0
2022,7720913,Emily March,Iowa State,DT,W,57.88,55.51,3.2,8.0,58.27,5.538461538461538,8.0
2022,6533098,Tejaswin Shankar,Kansas State,HJ,M,2.27,2.2157142857142857,2.4,1.0,2.29,4.384615384615385,1.0
2022,6121266,Darius Carbin,Georgia,HJ,M,2.3,2.228,1.5,1.0,2.3,1.5,1.0
2022,7019595,Dontavious Hill,Auburn,HJ,M,2.23,2.1964285714285716,2.1538461538461537,2.0,2.24,2.1538461538461537,2.0
2022,6569708,Vernon Turner,Oklahoma,HJ,M,2.32,2.2333333333333334,1.375,4.0,2.33,2.727272727272727,4.0
2022,6588212,Mitch Jacobson,Washington St.,HJ,M,2.21,2.1166666666666667,2.4545454545454546,5.0,2.21,2.4545454545454546,5.0
2022,7546465,Bryson DeBerry,UT-Arlington,HJ,M,2.21,2.140909090909091,3.4,5.0,2.21,3.6875,4.0
2022,7534612,Trey Allen,Louisville,HJ,M,2.27,2.1791666666666667,2.909090909090909,1.0,2.27,2.909090909090909,1.0
2022,6992911,Roberto Vilches,Missouri,HJ,M,2.26,2.18375,4.285714285714286,4.0,2.27,4.285714285714286,4.0
2022,7729642,Lamara Distin,Texas A&M,HJ,W,1.97,1.9049999999999998,1.1538461538461537,1.0,2.0,1.8571428571428572,1.0
2022,8014418,Abigail Kwarteng,Mid. Tenn. State,HJ,W,1.92,1.8542857142857143,1.2,1.0,1.92,1.8888888888888888,1.0
2022,7731611,Rachel  Glenn,South Carolina,HJ,W,1.9,1.8525,1.7,2.0,2.0,2.3636363636363638,2.0
2022,7003545,Sanaa Barnes,Villanova,HJ,W,1.86,1.82,2.2,1.0,1.86,2.2,1.0
2022,7487638,Charity Griffith,Ball State,HJ,W,1.85,1.79,4.0,1.0,1.93,6.368421052631579,1.0
2022,7511454,Nyagoa Bayak,LSU,HJ,W,1.86,1.8299999999999998,3.25,3.0,1.86,3.25,3.0
2022,7727577,Jenna Rogers,Nebraska,HJ,W,1.85,1.8116666666666668,2.6363636363636362,1.0,1.94,2.6363636363636362,1.0
2022,6537001,Marguerite Lorenzo,Cornell,HJ,W,1.84,1.798,2.3333333333333335,6.0,1.84,2.3333333333333335,6.0
2022,6104881,Logan Blomquist,SE Missouri,HT,M,73.37,71.48,1.0,1.0,73.37,1.6666666666666667,1.0
2022,7188295,Tyler Merkley,Penn State,HT,M,72.7,70.13625,1.6666666666666667,2.0,73.67,2.3529411764705883,2.0
2022,7537882,Kostas Zaltos,Minnesota,HT,M,72.51,70.1,1.4285714285714286,1.0,78.08,1.5,1.0
2022,7041008,Bobby Colantonio,Alabama,HT,M,72.59,70.89200000000001,3.25,1.0,72.59,2.0,1.0
2022,6996705,Michael Bryan,Wichita State,HT,M,71.56,68.98857142857143,1.8333333333333333,1.0,71.56,3.642857142857143,1.0
2022,7977922,Alexander Talley,Nebraska,HT,M,71.52,68.926,3.0,4.0,71.52,2.9411764705882355,4.0
2022,8014116,Decio Andrade,Miami (Fla.),HT,M,71.76,70.28,2.4,1.0,73.77,3.0,1.0
2022,7687398,Trey Knight,USC,HT,M,71.81,70.025,2.8333333333333335,8.0,71.81,3.3,8.0
2022,6527542,Camryn Rogers,California,HT,W,77.67,75.13833333333334,1.2,1.0,77.67,1.375,1.0
2022,8016825,Alyssa Wilson,Texas State,HT,W,74.78,71.44777777777777,1.125,1.0,74.78,2.8181818181818183,1.0
2022,6583863,Beatrice Llano,Arizona State,HT,W,72.1,67.79555555555555,2.2857142857142856,3.0,72.1,2.2857142857142856,3.0
2022,7730797,Sara Killinen,Virginia Tech,HT,W,71.02,67.01714285714286,2.6666666666666665,3.0,71.02,3.727272727272727,3.0
2022,6901444,Shelby Moran,Arizona State,HT,W,70.58,66.98666666666666,3.142857142857143,5.0,70.58,5.083333333333333,5.0
2022,7511444,Jalani Davis,Ole Miss,HT,W,69.53,65.23666666666666,5.0,6.0,69.86,5.285714285714286,3.0
2022,7729246,Anna Purchase,California,HT,W,70.63,68.65,2.5,7.0,73.02,3.625,7.0
2022,6574473,Madi Malone,Auburn,HT,W,69.66,67.4175,4.333333333333333,1.0,72.37,5.133333333333334,1.0
2022,6874930,Marc Minichello,Penn,JT,M,81.17,77.58,1.0,1.0,82.32,1.0,1.0
2022,6988187,Ethan Dabbs,Virginia,JT,M,82.92,80.0175,1.3333333333333333,1.0,82.92,1.3333333333333333,1.0
2022,6985940,Tzuriel Pedigo,LSU,JT,M,78.9,74.66285714285713,2.3333333333333335,3.0,79.79,2.3333333333333335,3.0
2022,6547485,Taran Taylor,Wichita State,JT,M,78.76,70.41166666666668,2.0,1.0,78.76,2.0,1.0
2022,7974488,Chinecherem Prosper  Nnamdi,Baylor,JT,M,81.22,78.06285714285715,1.8333333333333333,5.0,84.68,1.8333333333333333,5.0
2022,7546466,Arthur Petersen,UT-Arlington,JT,M,79.9,74.375,3.2,1.0,79.9,3.2,1.0
2022,7797902,DJ Jonsson,Miss State,JT,M,76.78,75.70666666666666,2.4,1.0,78.66,2.4,1.0
2022,7495806,Ahmed Magour,Georgia,JT,M,74.4,71.01833333333333,3.0,2.0,74.4,3.0,2.0
2022,6703200,Ashton Riner,BYU,JT,W,60.36,56.82333333333333,1.4,1.0,60.36,1.4,1.0
2022,7730318,Maddie Harris,Nebraska,JT,W,57.9,54.555,1.2,1.0,59.12,4.125,1.0
2022,6588923,Madison Wiltrout,North Carolina,JT,W,60.03,56.62714285714286,1.4,1.0,60.03,1.4,1.0
2022,7729053,Rhema Otabor,FIU,JT,W,56.25,54.63166666666667,2.0,1.0,64.19,6.333333333333333,1.0
2022,7526548,Sara Zabarino,Florida State,JT,W,55.66,52.894285714285715,3.0,2.0,55.66,3.0,2.0
2022,7842838,Kate Joyce,Princeton,JT,W,54.68,50.334,4.25,6.0,56.03,4.25,6.0
2022,6586855,Virginia Miller,Stanford,JT,W,54.83,53.626,2.5,7.0,55.26,2.5,7.0
2022,7979191,Valentina  Barrios Bornacelli,Washington St.,JT,W,54.03,50.07142857142857,4.333333333333333,8.0,54.03,4.333333333333333,8.0
2022,7697085,Wayne Pinnock,Tennessee,LJ,M,8.06,7.985714285714286,1.5,1.0,8.44,2.2222222222222223,1.0
2022,7524768,Jeremiah Davis,Florida State,LJ,M,8.0,7.715833333333333,3.4545454545454546,2.0,8.37,4.2105263157894735,2.0
2022,7524772,Isaac Grimes,Florida State,LJ,M,8.05,7.821666666666666,3.3333333333333335,1.0,8.35,3.3333333333333335,1.0
2022,7487907,Carey McLeod,Tennessee,LJ,M,8.07,7.906666666666666,2.25,2.0,8.4,3.0,2.0
2022,6988878,Brandon  Hicklin,N. Carolina A&T,LJ,M,8.18,7.600909090909091,6.0,1.0,8.18,6.285714285714286,1.0
2022,6985983,A'Nan Bridgett,Rutgers,LJ,M,7.89,7.779999999999999,2.2,1.0,7.97,3.7777777777777777,1.0
2022,7725763,Stacy Brown Jr,Texas,LJ,M,7.93,7.612222222222223,5.9,7.0,7.99,8.6,7.0
2022,7487909,Anthony Riley,Tennessee,LJ,M,7.8,7.3981818181818175,9.2,8.0,7.92,9.2,8.0
2022,8010897,Jasmine Moore,Florida,LJ,W,6.82,6.654000000000001,1.4444444444444444,1.0,7.03,1.25,1.0
2022,7091735,Deborah Acquah,Texas A&M,LJ,W,6.89,6.593636363636364,1.75,2.0,6.89,2.4210526315789473,2.0
2022,8036060,Tyra Gittens,Texas,LJ,W,6.69,6.457142857142857,4.0,3.0,6.96,4.0588235294117645,3.0
2022,6562811,Monae' Nichols,Texas Tech,LJ,W,6.97,6.67125,1.75,4.0,6.97,1.75,4.0
2022,7732041,Claire  Bryant,Florida,LJ,W,6.73,6.49,4.2,3.0,6.88,4.5,3.0
2022,7989960,Morgan Smalls,LSU,LJ,W,6.58,6.306363636363637,3.5,2.0,6.58,6.392857142857143,2.0
2022,6528087,Caira Pettway,Baylor,LJ,W,6.41,6.209166666666667,4.7272727272727275,7.0,6.41,4.37037037037037,7.0
2022,7958878,Ackelia Smith,Texas,LJ,W,6.73,6.385000000000001,5.571428571428571,8.0,7.1,5.5,4.0
2022,7975590,Sondre Guttormsen,Princeton,PV,M,5.82,5.5649999999999995,1.2222222222222223,1.0,6.0,1.2222222222222223,1.0
2022,6543213,Clayton Fritsch,Sam Houston,PV,M,5.8,5.599333333333333,2.0,1.0,5.8,2.0,1.0
2022,7599292,Keaton Daniel,Kentucky,PV,M,5.65,5.425,2.5555555555555554,1.0,5.8,2.5555555555555554,1.0
2022,7975589,Simen Guttormsen,Princeton,PV,M,5.65,5.484444444444445,2.25,4.0,5.71,2.25,4.0
2022,7041294,Branson Ellis,Stephen F. Austin,PV,M,5.65,5.3808333333333325,2.1818181818181817,2.0,5.86,2.1818181818181817,2.0
2022,7540246,Zach McWhorter,BYU,PV,M,5.81,5.667142857142857,2.8333333333333335,6.0,5.85,2.8333333333333335,6.0
2022,7983334,Clayton Simms,Kansas,PV,M,5.5,5.345,3.1818181818181817,7.0,5.71,3.1818181818181817,7.0
2022,7719642,Kyle Rademeyer,South Alabama,PV,M,5.6,5.458333333333333,3.4,1.0,5.82,3.4,1.0
2022,6540291,Gabriela Leon,Louisville,PV,W,4.61,4.443846153846153,2.1666666666666665,1.0,4.61,2.1666666666666665,1.0
2022,6988330,Amanda Fassold,Arkansas,PV,W,4.55,4.3028571428571425,2.1666666666666665,1.0,4.55,2.1666666666666665,1.0
2022,6987320,Lisa Gunnarsson,LSU,PV,W,4.65,4.441111111111111,2.375,2.0,4.65,2.375,2.0
2022,6562838,Rachel Baxter,Virginia Tech,PV,W,4.62,4.446363636363636,2.0,4.0,4.62,2.0,4.0
2022,7495942,Julia Fixsen,Virginia Tech,PV,W,4.46,4.311999999999999,4.0,2.0,4.58,4.0,2.0
2022,7707244,Sydney Horn,High Point,PV,W,4.46,4.314375,2.8,1.0,4.57,2.8,1.0
2022,6545350,Sophia Franklin,Michigan State,PV,W,4.35,4.239166666666667,3.090909090909091,7.0,4.38,3.090909090909091,7.0
2022,6527910,Sommer Knight,East Carolina,PV,W,4.31,4.2275,2.142857142857143,1.0,4.35,2.142857142857143,1.0
2022,6547040,Adrian Piperi,Texas,SP,M,21.58,21.288333333333334,1.2727272727272727,1.0,21.74,1.6923076923076923,1.0
2022,6901432,Turner Washington,Arizona State,SP,M,21.65,20.561,1.5555555555555556,2.0,21.85,3.1538461538461537,2.0
2022,6598183,Isaac Odugbesan,Alabama,SP,M,20.85,20.276666666666667,3.0,3.0,20.85,4.333333333333333,3.0
2022,6533143,Jordan West,Tennessee,SP,M,20.33,19.817,2.375,1.0,20.76,3.8333333333333335,1.0
2022,6079450,Darius King,Northern Iowa,SP,M,20.33,19.81142857142857,2.3846153846153846,5.0,20.33,3.0454545454545454,5.0
2022,6533352,Logan Calvin,Illinois State,SP,M,20.24,19.090769230769233,2.8333333333333335,6.0,20.24,4.961538461538462,6.0
2022,8003661,Hayden Tobias,Ohio State,SP,M,19.95,18.884999999999998,3.3333333333333335,2.0,20.26,9.153846153846153,2.0
2022,7966997,Nikolas Curtiss,Iowa,SP,M,20.04,19.220769230769232,4.0,4.0,20.04,4.076923076923077,4.0
2022,6701960,Adelaide Aquilla,Ohio State,SP,W,19.64,18.616153846153846,1.1818181818181819,1.0,19.64,1.9375,1.0
2022,7727873,Jorinde Van Klinken,Arizona State,SP,W,19.08,18.44,1.2222222222222223,2.0,19.57,1.2142857142857142,1.0
2022,7977784,Axelina Johansson,Nebraska,SP,W,18.39,17.567777777777778,2.875,2.0,19.97,4.636363636363637,2.0
2022,7729144,Maria Deaviz,Virginia,SP,W,17.97,16.68307692307692,2.0,1.0,17.97,3.0625,1.0
2022,7722972,Jaida Ross,Oregon,SP,W,17.83,16.641666666666666,2.8,5.0,20.01,3.611111111111111,5.0
2022,7530664,Divine Oladipo,Vanderbilt,SP,W,17.97,17.32,3.0,2.0,17.97,3.6470588235294117,2.0
2022,6461040,A'veun Moore-Jones,Southern Illinois,SP,W,17.63,16.81923076923077,2.6666666666666665,7.0,17.63,2.466666666666667,7.0
2022,6135492,Annina Brandenburg,Abilene Christian,SP,W,17.3,16.406666666666666,3.1538461538461537,1.0,17.3,2.5833333333333335,1.0
2022,6605817,Chengetayi Mapaya,TCU,TJ,M,17.26,16.661428571428573,1.5,1.0,17.26,1.5,1.0
2022,7734303,Emmanuel Ihemeje,Oregon,TJ,M,17.03,16.668333333333333,1.3333333333333333,2.0,17.26,1.5555555555555556,2.0
2022,7989903,Apalos Edwards,LSU,TJ,M,16.39,16.03875,3.7777777777777777,2.0,16.84,4.384615384615385,2.0
2022,7038695,Keyshawn King,Stanford,TJ,M,16.77,15.845555555555556,2.2222222222222223,4.0,16.77,3.0833333333333335,4.0
2022,6992896,Georgi Nachev,Missouri,TJ,M,16.48,16.206666666666667,2.5,3.0,16.48,2.5,3.0
2022,7034968,Chris Welch,Texas Tech,TJ,M,16.46,16.06,2.625,6.0,16.46,3.5833333333333335,6.0
2022,7524768,Jeremiah Davis,Florida State,TJ,M,16.16,15.624444444444444,5.25,3.0,16.78,4.2105263157894735,2.0
2022,7735674,Nathan Crawford-Wallis,Prairie View,TJ,M,16.1,15.513333333333334,3.0,8.0,16.1,4.076923076923077,8.0
2022,8010897,Jasmine Moore,Florida,TJ,W,14.57,14.20857142857143,1.0,1.0,15.12,1.25,1.0
2022,7500561,Ruth Usoro,Texas Tech,TJ,W,13.95,13.62,2.857142857142857,2.0,14.5,2.357142857142857,2.0
2022,7730606,Ruta Lasmane,Texas Tech,TJ,W,13.89,13.854,2.3333333333333335,3.0,14.47,4.222222222222222,3.0
2022,7958878,Ackelia Smith,Texas,TJ,W,14.08,13.785714285714286,3.3333333333333335,4.0,14.54,5.5,4.0
2022,6997737,Titiana Marsh,Georgia,TJ,W,13.56,13.3,4.5,3.0,13.83,5.0,3.0
2022,7036942,Natricia Hooper,Florida,TJ,W,14.1,13.819999999999999,2.1,2.0,14.18,2.1,2.0
2022,7488539,Dominique Ruotolo,Oregon,TJ,W,13.27,13.149999999999999,3.6666666666666665,7.0,13.66,3.5,7.0
2022,7524308,Esther Isa,Mid. Tenn. State,TJ,W,13.48,12.848888888888888,4.125,1.0,13.48,3.5294117647058822,1.0
2023,7036992,Courtney Lindsey,Texas Tech,100,M,9.89,10.076666666666666,1.3333333333333333,1.0,9.89,2.5,1.0
2023,7989909,Godson Oghenebrume,LSU,100,M,9.9,10.046666666666667,1.2,1.0,9.9,4.05,1.0
2023,7721646,Shaun Maswanganyi,Houston,100,M,9.91,10.23875,2.0,1.0,9.87,2.96,1.0
2023,7729846,Da'Marcus Fleming,LSU,100,M,9.97,10.112857142857143,3.1666666666666665,4.0,9.85,2.7142857142857144,1.0
2023,7731969,PJ Austin,Florida,100,M,9.89,10.078333333333333,4.5,5.0,9.88,4.055555555555555,2.0
2023,7980286,Udodi Onwuzurike,Stanford,100,M,9.92,10.08,3.0,6.0,9.92,3.2,1.0
2023,7722962,Micah Williams,Oregon,100,M,9.99,10.123333333333333,3.3333333333333335,7.0,9.83,2.375,7.0
2023,8363992,Favour Ashe,Auburn,100,M,9.96,10.030000000000001,5.0,2.0,9.79,3.1666666666666665,2.0
2023,7087489,Julien Alfred,Texas,100,W,10.83,10.953999999999999,1.0,1.0,10.72,1.0869565217391304,1.0
2023,6985354,Kennedy Blackmon,Oklahoma,100,W,11.02,11.145000000000001,3.0,2.0,10.87,3.95,2.0
2023,7534774,Jacious Sears,Tennessee,100,W,10.96,11.045,3.5,1.0,10.77,3.5714285714285716,1.0
2023,8235201,Kaila Jackson,Georgia,100,W,11.04,11.128,3.25,2.0,10.93,3.619047619047619,2.0
2023,7690425,Kevona Davis,Texas,100,W,11.04,11.096,3.25,2.0,10.83,3.235294117647059,1.0
2023,7548443,Rosemary Chukwuma,Texas Tech,100,W,11.01,11.142,4.0,5.0,10.82,3.2666666666666666,4.0
2023,8316972,Ezinne Abba,Texas,100,W,10.98,11.098,5.0,3.0,10.93,5.117647058823529,1.0
2023,8368619,Dajaz Defrand,Florida State,100,W,11.05,11.299999999999999,9.6,1.0,10.88,5.176470588235294,1.0
2023,7718451,Ackera Nugent,Arkansas,100H,W,12.43,12.581999999999999,1.3333333333333333,1.0,12.25,5.052631578947368,1.0
2023,6995394,Masai Russell,Kentucky,100H,W,12.36,12.578,1.75,2.0,12.32,2.4285714285714284,2.0
2023,7511453,Alia Armstrong,LSU,100H,W,12.4,12.66375,1.5714285714285714,1.0,12.31,2.6666666666666665,1.0
2023,7511395,Talie Bonds,Arizona,100H,W,12.65,12.947,1.6666666666666667,4.0,12.65,3.0,4.0
2023,7533304,Grace Stark,Florida,100H,W,12.76,12.974285714285713,4.25,5.0,12.47,4.625,5.0
2023,8002777,Alexis Glasco,Coastal Carolina,100H,W,12.67,13.036000000000001,2.8333333333333335,1.0,12.67,3.625,1.0
2023,8011545,Aasia Laurencin,Michigan,100H,W,12.8,13.0175,3.25,1.0,12.67,5.882352941176471,1.0
2023,6988926,Paula  Salmon,N. Carolina A&T,100H,W,12.91,13.2625,4.6,8.0,12.63,5.0,8.0
2023,7697359,Ky Robinson,Stanford,10k,M,1678.74,1708.768,2.0,1.0,1667.11,2.9285714285714284,1.0
2023,7416005,Charles Hicks,Stanford,10k,M,1677.47,1694.2075,1.6666666666666667,2.0,1660.16,4.916666666666667,2.0
2023,6476140,Casey Clinger,BYU,10k,M,1681.67,1692.9033333333334,2.5,3.0,1681.67,5.2,3.0
2023,6880448,James Mwaura,Gonzaga,10k,M,1694.64,1705.3966666666668,3.5,4.0,1670.44,6.25,4.0
2023,6516194,Isai Rodriguez,Oklahoma State,10k,M,1695.48,1719.3625,2.6666666666666665,2.0,1672.92,5.4,2.0
2023,7919013,Graham Blanks,Harvard,10k,M,1695.9,1727.872,4.0,6.0,1695.9,3.642857142857143,2.0
2023,6429872,Barry Keane,Butler,10k,M,1684.66,1717.52,4.666666666666667,1.0,1684.66,5.111111111111111,1.0
2023,7904836,Patrick Kiprop,Arkansas,10k,M,1680.58,1710.77,7.0,8.0,1680.58,10.88888888888889,2.0
2023,7934445,Everlyn Kemboi,Utah Valley,10k,W,1923.3,1965.075,1.3333333333333333,1.0,1923.3,7.3076923076923075,1.0
2023,7905593,Emily Venters,Utah,10k,W,1908.35,1942.46,1.3333333333333333,2.0,1908.35,3.0,2.0
2023,7376675,Mercy Chelangat,Alabama,10k,W,1915.8,1961.3033333333333,2.0,3.0,1915.8,4.285714285714286,2.0
2023,7389434,Amelia Mazza-Downie,New Mexico,10k,W,1927.62,1950.6333333333332,3.5,4.0,1927.62,5.0,1.0
2023,8247130,Hilda Olemomoi,Alabama,10k,W,1925.83,1968.7833333333335,3.5,5.0,1911.89,3.0,3.0
2023,6445545,Cailie Logue,Iowa State,10k,W,1953.63,1991.6200000000001,3.6666666666666665,1.0,1953.63,4.090909090909091,1.0
2023,7367311,Amanda Vestri,Syracuse,10k,W,1928.26,1979.7325,4.333333333333333,3.0,1928.26,8.875,3.0
2023,7366522,Kelsey Chmiel,NC State,10k,W,1975.19,1998.4166666666667,6.0,8.0,1965.83,5.625,2.0
2023,7537813,Phillip Lemonious,Arkansas,110H,M,13.24,13.521428571428572,3.8,1.0,13.24,5.769230769230769,1.0
2023,7070432,De' Vion Wilson,Houston,110H,M,13.26,13.624,2.1666666666666665,1.0,13.24,3.1875,1.0
2023,7981048,Jaheem Hayles,Syracuse,110H,M,13.28,13.544285714285715,3.0,3.0,13.28,3.0,3.0
2023,6972494,Omotade Ojora,USC,110H,M,13.29,13.563333333333333,2.3333333333333335,4.0,13.29,2.1818181818181817,4.0
2023,7718288,Giano Roberts,Clemson,110H,M,13.31,13.413999999999998,3.3333333333333335,2.0,13.31,2.75,1.0
2023,7538550,Darius Luff,Nebraska,110H,M,13.32,13.442000000000002,2.2,1.0,13.19,2.3333333333333335,1.0
2023,7496245,Connor Schulman,Texas A&M,110H,M,13.33,13.62125,3.8,7.0,13.33,9.538461538461538,7.0
2023,7728735,Rasheem Brown,Tennessee,110H,M,13.5,13.618,6.666666666666667,3.0,13.43,6.333333333333333,3.0
2023,7910774,Nathan Green,Washington,1500,M,218.1,221.1657142857143,5.333333333333333,1.0,214.79,4.888888888888889,1.0
2023,7480799,Joe Waskom,Washington,1500,M,215.86,223.1775,8.75,2.0,215.86,6.8,2.0
2023,7899902,Adam Spencer,Wisconsin,1500,M,217.72,219.958,7.0,3.0,214.57,2.9,2.0
2023,8074967,Anass  Essayi,South Carolina,1500,M,216.89,223.5257142857143,4.0,1.0,216.35,2.75,1.0
2023,7363947,Isaac  Basten,Drake,1500,M,216.99,224.66428571428574,5.0,1.0,216.99,3.6363636363636362,1.0
2023,6922271,Jesse Hunt,North Carolina,1500,M,217.53,222.97285714285712,4.333333333333333,4.0,217.53,3.4444444444444446,4.0
2023,7371800,Ezekiel  Rop,Iowa State,1500,M,216.92000000000002,222.8175,4.5,2.0,216.92000000000002,6.0,2.0
2023,7364612,Evan Dorenkamp,Penn State,1500,M,220.3,225.6888888888889,10.2,2.0,219.57999999999998,13.625,2.0
2023,7919037,Maia Ramsden,Harvard,1500,W,248.6,253.46333333333334,2.0,1.0,245.65,3.8333333333333335,1.0
2023,7929852,Izzy Thornton-Bott,Oregon,1500,W,248.64,254.07375000000002,3.6666666666666665,2.0,248.64,4.928571428571429,2.0
2023,7897037,Margot Appleton,Virginia,1500,W,248.96,254.13285714285715,1.6666666666666667,1.0,245.68,4.846153846153846,1.0
2023,8261269,Klaudia Kazimierska,Oregon,1500,W,248.53,252.78875,5.25,4.0,246.53,5.866666666666666,4.0
2023,8285251,Billah Jepkirui,Oklahoma State,1500,W,250.17,254.73285714285717,2.3333333333333335,1.0,244.59,4.769230769230769,1.0
2023,7687816,Shannon Flockhart,Providence,1500,W,250.78,256.135,3.5,1.0,244.97,6.857142857142857,1.0
2023,7704053,Katelyn Tuohy,NC State,1500,W,246.49,251.53,4.0,7.0,246.49,2.5,1.0
2023,7544494,Olivia Howell,Illinois,1500,W,251.54,256.0828571428571,3.6666666666666665,1.0,249.7,2.5625,1.0
2023,7980286,Udodi Onwuzurike,Stanford,200,M,19.76,20.203636363636363,1.5714285714285714,1.0,19.76,3.2,1.0
2023,7036992,Courtney Lindsey,Texas Tech,200,M,19.86,20.19272727272727,1.6666666666666667,1.0,19.81,2.5,1.0
2023,7727055,Terrence Jones,Texas Tech,200,M,19.87,20.240000000000002,2.0,2.0,19.87,2.2,1.0
2023,8363938,Robert Gregory,Florida,200,M,19.89,20.3075,2.25,1.0,19.6,5.111111111111111,1.0
2023,8016458,Tarsis Orogot,Alabama,200,M,19.94,20.251818181818184,2.7142857142857144,3.0,19.6,3.0588235294117645,2.0
2023,7721646,Shaun Maswanganyi,Houston,200,M,19.99,20.576999999999998,3.7142857142857144,1.0,19.93,2.96,1.0
2023,7734619,David Dunlap,Northern Arizona,200,M,20.16,20.56,3.0,7.0,20.16,4.565217391304348,7.0
2023,7531874,Cameron Miller,Louisville,200,M,20.17,20.372999999999998,2.7142857142857144,8.0,19.93,3.6666666666666665,2.0
2023,7087489,Julien Alfred,Texas,200,W,21.91,22.405,1.1428571428571428,1.0,21.73,1.0869565217391304,1.0
2023,6985778,McKenzie Long,Ole Miss,200,W,22.31,24.163999999999998,12.714285714285714,1.0,21.83,7.181818181818182,1.0
2023,7690425,Kevona Davis,Texas,200,W,22.33,22.751666666666665,4.0,2.0,22.02,3.235294117647059,1.0
2023,7534774,Jacious Sears,Tennessee,200,W,22.45,22.900000000000002,4.222222222222222,2.0,22.04,3.5714285714285716,1.0
2023,8316977,Lanae Thomas,Texas,200,W,22.38,22.802,3.25,5.0,22.12,3.2666666666666666,3.0
2023,7002873,Caisja Chandler,USC,200,W,22.37,22.767272727272726,3.111111111111111,6.0,22.27,3.2,4.0
2023,7732042,Talitha  Diggs,Florida,200,W,22.45,22.697777777777777,3.8333333333333335,4.0,22.43,3.0,3.0
2023,6550717,Karimah Davis,Kentucky,200,W,22.62,22.985,8.666666666666666,5.0,22.48,4.409090909090909,2.0
2023,6882592,Kenneth Rooks,BYU,3000S,M,505.05,510.488,1.0,1.0,502.56,24.0,1.0
2023,6876443,Duncan Hamilton,Montana State,3000S,M,496.23,516.085,1.25,2.0,496.23,4.333333333333333,2.0
2023,8005749,Victor Kibiego,UTEP,3000S,M,506.8,524.91,2.25,3.0,505.48,2.111111111111111,3.0
2023,7979835,Nathan Mountain,Virginia,3000S,M,512.05,515.7479999999999,2.0,1.0,491.92,10.5,1.0
2023,6429582,Matthew Wilkinson,Minnesota,3000S,M,506.33,513.178,2.6666666666666665,1.0,505.03,5.571428571428571,1.0
2023,8245050,Abdelhakim Abouzouhir,Eastern Kentucky,3000S,M,515.41,516.6,3.3333333333333335,1.0,505.37,10.384615384615385,1.0
2023,6990067,Victor Shitsama,Oklahoma State,3000S,M,510.7,514.9183333333333,3.75,1.0,509.89,27.0,1.0
2023,6876347,Derek  Johnson,Virginia,3000S,M,505.23,515.91,3.5,2.0,505.23,5.636363636363637,2.0
2023,7404684,Olivia Markezich,Notre Dame,3000S,W,565.03,579.7574999999999,1.0,1.0,557.36,1.6666666666666667,1.0
2023,7686712,Greta Karinauskaite,CBU,3000S,W,566.88,576.174,2.3333333333333335,1.0,566.88,3.3333333333333335,1.0
2023,7365150,Ceili McCabe,West Virginia,3000S,W,581.32,592.49,1.6666666666666667,1.0,571.14,3.0,1.0
2023,7712194,Lexy Halladay-Lowry,BYU,3000S,W,581.85,585.0425,4.5,4.0,548.68,11.88888888888889,4.0
2023,7389432,Elise Thorner,New Mexico,3000S,W,579.39,584.1925,3.0,5.0,568.49,13.2,3.0
2023,6870153,Grace Fetherstonhaugh,Oregon State,3000S,W,578.93,584.98,3.0,6.0,577.56,4.846153846153846,6.0
2023,7612157,Kaylee Mitchell,Oregon State,3000S,W,579.45,585.238,3.3333333333333335,7.0,574.59,6.933333333333334,7.0
2023,6545344,Pauline Meyer,Arkansas State,3000S,W,584.85,597.46,3.3333333333333335,1.0,584.85,4.315789473684211,1.0
2023,8365076,Emmanuel Bamidele,Florida,400,M,44.24,45.59166666666667,5.714285714285714,1.0,44.24,3.875,1.0
2023,7731978,Ryan Willie,Florida,400,M,44.25,45.29769230769231,2.2857142857142856,1.0,44.25,3.0434782608695654,1.0
2023,7487901,Emmanuel Bynum,Tennessee,400,M,44.49,45.4175,2.5,3.0,44.49,4.173913043478261,3.0
2023,7930058,Justin  Robinson,Arizona State,400,M,44.51,45.48615384615384,6.714285714285714,4.0,44.51,4.6923076923076925,2.0
2023,7727878,Dubem Nwachukwu,Arizona State,400,M,44.81,45.769999999999996,8.5,5.0,44.81,5.866666666666666,2.0
2023,7986433,Reheem Hayles,N. Carolina A&T,400,M,44.81,45.914545454545454,2.7142857142857144,6.0,44.81,4.142857142857143,6.0
2023,8363942,JeVaughn Powell,Florida,400,M,45.02,46.114615384615384,11.428571428571429,7.0,44.54,8.25,1.0
2023,8040987,Gamali Felix,Arizona State,400,M,45.12,45.60375,7.25,8.0,45.12,5.111111111111111,8.0
2023,7690419,Rhasidat Adeleke,Texas,400,W,49.2,50.52,1.4,1.0,49.2,1.7,1.0
2023,7488009,Britton Wilson,Arkansas,400,W,49.13,49.801,1.4,1.0,49.13,1.6470588235294117,1.0
2023,7732209,Nickisha Pryce,Arkansas,400,W,50.23,51.537142857142854,6.375,3.0,48.89,4.833333333333333,1.0
2023,7478918,Rosey Effiong,Arkansas,400,W,50.17,51.265,4.25,4.0,49.72,4.0,1.0
2023,7732042,Talitha  Diggs,Florida,400,W,50.15,50.93166666666667,3.1666666666666665,3.0,49.99,3.0,3.0
2023,7723778,Ziyah Holman,Michigan,400,W,50.4,51.85923076923076,3.7142857142857144,1.0,50.4,3.4482758620689653,1.0
2023,7724966,Jermaisha Arnold,Texas A&M,400,W,50.33,51.36285714285714,5.625,4.0,50.33,3.7222222222222223,1.0
2023,7002165,Tierra Robinson-Jones,Texas A&M,400,W,50.52,51.53,4.571428571428571,2.0,50.52,3.0,1.0
2023,7535860,Chris Robinson,Alabama,400H,M,48.12,49.265,1.4,1.0,48.36,2.608695652173913,1.0
2023,7746444,Corde Long,Alabama,400H,M,48.53,49.90777777777778,6.0,2.0,49.07,4.285714285714286,2.0
2023,8017719,Nathaniel Ezekiel,Baylor,400H,M,48.52,49.075,2.6,2.0,47.49,4.0,1.0
2023,7526270,Caleb Dean,Texas Tech,400H,M,48.39,49.10625,2.0,1.0,48.39,2.2142857142857144,1.0
2023,7487906,Rasheeme Griffith,Tennessee,400H,M,49.0,50.009,5.6,5.0,48.79,7.6,5.0
2023,7495802,Caleb Cavanaugh,Georgia,400H,M,49.04,49.83222222222222,3.6,3.0,49.04,4.6,3.0
2023,7039313,Cass Elliott,Washington,400H,M,49.13,49.85363636363636,2.5,7.0,49.26,3.466666666666667,7.0
2023,7044237,James Smith II,Texas A&M,400H,M,49.21,50.17666666666666,8.5,6.0,49.3,8.88888888888889,6.0
2023,8011524,Savannah Sutherland,Michigan,400H,W,54.45,56.0875,1.25,1.0,52.46,3.0833333333333335,1.0
2023,6995394,Masai Russell,Kentucky,400H,W,54.66,55.98125,2.0,2.0,55.21,2.4285714285714284,2.0
2023,7520143,Chastity Pickett,Campbell,400H,W,54.86,56.888888888888886,2.0,1.0,55.7,4.2105263157894735,1.0
2023,8366921,Brooke Overholt,Vanderbilt,400H,W,55.5,56.82142857142857,7.333333333333333,4.0,56.64,6.142857142857143,4.0
2023,8359933,Shani'a Bellamy,LSU,400H,W,55.58,56.785555555555554,4.25,5.0,55.58,12.782608695652174,5.0
2023,8316107,Lashanna Graham,Clemson,400H,W,55.59,57.01,3.8,6.0,56.54,6.36,3.0
2023,7488009,Britton Wilson,Arkansas,400H,W,53.23,54.301249999999996,2.5,1.0,53.23,1.6470588235294117,1.0
2023,7494773,Abbey Glynn,Colorado,400H,W,55.94,57.15090909090909,3.8333333333333335,8.0,55.75,4.875,8.0
2023,7697359,Ky Robinson,Stanford,5000,M,786.42,820.745,3.6,1.0,786.42,2.9285714285714284,1.0
2023,7919013,Graham Blanks,Harvard,5000,M,783.78,829.8442857142857,3.1666666666666665,2.0,779.89,3.642857142857143,2.0
2023,7397924,Jackson  Sharp,Wisconsin,5000,M,805.51,823.2959999999999,6.25,3.0,805.51,3.1666666666666665,1.0
2023,7686035,Luke Tewalt,Wake Forest,5000,M,827.04,837.395,6.0,2.0,808.18,12.444444444444445,2.0
2023,7908131,Parker Wolfe,North Carolina,5000,M,793.61,826.2466666666668,4.8,5.0,793.49,4.125,3.0
2023,7416005,Charles Hicks,Stanford,5000,M,802.05,822.472,6.25,6.0,802.05,4.916666666666667,2.0
2023,7688021,Carter Solomon,Notre Dame,5000,M,806.11,839.12,8.2,7.0,806.11,7.0,1.0
2023,7711751,Nico Young,Northern Arizona,5000,M,802.96,823.0200000000001,4.333333333333333,8.0,777.14,3.75,8.0
2023,7699859,Parker Valby,Florida,5000,W,896.11,923.516,1.0,1.0,892.18,2.3333333333333335,1.0
2023,7934445,Everlyn Kemboi,Utah Valley,5000,W,920.67,940.94,2.2,1.0,920.67,7.3076923076923075,1.0
2023,7905593,Emily Venters,Utah,5000,W,920.37,941.79,4.0,3.0,920.37,3.0,2.0
2023,8397826,Amaris Tyynismaa,NC State,5000,W,930.37,944.9175,2.3333333333333335,1.0,930.37,6.428571428571429,1.0
2023,8257176,Amina Maatoug,Duke,5000,W,948.22,955.36,4.5,4.0,935.93,4.75,2.0
2023,6445545,Cailie Logue,Iowa State,5000,W,936.4,952.0880000000001,3.5,1.0,936.4,4.090909090909091,1.0
2023,7905591,Simone Plourde,Utah,5000,W,921.19,935.3100000000001,4.5,7.0,921.19,2.7777777777777777,7.0
2023,7893942,Chloe Scrimgeour,Georgetown,5000,W,924.36,949.73,6.0,1.0,905.4,17.0,1.0
2023,8233518,Will Sumner,Georgia,800,M,104.25999999999999,108.38000000000001,4.0,1.0,104.25999999999999,4.476190476190476,1.0
2023,7725762,Yusuf Bizimana,Texas,800,M,105.74000000000001,107.36333333333333,2.0,1.0,105.74000000000001,12.1875,1.0
2023,8322772,Handal Roban,Penn State,800,M,105.95,108.22266666666665,2.7777777777777777,3.0,104.72999999999999,2.6666666666666665,3.0
2023,7724879,Abdullahi Hassan,Wisconsin,800,M,106.25,108.412,3.3333333333333335,4.0,105.39,8.266666666666667,4.0
2023,7700481,Conor  Murphy,Virginia,800,M,106.43,108.1718181818182,3.0,5.0,106.43,3.933333333333333,5.0
2023,8237621,Mehdi Yanouri,Oklahoma State,800,M,106.5,108.15230769230769,5.5,2.0,106.5,5.555555555555555,2.0
2023,7751674,Aidan McCarthy,Cal Poly,800,M,106.25999999999999,107.94375,3.5,7.0,105.19,12.0,7.0
2023,8009334,Tiarnan Crorken,Ole Miss,800,M,106.81,112.35,4.8,3.0,106.81,5.909090909090909,3.0
2023,7930954,Michaela Rose,LSU,800,W,119.08,121.375,1.375,1.0,118.12,3.55,1.0
2023,7481168,Gabija Galvydyte,Oklahoma State,800,W,120.47,123.92181818181817,4.0,1.0,120.11,5.444444444444445,1.0
2023,6547986,Claire Seymour,BYU,800,W,120.04,123.12909090909092,4.714285714285714,3.0,120.04,14.833333333333334,3.0
2023,8239785,Roisin Willis,Stanford,800,W,119.93,122.20777777777779,2.0,4.0,118.13,3.411764705882353,4.0
2023,6920343,Dorcus Ewoi,Campbell,800,W,121.12,125.69181818181818,2.0,1.0,121.12,2.5454545454545454,1.0
2023,7008908,Valery Tobias,Texas,800,W,120.31,123.70615384615385,4.25,2.0,120.31,5.45,2.0
2023,6909381,Aurora Rynda,Michigan,800,W,122.69,124.809,5.0,1.0,121.35,3.3333333333333335,1.0
2023,7722268,Meghan Hunter,BYU,800,W,121.53,126.79499999999999,15.636363636363637,8.0,118.95,12.1875,8.0
2023,6901432,Turner Washington,Arizona State,DT,M,66.22,63.88142857142857,1.1666666666666667,1.0,66.26,2.1538461538461537,1.0
2023,7003965,Roje Stona,Arkansas,DT,M,68.64,66.678,1.5,1.0,68.64,4.230769230769231,1.0
2023,8019706,Mykolas Alekna,California,DT,M,71.0,68.19,1.4,3.0,72.12,1.4,3.0
2023,8359928,Claudio Romero,LSU,DT,M,62.67,59.59875,2.4285714285714284,4.0,67.29,3.75,4.0
2023,8012869,Kevin Nedrick,Liberty,DT,M,61.93,58.81888888888889,2.0,2.0,61.93,2.888888888888889,2.0
2023,7039996,Milton Ingraham,Florida State,DT,M,62.13,59.474444444444444,2.0,1.0,62.13,2.3333333333333335,1.0
2023,7722603,Dallin Shurts,BYU,DT,M,62.21,59.29833333333334,3.909090909090909,7.0,63.26,3.909090909090909,7.0
2023,6586906,Elijah Mason,Washington,DT,M,61.77,59.87857142857143,5.833333333333333,8.0,61.77,5.833333333333333,8.0
2023,8354294,Jorinde Van Klinken,Oregon,DT,W,65.55,63.114,1.0,1.0,67.05,1.6666666666666667,1.0
2023,7979969,Ashley Anumba,Virginia,DT,W,61.13,58.52444444444445,1.5,2.0,61.13,3.5714285714285716,2.0
2023,8398788,Alida Van Daalen,Florida,DT,W,59.96,57.821666666666665,2.2,2.0,69.31,2.142857142857143,1.0
2023,7730608,Caisa-Marie Lindfors,Florida State,DT,W,60.8,57.598571428571425,2.0,1.0,60.8,3.6363636363636362,1.0
2023,6592751,Samantha  Lenton,Memphis,DT,W,58.95,55.40125,1.7142857142857142,1.0,58.95,3.96875,1.0
2023,7491617,Estel Valeanu,Harvard,DT,W,58.25,55.09777777777778,2.25,1.0,58.25,2.72,1.0
2023,7002471,Gabby McDonald,Colorado St.,DT,W,59.75,55.54299999999999,4.0,1.0,59.75,4.225806451612903,1.0
2023,7730828,Jade Whitfield,Oregon State,DT,W,58.36,56.229,3.7777777777777777,8.0,58.36,3.7777777777777777,8.0
2023,7535392,Romaine Beckford,South Florida,HJ,M,2.27,2.2100000000000004,1.1111111111111112,1.0,2.27,1.3,1.0
2023,6569708,Vernon Turner,Oklahoma,HJ,M,2.3,2.20625,2.5714285714285716,1.0,2.33,3.0,1.0
2023,6992911,Roberto Vilches,Missouri,HJ,M,2.24,2.1875,4.142857142857143,1.0,2.27,4.142857142857143,1.0
2023,7534612,Trey Allen,Louisville,HJ,M,2.25,2.1954545454545458,2.2,1.0,2.27,2.2,1.0
2023,8369917,Tony Jones,Miss State,HJ,M,2.21,2.169,3.0,3.0,2.21,3.0,3.0
2023,7977923,Tyus Wilson,Nebraska,HJ,M,2.2,2.133846153846154,2.9166666666666665,2.0,2.29,2.9166666666666665,2.0
2023,7530597,"Shaun Miller, Jr.",Ohio State,HJ,M,2.21,2.1554545454545457,5.333333333333333,3.0,2.23,5.857142857142857,3.0
2023,7476114,Slavko Stevic,SE Louisiana,HJ,M,2.22,2.1475,2.3636363636363638,4.0,2.22,2.8333333333333335,4.0
2023,7487638,Charity Griffith,Ball State,HJ,W,1.93,1.8381818181818181,1.5714285714285714,1.0,1.93,5.911764705882353,1.0
2023,7729642,Lamara Distin,Texas A&M,HJ,W,1.97,1.9155555555555555,1.25,1.0,2.0,1.25,1.0
2023,8005705,Elena Kulichenko,Georgia,HJ,W,1.92,1.8625,1.9090909090909092,2.0,1.97,1.9090909090909092,2.0
2023,7989006,Lilian Turban,Hawaii,HJ,W,1.87,1.818,1.6666666666666667,4.0,1.87,5.555555555555555,4.0
2023,7540309,Cierra Tidwell,BYU,HJ,W,1.88,1.8106666666666666,2.9285714285714284,7.0,1.89,2.8,7.0
2023,7497079,Taylor Beard,Cincinnati,HJ,W,1.88,1.835,3.142857142857143,1.0,1.88,7.555555555555555,1.0
2023,7981311,Kenneth Ikeji,Harvard,HT,M,77.92,72.38375,1.1666666666666667,1.0,77.92,3.5714285714285716,1.0
2023,7537882,Kostas Zaltos,Minnesota,HT,M,76.33,73.35555555555555,1.25,1.0,78.08,1.2222222222222223,1.0
2023,6583856,Jordan Geist,Arizona,HT,M,75.97,72.315,3.5,3.0,75.97,2.588235294117647,1.0
2023,8014116,Decio Andrade,Miami (Fla.),HT,M,73.77,72.78,2.1666666666666665,1.0,73.77,1.9090909090909092,1.0
2023,7886978,Nikolaos Polychroniou,USC,HT,M,72.65,70.46285714285715,2.6666666666666665,5.0,75.24,2.6666666666666665,5.0
2023,7980790,Jake Kubiatowicz,Minnesota,HT,M,72.4,67.35777777777778,3.125,3.0,72.4,2.5555555555555554,3.0
2023,7188295,Tyler Merkley,Penn State,HT,M,73.67,71.87375,2.6666666666666665,2.0,73.67,3.7058823529411766,2.0
2023,8341371,Tarik Robinson-O'Hagan,Ole Miss,HT,M,71.38,70.14999999999999,4.2,1.0,77.62,4.541666666666667,1.0
2023,7491616,Stephanie Ratcliffe,Harvard,HT,W,73.63,69.65,1.0,1.0,73.63,1.1,1.0
2023,6574473,Madi Malone,Auburn,HT,W,72.37,68.21333333333334,1.4285714285714286,1.0,72.37,2.3076923076923075,1.0
2023,7729246,Anna Purchase,California,HT,W,73.02,69.97571428571429,1.8333333333333333,3.0,73.02,2.142857142857143,3.0
2023,7511460,Emma Robbins,Kansas State,HT,W,69.89,65.89750000000001,2.857142857142857,2.0,70.02,3.5833333333333335,2.0
2023,7542360,Tara Simpson-Sullivan,Rice,HT,W,68.24,65.74833333333333,3.0,5.0,69.94,3.25,5.0
2023,6557376,Shey Taiwo,Ole Miss,HT,W,67.69,66.67571428571429,3.6666666666666665,3.0,71.27,5.2727272727272725,3.0
2023,8339459,Elisabet Rut Runarsdottir,Texas State,HT,W,66.98,63.599999999999994,2.75,1.0,72.89,3.090909090909091,1.0
2023,6558758,Taylor Gorum,Alabama,HT,W,66.6,64.46333333333332,6.4,8.0,66.6,7.458333333333333,8.0
2023,6985940,Tzuriel Pedigo,LSU,JT,M,79.79,77.354,2.0,1.0,79.79,5.333333333333333,1.0
2023,6988187,Ethan Dabbs,Virginia,JT,M,80.82,76.19,2.5,1.0,82.92,2.5,1.0
2023,7974488,Chinecherem Prosper  Nnamdi,Baylor,JT,M,79.98,75.39285714285714,1.8333333333333333,1.0,84.68,1.8333333333333333,1.0
2023,8235191,Marc Minichello,Georgia,JT,M,80.62,75.83714285714287,2.6666666666666665,1.0,82.32,2.6666666666666665,1.0
2023,7729615,Sam Hankins,Texas A&M,JT,M,76.18,71.23375,3.4285714285714284,4.0,77.95,3.4285714285714284,4.0
2023,7744832,Braden Presser,Navy,JT,M,76.0,72.60857142857142,2.0,6.0,76.0,2.0,6.0
2023,7208883,John Keenan,Notre Dame,JT,M,75.96,69.52142857142857,2.6666666666666665,2.0,75.96,2.6666666666666665,2.0
2023,7184209,Cameron Bates,BYU,JT,M,76.07,73.96799999999999,5.0,8.0,77.17,5.0,8.0
2023,7729053,Rhema Otabor,Nebraska,JT,W,59.49,55.602,3.5,1.0,64.19,3.5,1.0
2023,7986520,Lianna Davidson,Texas A&M,JT,W,58.78,55.737142857142864,1.8333333333333333,1.0,63.79,1.8333333333333333,1.0
2023,7986521,Katelyn Fairchild,Texas A&M,JT,W,57.97,55.478571428571435,2.3333333333333335,3.0,57.97,2.3333333333333335,3.0
2023,7730318,Maddie Harris,Nebraska,JT,W,57.26,55.60799999999999,3.75,2.0,59.12,3.75,2.0
2023,7487690,Skylar Ciccolini,Missouri,JT,W,56.03,54.5,5.333333333333333,5.0,57.45,5.333333333333333,5.0
2023,6992947,Sophia Rivera,Missouri,JT,W,57.67,55.74333333333333,2.8,2.0,57.67,7.444444444444445,2.0
2023,8467686,Federica  Botter,UCLA,JT,W,57.81,54.278333333333336,3.0,7.0,58.72,3.0,7.0
2023,6588923,Madison Wiltrout,North Carolina,JT,W,58.51,56.134,2.75,1.0,60.03,2.75,1.0
2023,7487907,Carey McLeod,Arkansas,LJ,M,8.4,8.122857142857143,2.0,1.0,8.4,3.4285714285714284,1.0
2023,7697085,Wayne Pinnock,Arkansas,LJ,M,8.37,8.203333333333333,2.2,1.0,8.44,3.0,1.0
2023,8328829,Jordan Turner,Kentucky,LJ,M,8.13,7.761428571428572,5.0,3.0,8.13,5.0,3.0
2023,7731971,Malcolm Clemons,Florida,LJ,M,8.07,7.875714285714286,3.75,4.0,8.22,4.5,4.0
2023,7023317,Cameron Crump,Miss State,LJ,M,8.39,8.0,2.7777777777777777,3.0,8.39,5.333333333333333,3.0
2023,7730053,Nikaoli Williams,Oklahoma,LJ,M,8.06,7.854444444444444,3.75,1.0,8.06,4.333333333333333,1.0
2023,7524768,Jeremiah Davis,Florida State,LJ,M,8.37,8.1325,1.8888888888888888,1.0,8.37,2.111111111111111,1.0
2023,8478306,Brandon Hicklin,LSU,LJ,M,7.97,7.72,4.538461538461538,5.0,8.18,3.5714285714285716,1.0
2023,7958878,Ackelia Smith,Texas,LJ,W,7.08,6.714,4.0,1.0,7.1,8.357142857142858,1.0
2023,8324337,Alyssa Jones,Stanford,LJ,W,6.86,6.44375,2.125,2.0,7.09,2.9285714285714284,2.0
2023,8010897,Jasmine Moore,Florida,LJ,W,7.03,6.755714285714285,1.4285714285714286,1.0,7.03,1.4,1.0
2023,7488536,Alysah Hickey,Oregon,LJ,W,6.79,6.5344444444444445,2.5,4.0,6.81,3.3,4.0
2023,7732041,Claire  Bryant,Florida,LJ,W,6.88,6.59,2.7,3.0,6.88,4.823529411764706,3.0
2023,7037704,Charisma Taylor,Tennessee,LJ,W,6.64,6.4037500000000005,4.0,4.0,6.64,3.4615384615384617,2.0
2023,8010632,Emilia Sjostrand,San Jose St.,LJ,W,6.48,6.194,5.9,1.0,6.59,4.894736842105263,1.0
2023,7731621,Synclair Savage,Louisville,LJ,W,6.53,6.353,3.1818181818181817,2.0,6.72,6.0,2.0
2023,7719642,Kyle Rademeyer,South Alabama,PV,M,5.82,5.5969999999999995,2.0,1.0,5.82,2.0,1.0
2023,7728252,Hunter Garretson,Akron,PV,M,5.71,5.449375,2.1333333333333333,1.0,5.83,2.2941176470588234,1.0
2023,7983334,Clayton Simms,Kansas,PV,M,5.71,5.506666666666666,2.7857142857142856,4.0,5.71,2.7857142857142856,4.0
2023,7495942,Julia Fixsen,Virginia Tech,PV,W,4.45,4.343999999999999,3.6666666666666665,1.0,4.58,3.6666666666666665,1.0
2023,8324599,Nastassja Campbell,Washington,PV,W,4.55,4.340833333333333,2.0,2.0,4.55,2.0,2.0
2023,7484536,Gennifer Hirata,South Dakota,PV,W,4.45,4.200714285714286,4.461538461538462,1.0,4.45,4.461538461538462,1.0
2023,7528279,Sevanna Hanson,Arizona State,PV,W,4.3,3.9983333333333335,8.090909090909092,4.0,4.3,8.090909090909092,4.0
2023,7707244,Sydney Horn,High Point,PV,W,4.5,4.298461538461539,3.0,1.0,4.57,3.0,1.0
2023,8235499,Kenna Stimmel,Virginia Tech,PV,W,4.45,4.3015384615384615,4.166666666666667,4.0,4.45,4.166666666666667,4.0
2023,6583856,Jordan Geist,Arizona,SP,M,21.48,21.137,1.125,1.0,21.59,2.588235294117647,1.0
2023,6901432,Turner Washington,Arizona State,SP,M,21.04,19.99875,3.0,2.0,21.85,2.1538461538461537,1.0
2023,8319513,Fred Moudani Likibi,Cincinnati,SP,M,20.54,19.743000000000002,2.375,1.0,20.62,3.3636363636363638,1.0
2023,7977918,Maxwell Otterdahl,Nebraska,SP,M,21.22,19.972727272727273,3.3,2.0,21.22,4.142857142857143,1.0
2023,7989907,John Meyer,LSU,SP,M,20.5,20.229,2.3333333333333335,2.0,20.5,3.6666666666666665,2.0
2023,8003661,Hayden Tobias,Ohio State,SP,M,20.26,19.71,3.3,5.0,20.26,8.722222222222221,5.0
2023,6533143,Jordan West,Arkansas,SP,M,20.76,20.135833333333334,2.727272727272727,1.0,20.76,3.0,1.0
2023,7729241,Jeff Duensing,California,SP,M,19.98,18.97,4.75,8.0,19.98,4.75,8.0
2023,7977784,Axelina Johansson,Nebraska,SP,W,19.54,18.82888888888889,1.5,1.0,19.97,3.272727272727273,1.0
2023,8354294,Jorinde Van Klinken,Oregon,SP,W,19.57,18.433333333333334,2.0,2.0,19.57,1.6666666666666667,1.0
2023,8353875,Rosa Santana,UNLV,SP,W,18.43,17.815555555555555,1.75,2.0,18.43,3.2222222222222223,2.0
2023,8398788,Alida Van Daalen,Florida,SP,W,18.66,17.938,2.111111111111111,1.0,18.66,2.142857142857143,1.0
2023,7722972,Jaida Ross,Oregon,SP,W,18.46,17.834545454545456,3.1,5.0,20.01,2.857142857142857,5.0
2023,7493771,Mallory Kauffman,Penn State,SP,W,18.0,16.899285714285714,2.5833333333333335,5.0,18.0,2.823529411764706,5.0
2023,6584256,Josie Schaefer,Wisconsin,SP,W,18.98,17.974615384615387,2.1818181818181817,2.0,18.98,3.388888888888889,2.0
2023,7039504,Hannah Hall,Miami (Fla.),SP,W,18.03,17.317999999999998,2.7142857142857144,1.0,18.03,4.7272727272727275,1.0
2023,8339138,Jaydon Hibbert,Arkansas,TJ,M,17.87,17.165714285714284,1.0,1.0,17.87,1.0,1.0
2023,7534785,Russell Robinson,Miami (Fla.),TJ,M,17.12,16.534285714285716,2.5714285714285716,2.0,17.13,3.3333333333333335,2.0
2023,7524768,Jeremiah Davis,Florida State,TJ,M,16.78,16.334444444444443,2.3333333333333335,3.0,16.78,2.111111111111111,1.0
2023,8363937,Sean Dixon-Bodie,Florida,TJ,M,16.61,16.322857142857142,4.714285714285714,4.0,16.89,5.1,4.0
2023,7791695,Salif Mane,Fairleigh Dickinson,TJ,M,16.79,16.401666666666667,4.0,5.0,17.14,3.823529411764706,2.0
2023,6988192,Owayne Owens,Virginia,TJ,M,16.69,16.351666666666667,3.142857142857143,1.0,16.69,3.3,1.0
2023,7003472,Malik Cunningham,Villanova,TJ,M,16.17,15.946000000000002,3.5,1.0,16.17,3.5,1.0
2023,8337002,Astley Davis,Southern Utah,TJ,M,16.17,15.4425,2.5555555555555554,1.0,16.28,4.6,1.0
2023,8010897,Jasmine Moore,Florida,TJ,W,15.12,14.39,1.375,1.0,15.12,1.4,1.0
2023,7958878,Ackelia Smith,Texas,TJ,W,14.54,14.105,1.75,1.0,14.54,8.357142857142858,1.0
2023,7730606,Ruta Lasmane,Texas Tech,TJ,W,14.07,13.850000000000001,2.3333333333333335,2.0,14.47,2.3333333333333335,2.0
2023,7037704,Charisma Taylor,Tennessee,TJ,W,14.88,13.985555555555557,2.125,2.0,14.88,3.4615384615384617,2.0
2023,6997737,Titiana Marsh,Georgia,TJ,W,13.8,13.506666666666668,4.555555555555555,5.0,13.83,5.894736842105263,5.0
2023,7687408,Temitope Ojora,USC,TJ,W,13.71,13.464285714285714,2.142857142857143,6.0,13.9,2.1538461538461537,6.0
2023,8029262,Anne-Suzanna Fosther-Katta,Texas Tech,TJ,W,14.2,13.705,4.0,3.0,14.2,4.0,3.0
2023,8235207,Mikeisha Welcome,Georgia,TJ,W,14.21,13.731250000000001,3.2,3.0,14.21,4.083333333333333,3.0
2024,8348286,Louie Hinchliffe,Houston,100,M,10.0,10.228,2.0,2.0,9.84,3.3333333333333335,1.0
2024,8363992,Favour Ashe,Auburn,100,M,9.94,10.074000000000002,1.0,,9.79,2.142857142857143,2.0
2024,8709992,Kanyinsola Ajayi,Auburn,100,M,10.03,10.175714285714287,5.0,7.0,9.84,3.5,2.0
2024,7989909,Godson Oghenebrume,LSU,100,M,9.99,10.121666666666668,2.0,1.0,9.9,3.5789473684210527,1.0
2024,8700013,Saminu Abdul-Rasheed,South Florida,100,M,10.03,10.174000000000001,1.5,1.0,9.86,2.1666666666666665,1.0
2024,8709986,Wanya McCoy,Florida,100,M,10.02,10.115,3.5,2.0,10.02,2.5,2.0
2024,7721646,Shaun Maswanganyi,Houston,100,M,10.03,10.184000000000001,1.0,1.0,9.87,1.3076923076923077,1.0
2024,8367318,Zachaeus  Beard,Northwestern St.,100,M,10.04,10.205,2.2,2.0,10.0,4.8,1.0
2024,7533304,Grace Stark,Florida,100H,W,12.53,12.672857142857143,1.0,1.0,12.47,3.0,1.0
2024,8321889,Maribel Caicedo,Washington St.,100H,W,12.49,12.892857142857142,1.25,,12.38,2.75,
2024,7513080,Rayniah  Jones,UCF,100H,W,12.72,12.87857142857143,1.8,1.0,12.59,4.44,1.0
2024,7687405,Jasmine Jones,USC,100H,W,12.72,12.844999999999999,1.5,,12.58,1.3333333333333333,
2024,7545644,Destiny Huven,Arkansas,100H,W,12.98,13.120000000000001,4.0,7.0,12.72,7.5,7.0
2024,8011545,Aasia Laurencin,Michigan,100H,W,12.72,12.84142857142857,1.3333333333333333,1.0,12.67,5.733333333333333,1.0
2024,7736277,Micaela De Mello,Washington St.,100H,W,12.85,13.283333333333333,2.0,,12.63,5.681818181818182,
2024,7886983,Jalaysiya Smith,USC,100H,W,12.94,13.243333333333334,5.333333333333333,,12.75,5.333333333333333,
2024,8609549,Habtom Samuel,New Mexico,10k,M,1706.91,1726.4,1.0,,1650.51,4.636363636363637,1.0
2024,7895317,Victor Kiprop,Alabama,10k,M,1687.86,1751.934,2.5,1.0,1677.63,6.1,1.0
2024,8647596,Denis  Kipngetich,Oklahoma State,10k,M,1692.88,1718.115,9.0,,1658.36,4.8,3.0
2024,8725440,Ernest Cheruiyot,Texas Tech,10k,M,1672.13,1742.5260000000003,3.0,4.0,1661.59,6.375,4.0
2024,7554109,Chandler Gibbens,Kansas,10k,M,1692.14,1702.75,8.0,,1690.87,17.125,4.0
2024,7815149,Ian Kibiwot,Louisville,10k,M,1706.67,1729.0500000000002,22.0,,1691.65,16.428571428571427,6.0
2024,7889759,Sanele Masondo,Iowa State,10k,M,1715.16,1742.4333333333334,13.666666666666666,1.0,1674.77,15.555555555555555,1.0
2024,7904836,Patrick Kiprop,Arkansas,10k,M,1694.77,1738.6060000000002,6.0,2.0,1680.58,8.8,1.0
2024,7699859,Parker Valby,Florida,10k,W,1850.43,1907.17,1.0,,1850.43,1.0,1.0
2024,8247130,Hilda Olemomoi,Alabama,10k,W,1942.2,1981.0100000000002,1.0,1.0,1911.89,2.0,1.0
2024,7389217,Taylor Roe,Oklahoma State,10k,W,1997.1,2011.665,1.0,,1937.45,1.4285714285714286,
2024,6911493,Molly Born,Oklahoma State,10k,W,1997.15,2026.255,2.0,,1947.18,1.6666666666666667,1.0
2024,7893942,Chloe Scrimgeour,Georgetown,10k,W,1956.25,1964.995,1.0,1.0,1901.68,4.166666666666667,1.0
2024,8278025,Jenna Hutchins,BYU,10k,W,1972.01,2011.1550000000002,2.0,,1921.02,6.0,3.0
2024,7891097,Sydney Thorvaldson,Arkansas,10k,W,1956.47,2025.6866666666667,5.5,8.0,1941.37,5.0,4.0
2024,8242189,Grace Hartman,NC State,10k,W,1948.89,1961.435,1.0,,1880.6,8.214285714285714,4.0
2024,7538550,Darius Luff,Nebraska,110H,M,13.25,13.386666666666668,1.25,1.0,13.19,2.142857142857143,1.0
2024,8709994,Ja'Kobe Tharp,Auburn,110H,M,13.18,13.432857142857143,1.0,1.0,13.05,2.5,1.0
2024,8712078,Ja'Qualon Scott,Texas A&M,110H,M,13.31,13.442000000000002,1.3333333333333333,2.0,13.12,3.1578947368421053,2.0
2024,8679005,Malachi Snow,San Jose St.,110H,M,13.37,13.6325,1.5,1.0,13.08,3.0,1.0
2024,7070432,De' Vion Wilson,Houston,110H,M,13.24,13.448333333333332,1.3333333333333333,1.0,13.24,1.9,1.0
2024,7491601,Samuel Bennett,Howard,110H,M,13.52,13.644,1.6666666666666667,,13.39,2.4,
2024,8029490,Jerome Campbell,Northern Colorado,110H,M,13.3,13.61,2.0,1.0,13.23,3.5217391304347827,1.0
2024,8359929,Matthew Sophia,LSU,110H,M,13.4,16.686666666666667,2.8,,13.28,3.1,
2024,7480799,Joe Waskom,Washington,1500,M,219.82999999999998,224.59,21.0,,215.86,9.88888888888889,
2024,7722809,Elliott Cook,Oregon,1500,M,218.55,224.15666666666667,4.333333333333333,,217.25,2.8333333333333335,
2024,7899902,Adam Spencer,Wisconsin,1500,M,217.34,219.765,5.0,,214.57,3.3,1.0
2024,8271041,Colin Sahlman,Northern Arizona,1500,M,213.96,220.9766666666667,1.3333333333333333,1.0,213.96,2.7,1.0
2024,6900649,Damien Dilcher,Iona,1500,M,218.85,220.65,7.5,,218.85,7.0,
2024,7700480,Wes Porter,Virginia,1500,M,219.54,223.17166666666665,20.666666666666668,3.0,219.45,12.909090909090908,3.0
2024,7371800,Ezekiel  Rop,Iowa State,1500,M,218.28,220.11124999999998,8.0,1.0,216.92000000000002,9.88888888888889,1.0
2024,8074967,Anass  Essayi,South Carolina,1500,M,216.35,219.1425,1.5,,216.35,2.2222222222222223,2.0
2024,7919037,Maia Ramsden,Harvard,1500,W,245.65,249.26666666666665,5.75,,245.65,4.2727272727272725,
2024,7889042,Kimberley May,Providence,1500,W,247.0,247.91,2.0,,246.31,1.3333333333333333,1.0
2024,8261269,Klaudia Kazimierska,Oregon,1500,W,248.43,254.91333333333333,5.333333333333333,,246.53,4.333333333333333,
2024,7982248,Melissa Riggins,Georgetown,1500,W,247.96,252.73000000000002,2.0,1.0,247.67,3.6,1.0
2024,7388961,Flomena Asekol,Florida,1500,W,247.1,250.21166666666667,6.666666666666667,1.0,246.85,4.5,1.0
2024,7687816,Shannon Flockhart,Providence,1500,W,248.4,253.484,1.5,2.0,244.97,1.8,1.0
2024,7402013,Lindsey Butler,Virginia Tech,1500,W,247.96,249.98000000000002,7.0,,247.96,3.8181818181818183,3.0
2024,7544494,Olivia Howell,Texas,1500,W,249.7,255.9085714285714,13.25,3.0,249.7,7.230769230769231,3.0
2024,8674190,Cheickna Traore,Penn State,200,M,19.93,20.37375,1.6,2.0,19.93,2.0,2.0
2024,8363938,Robert Gregory,Florida,200,M,20.2,20.49111111111111,3.4,9.0,19.6,4.916666666666667,3.0
2024,8700013,Saminu Abdul-Rasheed,South Florida,200,M,20.34,20.746,3.0,1.0,19.95,2.1666666666666665,1.0
2024,8016458,Tarsis Orogot,Alabama,200,M,19.75,20.13,1.0,1.0,19.6,3.5,1.0
2024,7984341,Makanakaishe Charamba,Auburn,200,M,19.95,20.42875,3.4,3.0,19.79,3.0,2.0
2024,7721646,Shaun Maswanganyi,Houston,200,M,20.08,20.41142857142857,1.5,1.0,19.93,1.3076923076923077,1.0
2024,8318061,Jamarion Stubbs,Alabama State,200,M,19.95,20.59857142857143,1.8,,19.95,1.5384615384615385,
2024,7482112,Lance Lang,Arkansas,200,M,20.04,20.348333333333333,4.75,4.0,19.99,3.7222222222222223,1.0
2024,6985778,McKenzie Long,Ole Miss,200,W,22.03,22.502857142857145,2.6,1.0,21.83,4.785714285714286,1.0
2024,8675923,JaMeesia Ford,South Carolina,200,W,22.11,22.401111111111113,1.2857142857142858,2.0,21.98,1.64,2.0
2024,7722969,Jadyn Mays,Oregon,200,W,22.46,22.83625,2.1666666666666665,,22.13,2.0526315789473686,
2024,7986734,Jayla Jamison,South Carolina,200,W,22.58,23.082,6.857142857142857,,22.26,3.5217391304347827,2.0
2024,8343530,Jassani Carter,USC,200,W,22.62,23.206666666666667,2.375,,22.45,2.272727272727273,
2024,8235201,Kaila Jackson,Georgia,200,W,22.28,22.77875,7.333333333333333,5.0,22.28,4.666666666666667,2.0
2024,8368619,Dajaz Defrand,Florida State,200,W,22.34,22.818,3.0,1.0,22.2,3.3333333333333335,1.0
2024,8714489,Tima Godbless,LSU,200,W,22.63,23.025,5.0,,22.55,3.7142857142857144,3.0
2024,7373057,Parker Stokes,Georgetown,3000S,M,506.61,512.76,5.0,,498.88,17.833333333333332,1.0
2024,7979835,Nathan Mountain,Virginia,3000S,M,500.68,507.3633333333334,1.5,1.0,491.92,16.2,1.0
2024,6872531,Gable Sieperda,Iowa State,3000S,M,506.58,513.6600000000001,6.333333333333333,3.0,505.92,6.555555555555555,3.0
2024,8245050,Abdelhakim Abouzouhir,Eastern Kentucky,3000S,M,505.37,512.75,2.0,,505.37,7.3,10.0
2024,8237169,CJ Singleton,Notre Dame,3000S,M,513.6,515.3433333333334,7.0,4.0,507.46,13.333333333333334,4.0
2024,8281094,Estanis Ruiz,Portland,3000S,M,518.38,519.8199999999999,8.0,,508.15,16.0,
2024,7700490,Yasin Sado,Virginia,3000S,M,507.13,510.66333333333336,5.5,2.0,507.13,11.0,2.0
2024,6874366,Alexander Korczynski,Northeastern,3000S,M,515.78,524.73,6.0,1.0,509.42,12.333333333333334,1.0
2024,8614328,Doris Lemngole,Alabama,3000S,W,562.31,566.4766666666666,1.0,1.0,538.15,1.7,1.0
2024,7404684,Olivia Markezich,Notre Dame,3000S,W,575.33,575.83,2.0,,557.36,1.1428571428571428,1.0
2024,7366920,Janette Schraft,Iowa State,3000S,W,588.2,602.27,1.0,1.0,574.82,14.2,1.0
2024,7686712,Greta Karinauskaite,CBU,3000S,W,577.31,584.9399999999999,3.5,1.0,566.88,6.5,1.0
2024,7374015,Laura  Taborda,Arkansas,3000S,W,592.99,596.0466666666667,2.5,3.0,575.67,8.454545454545455,3.0
2024,7389432,Elise Thorner,Florida,3000S,W,568.49,582.5600000000001,2.5,2.0,568.49,9.88888888888889,2.0
2024,7888162,Sophie Novak,Notre Dame,3000S,W,587.57,593.845,4.333333333333333,1.0,564.95,5.25,1.0
2024,8720351,Karrie  Baloga,Northern Arizona,3000S,W,600.72,606.5575,7.333333333333333,1.0,577.93,11.9375,1.0
2024,8235187,Christopher Morales Williams,Georgia,400,M,44.05,45.233636363636364,1.4285714285714286,1.0,44.05,3.8333333333333335,1.0
2024,8691776,Samuel Ogazi,Alabama,400,M,44.53,45.53875,3.75,2.0,43.82,3.0,2.0
2024,8363942,JeVaughn Powell,Florida,400,M,45.16,45.63857142857143,3.0,,44.54,2.75,3.0
2024,8022254,Johnnie Blockburger,USC,400,M,44.51,45.692,2.7142857142857144,,44.51,2.0,
2024,8235489,Judson Lincoln IV,Virginia Tech,400,M,44.55,45.24,1.75,1.0,44.55,5.541666666666667,1.0
2024,7487901,Emmanuel Bynum,Tennessee,400,M,45.4,45.8675,7.4,6.0,44.49,5.076923076923077,6.0
2024,8709973,Reheem  Hayles,Florida,400,M,45.31,46.05111111111111,6.6,,44.81,5.266666666666667,3.0
2024,7930058,Justin  Robinson,Arizona State,400,M,45.2,45.44833333333333,1.6666666666666667,,44.51,2.0625,
2024,7732209,Nickisha Pryce,Arkansas,400,W,49.32,50.511,2.3333333333333335,1.0,48.89,3.8125,1.0
2024,8677962,Kaylyn Brown,Arkansas,400,W,49.47,50.81888888888889,2.0,2.0,49.13,2.5,2.0
2024,7511452,Amber Anning,Arkansas,400,W,49.51,50.37375,2.0,3.0,49.51,2.789473684210526,3.0
2024,7478918,Rosey Effiong,Arkansas,400,W,50.11,51.217,6.5,5.0,49.72,4.291666666666667,3.0
2024,7785853,Isabella  Whittaker,Penn,400,W,50.82,52.205555555555556,2.5,,50.17,3.8823529411764706,
2024,8359937,Ella Onojuvwevwo,LSU,400,W,50.57,51.697,6.833333333333333,8.0,49.59,6.0,5.0
2024,7519684,Jan'Taijah Jones,USC,400,W,51.07,52.001,3.4285714285714284,,50.31,3.9375,
2024,7729115,Brianna White,Tennessee,400,W,50.64,52.48888888888889,10.2,7.0,50.64,5.823529411764706,1.0
2024,7526270,Caleb Dean,Texas Tech,400H,M,48.05,49.265,2.0,2.0,48.39,1.8888888888888888,2.0
2024,7535860,Chris Robinson,Alabama,400H,M,47.95,48.830000000000005,1.0,1.0,48.36,1.6666666666666667,1.0
2024,8017719,Nathaniel Ezekiel,Baylor,400H,M,48.0,48.98500000000001,2.0,1.0,47.49,3.4285714285714284,1.0
2024,8712078,Ja'Qualon Scott,Texas A&M,400H,M,49.96,51.050000000000004,5.666666666666667,,48.22,3.1578947368421053,2.0
2024,7993397,Oskar Edlund,Texas Tech,400H,M,48.7,49.7475,3.25,3.0,48.7,3.5454545454545454,1.0
2024,7746444,Corde Long,Alabama,400H,M,49.07,50.26285714285715,7.5,6.0,49.07,11.909090909090908,6.0
2024,8017812,Jakwan Hale,Tennessee,400H,M,49.4,49.784000000000006,2.5,3.0,49.18,10.0,3.0
2024,7729850,Sean Burrell,LSU,400H,M,49.44,50.21333333333333,4.666666666666667,8.0,47.85,6.478260869565218,5.0
2024,7687405,Jasmine Jones,USC,400H,W,53.87,55.83166666666667,1.0,,53.87,1.3333333333333333,
2024,8011524,Savannah Sutherland,Michigan,400H,W,54.61,55.135,1.0,1.0,52.46,3.5,1.0
2024,7731611,Rachel  Glenn,Arkansas,400H,W,53.94,58.126,5.0,8.0,54.02,3.3333333333333335,2.0
2024,8647433,Akala Garrett,Texas,400H,W,54.73,56.08714285714286,1.0,1.0,53.73,4.470588235294118,1.0
2024,8475863,Sydni Townsend,Houston,400H,W,55.0,56.426,2.5,2.0,55.0,2.25,1.0
2024,7985917,Shana Grebo,Oregon,400H,W,56.24,56.818333333333335,3.6666666666666665,,56.28,3.6,
2024,8341502,Gabrielle Matthews,Ole Miss,400H,W,55.12,56.76666666666667,2.6666666666666665,1.0,55.12,8.411764705882353,1.0
2024,7494773,Abbey Glynn,Colorado,400H,W,55.31,56.49857142857143,2.5,,55.75,2.9285714285714284,
2024,7908131,Parker Wolfe,North Carolina,5000,M,799.38,814.4866666666667,1.0,1.0,793.49,1.3636363636363635,1.0
2024,7711751,Nico Young,Northern Arizona,5000,M,777.14,816.215,1.3333333333333333,1.0,777.14,2.75,1.0
2024,7697359,Ky Robinson,Stanford,5000,M,801.99,824.9200000000001,4.333333333333333,,786.42,4.571428571428571,
2024,8647595,Brian Musau,Oklahoma State,5000,M,791.29,804.0433333333334,2.0,,791.29,2.75,4.0
2024,7919013,Graham Blanks,Harvard,5000,M,779.89,809.4366666666666,2.5,,779.89,2.5,
2024,8609549,Habtom Samuel,New Mexico,5000,M,793.34,818.765,1.3333333333333333,1.0,783.47,4.636363636363637,1.0
2024,8009874,Toby Gillen,Ole Miss,5000,M,808.81,818.134,12.0,,806.74,9.25,7.0
2024,7388515,Jesse Hamlin,Butler,5000,M,807.26,819.4125,4.333333333333333,2.0,807.26,5.333333333333333,2.0
2024,7699859,Parker Valby,Florida,5000,W,907.86,913.81,1.0,1.0,892.18,1.0,1.0
2024,8247130,Hilda Olemomoi,Alabama,5000,W,892.84,906.2766666666666,1.5,,892.84,2.0,1.0
2024,7003048,Bailey Hertenstein,Colorado,5000,W,918.8,945.3924999999999,6.0,,910.98,4.166666666666667,
2024,7897037,Margot Appleton,Virginia,5000,W,918.21,932.7266666666668,2.0,3.0,918.21,3.272727272727273,1.0
2024,8601479,Juliet Cherubet,Texas Tech,5000,W,925.71,954.4,7.0,2.0,925.41,6.5,1.0
2024,7389217,Taylor Roe,Oklahoma State,5000,W,912.71,934.7925,1.0,,912.71,1.4285714285714286,
2024,6907365,Ella Baran,Colorado,5000,W,926.66,959.6775,9.0,,926.66,8.75,
2024,6882597,Sadie Sargent,BYU,5000,W,934.18,945.8766666666667,7.5,,930.63,9.2,2.0
2024,8621220,Shane  Cohen,Virginia,800,M,105.36,108.72272727272728,13.428571428571429,3.0,104.97,11.384615384615385,3.0
2024,7987288,Sam Whitmarsh,Texas A&M,800,M,104.46000000000001,106.88666666666667,1.2,1.0,104.46000000000001,1.375,1.0
2024,6904283,Finley McLear,Iowa State,800,M,106.81,108.19857142857143,7.0,20.0,105.66,6.142857142857143,20.0
2024,7974317,Tarees Rhoden,Clemson,800,M,105.71000000000001,107.44888888888889,1.4,1.0,105.7,3.1578947368421053,1.0
2024,7383904,Sean Dolan,Villanova,800,M,105.83,107.49555555555555,3.0,1.0,105.83,3.0,1.0
2024,7725762,Yusuf Bizimana,Texas,800,M,106.07,106.59833333333334,1.75,1.0,105.74000000000001,2.0,1.0
2024,7945430,Kimar Farquharson,Texas A&M,800,M,106.2,107.77636363636363,3.0,5.0,105.99000000000001,3.4210526315789473,4.0
2024,8235126,Nicholas Plant,Virginia Tech,800,M,106.35,107.98666666666666,2.0,4.0,105.9,2.0,1.0
2024,8239784,Juliette Whittaker,Stanford,800,W,120.09,121.92166666666667,2.25,,119.44,3.6923076923076925,
2024,8239785,Roisin Willis,Stanford,800,W,121.0,122.40500000000002,1.3333333333333333,,118.13,2.0,
2024,7481168,Gabija Galvydyte,Oklahoma State,800,W,120.42,122.7225,3.4,1.0,120.11,4.583333333333333,1.0
2024,7930954,Michaela Rose,LSU,800,W,118.37,120.69,1.0,1.0,118.12,4.611111111111111,1.0
2024,8603131,Hayley Kitching,Penn State,800,W,121.17,122.86555555555555,2.2,1.0,119.15,2.8666666666666667,1.0
2024,8364036,Sanu Jallow,Arkansas,800,W,119.28999999999999,123.33545454545455,2.857142857142857,2.0,117.74000000000001,2.823529411764706,2.0
2024,8234613,Aniya Mosley,Ohio State,800,W,121.52,125.78454545454544,22.428571428571427,2.0,120.8,15.5,2.0
2024,8321329,Lauren Tolbert,Duke,800,W,121.98,123.93800000000002,8.333333333333334,,119.39,4.45,1.0
2024,7537623,Francois Prinsloo,South Alabama,DT,M,67.26,62.54375,1.1428571428571428,1.0,67.26,5.315789473684211,1.0
2024,8699158,Racquil Broderick,USC,DT,M,62.14,60.19,2.0,,63.31,2.5,
2024,7983335,Dimitrios Pavlidis,Kansas,DT,M,63.72,60.870000000000005,1.5,1.0,64.9,1.5,1.0
2024,6992912,Mitchell Weber,Missouri,DT,M,60.58,59.15,2.6666666666666665,3.0,60.99,3.0,3.0
2024,8709971,Kai Chang,Florida,DT,M,60.91,60.2575,2.6666666666666665,2.0,61.65,5.333333333333333,2.0
2024,7537576,Jacob  Lemmon,Virginia,DT,M,60.5,58.916666666666664,1.5,2.0,61.8,3.0,2.0
2024,7039996,Milton Ingraham,Miami (Fla.),DT,M,61.66,60.104285714285716,1.3333333333333333,1.0,62.13,2.6666666666666665,1.0
2024,7722603,Dallin Shurts,BYU,DT,M,62.48,61.572,1.5,2.0,63.26,1.5,2.0
2024,7004006,Veronica Fraley,Vanderbilt,DT,W,61.62,60.586,1.5,2.0,63.66,3.2857142857142856,1.0
2024,8673346,Jayden Ulrich,Louisville,DT,W,64.29,61.21333333333333,1.4,1.0,66.14,1.6153846153846154,1.0
2024,8398788,Alida Van Daalen,Florida,DT,W,65.25,62.865,1.0,1.0,69.31,1.8571428571428572,1.0
2024,7725119,Shelby Frank,Minnesota,DT,W,60.1,56.60666666666666,3.0,10.0,63.37,2.1875,1.0
2024,7723779,Corinne Jemison,Michigan,DT,W,58.19,55.94714285714286,2.8333333333333335,3.0,60.07,3.5555555555555554,3.0
2024,7501493,Michaela  Hawkins,Colorado St.,DT,W,61.24,60.20857142857143,1.1666666666666667,1.0,61.24,3.6666666666666665,1.0
2024,8684055,Milina Wepiwe,Harvard,DT,W,55.75,52.145,1.6,,59.75,4.583333333333333,
2024,8710581,Abigail Martin,Texas A&M,DT,W,59.0,55.74285714285714,3.0,4.0,59.44,3.0,4.0
2024,7535392,Romaine Beckford,Arkansas,HJ,M,2.27,2.224285714285714,1.0,1.0,2.27,1.0,1.0
2024,7977923,Tyus Wilson,Nebraska,HJ,M,2.29,2.194545454545455,1.7,1.0,2.29,1.7,1.0
2024,7719884,Caleb  Snowden,Arkansas-Pine Bluff,HJ,M,2.27,2.1879999999999997,1.4444444444444444,,2.27,10.1,
2024,8684031,Tito Alofe,Harvard,HJ,M,2.22,2.1350000000000002,1.8181818181818181,,2.25,2.4166666666666665,
2024,7983333,Devin Loudermilk,Kansas,HJ,M,2.26,2.18125,2.7142857142857144,1.0,2.26,2.7142857142857144,1.0
2024,8676195,Kyren Washington,Oklahoma,HJ,M,2.2,2.1145454545454543,4.8,4.0,2.25,4.8,4.0
2024,8634240,Riyon Rankin,Georgia,HJ,M,2.21,2.175,3.0,,2.29,3.0,
2024,7730020,Brady Palen,Wichita State,HJ,M,2.2,2.1566666666666667,1.4285714285714286,1.0,2.22,1.4285714285714286,1.0
2024,8701620,Temitope Adeshina,Texas Tech,HJ,W,1.96,1.87125,1.5714285714285714,1.0,1.97,1.5714285714285714,1.0
2024,7729642,Lamara Distin,Texas A&M,HJ,W,2.0,1.9242857142857142,1.5,3.0,2.0,1.5,3.0
2024,8720932,Rowan  Hamilton,California,HT,M,77.16,74.726,1.0,,77.18,1.3333333333333333,
2024,7981311,Kenneth Ikeji,Harvard,HT,M,74.47,72.5275,1.0,,77.92,1.0,
2024,8676284,Angelos Mantzouranis,Minnesota,HT,M,75.55,73.50833333333333,1.0,1.0,78.61,1.25,1.0
2024,8009990,Israel Oloyede,Grand Canyon,HT,M,74.84,70.49666666666667,1.8,1.0,75.29,1.8,1.0
2024,7886978,Nikolaos Polychroniou,USC,HT,M,75.24,72.804,2.5,,75.24,2.5,
2024,8699945,Trey Knight,CSUN,HT,M,76.99,74.50999999999999,1.2,,77.91,1.1111111111111112,
2024,8341371,Tarik Robinson-O'Hagan,Ole Miss,HT,M,72.42,70.325,2.0,1.0,77.62,2.2857142857142856,1.0
2024,8318487,Parker Feuerborn,SE Missouri,HT,M,71.65,69.45666666666666,1.5,,71.65,3.3461538461538463,
2024,8339459,Elisabet Rut Runarsdottir,Texas State,HT,W,70.33,68.68714285714286,1.3333333333333333,1.0,72.89,1.5,1.0
2024,7542360,Tara Simpson-Sullivan,Rice,HT,W,65.76,64.285,1.6666666666666667,1.0,69.94,1.4,1.0
2024,7511444,Jalani Davis,Ole Miss,HT,W,68.54,66.34166666666667,2.8,3.0,69.86,2.5238095238095237,2.0
2024,8354292,Shelby Moran,Oregon,HT,W,70.02,67.31,1.2,,70.02,2.111111111111111,
2024,8008554,Gudrun Hallgrimsdottir,VCU,HT,W,69.76,68.62,1.8,,69.92,1.625,
2024,8376104,Mayyi Mahama,UCLA,HT,W,67.73,64.42857142857143,1.6666666666666667,,68.69,2.142857142857143,
2024,7725119,Shelby Frank,Minnesota,HT,W,67.96,65.83833333333332,2.2,1.0,71.05,2.1875,1.0
2024,6985107,Amber Simpson,Illinois,HT,W,70.21,66.85,2.75,3.0,70.21,3.0,3.0
2024,8235191,Marc Minichello,Georgia,JT,M,82.32,79.095,1.0,1.0,82.32,1.0,1.0
2024,8324562,Chandler Ault,Washington,JT,M,77.51,74.61800000000001,1.25,,79.31,1.25,
2024,7655614,Devoux Deysel,Miami (Fla.),JT,M,76.81,74.62666666666667,1.5,1.0,82.35,1.5,1.0
2024,7974488,Chinecherem Prosper  Nnamdi,Baylor,JT,M,82.54,80.48666666666666,1.5,1.0,84.68,1.5,1.0
2024,8364008,Keyshawn Strachan,Auburn,JT,M,76.25,74.96333333333332,2.0,,84.27,2.0,
2024,8369918,Remi Rougete,Miss State,JT,M,74.7,72.59,2.6666666666666665,6.0,80.49,2.6666666666666665,6.0
2024,8321686,Mike Stein,Iowa,JT,M,81.19,78.41000000000001,1.0,1.0,81.19,1.0,1.0
2024,7184209,Cameron Bates,BYU,JT,M,75.15,72.7825,1.3333333333333333,2.0,77.17,1.3333333333333333,2.0
2024,7729053,Rhema Otabor,Nebraska,JT,W,59.12,57.93666666666667,1.0,1.0,64.19,1.0,1.0
2024,7986520,Lianna Davidson,Texas A&M,JT,W,57.89,56.722857142857144,1.1666666666666667,1.0,63.79,1.1666666666666667,1.0
2024,8473803,McKyla Van Der Westhuizen,Rice,JT,W,55.98,55.1875,1.0,1.0,60.29,1.0,1.0
2024,8705608,Irene Jepkemboi,TCU,JT,W,57.23,53.425000000000004,2.0,1.0,60.31,2.0,1.0
2024,7777611,Eniko Sara,Nebraska,JT,W,54.23,51.272000000000006,2.5,4.0,55.78,2.5,4.0
2024,7487690,Skylar Ciccolini,Missouri,JT,W,52.43,50.43666666666667,5.4,8.0,57.45,5.4,8.0
2024,8716146,Trinity Spooner,LSU,JT,W,55.24,53.33833333333333,2.0,3.0,55.24,2.0,3.0
2024,8353877,Deisiane Teixeira,Miami (Fla.),JT,W,56.03,52.498000000000005,1.5,1.0,56.03,1.5,1.0
2024,8343519,Chrstyn John (JC) Stevenson,USC,LJ,M,8.05,7.576666666666666,4.25,,8.37,3.2,
2024,7524768,Jeremiah Davis,Florida State,LJ,M,8.2,7.919999999999999,2.0,1.0,8.37,1.7,1.0
2024,7731971,Malcolm Clemons,Florida,LJ,M,8.22,7.93125,2.125,4.0,8.22,2.5555555555555554,4.0
2024,7974466,Johnny Brackins,USC,LJ,M,8.23,7.894,3.25,,8.3,2.375,
2024,7697085,Wayne Pinnock,Arkansas,LJ,M,8.28,8.133333333333333,1.0,1.0,8.44,1.0,1.0
2024,8725163,Charles Godfred,Minnesota,LJ,M,7.98,7.781666666666666,1.1428571428571428,1.0,8.19,3.142857142857143,1.0
2024,8700012,Goodness Iredia,South Florida,LJ,M,7.94,7.567142857142857,2.5,1.0,7.94,2.6666666666666665,1.0
2024,7730053,Nikaoli Williams,Oklahoma,LJ,M,7.99,7.678333333333334,2.8333333333333335,3.0,8.06,2.5714285714285716,3.0
2024,7958878,Ackelia Smith,Texas,LJ,W,6.74,6.646666666666667,1.5,3.0,7.1,2.9166666666666665,1.0
2024,7732041,Claire  Bryant,Florida,LJ,W,6.72,6.6066666666666665,1.8571428571428572,1.0,6.88,3.4166666666666665,1.0
2024,8324337,Alyssa Jones,Stanford,LJ,W,6.49,6.293333333333333,2.2,,7.09,2.888888888888889,
2024,8679347,Anthaya Charlton,Florida,LJ,W,6.6,6.365,4.375,2.0,6.98,6.714285714285714,2.0
2024,7533309,Alexis Brown,Baylor,LJ,W,6.83,6.587142857142857,1.8571428571428572,1.0,7.03,5.9523809523809526,1.0
2024,7730386,Funminiyi Olajide,SMU,LJ,W,6.59,6.4225,4.6,1.0,6.7,6.25,1.0
2024,7978401,Velecia Williams,Nebraska,LJ,W,6.56,6.207142857142857,6.166666666666667,6.0,6.56,7.357142857142857,6.0
2024,8700917,Ida Breigan,UTSA,LJ,W,6.58,6.5,1.7142857142857142,2.0,6.74,3.7,2.0
2024,7599292,Keaton Daniel,Kentucky,PV,M,5.8,5.609,1.3333333333333333,1.0,5.8,1.3333333333333333,1.0
2024,7983334,Clayton Simms,Kansas,PV,M,5.68,5.42,1.625,5.0,5.71,1.625,5.0
2024,8664682,Cody  Johnston,Illinois,PV,M,5.6,5.423,2.111111111111111,2.0,5.7,2.111111111111111,2.0
2024,7980608,Chloe Timberg,Rutgers,PV,W,4.6,4.429090909090909,1.5555555555555556,2.0,4.72,1.5555555555555556,2.0
2024,6984395,Riley Felts,Charlotte,PV,W,4.55,4.392857142857143,1.3076923076923077,1.0,4.55,1.3076923076923077,1.0
2024,8676762,Hana Moll,Washington,PV,W,4.64,4.515714285714286,1.1666666666666667,,4.88,1.1666666666666667,
2024,8324599,Nastassja Campbell,Washington,PV,W,4.38,4.3025,2.4285714285714284,,4.55,2.4285714285714284,
2024,8015605,Tori Thomas,Illinois,PV,W,4.52,4.352307692307692,1.5,1.0,4.57,2.230769230769231,1.0
2024,8341371,Tarik Robinson-O'Hagan,Ole Miss,SP,M,20.85,20.188181818181818,2.3,1.0,21.18,2.2857142857142856,1.0
2024,7727861,Jason Swarens,Wisconsin,SP,M,20.05,19.27777777777778,3.0,10.0,21.37,5.235294117647059,10.0
2024,7729961,Dylan  Targgart,South Carolina,SP,M,20.45,19.823333333333334,2.125,3.0,20.45,3.230769230769231,3.0
2024,7722255,Danny Bryant,BYU,SP,M,19.59,18.729285714285712,1.8461538461538463,2.0,20.02,4.9,2.0
2024,8713721,Courtney Lawrence,Clemson,SP,M,19.75,18.91,2.6666666666666665,1.0,19.92,2.6666666666666665,1.0
2024,8634255,Alexander Kolesnikoff,Georgia,SP,M,20.45,19.71777777777778,2.25,4.0,20.69,2.25,4.0
2024,7544543,Tyler Sudduth,Illinois,SP,M,19.85,19.03,2.5454545454545454,3.0,19.85,2.9583333333333335,3.0
2024,7538541,Kevin Shubert,Nebraska,SP,M,19.89,19.544285714285714,1.5,2.0,19.89,1.5,2.0
2024,7722972,Jaida Ross,Oregon,SP,W,20.01,18.881428571428575,1.1666666666666667,,20.01,1.3,
2024,7002471,Gabby Morris,Colorado St.,SP,W,18.19,17.297777777777778,2.125,2.0,18.66,3.0,2.0
2024,7977784,Axelina Johansson,Nebraska,SP,W,18.82,18.264,1.5,1.0,19.97,2.0,1.0
2024,8673346,Jayden Ulrich,Louisville,SP,W,18.66,17.61111111111111,1.75,1.0,18.66,1.6153846153846154,1.0
2024,7727870,Mya Lesnar,Colorado St.,SP,W,19.1,18.74833333333333,1.0,1.0,19.6,1.9230769230769231,1.0
2024,8398788,Alida Van Daalen,Florida,SP,W,18.59,18.1,2.5,4.0,18.66,1.8571428571428572,1.0
2024,8713328,Sarah Omoregie,Vanderbilt,SP,W,17.79,16.834,3.888888888888889,7.0,17.79,3.888888888888889,7.0
2024,8647437,Nina Ndubuisi,Texas,SP,W,18.19,17.567,2.0,2.0,18.91,2.642857142857143,2.0
2024,7791695,Salif Mane,FDU,TJ,M,16.69,16.386000000000003,1.0,1.0,17.14,1.0,1.0
2024,7534785,Russell Robinson,Miami (Fla.),TJ,M,16.67,16.475714285714286,2.3333333333333335,2.0,17.13,2.8181818181818183,2.0
2024,8283704,Brandon Green Jr,Oklahoma,TJ,M,16.76,16.45,1.5,1.0,16.96,2.375,1.0
2024,7524768,Jeremiah Davis,Florida State,TJ,M,16.71,16.492,1.25,1.0,16.78,1.7,1.0
2024,7987465,Luke Brown,Kentucky,TJ,M,16.8,16.384999999999998,1.7142857142857142,1.0,16.87,1.7142857142857142,1.0
2024,7979848,Praise Aniamaka,Purdue,TJ,M,16.49,15.972,1.25,1.0,16.73,1.25,1.0
2024,8368601,Kyvon Tatham,Florida State,TJ,M,15.76,15.64875,3.888888888888889,3.0,16.37,6.0588235294117645,3.0
2024,8363937,Sean Dixon-Bodie,Florida,TJ,M,16.35,16.224,2.8,2.0,16.89,4.333333333333333,2.0
2024,7958878,Ackelia Smith,Texas,TJ,W,13.92,13.645,2.0,1.0,14.54,2.9166666666666665,1.0
2024,8014286,Darja Sopova,Illinois,TJ,W,13.56,13.234285714285715,2.2857142857142856,3.0,14.01,3.0833333333333335,3.0
2024,8010632,Emilia Sjostrand,San Jose St.,TJ,W,14.09,13.672,1.6666666666666667,1.0,14.09,1.8181818181818181,1.0
2024,8029262,Anne-Suzanna Fosther-Katta,Texas Tech,TJ,W,13.83,13.57,2.0,2.0,14.2,3.875,2.0
2024,8235207,Mikeisha Welcome,Georgia,TJ,W,13.44,13.3025,1.3333333333333333,2.0,14.21,4.75,2.0
2024,7687408,Temitope Ojora,USC,TJ,W,13.9,13.64,1.1666666666666667,,13.9,3.5,
2024,8014297,Eunice Ilunga Mbuyi,ULM,TJ,W,13.37,13.022222222222222,1.8181818181818181,1.0,13.6,2.411764705882353,1.0
2024,7730606,Ruta Lasmane,Texas Tech,TJ,W,13.78,13.71,1.6666666666666667,,14.47,2.8333333333333335,
2025,8328830,Jordan Anthony,Arkansas,100,M,9.95,10.028,1.0,1.0,9.75,3.588235294117647,1.0
2025,8343523,Max Thomas,USC,100,M,10.03,10.209999999999999,2.3333333333333335,2.0,9.92,2.642857142857143,2.0
2025,8992440,Jelani Watkins,LSU,100,M,10.01,10.074285714285713,2.5,3.0,10.01,3.076923076923077,2.0
2025,8709992,Kanyinsola Ajayi,Auburn,100,M,9.92,10.047142857142857,2.3333333333333335,2.0,9.84,2.1666666666666665,1.0
2025,8682109,Davonte Howell,Tennessee,100,M,10.05,10.18,9.333333333333334,5.0,10.05,8.9375,1.0
2025,8714494,Jaiden  Reid,LSU,100,M,10.02,10.16875,7.0,5.0,10.01,4.173913043478261,2.0
2025,9006516,Israel Okon,Auburn,100,M,10.07,10.146666666666667,4.5,4.0,9.91,3.375,4.0
2025,8339841,T'Mars McCallum,Tennessee,100,M,10.03,10.11,6.0,7.0,9.94,6.3125,1.0
2025,8107788,Samirah Moody,USC,100,W,10.93,11.11625,1.2,1.0,10.93,2.3529411764705883,1.0
2025,8675923,JaMeesia Ford,South Carolina,100,W,10.87,11.093333333333334,1.3333333333333333,1.0,10.87,1.7307692307692308,1.0
2025,8714489,Tima Godbless,LSU,100,W,10.91,11.118333333333332,2.4,2.0,10.91,3.7142857142857144,2.0
2025,8679347,Anthaya Charlton,Florida,100,W,10.87,11.108571428571429,2.75,3.0,10.87,3.642857142857143,1.0
2025,8003629,Leah Bertrand,Ohio State,100,W,10.92,11.184285714285716,3.75,4.0,10.91,5.035714285714286,3.0
2025,8712626,Shenese Walker,Florida State,100,W,10.98,11.115,4.0,1.0,10.8,3.0714285714285716,1.0
2025,8368619,Dajaz Defrand,USC,100,W,10.93,11.16,3.0,2.0,10.88,2.380952380952381,1.0
2025,8977035,Brianna Selby,USC,100,W,11.01,11.16375,4.2,5.0,10.74,3.4,5.0
2025,8354291,Aaliyah McCormick,Oregon,100H,W,12.74,12.85142857142857,1.25,1.0,12.43,2.727272727272727,1.0
2025,8364031,Jaiya Covington,Texas A&M,100H,W,12.86,12.961111111111112,1.8,2.0,12.77,2.7333333333333334,2.0
2025,8986740,Marcia Sey,Howard,100H,W,12.88,13.087,2.0,1.0,12.76,3.1785714285714284,1.0
2025,9006522,Ana-Liese Torian,Auburn,100H,W,12.81,13.034,3.6,2.0,12.81,3.6666666666666665,2.0
2025,8316097,Oneka Wilson,Clemson,100H,W,12.94,13.110833333333334,2.0,1.0,12.79,5.153846153846154,1.0
2025,8345801,Janela Spencer,Ohio State,100H,W,12.94,13.225,4.75,6.0,12.52,4.625,3.0
2025,9020103,Ishmael Kipkurui,New Mexico,10k,M,1689.32,1719.1000000000001,1.5,1.0,1689.32,5.166666666666667,1.0
2025,8609549,Habtom Samuel,New Mexico,10k,M,1689.33,1730.4419999999998,1.5,2.0,1650.51,3.25,2.0
2025,8725440,Ernest Cheruiyot,Texas Tech,10k,M,1665.65,1721.455,2.0,1.0,1661.59,5.090909090909091,1.0
2025,8245423,Rodgers Kiplimo,Iowa State,10k,M,1699.84,1758.23,3.5,3.0,1672.12,7.0,3.0
2025,8977339,Evans Kurui,Washington St.,10k,M,1699.22,1725.065,5.0,5.0,1657.32,8.833333333333334,5.0
2025,8983861,David Mullarkey,Northern Arizona,10k,M,1699.73,1737.9366666666665,3.5,1.0,1671.8,5.666666666666667,1.0
2025,7717276,Dylan Schubert,Furman,10k,M,1665.63,1719.0933333333335,4.0,7.0,1665.63,7.8,1.0
2025,7888807,Creed Thompson,BYU,10k,M,1694.08,1731.6,6.333333333333333,2.0,1684.15,15.222222222222221,2.0
2025,8916070,Pamela Kosgei,New Mexico,10k,W,1877.82,1937.79,1.0,1.0,1849.99,2.3125,1.0
2025,8242189,Grace Hartman,NC State,10k,W,1880.6,1908.5166666666667,1.5,2.0,1880.6,3.3333333333333335,1.0
2025,8920567,Joy Naukot,West Virginia,10k,W,1894.34,1954.5874999999999,2.0,1.0,1894.34,4.111111111111111,1.0
2025,8585341,Paityn Noe,Arkansas,10k,W,1896.91,1967.8333333333333,2.5,1.0,1896.91,4.090909090909091,1.0
2025,7893942,Chloe Scrimgeour,Georgetown,10k,W,1901.68,1933.64,3.0,1.0,1901.68,5.6,1.0
2025,9012348,Edna Chepkemoi,LSU,10k,W,1930.75,1985.87,5.0,4.0,1930.75,13.166666666666666,4.0
2025,7891172,Rosina Machu,Gonzaga,10k,W,1935.49,1983.125,7.0,7.0,1935.49,7.666666666666667,7.0
2025,8711956,Brenda Tuwei,Alabama,10k,W,1940.14,1967.4666666666665,8.0,8.0,1940.14,6.5,5.0
2025,8709994,Ja'Kobe Tharp,Auburn,110H,M,13.05,13.312857142857142,1.6666666666666667,1.0,13.05,3.857142857142857,1.0
2025,8009666,Zachary Extine,Arizona,110H,M,13.13,13.3975,2.4,2.0,13.13,4.818181818181818,2.0
2025,9001093,John Adesola,Houston,110H,M,13.28,13.530000000000001,4.0,3.0,13.26,3.8,3.0
2025,7727876,Jamar  Marshall Jr.,Houston,110H,M,13.13,13.3675,2.8,1.0,13.13,2.4545454545454546,1.0
2025,8611983,Demario Prince,Baylor,110H,M,13.18,13.515,2.25,2.0,13.14,2.5714285714285716,2.0
2025,7984691,Darius Brown,DePaul,110H,M,13.37,13.46,2.6666666666666665,1.0,13.37,1.5555555555555556,1.0
2025,8714497,Jahiem Stern,LSU,110H,M,13.29,13.537777777777778,3.3333333333333335,6.0,13.29,4.142857142857143,2.0
2025,7979143,Jayden Smith,Davidson,110H,M,13.4,13.72,3.6666666666666665,8.0,13.37,3.6666666666666665,8.0
2025,7910774,Nathan Green,Washington,1500,M,215.52,227.26714285714283,1.3333333333333333,1.0,214.79,1.25,1.0
2025,7908130,Ethan Strand,North Carolina,1500,M,213.22,221.09,1.25,1.0,213.22,3.4545454545454546,1.0
2025,8623171,Ferenc Kovacs,Harvard,1500,M,220.07999999999998,222.96857142857144,14.75,3.0,220.07999999999998,23.571428571428573,1.0
2025,7899902,Adam Spencer,Wisconsin,1500,M,214.57,224.60000000000002,4.333333333333333,1.0,214.57,3.8,1.0
2025,8329149,Gary Martin,Virginia,1500,M,213.71,222.88666666666666,4.0,5.0,213.41,2.2222222222222223,5.0
2025,7727751,Jack Crull,Bradley,1500,M,218.47,226.36444444444444,5.2,6.0,218.47,8.214285714285714,6.0
2025,8672366,Simeon Birnbaum,Oregon,1500,M,217.02,227.43428571428572,3.6666666666666665,3.0,211.69,2.625,1.0
2025,7936824,Damian Hackett,Cornell,1500,M,216.78,223.1657142857143,5.0,3.0,216.78,4.5,3.0
2025,7730040,Sophie O'Sullivan,Washington,1500,W,247.94,251.22285714285712,1.6666666666666667,1.0,247.94,2.0,1.0
2025,7897037,Margot  Appleton,Virginia,1500,W,245.68,250.7444444444444,3.8,1.0,245.68,6.666666666666667,1.0
2025,7815743,Maggi Congdon,Northern Arizona,1500,W,245.73,251.91666666666666,2.3333333333333335,2.0,245.73,2.4705882352941178,1.0
2025,8288637,Silan  Ayyildiz,Oregon,1500,W,245.66,250.97142857142856,3.6666666666666665,2.0,245.66,2.5384615384615383,1.0
2025,8261269,Klaudia Kazimierska,Oregon,1500,W,246.53,250.21999999999997,3.0,5.0,246.53,1.6666666666666667,1.0
2025,7889042,Kimberley May,Providence,1500,W,246.31,249.064,4.0,6.0,246.31,3.5,1.0
2025,7402013,Lindsey Butler,Virginia Tech,1500,W,249.88,251.67333333333332,5.333333333333333,7.0,247.96,7.75,6.0
2025,8324602,Chloe Foerster,Washington,1500,W,245.75,249.64,4.333333333333333,8.0,245.75,5.090909090909091,8.0
2025,8362093,Carli Makarawu,Kentucky,200,M,19.84,20.205454545454543,1.4,1.0,19.84,2.8461538461538463,1.0
2025,7984341,Makanakaishe Charamba,Auburn,200,M,19.92,20.133333333333333,1.4285714285714286,2.0,19.79,1.6363636363636365,1.0
2025,8236839,Garrett Kaalund,USC,200,M,19.85,20.287,2.5,3.0,19.85,2.0,2.0
2025,8328830,Jordan Anthony,Arkansas,200,M,19.93,20.21375,2.0,1.0,19.93,3.588235294117647,1.0
2025,8339841,T'Mars McCallum,Tennessee,200,M,19.83,20.383333333333333,4.0,5.0,19.83,6.3125,1.0
2025,8343523,Max Thomas,USC,200,M,20.02,20.30375,2.5,2.0,20.02,2.642857142857143,2.0
2025,8982863,Xavier Butler,Texas,200,M,20.02,20.478181818181817,4.666666666666667,5.0,20.02,5.470588235294118,4.0
2025,8700013,Abdul-Rasheed Saminu,South Florida,200,M,20.26,20.711000000000002,3.6666666666666665,2.0,19.95,2.533333333333333,1.0
2025,8675923,JaMeesia Ford,South Carolina,200,W,21.98,22.343636363636364,1.3333333333333333,1.0,21.98,1.7307692307692308,1.0
2025,8699147,Madison Whyte,USC,200,W,22.16,22.625384615384615,2.2857142857142856,1.0,21.78,2.12,1.0
2025,8368619,Dajaz Defrand,USC,200,W,22.2,22.71923076923077,3.2857142857142856,3.0,22.2,2.380952380952381,1.0
2025,8003629,Leah Bertrand,Ohio State,200,W,22.54,23.26923076923077,7.111111111111111,4.0,22.54,5.035714285714286,3.0
2025,8364545,Jasmine Montgomery,Texas A&M,200,W,22.26,22.714444444444446,3.1666666666666665,2.0,22.17,2.88,2.0
2025,8647431,Kenondra Davis,Texas,200,W,22.45,23.04,4.8,4.0,22.45,5.222222222222222,4.0
2025,7986734,Jayla Jamison,South Carolina,200,W,22.54,22.97125,4.2,7.0,22.26,3.0526315789473686,1.0
2025,8341502,Gabrielle Matthews,Florida,200,W,22.59,22.865000000000002,9.0,8.0,22.41,5.5,6.0
2025,8268086,James Corrigan,BYU,3000S,M,496.41,508.2616666666667,1.0,1.0,496.41,12.222222222222221,1.0
2025,8916058,Geoffrey Kirwa,Louisville,3000S,M,493.89,502.17,1.5,2.0,488.1,21.166666666666668,2.0
2025,7717277,Carson Williams,Furman,3000S,M,499.71,509.27,3.3333333333333335,1.0,499.71,10.0,1.0
2025,8895705,Joash Ruto,Iowa State,3000S,M,500.47,504.98199999999997,3.0,2.0,500.47,8.0,2.0
2025,8895220,Collins Kiprop Kipngok,Kentucky,3000S,M,502.92,504.775,3.0,1.0,502.67,12.0,1.0
2025,9020972,Mathew Kosgei,New Mexico,3000S,M,503.7,506.4525,3.5,1.0,502.13,3.5833333333333335,1.0
2025,8261257,Benjamin Balazs,Oregon,3000S,M,504.46,512.222,3.0,1.0,504.46,6.444444444444445,1.0
2025,7894462,Rob McManus,Montana State,3000S,M,505.83,514.2116666666666,3.0,1.0,505.83,6.0625,1.0
2025,8614328,Doris Lemngole,Alabama,3000S,W,538.15,553.734,1.0,1.0,538.15,1.1666666666666667,1.0
2025,7712194,Lexy Halladay-Lowry,BYU,3000S,W,548.68,561.5,1.5,2.0,548.68,1.8,1.0
2025,8594424,Angelina Napoleon,NC State,3000S,W,556.66,570.2566666666667,2.0,1.0,556.66,3.769230769230769,1.0
2025,8585677,Sarah Tait,West Virginia,3000S,W,567.8,577.868,2.3333333333333335,1.0,567.8,2.888888888888889,1.0
2025,8917740,Debora Cherono,Texas A&M,3000S,W,572.1,585.366,4.0,3.0,572.1,6.461538461538462,3.0
2025,7917518,Katelyn Stewart-Barnett,Michigan State,3000S,W,573.21,579.582,3.0,1.0,573.21,6.818181818181818,1.0
2025,8704570,Shelby Jensen,Utah State,3000S,W,576.61,587.508,6.333333333333333,2.0,576.61,26.9,2.0
2025,8917138,Leah Jeruto,Oklahoma,3000S,W,574.71,587.8266666666667,3.0,2.0,574.71,7.071428571428571,2.0
2025,8691776,Samuel Ogazi,Alabama,400,M,44.43,45.01714285714286,1.0,1.0,43.82,3.3,1.0
2025,8343526,William Jones,USC,400,M,44.76,45.67,4.0,1.0,44.65,4.764705882352941,1.0
2025,8666362,Jordan Pierre,Arkansas-Pine Bluff,400,M,45.44,46.77333333333333,5.714285714285714,2.0,44.12,5.0,1.0
2025,8364830,DeSean  Boyce,Texas Tech,400,M,45.15,45.784444444444446,2.75,1.0,44.85,2.888888888888889,1.0
2025,8978945,Joseph Taylor,Duke,400,M,44.98,46.337,8.0,2.0,44.98,9.380952380952381,2.0
2025,8711001,Jayden Davis,Arizona State,400,M,44.84,45.60066666666667,3.5555555555555554,3.0,44.29,4.142857142857143,1.0
2025,7734256,Auhmad Robinson,Texas A&M,400,M,45.07,45.68833333333333,4.0,7.0,44.61,2.409090909090909,2.0
2025,8671794,Gabriel Clement II,UCLA,400,M,45.35,46.21714285714285,4.666666666666667,8.0,45.22,4.0625,6.0
2025,8235200,Aaliyah Butler,Georgia,400,W,49.26,50.53,1.1428571428571428,1.0,49.26,1.4705882352941178,1.0
2025,8364135,Dejanea Oakley,Georgia,400,W,49.65,51.230714285714285,3.875,2.0,48.92,2.75,1.0
2025,7478918,Rosey Effiong,Arkansas,400,W,50.49,51.53875,5.0,3.0,49.72,3.1818181818181817,2.0
2025,8359937,Ella Onojuvwevwo,LSU,400,W,50.31,51.26583333333334,5.166666666666667,2.0,49.59,4.470588235294118,2.0
2025,8677962,Kaylyn Brown,Arkansas,400,W,50.35,51.13636363636363,3.4,3.0,49.13,2.7142857142857144,3.0
2025,8338531,Rachel Joseph,Iowa State,400,W,50.66,51.19538461538461,4.0,1.0,50.08,3.7777777777777777,1.0
2025,6995056,Sami Oblad,BYU,400,W,50.49,51.76615384615385,2.4285714285714284,2.0,50.49,3.769230769230769,2.0
2025,8712628,Kaelyaah Liburd,Florida State,400,W,51.31,52.43090909090909,3.142857142857143,3.0,51.31,2.7333333333333334,3.0
2025,8017719,Nathaniel Ezekiel,Baylor,400H,M,47.49,48.36142857142857,1.0,1.0,47.49,1.5384615384615385,1.0
2025,8712078,Ja'Qualon Scott,Texas A&M,400H,M,48.29,49.56,2.25,2.0,48.22,3.2222222222222223,2.0
2025,8316982,Kody Blackwood,Texas,400H,M,48.66,49.324444444444445,2.0,2.0,48.26,5.428571428571429,2.0
2025,7993397,Oskar Edlund,Texas Tech,400H,M,49.0,49.555,2.0,2.0,48.7,3.142857142857143,2.0
2025,9008200,Saad Hinti,Tennessee,400H,M,48.44,49.37,3.3333333333333335,1.0,48.44,2.4285714285714284,1.0
2025,8005683,Bryce McCray,Texas A&M,400H,M,49.52,50.41545454545455,3.2857142857142856,5.0,49.52,5.888888888888889,5.0
2025,7974466,Johnny Brackins,USC,400H,M,49.04,50.435,4.5,7.0,49.04,3.066666666666667,3.0
2025,8668146,Bryce Tucker,Rutgers,400H,M,50.0,52.534444444444446,5.5,8.0,50.0,5.722222222222222,8.0
2025,8011524,Savannah Sutherland,Michigan,400H,W,52.46,54.55625,1.0,1.0,52.46,2.3333333333333335,1.0
2025,8647433,Akala Garrett,Texas,400H,W,53.73,54.89125,1.75,1.0,53.73,5.6875,1.0
2025,8996686,Michelle Smith,Georgia,400H,W,54.62,55.3825,2.0,2.0,54.56,3.8,1.0
2025,8336291,Sanaa Hebron,Miami (Fla.),400H,W,55.21,55.93,2.75,1.0,55.19,5.0476190476190474,1.0
2025,8368627,Tyra Wilson,Florida State,400H,W,55.39,55.78285714285715,2.6666666666666665,2.0,55.39,2.4615384615384617,2.0
2025,8332686,Chloe Fair,Harvard,400H,W,55.81,56.51625,3.5,1.0,55.81,3.608695652173913,1.0
2025,8705610,Amelliah Birdow,TCU,400H,W,55.84,56.57454545454546,3.2,3.0,54.79,5.3125,3.0
2025,8369558,Allyria McBride,Vanderbilt,400H,W,55.65,56.35857142857143,4.666666666666667,5.0,55.65,4.647058823529412,5.0
2025,8647595,Brian Musau,Oklahoma State,5000,M,791.34,804.8199999999999,1.0,1.0,791.29,2.75,1.0
2025,8609549,Habtom Samuel,New Mexico,5000,M,784.92,798.125,1.7142857142857142,2.0,783.47,3.25,2.0
2025,8232893,Marco Langon,Villanova,5000,M,785.21,811.8633333333333,2.6,1.0,785.21,2.6,1.0
2025,8330427,Valentin Soca,CBU,5000,M,793.1,800.48,3.5,4.0,793.1,2.6666666666666665,1.0
2025,8585457,Rocky Hansen,Wake Forest,5000,M,792.65,801.6299999999999,4.75,5.0,792.65,3.875,5.0
2025,7735918,Matt Strangio,Portland,5000,M,803.28,804.63,6.0,6.0,803.28,9.25,6.0
2025,9020103,Ishmael Kipkurui,New Mexico,5000,M,789.24,802.8771428571429,5.833333333333333,1.0,789.24,5.166666666666667,1.0
2025,8013125,Fouad Messaoudi,Oklahoma State,5000,M,805.48,809.3299999999999,4.5,8.0,805.48,3.4,1.0
2025,8916070,Pamela Kosgei,New Mexico,5000,W,892.45,927.8957142857143,1.6666666666666667,1.0,892.45,2.3125,1.0
2025,8267707,Vera Sjoberg,Boston University,5000,W,927.51,934.3466666666667,2.0,2.0,927.51,7.2727272727272725,2.0
2025,8592999,Sophia Kennedy,Stanford,5000,W,910.71,924.68,5.2,2.0,907.9,5.416666666666667,2.0
2025,9020090,Marion Jepngetich,New Mexico,5000,W,917.02,945.0020000000001,5.5,2.0,917.02,9.727272727272727,2.0
2025,8242189,Grace Hartman,NC State,5000,W,898.11,916.645,2.8,1.0,898.11,3.3333333333333335,1.0
2025,8585341,Paityn Noe,Arkansas,5000,W,911.27,926.5516666666666,3.6,2.0,911.27,4.090909090909091,1.0
2025,9001984,Agnes McTighe,Northern Arizona,5000,W,935.87,957.6175000000001,34.0,7.0,935.87,13.833333333333334,3.0
2025,8982729,Amina Maatoug,Washington,5000,W,935.93,943.74,5.0,2.0,935.93,4.357142857142857,2.0
2025,7987288,Sam Whitmarsh,Texas A&M,800,M,105.35,107.20777777777778,2.25,1.0,104.46000000000001,3.142857142857143,1.0
2025,7892016,Matthew Erickson,Oregon,800,M,105.89,106.89428571428572,2.125,2.0,105.89,2.4285714285714284,2.0
2025,8673515,Rivaldo  Marshall,Arkansas,800,M,105.59,107.91,6.833333333333333,3.0,104.15,6.769230769230769,3.0
2025,7918236,Samuel  Rodman,Princeton,800,M,106.27000000000001,108.52499999999999,7.125,2.0,106.27000000000001,6.266666666666667,2.0
2025,7751674,Aidan McCarthy,Cal Poly,800,M,105.19,107.05272727272727,2.1666666666666665,1.0,105.19,2.4,1.0
2025,8023572,Samuel  Navarro,Miss State,800,M,105.32,108.65272727272728,10.666666666666666,6.0,105.32,11.0,6.0
2025,7916232,Christian Jackson,Virginia Tech,800,M,104.83,106.71571428571428,3.0,1.0,104.83,10.833333333333334,1.0
2025,8328299,Tyrice Taylor,Arkansas,800,M,105.22999999999999,107.24545454545455,4.0,6.0,104.35,5.9,6.0
2025,8239785,Roisin Willis,Stanford,800,W,118.13,120.72111111111111,4.0,1.0,118.13,3.8333333333333335,1.0
2025,7908137,Makayla Paige,North Carolina,800,W,118.97,120.727,1.6,2.0,118.97,2.0588235294117645,2.0
2025,7722268,Meghan Hunter,BYU,800,W,118.95,121.43499999999999,2.6,1.0,118.95,2.2222222222222223,1.0
2025,7930954,Michaela Rose,LSU,800,W,118.12,120.75538461538461,1.8571428571428572,1.0,118.12,2.7222222222222223,1.0
2025,8321329,Lauren Tolbert,Duke,800,W,119.39,121.69625,3.5,5.0,119.39,3.0526315789473686,1.0
2025,8617013,Smilla Kolbe,North Florida,800,W,120.09,123.15416666666668,2.5,1.0,119.02000000000001,2.1666666666666665,1.0
2025,7735951,Laura  Pellicoro,Portland,800,W,120.84,121.52,3.75,7.0,120.84,3.857142857142857,7.0
2025,8584868,Veronica Hargrave,Indiana,800,W,120.51,124.70166666666667,4.5,2.0,119.78999999999999,4.6875,2.0
2025,7930060,Ralford  Mullings,Oklahoma,DT,M,69.31,67.664,1.0,1.0,69.31,3.0,1.0
2025,8019706,Mykolas Alekna,California,DT,M,72.12,70.026,1.25,1.0,72.12,1.25,1.0
2025,8367906,Uladzislau Puchko,Virginia Tech,DT,M,63.94,60.254999999999995,2.0,2.0,63.94,2.0,2.0
2025,8699158,Racquil Broderick,USC,DT,M,63.31,60.91142857142857,2.8333333333333335,4.0,63.31,2.8333333333333335,4.0
2025,8376077,Michael Pinckney,UCLA,DT,M,61.39,58.86625,2.2857142857142856,1.0,61.39,4.25,1.0
2025,7983335,Dimitrios Pavlidis,Kansas,DT,M,63.86,62.03666666666667,2.0,1.0,64.9,2.0,1.0
2025,8700044,Vincent Ugwoke,South Florida,DT,M,62.72,60.91,2.6,1.0,63.72,7.166666666666667,1.0
2025,8682097,Aron  Alvarez Aranda,Tennessee,DT,M,59.87,59.104,5.0,5.0,61.71,6.0,5.0
2025,7746659,Cierra Jackson,Fresno State,DT,W,65.82,58.36857142857143,2.8333333333333335,1.0,65.82,2.5714285714285716,1.0
2025,8398788,Alida Van Daalen,Florida,DT,W,65.24,63.33,1.3333333333333333,1.0,69.31,3.8,1.0
2025,7725119,Shelby Frank,Texas Tech,DT,W,63.37,61.015,1.7142857142857142,1.0,63.37,1.6842105263157894,1.0
2025,8721010,Caisa-Marie Lindfors,California,DT,W,62.57,60.72666666666667,2.0,2.0,62.57,2.7777777777777777,2.0
2025,8924225,Amanda Ngandu-Ntumba,Cincinnati,DT,W,60.77,59.52166666666667,3.25,2.0,60.77,5.363636363636363,2.0
2025,7513086,Adrienne Adams,Auburn,DT,W,60.55,55.684285714285714,3.3333333333333335,2.0,60.55,4.0,2.0
2025,8673346,Jayden Ulrich,Louisville,DT,W,66.14,63.134,2.5,1.0,66.14,2.5833333333333335,1.0
2025,7729050,Michaelle Valentin,FIU,DT,W,62.17,57.163333333333334,3.2,2.0,62.17,4.5,1.0
2025,8341372,Arvesta Troupe,Ole Miss,HJ,M,2.27,2.2055555555555557,2.125,1.0,2.27,2.125,1.0
2025,7978389,Kamyren Garrett,Illinois,HJ,M,2.2,2.1175,3.4285714285714284,2.0,2.21,3.4285714285714284,2.0
2025,8675817,Nathanil Figgers,South Carolina,HJ,M,2.2,2.1063636363636364,5.5,5.0,2.2,7.214285714285714,5.0
2025,8005705,Elena Kulichenko,Georgia,HJ,W,1.96,1.8927272727272728,1.4,1.0,1.97,1.4,1.0
2025,8679706,Rose Yeboah,Illinois,HJ,W,1.93,1.86875,2.2857142857142856,2.0,1.97,2.2857142857142856,2.0
2025,7727577,Jenna Rogers,Nebraska,HJ,W,1.94,1.8679999999999999,2.3333333333333335,1.0,1.94,2.3333333333333335,1.0
2025,8324337,Alyssa Jones,Stanford,HJ,W,1.9,1.7914285714285714,5.5,4.0,1.91,3.6,1.0
2025,8701620,Temitope Adeshina,Texas Tech,HJ,W,1.97,1.9000000000000001,1.5,1.0,1.97,1.5,1.0
2025,8983909,Kristi Perez-Snyman,Missouri,HJ,W,1.9,1.844,2.888888888888889,1.0,1.9,2.888888888888889,1.0
2025,8676337,Celia Rifaterra,Virginia,HJ,W,1.86,1.7954545454545454,1.7777777777777777,1.0,1.86,1.7777777777777777,1.0
2025,8996991,Valentina Fakrogha,UCLA,HJ,W,1.84,1.77,3.1666666666666665,4.0,1.9,5.0,4.0
2025,7537882,Kostas Zaltos,Minnesota,HT,M,78.08,76.42375,1.4285714285714286,1.0,78.08,1.3333333333333333,1.0
2025,8676284,Angelos Mantzouranis,Minnesota,HT,M,78.61,75.285,1.8571428571428572,2.0,78.61,1.9,2.0
2025,8341371,Tarik Robinson-O'Hagan,Ole Miss,HT,M,76.78,75.3875,1.6666666666666667,1.0,77.62,1.6111111111111112,1.0
2025,8324710,Texas  Tanner,Air Force,HT,M,75.83,73.22888888888889,1.5,1.0,78.87,3.0689655172413794,1.0
2025,8440603,Rory Devaney,Cal Poly,HT,M,74.16,68.5025,2.4285714285714284,3.0,74.16,2.3333333333333335,3.0
2025,9014928,Ryan  Johnson,Iowa,HT,M,71.91,70.33857142857143,2.3333333333333335,4.0,77.64,1.7857142857142858,4.0
2025,8673338,Daniel Reynolds,Wyoming,HT,M,72.97,70.21571428571428,2.8333333333333335,2.0,72.97,3.466666666666667,1.0
2025,8705111,Christian Toro,Duke,HT,M,70.13,68.52428571428571,3.5,1.0,70.13,3.2857142857142856,1.0
2025,8634278,Stephanie Ratcliffe,Georgia,HT,W,71.37,69.12166666666667,1.2,1.0,73.63,1.8571428571428572,1.0
2025,7725119,Shelby Frank,Texas Tech,HT,W,71.05,66.47428571428571,1.6666666666666667,1.0,71.05,1.6842105263157894,1.0
2025,8709403,Lara Roberts,Texas State,HT,W,70.97,68.19375,1.8571428571428572,1.0,70.97,2.9,1.0
2025,7511460,Emma Robbins,Oklahoma State,HT,W,70.02,68.86333333333333,2.2,2.0,70.02,1.9,2.0
2025,9016408,Giavonna Meeks,California,HT,W,68.94,66.545,3.4,1.0,68.94,3.769230769230769,1.0
2025,8008554,Gudrun Hallgrimsdottir,VCU,HT,W,69.92,68.664,3.0,6.0,69.92,2.0,6.0
2025,7719803,Kenna Curry,North Dakota,HT,W,68.16,66.48857142857143,2.0,1.0,68.16,3.2,1.0
2025,7547302,Chloe Lindeman,Wisconsin,HT,W,67.89,65.71857142857142,3.0,3.0,67.89,2.6666666666666665,3.0
2025,7655614,Devoux Deysel,Miami (Fla.),JT,M,82.35,78.332,1.0,1.0,82.35,1.0,1.0
2025,8714790,Leikel Cabrera Gay,Florida,JT,M,79.05,76.026,2.25,2.0,79.05,2.25,2.0
2025,8711055,Callan Saldutto,Missouri,JT,M,76.88,70.75375,1.8571428571428572,3.0,76.88,1.8571428571428572,3.0
2025,9047243,Moustafa Alsherif,Georgia,JT,M,80.52,76.9,2.0,2.0,80.52,2.0,2.0
2025,8364008,Keyshawn Strachan,Nebraska,JT,M,81.01,77.47666666666667,2.4,4.0,84.27,2.4,4.0
2025,8321686,Mike Stein,Iowa,JT,M,77.41,75.825,3.4,2.0,81.19,3.4,2.0
2025,7546466,Arthur Petersen,Nebraska,JT,M,78.91,74.6925,4.0,1.0,79.9,4.0,1.0
2025,8121538,James Kotowski,UMass Lowell,JT,M,75.18,71.675,2.75,8.0,75.18,2.75,8.0
2025,8435569,Valentina Barrios Bornacelli,Missouri,JT,W,62.0,54.776250000000005,1.4285714285714286,1.0,62.0,1.4285714285714286,1.0
2025,8996684,Manuela Rotundo,Georgia,JT,W,61.13,58.605000000000004,2.3333333333333335,2.0,64.17,2.3333333333333335,2.0
2025,8705608,Irene Jepkemboi,TCU,JT,W,60.31,57.09166666666667,2.0,1.0,60.31,2.0,1.0
2025,7986520,Lianna Davidson,Georgia,JT,W,63.79,58.39833333333333,1.6,1.0,63.79,1.6,1.0
2025,7730318,Maddie Harris,Nebraska,JT,W,59.12,57.42666666666667,2.6,1.0,59.12,2.6,1.0
2025,8996998,Jana van Schalkwyk,UCLA,JT,W,57.07,55.21714285714285,2.3333333333333335,2.0,57.07,2.3333333333333335,2.0
2025,8473803,McKyla Van Der Westhuizen,Rice,JT,W,60.29,56.82714285714286,2.3333333333333335,1.0,60.29,2.3333333333333335,1.0
2025,7977180,Kelsi Oldroyd,Utah Valley,JT,W,57.72,56.278333333333336,3.0,1.0,57.72,3.076923076923077,1.0
2025,7731971,Malcolm Clemons,Florida,LJ,M,7.91,7.623333333333334,3.5714285714285716,1.0,8.22,3.5714285714285716,1.0
2025,7973950,Blair  Anderson,Oklahoma State,LJ,M,7.93,7.576666666666667,2.111111111111111,2.0,8.02,2.111111111111111,2.0
2025,7984924,Henry Kiner,Arkansas,LJ,M,7.96,7.601000000000001,6.666666666666667,3.0,8.04,5.8,3.0
2025,8725163,Charles Godfred,Minnesota,LJ,M,8.1,7.92625,1.375,1.0,8.19,4.833333333333333,1.0
2025,8986893,Lokesh Sathyanathan,Tarleton State,LJ,M,7.92,7.667,4.0,1.0,8.21,4.0,1.0
2025,8599966,Tyson Adams,NC State,LJ,M,7.9,7.627142857142857,2.142857142857143,1.0,8.05,2.375,1.0
2025,8329029,Greg Foster,Princeton,LJ,M,7.84,7.692222222222223,4.2,1.0,8.24,4.3,1.0
2025,8996696,Jayden Keys,Georgia,LJ,M,7.95,7.667272727272728,5.1,1.0,7.95,8.8,1.0
2025,7731621,Synclair Savage,Louisville,LJ,W,6.72,6.422499999999999,1.25,1.0,6.72,5.888888888888889,1.0
2025,8324337,Alyssa Jones,Stanford,LJ,W,6.71,6.55125,1.5714285714285714,1.0,7.09,3.6,1.0
2025,7533309,Alexis Brown,Baylor,LJ,W,7.03,6.815555555555556,1.2222222222222223,1.0,7.03,1.95,1.0
2025,8015591,Tacoria Humphrey,Illinois,LJ,W,6.94,6.69375,1.7142857142857142,1.0,6.94,1.625,1.0
2025,8679347,Anthaya Charlton,Florida,LJ,W,6.98,6.63875,3.0,1.0,6.98,3.642857142857143,1.0
2025,8664744,Sophia  Beckmon,Illinois,LJ,W,6.71,6.47,4.0,3.0,6.86,4.0,3.0
2025,8647432,Aaliyah Foster,Texas,LJ,W,6.57,6.393,4.2,4.0,6.75,4.636363636363637,4.0
2025,9063858,Prestina Ochonogor,Tarleton State,LJ,W,6.67,6.548333333333333,4.0,1.0,6.69,4.625,1.0
2025,9009619,Aleksandr Solovev,Texas A&M,PV,M,5.8,5.590769230769231,1.4166666666666667,1.0,5.8,2.642857142857143,1.0
2025,8320105,Ashton Barkdull,Kansas,PV,M,5.73,5.458333333333333,3.6,1.0,5.81,3.6,1.0
2025,7722564,Bradley Jelmert,Arkansas State,PV,M,5.63,5.4688888888888885,1.875,1.0,5.72,1.875,1.0
2025,7718475,Benjamin Conacher,Virginia Tech,PV,M,5.58,5.375,4.0,4.0,5.61,4.0,4.0
2025,8676762,Hana Moll,Washington,PV,W,4.81,4.607777777777778,2.125,1.0,4.88,2.125,1.0
2025,7980608,Chloe Timberg,Rutgers,PV,W,4.72,4.4624999999999995,2.9,2.0,4.72,2.9,2.0
2025,8676761,Amanda Moll,Washington,PV,W,4.91,4.7,1.4285714285714286,1.0,4.91,1.4285714285714286,1.0
2025,8354288,Emily Fitzsimmons,Oregon,PV,W,4.44,4.253,4.222222222222222,6.0,4.48,4.222222222222222,6.0
2025,7484536,Gennifer Hirata,South Dakota,PV,W,4.44,4.2155555555555555,4.75,4.0,4.45,4.75,4.0
2025,7727861,Jason Swarens,Wisconsin,SP,M,21.37,19.94333333333333,1.7272727272727273,1.0,21.37,3.25,1.0
2025,7725397,Thomas Kitchell,North Carolina,SP,M,20.74,19.56,2.125,1.0,20.74,3.6666666666666665,1.0
2025,8341371,Tarik Robinson-O'Hagan,Ole Miss,SP,M,21.11,20.746000000000002,1.3333333333333333,1.0,21.18,1.6111111111111112,1.0
2025,8672432,Kobe Lawrence,Oregon,SP,M,20.32,19.216363636363635,2.5,3.0,20.5,3.2666666666666666,3.0
2025,8369390,Christopher Licata,South Carolina,SP,M,20.46,20.215714285714284,2.5,2.0,20.51,2.5,2.0
2025,7722255,Danny Bryant,BYU,SP,M,19.84,19.12142857142857,3.230769230769231,4.0,20.02,4.571428571428571,4.0
2025,7729961,Dylan  Targgart,South Carolina,SP,M,19.74,19.263333333333335,4.125,4.0,20.45,4.125,4.0
2025,8319513,Fred Moudani Likibi,Cincinnati,SP,M,20.62,19.64,3.375,1.0,20.62,4.888888888888889,1.0
2025,7727870,Mya Lesnar,Colorado St.,SP,W,19.6,18.658,1.3333333333333333,1.0,19.6,2.1538461538461537,1.0
2025,9007180,Abria Smith,Illinois,SP,W,18.92,17.46,2.2,1.0,18.92,3.1875,1.0
2025,8647437,Nina Ndubuisi,Texas,SP,W,18.91,17.78,2.4,1.0,18.91,4.642857142857143,1.0
2025,8673346,Jayden Ulrich,Louisville,SP,W,18.4,17.848888888888887,2.625,1.0,18.66,2.5833333333333335,1.0
2025,8977029,Ashley Erasmus,USC,SP,W,17.99,17.634,2.3333333333333335,3.0,18.3,3.0,3.0
2025,8634276,Kelsie Murrell-Ross,Georgia,SP,W,18.0,17.355555555555558,3.25,3.0,18.33,3.25,3.0
2025,8691791,MyeJoi Williams,Alabama,SP,W,17.85,17.36692307692308,3.9166666666666665,4.0,17.85,5.45,4.0
2025,7746659,Cierra Jackson,Fresno State,SP,W,17.77,16.771666666666665,3.0,2.0,17.77,2.5714285714285716,1.0
2025,8283704,Brandon Green Jr,Oklahoma,TJ,M,16.94,16.69,2.0,1.0,16.96,2.0,1.0
2025,8714172,Floyd Whitaker,Oklahoma,TJ,M,16.41,15.911000000000001,4.666666666666667,2.0,16.44,4.7272727272727275,2.0
2025,8368601,Kyvon Tatham,Florida State,TJ,M,16.23,15.979999999999999,1.6,1.0,16.37,4.636363636363637,1.0
2025,7987465,Luke Brown,Kentucky,TJ,M,16.87,16.29,2.6666666666666665,2.0,16.87,2.6666666666666665,2.0
2025,9011661,Selva Prabhu,Kansas State,TJ,M,16.49,15.942499999999999,3.6666666666666665,5.0,17.19,3.6666666666666665,5.0
2025,8358263,Theophilus Mudzengerere,South Carolina,TJ,M,16.38,16.05666666666667,2.6,4.0,16.38,2.6,4.0
2025,7979847,Safin Wills,Oregon,TJ,M,16.07,15.61,4.333333333333333,2.0,16.2,4.2727272727272725,2.0
2025,8674331,Stafon Roach,ULM,TJ,M,16.2,15.612,3.1,2.0,16.23,5.1875,2.0
2025,8374480,Winny Bii,Texas A&M,TJ,W,14.01,13.814285714285715,1.5555555555555556,1.0,14.01,2.8333333333333335,1.0
2025,8010632,Emilia Sjostrand,San Jose St.,TJ,W,14.01,13.592000000000002,2.5,1.0,14.09,3.0,1.0
2025,8283682,Agur  Dwol,Oklahoma,TJ,W,13.77,13.607777777777777,1.3,1.0,14.02,4.0,1.0
2025,7974393,Shantae Foreman,Clemson,TJ,W,14.01,13.591,2.2222222222222223,1.0,14.17,3.9523809523809526,1.0
2025,7491670,Victoria Gorlova,Texas Tech,TJ,W,13.99,13.726666666666667,3.0,1.0,13.99,3.0,1.0
2025,8996687,Skylynn Townsend,Georgia,TJ,W,13.52,13.295555555555556,3.5,3.0,13.67,5.25,3.0
2025,9013735,Ashley Moore,Oklahoma,TJ,W,13.48,13.180000000000001,5.125,7.0,13.48,7.4375,7.0
2025,7726437,Ryann Porter,Oregon,TJ,W,13.55,13.255,3.4444444444444446,1.0,13.55,7.0,1.0
