athlete_id,name,school,gender,pr_600,pr_800,pr_MILE,pr_5K_(XC),pr_6K_(XC),pr_3_MILE_(XC),pr_1500,pr_5000,pr_3000S,pr_8K_(XC),pr_10K_(XC),pr_1000,pr_3000,pr_3K_(XC),pr_60,pr_100,pr_200,pr_300,pr_400,pr_JT,pr_LJ,pr_TJ,"pr_10,000",pr_60H,pr_100H,pr_400H,pr_HJ,pr_SP,pr_PENT,pr_HEP,pr_PV,pr_110H,pr_DT,pr_HT,pr_WT,pr_DEC,pr_5_MILE_(XC),pr_500,pr_5.846K_(XC),pr_5.85K_(XC),pr_600Y,pr_7.8K_(XC),pr_8.057K_(XC),pr_4_MILE_(XC),pr_3.1_MILE_(XC),pr_4.97_MILE_(XC),pr_55,pr_300H,pr_200H,pr_55H,pr_8.53K_(XC),pr_5.2_MILE_(XC),pr_13.1K_(XC),pr_5.31K_(XC),pr_4K_(XC),pr_3.11_MILE_(XC),pr_4.8K_(XC),pr_2000S,pr_7.162K_(XC),pr_4.17K_(XC),pr_3.71_MILE_(XC),pr_3.74_MILE_(XC),pr_8.4K_(XC),pr_3.72_MILE_(XC),pr_3.73_MILE_(XC),pr_8.078K_(XC),pr_5200,pr_7.86K_(XC),pr_5.4K_(XC),pr_5.6K_(XC),pr_4000,pr_1600,pr_3.10728_MILE_(XC),pr_6.3K_(XC),pr_5.868K_(XC),pr_5.5K_(XC),pr_3.12_MILE_(XC),pr_8000,pr_5.926K_(XC),pr_2.49_MILE_(XC),pr_4.66_MILE_(XC),pr_4.66071_MILE_(XC),pr_7K_(XC),pr_8.018K_(XC),pr_3.1068_MILE_(XC),pr_150,pr_40Y,pr_4X100,pr_2.55_MILE_(XC),pr_3.14_MILE_(XC),pr_4.97097_MILE_(XC),pr_5.8K_(XC),pr_4.9_MILE_(XC),pr_8.05K_(XC),pr_3.107_MILE_(XC),pr_2_MILE,pr_3200,pr_4.5_MILE_(XC),pr_5.75K_(XC),pr_4.95_MILE_(XC),pr_2K_(XC),pr_2.5_MILE_(XC),pr_7.08K_(XC),pr_7.2K_(XC),pr_1500S,pr_5.95K_(XC),pr_8.075K_(XC),pr_2_MILE_(XC),pr_4.1K_(XC),pr_2.9_MILE_(XC),pr_4.1_MILE_(XC),pr_6.2_MILE_(XC),pr_7.25K_(XC),pr_800_METERS_(XC),pr_6.2K_(XC),pr_3.10686_MILE_(XC),pr_7.7K_(XC),pr_2000,pr_5.2K_(XC),pr_6.17K_(XC),pr_6.08K_(XC),pr_3.1K_(XC),pr_4.88K_(XC),pr_5.013K_(XC),pr_8.8K_(XC),pr_4.7K_(XC),pr_6.4K_(XC),pr_8.067K_(XC),pr_3.85_MILE_(XC),pr_6.212K_(XC),pr_3.72825_MILE_(XC),pr_8.369K_(XC)
8617814,Liliane Aittama,AIR FORCE,f,1:35.39,2:03.14,5:00.98,18:28.1,21:26.4,17:51.0,,,,,,,,,,,,,,,,,,,,,,,,,,,,,,,,,,,,,,,,,,,,,,,,,,,,,,,,,,,,,,,,,,,,,,,,,,,,,,,,,,,,,,,,,,,,,,,,,,,,,,,,,,,,,,,,,,,,,,,,,,,,,,
8584792,Bryce Kueker,CAL POLY,m,,,,,17:49.1,,3:46.89,14:07.17,8:36.07,23:58.5,30:31.7,,,,,,,,,,,,,,,,,,,,,,,,,,,,,,,,,,,,,,,,,,,,,,,,,,,,,,,,,,,,,,,,,,,,,,,,,,,,,,,,,,,,,,,,,,,,,,,,,,,,,,,,,,,,,,,,,,,,,,,,,
8237635,Kaylie Politza,OKLAHOMA STATE,f,1:31.08,2:01.87,4:41.79,,21:39.2,,4:12.66,,,,,2:39.76,10:09.75,10:38.3,,,,,,,,,,,,,,,,,,,,,,,,,,,,,,,,,,,,,,,,,,,,,,,,,,,,,,,,,,,,,,,,,,,,,,,,,,,,,,,,,,,,,,,,,,,,,,,,,,,,,,,,,,,,,,,,,,,,,,
8364135,Dejanea Oakley,GEORGIA,f,,,,,,,,,,,,,,,7.53,11.15 (2.8),22.32 (2.3),35.94,48.92,,,,,,,,,,,,,,,,,,,,,,,,,,,,,,,,,,,,,,,,,,,,,,,,,,,,,,,,,,,,,,,,,,,,,,,,,,,,,,,,,,,,,,,,,,,,,,,,,,,,,,,,,,,,,,,,,
6537871,Kari Wolfe,NORTH DAKOTA STATE,,,,,,,,,,,,,,,,,,,,,"55.02m 180' 6""",,,,,,,,,,,,,,,,,,,,,,,,,,,,,,,,,,,,,,,,,,,,,,,,,,,,,,,,,,,,,,,,,,,,,,,,,,,,,,,,,,,,,,,,,,,,,,,,,,,,,,,,,,,,,,,,
8984413,Cameran Gist,SOUTH CAROLINA,f,,,,,,,,,,,,,,,,,,,,,"6.26m (+0.0) 20' 6.5""","13.07m (1.1) 42' 10.75""",,,,,,,,,,,,,,,,,,,,,,,,,,,,,,,,,,,,,,,,,,,,,,,,,,,,,,,,,,,,,,,,,,,,,,,,,,,,,,,,,,,,,,,,,,,,,,,,,,,,,,,,,,,,,,
8589909,Oliver Boltz,IONA,m,,,,,,,,14:03.83,,24:09.7,30:15.9,,,,,,,,,,,,29:01.15,,,,,,,,,,,,,,,,,,,,,,,,,,,,,,,,,,,,,,,,,,,,,,,,,,,,,,,,,,,,,,,,,,,,,,,,,,,,,,,,,,,,,,,,,,,,,,,,,,,,,,,,,,,,,
9268375,Taylor Hankton,SOUTHERN,f,,,,,,,,,,,,,,,,11.99 (-0.6),24.76 (0.8),,57.12,,,,,8.77,14.23 (1.3),58.41,,,,,,,,,,,,,,,,,,,,,,,,,,,,,,,,,,,,,,,,,,,,,,,,,,,,,,,,,,,,,,,,,,,,,,,,,,,,,,,,,,,,,,,,,,,,,,,,,,,,,,,,,,
8982894,Tabea Eitel,TEXAS,f,,2:19.23,,,,,,,,,,,,,,,24.96 (0.1),,,"39.45m 129' 5""","6.32m 20' 9""",,,8.49,14.03 (1.9),,"1.75m 5' 8.75""","12.89m 42' 3.5""",4261,5648,,,,,,,,,,,,,,,,,,,,,,,,,,,,,,,,,,,,,,,,,,,,,,,,,,,,,,,,,,,,,,,,,,,,,,,,,,,,,,,,,,,,,,,,,,,,,,,,,,,,,,
8368403,Naj Watson,GEORGIA SOUTHERN,f,,,,,,,,,,,,,,,7.35,11.24 (4.8),22.69 (1.3),,54.81,,,,,,,,,,,,,,,,,,,,,,,,,,,,,,,,,,,,,,,,,,,,,,,,,,,,,,,,,,,,,,,,,,,,,,,,,,,,,,,,,,,,,,,,,,,,,,,,,,,,,,,,,,,,,,,,,
9257089,Grant Harrison,KENTUCKY,m,,,,,,,,,,,,,,,,,,,,,,,,,,,,,,,"5.25m 17' 2.75""",,,,,,,,,,,,,,,,,,,,,,,,,,,,,,,,,,,,,,,,,,,,,,,,,,,,,,,,,,,,,,,,,,,,,,,,,,,,,,,,,,,,,,,,,,,,,,,,,,,,,
8687807,Alysa Keller,BYU,f,,,,,,,,,,,,,,,,,,,,"52.08m 170' 10""",,,,,,,,,,,,,,,,,,,,,,,,,,,,,,,,,,,,,,,,,,,,,,,,,,,,,,,,,,,,,,,,,,,,,,,,,,,,,,,,,,,,,,,,,,,,,,,,,,,,,,,,,,,,,,,,
9288967,Grace Copeland,NORTHERN ARIZONA,f,,2:13.68,,,,,4:18.03,15:47.08,,,,,9:12.33,,,,,,,,,,,,,,,,,,,,,,,,,,,,,,,,,,,,,,,,,,,,,,,,,,,,,,,,,,,,,,,,,,,,,,,,,,,,,,,,,,,,,,,,,,,,,,,,,,,,,,,,,,,,,,,,,,,,,,,
8894634,Desmond Smith,N. CAROLINA A&T,m,,,,,,,,,,,,,,,,,,,,,,,,8.66,,,,,,,,13.75 (2.2),,,,,,,,,,,,,,,,,,,,,,,,,,,,,,,,,,,,,,,,,,,,,,,,,,,,,,,,,,,,,,,,,,,,,,,,,,,,,,,,,,,,,,,,,,,,,,,,,,,,
7511454,Nyagoa Bayak,HOWARD,,,,,,,,,,,,,,,,,,,,,,,,,,,,"1.86m 6' 1.25""",,,,,,,,,,,,,,,,,,,,,,,,,,,,,,,,,,,,,,,,,,,,,,,,,,,,,,,,,,,,,,,,,,,,,,,,,,,,,,,,,,,,,,,,,,,,,,,,,,,,,,,,,
9264643,Adrian Cardero,FLORIDA STATE,m,,,,,,,,,,,,,,,,10.91 (1.3),,,47.74,,,,,,,,,,,,,,,,,,,,,,,,,,,,,,,,,,,,,,,,,,,,,,,,,,,,,,,,,,,,,,,,,,,,,,,,,,,,,,,,,,,,,,,,,,,,,,,,,,,,,,,,,,,,,,,,,
8680442,Morgan Davis,TEXAS A&M,f,,,,,,,,,,,,,,,7.40,11.59 (4.7),22.98 (0.7),,,,"6.57m 21' 6.75""",,,,,,"1.65m 5' 5""",,,,,,,,,,,,,,,,,,,,,,,,,,,,,,,,,,,,,,,,,,,,,,,,,,,,,,,,,,,,,,,,,,,,,,,,,,,,,,,,,,,,,,,,,,,,,,,,,,,,,,,,,
8003661,Hayden Tobias,OHIO STATE,,,,,,,,,,,,,,,,,,,,,,,,,,,,,"20.26m 66' 5.75""",,,,,"49.94m 163' 10""","59.61m 195' 7""","19.02m 62' 5""",,,,,,,,,,,,,,,,,,,,,,,,,,,,,,,,,,,,,,,,,,,,,,,,,,,,,,,,,,,,,,,,,,,,,,,,,,,,,,,,,,,,,,,,,,,,,,,,,
8984385,Devan Crumpton,SOUTH CAROLINA,m,,,,,,,,,,,,,,,,,20.93 (-0.4),32.67,44.83,,,,,,,,,,,,,,,,,,,,,,,,,,,,,,,,,,,,,,,,,,,,,,,,,,,,,,,,,,,,,,,,,,,,,,,,,,,,,,,,,,,,,,,,,,,,,,,,,,,,,,,,,,,,,,,,,
9234374,Maliah Edwards,PITTSBURGH,f,,,,,,,,,,,,,,,7.68,11.72 (1.8),24.65 (-1.3),,,,,,,8.40,13.52 (3.1),,,,,,,,,,,,,,,,,,,,,,,,,,,,,,,,,,,,,,,,,,,,,,,,,,,,,,,,,,,,,,,,,,,,,,,,,,,,,,,,,,,,,,,,,,,,,,,,,,,,,,,,,,,
8684051,Lilly Hodge,HARVARD,f,,,,,,,,,,,,,,,,,,,,,,,,,,,"1.69m 5' 6.5""",,,,"4.18m 13' 8.5""",,,,,,,,,,,,,,,,,,,,,,,,,,,,,,,,,,,,,,,,,,,,,,,,,,,,,,,,,,,,,,,,,,,,,,,,,,,,,,,,,,,,,,,,,,,,,,,,,,,,,
8063563,Liam Miksic,UC IRVINE,,,,,,,,,,,,,,,,,,,,,"71.06m 233' 2""",,,,,,,,,,,,,,,,,,,,,,,,,,,,,,,,,,,,,,,,,,,,,,,,,,,,,,,,,,,,,,,,,,,,,,,,,,,,,,,,,,,,,,,,,,,,,,,,,,,,,,,,,,,,,,,,
8320857,Charlie Krasnoff,TULSA,m,,,4:03.56,,,,3:41.65,13:38.96,,,,,7:54.04,,,,,,,,,,28:46.05,,,,,,,,,,,,,,,,,,,,,,,,,,,,,,,,,,,,,,,,,,,,,,,,,,,,,,,,,,,,,,,,,,,,,,,,,,,,,,,,,,,,,,,,,,,,,,,,,,,,,,,,,,,,,
8678676,Oluwatosin Ayodeji,CINCINNATI,m,,,,,,,,,,,,,,,,10.95 (2.4),22.35 (1.0),,,,"7.54m (2.0) 24' 9""",,,,,,,,,,,,,,,,,,,,,,,,,,,,,,,,,,,,,,,,,,,,,,,,,,,,,,,,,,,,,,,,,,,,,,,,,,,,,,,,,,,,,,,,,,,,,,,,,,,,,,,,,,,,,,,
7987491,Mahogany Mobley,LIBERTY,f,,,,,,,,,,,,,,,7.82,11.73 (1.4),23.76 (2.8),38.67,52.76,,,,,,,,,,,,,,,,,,,,,,,,,,,,,,,,,,,,,,,,,,,,,,,,,,,,,,,,,,,,,,,,,,,,,,,,,,,,,,,,,,,,,,,,,,,,,,,,,,,,,,,,,,,,,,,,,
8283545,Sharli'E Mcculler,SAN JOSE ST.,f,,,,,,,,,,,,,,,7.50,11.60 (1.1),23.45 (1.1),,,,,,,,,,,,,,,,,,,,,,,,,,,,,,,,,,,,,,,,,,,,,,,,,,,,,,,,,,,,,,,,,,,,,,,,,,,,,,,,,,,,,,,,,,,,,,,,,,,,,,,,,,,,,,,,,,,
8987116,Bennett Whitefield,WESTERN CAROLINA,m,,,,,,,4:40.29,,,,,2:45.38,,,7.16,11.04 (0.9),,,49.27,"46.52m 152' 7""","6.48m (+0.0) 21' 3.25""",,,8.66,,,"1.77m 5' 9.75""","11.07m 36' 4""",,4685,"4.25m 13' 11.25""",15.36 (1.2),"32.74m 107' 5""",,,6504,,,,,,,,,,,,,,,,,,,,,,,,,,,,,,,,,,,,,,,,,,,,,,,,,,,,,,,,,,,,,,,,,,,,,,,,,,,,,,,,,,,,,,,,,,,,,,,,
8991538,Britannie Johnson,PURDUE,f,,,,,,,,,,,,,,,,,,,,,,,,,,,,"16.91m 55' 5.75""",,,,,"54.60m 179' 2""","56.22m 184' 5""","21.67m 71' 1.25""",,,,,,,,,,,,,,,,,,,,,,,,,,,,,,,,,,,,,,,,,,,,,,,,,,,,,,,,,,,,,,,,,,,,,,,,,,,,,,,,,,,,,,,,,,,,,,,,,
7730602,Adriaan Wildschutt,FLORIDA STATE,,,,,15:27.0,,,3:51.95,13:09.30,,22:49.5,28:52.0,,7:52.38,,,,,,,,,,27:38.54,,,,,,,,,,,,,,23:06.7,,,,,,,,,,,,,,,,,,,,,,,,,,,,,,,,,,,,,,,,,,,,,,,,,,,,,,,,,,,,,,,,,,,,,,,,,,,,,,,,,,,,,,,,,,,,,,,
9262001,La'Nica Locker,LSU,f,,,,,,,,,,,,,,,,,23.05 (3.6),,,,,,,,,,,,,,,,,,,,,1:17.40,,,,,,,,,,,,,,,,,,,,,,,,,,,,,,,,,,,,,,,,,,,,,,,,,,,,,,,,,,,,,,,,,,,,,,,,,,,,,,,,,,,,,,,,,,,,,,
9250520,Sydney Kuhn,MICHIGAN,f,,,,,,,,,,,,,,,,,,,,,,,,,,58.08,,,,,,,,,,,,,,,,,,,,,,,,,,,,,,,,,,,,,,,,,,,,,,,,,,,,,,,,,,,,,,,,,,,,,,,,,,,,,,,,,,,,,,,,,,,,,,,,,,,,,,,,,,
8674710,Anika Sukumar,CORNELL,f,,,,,,,,,,,,,,,8.36,,,,,,"5.59m 18' 4.25""","12.69m (-1.3) 41' 7.75""",,,,,,,,,,,,,,,,,,,,,,,,,,,,,,,,,,,,,,,,,,,,,,,,,,,,,,,,,,,,,,,,,,,,,,,,,,,,,,,,,,,,,,,,,,,,,,,,,,,,,,,,,,,,,,
8258441,Nia Wiley,LOUISIANA TECH,f,1:37.75,,,,,,,,,,,,,,,,24.56 (4.4),,54.85,,,,,,,,,,,,,,,,,,,,,,,,,,,,,,,,,,,,,,,,,,,,,,,,,,,,,,,,,,,,,,,,,,,,,,,,,,,,,,,,,,,,,,,,,,,,,,,,,,,,,,,,,,,,,,,,,
8341502,Gabrielle Matthews,FLORIDA,f,,,,,,,,,,,,,,,7.19,10.97 (0.5),22.41 (1.5),38.83,55.17,,,,,8.45,,55.12,,,,,,,,,,,,,,,,,,,,,,,,,,,,,,,,,,,,,,,,,,,,,,,,,,,,,,,,,,,,,,,,,,,,,,,,,,,,,,,,,,,,,,,,,,,,,,,,,,,,,,,,,,
6591141,Aaron Bienenfeld,OREGON,,,1:54.02,4:04.77,,,,3:43.93,13:21.99,,22:37.2,28:19.5,,7:46.09,,,,,,,,,,28:10.95,,,,,,,,,,,,,,,,,,,,,,,,,,,,,,,,,,,,,,,,,,,,,,,,,,,,,,,,,,,,,,,,,,,,,,,,,,,,,,,,,,,,,,,,,,,,,,,,,,,,,,,,,,,,,
7982914,Channing Ferguson,SOUTH CAROLINA,,,,,,,,,,,,,,,,,,,,,,"7.92m (1.0) 26' 0""","13.97m 45' 10""",,,,,"2.17m 7' 1.5""",,,,,15.02 (1.3),,,,,,,,,,,,,,,,,,,,,,,,,,,,,,,,,,,,,,,,,,,,,,,,,,,,,,,,,,,,,,,,,,,,,,,,,,,,,,,,,,,,,,,,,,,,,,,,,,,,
8978263,Aaron Merritt,KANSAS,m,,,,,,,,,,,,,,,6.77,10.34 (2.4),21.60 (1.8),,,,,,,7.81,,,,,,,,13.87 (2.4),,,,,,,,,,,,,,,,,,,,,,,,,,,,,,,,,,,,,,,,,,,,,,,,,,,,,,,,,,,,,,,,,,,,,,,,,,,,,,,,,,,,,,,,,,,,,,,,,,,,
8674194,Robert Allen,PENN STATE,m,,,,,,,,,,,,,,,,,,,,,,,,,,,"2.12m 6' 11.5""",,,,,,,,,,,,,,,,,,,,,,,,,,,,,,,,,,,,,,,,,,,,,,,,,,,,,,,,,,,,,,,,,,,,,,,,,,,,,,,,,,,,,,,,,,,,,,,,,,,,,,,,,
8323113,Blake Sifferlin,TENNESSEE,m,,,,,,,,,,,,,,,,,,,,,,,,,,,,,,,"5.64m 18' 6""",,,,,,,,,,,,,,,,,,,,,,,,,,,,,,,,,,,,,,,,,,,,,,,,,,,,,,,,,,,,,,,,,,,,,,,,,,,,,,,,,,,,,,,,,,,,,,,,,,,,,
8326311,Owen Faulha,BOSTON UNIVERSITY,m,,,,,,,,,,,,,,,,,,,,"67.88m 222' 8""",,,,,,,"5' 4"" 1.62m","52' 9.75"" 16.09m",,,,,"119' 6"" 36.42m",,,,,,,,,,,,,,,,,,,,,,,,,,,,,,,,,,,,,,,,,,,,,,,,,,,,,,,,,,,,,,,,,,,,,,,,,,,,,,,,,,,,,,,,,,,,,,,,,,,
9007518,Jaylee Gandert,SOUTHERN UTAH,f,,,,,,,,,,,,,,,,,,,,"50.57m 165' 11""",,,,,,,,"12.01m 39' 5""",,,,,"40.53m 133' 0""","35.53m 116' 7""","12.96m 42' 6.25""",,,,,,,,,,,,,,,,,,,,,,,,,,,,,,,,,,,,,,,,,,,,,,,,,,,,,,,,,,,,,,,,,,,,,,,,,,,,,,,,,,,,,,,,,,,,,,,,,
9226488,Peyton Sommers,PENN STATE,m,,,,,,,,,,,,,,,,,20.84 (3.9),,47.11,,,,,,,,,,,,,,,,,,,,,,,,,,,,,,,,,,,,,,,,,,,,,,,,,,,,,,,,,,,,,,,,,,,,,,,,,,,,,,,,,,,,,,,,,,,,,,,,,,,,,,,,,,,,,,,,,
8247130,Hilda Olemomoi,FLORIDA,f,,,4:40.28,16:05.0,18:04.5,,4:14.55,14:52.84,,,,2:51.93,8:45.50,,,,,,,,,,31:51.89,,,,,,,,,,,,,,,,18:56.9,19:40.0,,,,,,,,,,,,,,,,,,,,,,,,,,,,,,,,,,,,,,,,,,,,,,,,,,,,,,,,,,,,,,,,,,,,,,,,,,,,,,,,,,,,,,,,,,,,
9237299,Jamar Andrews,SACRAMENTO ST.,m,,,,,,,,,,,,,,,,,,,,,"7.10m 23' 3.5""","16.18m (1.8) 53' 1""",,,,,,,,,,,,,,,,,,,,,,,,,,,,,,,,,,,,,,,,,,,,,,,,,,,,,,,,,,,,,,,,,,,,,,,,,,,,,,,,,,,,,,,,,,,,,,,,,,,,,,,,,,,,,,
9226467,Avery Miller,PENN STATE,f,,2:14.35,,,,,,,,,,,,,,,24.75 (2.1),,,"38.90m 127' 7""","5.23m (-0.9) 17' 2""",,,,14.79 (3.6),,"1.59m 5' 2.5""","11.71m 38' 5""",,5317,,,,,,,,,,,,,,,,,,,,,,,,,,,,,,,,,,,,,,,,,,,,,,,,,,,,,,,,,,,,,,,,,,,,,,,,,,,,,,,,,,,,,,,,,,,,,,,,,,,,,,
9047243,Moustafa Alsherif,GEORGIA,,,,,,,,,,,,,,,,,,,,,"80.52m 264' 2""",,,,,,,,,,,,,,,,,,,,,,,,,,,,,,,,,,,,,,,,,,,,,,,,,,,,,,,,,,,,,,,,,,,,,,,,,,,,,,,,,,,,,,,,,,,,,,,,,,,,,,,,,,,,,,,,
8271844,Jackson Tuomey,HIGH POINT,m,,,,,,,,,,,,,,,,,,,,,,,,,,,,,,,"5.36m 17' 7""",,,,,,,,,,,,,,,,,,,,,,,,,,,,,,,,,,,,,,,,,,,,,,,,,,,,,,,,,,,,,,,,,,,,,,,,,,,,,,,,,,,,,,,,,,,,,,,,,,,,,
8676146,Hilton Green,OKLAHOMA,m,,,,,,,,,,,,,,,6.84,,,,,,,,,,,,,,,,"5.50m 18' 0.5""",,,,,,,,,,,,,,,,,,,,,,,,,,,,,,,,,,,,,,,,,,,,,,,,,,,,,,,,,,,,,,,,,,,,,,,,,,,,,,,,,,,,,,,,,,,,,,,,,,,,,
9399110,Bodey Lutes,OREGON,m,,1:45.62,,,,,,,,,,,,,,,,,,,,,,,,,,,,,,,,,,,,,,,,,,,,,,,,,,,,,,,,,,,,,,,,,,,,,,,,,,,,,,,,,,,,,,,,,,,,,,,,,,,,,,,,,,,,,,,,,,,,,,,,,,,,,,,,,,
8673344,Lydia Stuart,LOUISVILLE,f,,,,,,,,,,,,,,,,,,,,,,,,,,,,,,,"4.25m 13' 11.25""",,,,,,,,,,,,,,,,,,,,,,,,,,,,,,,,,,,,,,,,,,,,,,,,,,,,,,,,,,,,,,,,,,,,,,,,,,,,,,,,,,,,,,,,,,,,,,,,,,,,,
9004271,Mika Funck,INCARNATE WORD,m,,,,,,,4:40.66,,,,,2:49.47,,,7.22,11.29 (-0.4),,,50.71,"64.21m 210' 8""","6.81m (1.6) 22' 4.25""",,,8.46,,,"1.87m 6' 1.5""","14.15m 46' 5.25""",,5292,"4.76m 15' 7.25""",15.01 (1.3),"40.64m 133' 4""",,,7363,,,,,,,,,,,,,,,,,,,,,,,,,,,,,,,,,,,,,,,,,,,,,,,,,,,,,,,,,,,,,,,,,,,,,,,,,,,,,,,,,,,,,,,,,,,,,,,,
7719884,Caleb Snowden,ARKANSAS-PINE BLUFF,,,,,,,,,,,,,,,,7.43,11.32 (0.6),,,,,,,,,,,"2.27m 7' 5.25""",,,,,,,,,,,,,,,,,,,,,,,,,,,,,,,,,,,,,,,,,,,,,,,,,,,,,,,,,,,,,,,,,,,,,,,,,,,,,,,,,,,,,,,,,,,,,,,,,,,,,,,,,
7734303,Emmanuel Ihemeje,OREGON,,,,,,,,,,,,,,,,,,,,,,"7.64m (1.8) 25' 0.75""","17.26m 56' 7.5""",,,,,,,,,,,,,,,,,,,,,,,,,,,,,,,,,,,,,,,,,,,,,,,,,,,,,,,,,,,,,,,,,,,,,,,,,,,,,,,,,,,,,,,,,,,,,,,,,,,,,,,,,,,,,,
8320103,Sofia Sluchaninova,KANSAS,f,,,,,,,,,,,,,,,,,,,,,,,,,,,,"12.00m 39' 4.5""",,,,,"60.21m 197' 6""",,"17.94m 58' 10.25""",,,,,,,,,,,,,,,,,,,,,,,,,,,,,,,,,,,,,,,,,,,,,,,,,,,,,,,,,,,,,,,,,,,,,,,,,,,,,,,,,,,,,,,,,,,,,,,,,
8709050,Joshua Gillis-Harry,HOUSTON CHRISTIAN,m,,,,,,,,,,,,,,,,,,,,,"7.09m 23' 3.25""","15.81m (1.7) 51' 10.5""",,,,,,,,,,,,,,,,,,,,,,,,,,,,,,,,,,,,,,,,,,,,,,,,,,,,,,,,,,,,,,,,,,,,,,,,,,,,,,,,,,,,,,,,,,,,,,,,,,,,,,,,,,,,,,
9294339,Destin Drummond,ARIZONA STATE,m,,,,,,,,,,,,,,,,,,,47.25,,,,,,,,,,,,,,,,,,,,,,,,,,,,,,,,,,,,,,,,,,,,,,,,,,,,,,,,,,,,,,,,,,,,,,,,,,,,,,,,,,,,,,,,,,,,,,,,,,,,,,,,,,,,,,,,,
8696191,Danielle Mcgonigle,FIU,f,,2:37.12,,,,,,,,,,,,,,,,,,,"6.04m (2.5) 19' 9.75""","12.97m (1.5) 42' 6.75""",,9.05,,,"1.65m 5' 5""","10.18m 33' 4.75""",3501,,,,,,,,,,,,,,,,,,,,,,,,,,,,,,,,,,,,,,,,,,,,,,,,,,,,,,,,,,,,,,,,,,,,,,,,,,,,,,,,,,,,,,,,,,,,,,,,,,,,,,,
8318185,Toriano Tate,WESTERN ILLINOIS,m,,,,,,,,,,,,,,,7.31,,22.70 (-0.6),,,,"7.60m (0.9) 24' 11.25""","14.56m 47' 9.25""",,,,,"1.80m 5' 10.75""",,,,,,,,,,,,,,,,,,,,,,,,,,,,,,,,,,,,,,,,,,,,,,,,,,,,,,,,,,,,,,,,,,,,,,,,,,,,,,,,,,,,,,,,,,,,,,,,,,,,,,,,,
8995469,Samuel Pavan,STEPHEN F. AUSTIN,m,,,,,,,4:42.78,,,,,2:51.39,,,7.17,10.98 (2.1),,,51.25,"44.53m 146' 1""","7.29m (2.4) 23' 11""",,,8.37,,,"1.93m 6' 4""","14.93m 48' 11.75""",,5485,"4.80m 15' 9""",14.87 (1.1),"48.97m 160' 8""",,,7512,,,,,,,,,,,,,,,,,,,,,,,,,,,,,,,,,,,,,,,,,,,,,,,,,,,,,,,,,,,,,,,,,,,,,,,,,,,,,,,,,,,,,,,,,,,,,,,,
8320553,Brady Schultz,MICHIGAN STATE,m,,,,,,,,,,,,,,,,,,,,,,,,,,,"2.18m 7' 1.75""",,,,,,,,,,,,,,,,,,,,,,,,,,,,,,,,,,,,,,,,,,,,,,,,,,,,,,,,,,,,,,,,,,,,,,,,,,,,,,,,,,,,,,,,,,,,,,,,,,,,,,,,,
8682097,Aron Alvarez Aranda,TENNESSEE,m,,,,,,,,,,,,,,,,,,,,,,,,,,,,,,,,,"61.71m 202' 5""","57.21m 187' 8""","16.96m 55' 7.75""",,,,,,,,,,,,,,,,,,,,,,,,,,,,,,,,,,,,,,,,,,,,,,,,,,,,,,,,,,,,,,,,,,,,,,,,,,,,,,,,,,,,,,,,,,,,,,,,,
9206747,Sascha Letica,CONNECTICUT,f,,,,17:18.3,20:24.4,,4:21.94,15:48.21,,,,,9:18.14,,,,,,,,,,,,,,,,,,,,,,,,,,,,,,,,,,,,,,,,,,,,,,,,,,,,,,,,,,,,,,,,,,,,,,,,,,,,,,,,,,,,,,,,,,,,,,,,,,,,,,,,,,,,,,,,,,,,,,,
8358324,Deana Davis,UC IRVINE,f,,,,,,,,,,,,,,,,,,,,,,,,,,,,,,,,,,"58.67m 192' 6""","17.29m 56' 8.75""",,,,,,,,,,,,,,,,,,,,,,,,,,,,,,,,,,,,,,,,,,,,,,,,,,,,,,,,,,,,,,,,,,,,,,,,,,,,,,,,,,,,,,,,,,,,,,,,,
9273647,Victoria Amiadamen,TEXAS STATE,f,,,,,,,,,,,,,,,,,,,56.55,,,,,,,58.57,,,,,,,,,,,,,,,1:23.89,,,,,,,,,,,,,,,,,,,,,,,,,,,,,,,,,,,,,,,,,,,,,,,,,,,,,,,,,,,,,,,,,,,,,,,,,,,,,,,,,,,,,,,,,,,
8693686,Lexi Maples,NORTH DAKOTA STATE,,,,,,,,,,,,,,,,,,,,,,,,,,,,,"12.79m 41' 11.5""",,,,,,"64.97m 213' 2""","18.96m 62' 2.5""",,,,,,,,,,,,,,,,,,,,,,,,,,,,,,,,,,,,,,,,,,,,,,,,,,,,,,,,,,,,,,,,,,,,,,,,,,,,,,,,,,,,,,,,,,,,,,,,,
9003672,Troy Williams,NORTH FLORIDA,m,,,,,,,,,,35:06.0,,,,,,,22.36 (-0.5),,48.97,,,,,8.75,,51.36,,,,,,15.76 (4.5),,,,,,,,,,,,,,,,,,,,,,,,,,,,,,,,,,,,,,,,,,,,,,,,,,,,,,,,,,,,,,,,,,,,,,,,,,,,,,,,,,,,,,,,,,,,,,,,,,,,
9268908,Bongumusa Nkosi,KANSAS STATE,m,,1:59.05,,,,,,,,,,,,,6.87,10.45 (2.9),20.67 (0.7),34.47,45.29,,"7.65m (3.0) 25' 1.25""",,,,,,,,,,,,,,,,,,,,,,,,,,,,,,,,,,,,,,,,,,,,,,,,,,,,,,,,,,,,,,,,,,,,,,,,,,,,,,,,,,,,,,,,,,,,,,,,,,,,,,,,,,,,,,,
8664747,Elizabeth Ndudi,ILLINOIS,f,,,,,,,,,,,,,,,7.46,11.71 (2.2),,,,,"6.68m (1.9) 21' 11""",,,,,,,,,,,,,,,,,,,,,,,,,,,,,,,,,,,,,,,,,,,,,,,,,,,,,,,,,,,,,,,,,,,,,,,,,,,,,,,,,,,,,,,,,,,,,,,,,,,,,,,,,,,,,,,
8235126,Nicholas Plant,VIRGINIA TECH,m,1:18.40,1:45.90,3:54.75,,18:05.6,,3:36.60,,,24:34.3,,2:17.80,8:13.80,,,,,,48.97,,,,,,,,,,,,,,,,,,,,,,,23:56.7,,,,,,,,,,,,,,,,,,,,,,,,,,,,,,,,,,,,,,,,,,,,,,,,,,,,,,,,,,,,,,,,,,,,,,,,,,,,,,,,,,,,,,,,,,
7511395,Talie Bonds,ARIZONA,,,2:36.50,,,,,,,,,,,,,,,24.09 (0.1),,,,"5.40m 17' 8.75""",,,8.01,12.65 (1.2),,"1.83m 6' 0""","10.76m 35' 3.75""",3754,,,,,,,,,,,,,,,,,,,,,,,,,,,,,,,,,,,,,,,,,,,,,,,,,,,,,,,,,,,,,,,,,,,,,,,,,,,,,,,,,,,,,,,,,,,,,,,,,,,,,,,
8982713,Ambodai Ligons,WASHINGTON,m,1:16.48,,,,,,,,,,,,,,,,,,47.01,,,,,,,51.00,,,,,,,,,,,,,,,,,,,,,,,,,,,,,,,,,,,,,,,,,,,,,,,,,,,,,,,,,,,,,,,,,,,,,,,,,,,,,,,,,,,,,,,,,,,,,,,,,,,,,,,,,,
8990942,Peace Nwaelehia,TEXAS A&M,f,,,,,,,,,,,,,,,,,23.46 (1.6),38.65,52.11,,,,,,,,,,,,,,,,,,,,,,1:22.81,,,,,,,,,,,,,,,,,,,,,,,,,,,,,,,,,,,,,,,,,,,,,,,,,,,,,,,,,,,,,,,,,,,,,,,,,,,,,,,,,,,,,,,,,,,
9267868,Laila Campbell,OHIO STATE,f,,,,,,,,,,,,,,,7.40,11.21 (3.8),22.53 (6.0),,,,,,,,,,,,,,,,,,,,,,,,,,,,,,,,,,,,,,,,,,,,,,,,,,,,,,,,,,,,,,,,,,,,,,,,,,,,,,,,,,,,,,,,,,,,,,,,,,,,,,,,,,,,,,,,,,,
8591928,Billy Carlton,GEORGIA TECH,m,,1:54.81,4:02.98,,,,3:46.66,,8:36.97,24:33.5,,,8:09.53,,,,,,,,,,,,,,,,,,,,,,,,,,,,,,25:47.1,19:44.8,,,,,,,,,,,,,,,,,,,,,,,,,,,,,,,,,,,,,,,,,,,,,,,,,,,,,,,,,,,,,,,,,,,,,,,,,,,,,,,,,,,,,,,,
8978625,Colm Matheney,DUQUESNE,m,,,,,,,4:53.17,,,,,2:57.30,,,7.48,11.32 (1.2),23.21,,50.57,"50.76m 166' 6""","6.55m (1.0) 21' 6""",,,8.65,,,"1.84m 6' 0.5""","12.46m 40' 10.5""",,4325,"4.15m 13' 7.25""",15.54 (2.0),"39.82m 130' 8""",,,6711,,,,,,,,,,,,,,,,,,,,,,,,,,,,,,,,,,,,,,,,,,,,,,,,,,,,,,,,,,,,,,,,,,,,,,,,,,,,,,,,,,,,,,,,,,,,,,,,
8611981,Parker Brannon,BAYLOR,m,,,,,,,,,,,,,,,,,,,,,,,,,,,,,,,"5.26m 17' 3""",,,,,,,,,,,,,,,,,,,,,,,,,,,,,,,,,,,,,,,,,,,,,,,,,,,,,,,,,,,,,,,,,,,,,,,,,,,,,,,,,,,,,,,,,,,,,,,,,,,,,
9260704,Lilou Lapeyrie,UCF,f,,,,,,,,,,,,,,,,,,,,,,,,,,,"1.75m 5' 8.75""",,,,,,,,,,,,,,,,,,,,,,,,,,,,,,,,,,,,,,,,,,,,,,,,,,,,,,,,,,,,,,,,,,,,,,,,,,,,,,,,,,,,,,,,,,,,,,,,,,,,,,,,,
7791361,Abby Nichols,COLORADO,,,2:09.59,,,19:37.6,,4:14.82,15:15.95,,,,,,,,,,,,,,,32:27.25,,,,,,,,,,,,,,,,,,,,,,,,,,,,,,,,,,,,,,,,,,,,,,,,,,,,,,,,,,,,,,,,,,,,,,,,,,,,,,,,,,,,,,,,,,,,,,,,,,,,,,,,,,,,,
7546521,Randon Gray,UT-ARLINGTON,,,,,,,,,,,,,,,,,,,,,,,,,,,,,,,,"5.40m 17' 8.5""",,,,,,,,,,,,,,,,,,,,,,,,,,,,,,,,,,,,,,,,,,,,,,,,,,,,,,,,,,,,,,,,,,,,,,,,,,,,,,,,,,,,,,,,,,,,,,,,,,,,,
7975590,Sondre Guttormsen,PRINCETON,,,,,,,,,,,,,,,,6.98,,,,,,,,,8.39,,,,,,,"6.00m 19' 8.25""",,,,,,,,,,,,,,,,,,,,,,,,,,,,,,,,,,,,,,,,,,,,,,,,,,,,,,,,,,,,,,,,,,,,,,,,,,,,,,,,,,,,,,,,,,,,,,,,,,,,,
8022254,Johnnie Blockburger,USC,,,,,,,,,,,,,,,,6.83,10.28 (2.0),20.19 (2.2),32.68,44.51,,,,,,,,,,,,,,,,,,,,,,,,,,,,,,,,,,,,,,,,,,,,,,,,,,,,,,,,,,,,,,,,,,,,,,,,,,,,,,,,,,,,,,,,,,,,,,,,,,,,,,,,,,,,,,,,,
8233288,Izzy Roemer,MINNESOTA,f,,2:20.24,4:48.12,18:21.1,20:10.5,,4:24.16,15:51.31,,,,,9:18.83,,,,,,,,,,33:49.87,,,,,,,,,,,,,,,,,,,,,,,,,,,,,,,,,,,,,,,,,,,,,,,,,,,,,,,,,,,,,,,,,,,,,,,,,,,,,,,,,,,,,,,,,,,,,,,,,,,,,,,,,,,,,
9262386,Karina Cooper,UTAH STATE,f,,,,,,,,,,,,,,,,,,,,,,,,,,,,,,,"4.13m 13' 6.5""",,,,,,,,,,,,,,,,,,,,,,,,,,,,,,,,,,,,,,,,,,,,,,,,,,,,,,,,,,,,,,,,,,,,,,,,,,,,,,,,,,,,,,,,,,,,,,,,,,,,,
8617013,Smilla Kolbe,NORTH FLORIDA,,,1:59.02,4:37.34,16:23.0,,,4:13.77,,,,,,,,,,,,53.98,,,,,,,,,,,,,,,,,,,,,,,,,,,,,,,,,,,,,,,,,,,,,,,,,,,,,,,,,,,,,,,,,,,,,,,,,,,,,,,,,,,,,,,,,,,,,,,,,,,,,,,,,,,,,,,,,
8689858,Mary Cate Doughty,OLE MISS,f,,,,,,,,,,,,,,,,,,,,,,,,,,,,,,,"4.23m 13' 10.5""",,,,,,,,,,,,,,,,,,,,,,,,,,,,,,,,,,,,,,,,,,,,,,,,,,,,,,,,,,,,,,,,,,,,,,,,,,,,,,,,,,,,,,,,,,,,,,,,,,,,,
8276694,Jasmine Trott,BRYANT,f,,,4:57.33,17:02.6,20:13.7,,4:42.02,16:15.54,,,,,9:27.15,,,,,,,,,,33:35.17,,,,,,,,,,,,,,,,,,,,,,17:54.2,,,,,,,,,,,,,,,,,,,,,,,,,,,,,,,,,,,,,,,,,,,,,,,,,,,,,,,,,,,,,,,,,,,,,,,,,,,,,,,,,,,,,,,
9175945,Jordyn Grady,EASTERN WASHINGTON,f,,,,,,,,,,,,,,,7.55,11.52 (3.7),24.35 (1.8),,55.13,,,,,8.37,13.82 (-0.5),58.48,,,,,,,,,,,,,,,,,,,,,,,,,,,,,,,,,,,,,,,,,,,,,,,,,,,,,,,,,,,,,,,,,,,,,,,,,,,,,,,,,,,,,,,,,,,,,,,,,,,,,,,,,,
8706130,Ricardo Hayles,KANSAS STATE,m,,,,,,,,,,,,,,,,,,,,,,,,,,,,"17.29m 56' 8.75""",,,,,"60.83m 199' 7""","39.92m 131' 0""","18.67m 61' 3""",,,,,,,,,,,,,,,,,,,,,,,,,,,,,,,,,,,,,,,,,,,,,,,,,,,,,,,,,,,,,,,,,,,,,,,,,,,,,,,,,,,,,,,,,,,,,,,,,
8681091,Tatum Richards,MONTANA STATE,f,,,,,,,,,,,,,,,,,,,,,,,,,,,,,,,"4.25m 13' 11.25""",,,,,,,,,,,,,,,,,,,,,,,,,,,,,,,,,,,,,,,,,,,,,,,,,,,,,,,,,,,,,,,,,,,,,,,,,,,,,,,,,,,,,,,,,,,,,,,,,,,,,
8592312,Marian Drazan,DELAWARE STATE,m,,1:54.81,4:09.23,,,,3:49.28,14:30.23,8:43.97,,,2:30.18,8:21.16,,,,,,,,,,,,,,,,,,,,,,,,,,,,,,,,,,,,,,,,,,,,,,,,,,,,,,,,,,,,,,,,,,,,,,,,,,,,,,,,,,,,,,,,,,,,,,,,,,,,,,,,,,,,,,,,,,,,,,,
9267887,Charmar Smith,OHIO STATE,m,1:18.68,,,,,,,,,,,,,,,,,,,,,,,,,51.48,,,,,,,,,,,,,,,,,,,,,,,,,,,,,,,,,,,,,,,,,,,,,,,,,,,,,,,,,,,,,,,,,,,,,,,,,,,,,,,,,,,,,,,,,,,,,,,,,,,,,,,,,,
8894675,Jamie Phillips,BRADLEY,m,1:17.88,1:45.61,4:05.25,,,,3:47.81,,,26:19.4,,,,,,,,,48.38,,,,,,,,,,,,,,,,,,,,,,,,,,,26:35.5,,,,,,,,,,,,,,,,,,,,,,,,,,,,,,,,,,,,,,,,,,,,,,,,,,,,,,,,,,,,,,,,,,,,,,,,,,,,,,,,,,,,,,
8716130,Will Lawrence,LSU,,,,,,,,,,,,,,,,,,,,,"74.79m 245' 4""",,,,,,,,,,,,,,,,,,,,,,,,,,,,,,,,,,,,,,,,,,,,,,,,,,,,,,,,,,,,,,,,,,,,,,,,,,,,,,,,,,,,,,,,,,,,,,,,,,,,,,,,,,,,,,,,
7732042,Talitha Diggs,FLORIDA,,,,,,,,,,,,,,,,7.14,10.92 (4.1),22.43 (3.2),36.12,49.99,,,,,,,,,,,,,,,,,,,,,,,,,,,,,,,,,,,,,,,,,,,,,,,,,,,,,,,,,,,,,,,,,,,,,,,,,,,,,,,,,,,,,,,,,,,,,,,,,,,,,,,,,,,,,,,,,
8074967,Anass Essayi,SOUTH CAROLINA,,,1:46.06,3:50.46,,,,3:36.35,13:34.92,,,,,7:39.11,,,,,,,,,,,,,,,,,,,,,,,,,,,,,,,,,,,,,,,,,,,,,,,,,,,,,,,,,,,,,,,,,,,,,,,,,,,,,,,,,,,,,,,,,,,,,,,,,,,,,,,,,,,,,,,,,,,,,,,
7726451,Charlotte Dannatt,GEORGETOWN,,,,,,,,4:36.55,16:21.09,,,,,,,,,,,,,,,33:26.78,,,,,,,,,,,,,,,,,,,,,,,,,,,,,,,,,,,,,,,,,,,,,,,,,,,,,,,,,,,,,,,,,,,,,,,,,,,,,,,,,,,,,,,,,,,,,,,,,,,,,,,,,,,,,
8267986,Marianne Barber,BYU,f,,,,,,,,,,,,,,,7.62,11.74 (0.4),23.43 (1.2),38.63,53.08,,,,,,,,,,,,,,,,,,,,,,,,,,,,7.02,,,,,,,,,,,,,,,,,,,,,,,,,,,,,,,,,,,,,,,,,,,,,,,,,,,,,,,,,,,,,,,,,,,,,,,,,,,,,,,,,,,,,
8364031,Jaiya Covington,TEXAS A&M,f,,,,,,,,,,,,,,,7.54,11.78 (4.2),25.26,,,,,,,7.90,12.77 (3.3),,,,,,,,,,,,,,,,,,,,,,,,,,,,,,,,,,,,,,,,,,,,,,,,,,,,,,,,,,,,,,,,,,,,,,,,,,,,,,,,,,,,,,,,,,,,,,,,,,,,,,,,,,,
8584946,Jamara Patterson,LOUISIANA TECH,f,1:32.96,,,,,,,,,,,,,,,,24.04,39.51,51.43,,,,,,,,,,,,,,,,,,,,,,,,,,,,,,,,,,,,,,,,,,,,,,,,,,,,,,,,,,,,,,,,,,,,,,,,,,,,,,,,,,,,,,,,,,,,,,,,,,,,,,,,,,,,,,,,,
8703918,Brianna Rodriguez,UCF,f,,,,,,,,,,,,,,,,,,,56.05,,,,,8.69,,58.85,,,,,,,,,,,,,,,,,,,,,,,,,,,,,,,,,,,,,,,,,,,,,,,,,,,,,,,,,,,,,,,,,,,,,,,,,,,,,,,,,,,,,,,,,,,,,,,,,,,,,,,,,,
8672390,Audrey Kozak,CONNECTICUT,f,,2:17.33,,,,,,,,,,,,,7.84,12.14 (1.0),24.24 (2.3),,,"27.73m 91' 0""","5.69m (-0.7) 18' 8""",,,8.90,14.49 (-0.3),,"1.67m 5' 5.75""","9.50m 31' 2""",3716,5137,,,,,,,,,,,,,,,,,,,,,,,,,,,,,,,,,,,,,,,,,,,,,,,,,,,,,,,,,,,,,,,,,,,,,,,,,,,,,,,,,,,,,,,,,,,,,,,,,,,,,,
9245276,Jamir Brown,SYRACUSE,m,,,,,,,,,,,,,,,,,,,,,,,,7.56,,,,,,,,13.25 (0.7),,,,,,,,,,,,,,,,,,,,,,,,,,,,,,,,,,,,,,,,,,,,,,,,,,,,,,,,,,,,,,,,,,,,,,,,,,,,,,,,,,,,,,,,,,,,,,,,,,,,
7980315,Cydney Wright,TENNESSEE,f,,,,,,,,,,,,,,,7.53,11.47 (0.2),22.94 (3.0),36.96,50.52,,,,,,,,,,,,,,,,,,,,,,,,,,,,,,,,,,,,,,,,,,,,,,,,,,,,,,,,,,,,,,,,,,,,,,,,,,,,,,,,,,,,,,,,,,,,,,,,,,,,,,,,,,,,,,,,,
9251720,De'Kayla Simpson,MISS STATE,f,,,,,,,,,,,,,,,,,23.66 (2.3),,52.38,,,,,,,,,,,,,,,,,,,,,,,,,,,,,,,,,,,,,,,,,,,,,,,,,,,,,,,,,,,,,,,,,,,,,,,,,,,,,,,,,,,,,,,,,,,,,,,,,,,,,,,,,,,,,,,,,
8230762,Aiden Neal,NORTH CAROLINA,m,,1:48.99,3:56.01,14:58.2,17:58.2,,3:38.10,14:04.95,,24:54.9,,2:22.27,7:59.11,,,,,,,,,,,,,,,,,,,,,,,,,,,,,,,,,,,,,,,,,,,,,,,,,,,,,,,,,,,,,,,,,,,,,,,,,,,,,,,,,,,,,,,,,,,,,,,,,,,,,,,,,,,,,,,,,,,,,,,
9013664,Samuel Warriner,SOUTH ALABAMA,m,,,,,,,4:35.89,,,,,2:49.58,,,7.14,10.94 (1.3),,,48.86,"48.05m 157' 8""","7.14m (+0.0) 23' 5.25""",,,8.15,,,"2.01m 6' 7""","13.29m 43' 7.25""",,5536,"4.43m 14' 6.25""",14.38 (1.0),"37.98m 124' 7""",,,7366,,,,,,,,,,,,,,,,,,,,,,,,,,,,,,,,,,,,,,,,,,,,,,,,,,,,,,,,,,,,,,,,,,,,,,,,,,,,,,,,,,,,,,,,,,,,,,,,
7988375,Vicentejordan Vanderlipe,LONG BEACH ST.,m,,,,,,,,,,,,,,,6.99,10.99 (0.3),24.43 (2.5),,,,"6.59m (1.9) 21' 7.5""",,,,,,,,,,"5.26m 17' 3""",,,,,,,,,,,,,,,,,,,,,,,,,,,,,,,,,,,,,,,,,,,,,,,,,,,,,,,,,,,,,,,,,,,,,,,,,,,,,,,,,,,,,,,,,,,,,,,,,,,,,
9193903,Jessie Fotheringham,NJIT,f,,,4:51.69,17:17.4,20:28.2,,,16:34.31,9:58.55,,,2:50.56,9:28.66,,,,,,,,,,,,,,,,,,,,,,,,,,,,,,,,,,,,,,,,,,,,,,,,,,,,,,,,,,,,,,,,,,,,,,,,,,,,,,,,,,,,,,,,,,,,,,,,,,,,,,,,,,,,,,,,,,,,,,,
9273651,Sophie Daugard,TEXAS STATE,f,,2:23.69,,,,,,,,,,,,,,,24.91 (0.6),,,"43.48m 142' 8""","6.06m (-0.4) 19' 10.75""",,,8.73,14.04 (0.8),,"1.59m 5' 2.5""","13.17m 43' 2.5""",3901,5537,,,,,,,,,,,,,,,,,,,,,,,,,,,,,,,,,,,,,,,,,,,,,,,,,,,,,,,,,,,,,,,,,,,,,,,,,,,,,,,,,,,,,,,,,,,,,,,,,,,,,,
8317289,Niki Woods,PRINCETON,f,,,,,,,,,,,,,,,,,,,,"49.85m 163' 6""",,,,,,,,,,,,,,,,,,,,,,,,,,,,,,,,,,,,,,,,,,,,,,,,,,,,,,,,,,,,,,,,,,,,,,,,,,,,,,,,,,,,,,,,,,,,,,,,,,,,,,,,,,,,,,,,
7482261,Justin Leaston,CHARLOTTE,,,,,,,,,,,,,,,,7.21,11.18 (0.4),22.47 (1.4),36.39,,,,,,7.72,,52.69,,,,,,13.42 (3.5),,,,,,,,,,,,,,,,,,,,,,,,,,,,,,,,,,,,,,,,,,,,,,,,,,,,,,,,,,,,,,,,,,,,,,,,,,,,,,,,,,,,,,,,,,,,,,,,,,,,
8987854,Zach Paul,ILLINOIS STATE,m,,,,,,,,,,,,,,,6.66,10.15 (3.6),20.66 (2.9),,47.18,,,,,,,,,,,,,,,,,,,,,,,,,,,,,,,,,,,,,,,,,,,,,,,,,,,,,,,,,,,,,,,,,,,,,,,,,,,,,,,,,,,,,,,,,,,,,,,,,,,,,,,,,,,,,,,,,
8585341,Paityn Noe,ARKANSAS,,,,4:34.02,15:56.3,18:37.6,,,15:11.27,,,,,8:47.17,10:14.8,,,,,,,,,31:36.91,,,,,,,,,,,,,,,,,,,,,,,,,,,,,,,,,,,,,,,,,,,,,,,,,,,,,,,,,,,,,,,,,,,,,,,,,,,,,,,,,,,,,,,,,,,,,,,,,,,,,,,,,,,,,
9101645,Evan Keefe,AIR FORCE,m,,,,,,,,,,,,,,,,,,,,,,,,,,,,"16.39m 53' 9.25""",,,,,"58.91m 193' 3""","54.50m 178' 10""","16.89m 55' 5""",,,,,,,,,,,,,,,,,,,,,,,,,,,,,,,,,,,,,,,,,,,,,,,,,,,,,,,,,,,,,,,,,,,,,,,,,,,,,,,,,,,,,,,,,,,,,,,,,
8699419,Markel Jones,SOUTH FLORIDA,m,1:26.34,1:57.31,,,,,,,,,,,,,,11.29 (-1.6),22.19 (0.2),35.10,46.66,,"5.67m 18' 7.25""",,,7.65,,51.28,,,,,,13.58 (-1.8),,,,,,,,,,,,,,,,38.75,27.19 (-0.2),,,,,,,,,,,,,,,,,,,,,,,,,,,,,,,,,,,,,,,,,,,,,,,,,,,,,,,,,,,,,,,,,,,,,,,,,,,,,,,,,,,
8667203,Zonica Lindeque,WISCONSIN,f,,,,,,,,,,,,,,,,,,,,,,,,,,,,"17.13m 56' 2.5""",,,,,"54.14m 177' 7""",,,,,,,,,,,,,,,,,,,,,,,,,,,,,,,,,,,,,,,,,,,,,,,,,,,,,,,,,,,,,,,,,,,,,,,,,,,,,,,,,,,,,,,,,,,,,,,,,,,
8978672,Junior Payton-Kimble,CHARLOTTE,m,,,,,,,,,,,,,,,,,,,,,,,,,,,,"18.08m 59' 4""",,,,,"55.72m 182' 10""",,"17.44m 57' 2.75""",,,,,,,,,,,,,,,,,,,,,,,,,,,,,,,,,,,,,,,,,,,,,,,,,,,,,,,,,,,,,,,,,,,,,,,,,,,,,,,,,,,,,,,,,,,,,,,,,
8370530,Ben Barton,BYU,m,,,,,,,4:33.76,,,,,2:38.43,,,6.78,10.48 (2.0),,,46.49,"52.75m 173' 1""","7.60m 24' 11.25""",,,7.82,,,"2.10m 6' 10.75""","14.14m 46' 4.75""",,6025,"4.58m 15' 0.25""",14.10 (2.5),"41.47m 136' 1""",,,7998,,,,,,,,,,,,,,7.86,,,,,,,,,,,,,,,,,,,,,,,,,,,,,,,,,,,,,,,,,,,,,,,,,,,,,,,,,,,,,,,,,,,,,,,,,,,,,,,,,,
9247070,Jayden Jones,TEXAS,m,,,,,,,,,,,,,,,6.66,10.10 (4.3),20.40 (3.4),,,,,,,,,,,,,,,,,,,,,,,,,,,,,,,,,,,,,,,,,,,,,,,,,,,,,,,,,,,,,,,,,,,,,,,,,,,,,,,,,,,,,,,,,,,,,,,,,,,,,,,,,,,,,,,,,,,
8683444,Bode Gilkerson,PURDUE,,,,,,,,,,,,,,,,,,,,,,,,,,,,"2.18m 7' 1.75""",,,,,,,,,,,,,,,,,,,,,,,,,,,,,,,,,,,,,,,,,,,,,,,,,,,,,,,,,,,,,,,,,,,,,,,,,,,,,,,,,,,,,,,,,,,,,,,,,,,,,,,,,
8236874,Hillevi Carlsson,NEBRASKA,f,,,,,,,,,,,,,,,,,,,,,,,,,,,,,,,,,,"63.25m 207' 6""","19.59m 64' 3.25""",,,,,,,,,,,,,,,,,,,,,,,,,,,,,,,,,,,,,,,,,,,,,,,,,,,,,,,,,,,,,,,,,,,,,,,,,,,,,,,,,,,,,,,,,,,,,,,,,
8364066,Sanaa Barnes,AUBURN,,,,,,,,,,,,,,,,,,,,,,,,,,,,"1.86m 6' 1.25""",,,,,,,,,,,,,,,,,,,,,,,,,,,,,,,,,,,,,,,,,,,,,,,,,,,,,,,,,,,,,,,,,,,,,,,,,,,,,,,,,,,,,,,,,,,,,,,,,,,,,,,,,
7486449,Antonio Ruiz,HOUSTON,,,,,,,,,,,,,,,,,10.54 (1.1),21.65 (1.3),,46.84,,,,,,,,,,,,"5.55m 18' 2.5""",,,,,,,,,,,,,,,,,,,,,,,,,,,,,,,,,,,,,,,,,,,,,,,,,,,,,,,,,,,,,,,,,,,,,,,,,,,,,,,,,,,,,,,,,,,,,,,,,,,,,
9266238,Brody Anderson,WICHITA STATE,m,,,,,,,,,,,,,,,7.01,10.73 (5.0),21.64 (2.1),,49.70,,,,,,,,,,,,,,,,,,,,,,,,,,,,,,,,,,,,,,,,,,,,,,,,,,,,,,,,,,,,,,,,,,,,,,,,,,,,,,,,,,,,,,,,,,,,,,,,,,,,,,,,,,,,,,,,,
6992911,Roberto Vilches,MISSOURI,,,,,,,,,,,,,,,,7.06,,,,,,"7.82m 25' 8""",,,,,,"2.27m 7' 5.25""",,,,,,,,,,,,,,,,,,,,,,,,,,,,,,,,,,,,,,,,,,,,,,,,,,,,,,,,,,,,,,,,,,,,,,,,,,,,,,,,,,,,,,,,,,,,,,,,,,,,,,,,,
9273939,Jailan Sohna,IOWA STATE,m,,1:46.48,,,,,,,,,,,,,,,,,,,,,,,,,,,,,,,,,,,,,,,1:10.80,,,,,,,,,,,,,,,,,,,,,,,,,,,,,,,,,,,,,,,,,,,,,,,,,,,,,,,,,,,,,,,,,,,,,,,,,,,,,,,,,,,,,,,,,,,
8999688,Zharia Taylor,UC IRVINE,f,,2:23.71,,,,,,,,,,,,,,12.70 (0.9),25.66 (1.2),,,"33.83m 111' 0""","5.77m (0.4) 18' 11.25""",,,8.95,14.39 (1.1),,"1.81m 5' 11.25""","11.72m 38' 5.5""",3785,5384,,,,,,,,,,,,,,,,,,,,,,,,,,,,,,,,,,,,,,,,,,,,,,,,,,,,,,,,,,,,,,,,,,,,,,,,,,,,,,,,,,,,,,,,,,,,,,,,,,,,,,
8014761,Bryson Smith,OLE MISS,m,,,,,,,,,,,,,,,,,,,,,,,,,,,,"16.16m 53' 0.25""",,,,,,"69.12m 226' 9""","22.29m 73' 1.75""",,,,,,,,,,,,,,,,,,,,,,,,,,,,,,,,,,,,,,,,,,,,,,,,,,,,,,,,,,,,,,,,,,,,,,,,,,,,,,,,,,,,,,,,,,,,,,,,,
9010789,Nicholas Spikes,FLORIDA,m,,,,,,,,,,,,,,,,,20.72 (1.6),,45.62,,,,,,,,,,,,,,,,,,,,,,,,,,,,,,,,,,,,,,,,,,,,,,,,,,,,,,,,,,,,,,,,,,,,,,,,,,,,,,,,,,,,,,,,,,,,,,,,,,,,,,,,,,,,,,,,,
7488457,Michael Shoaf,NOTRE DAME,,,,,,,,,,,,,,,,,,,,,,,,,,,,,"20.05m 65' 9.5""",,,,,"50.72m 166' 5""","61.43m 201' 6""","20.71m 67' 11.5""",,,,,,,,,,,,,,,,,,,,,,,,,,,,,,,,,,,,,,,,,,,,,,,,,,,,,,,,,,,,,,,,,,,,,,,,,,,,,,,,,,,,,,,,,,,,,,,,,
8323914,Casey Sullivan,WAKE FOREST,f,,,,,,,,,,,,,,,,,,,,,,,,,,,,"15.73m 51' 7.25""",,,,,"41.58m 136' 5""","49.42m 162' 2""","15.66m 51' 4.5""",,,,,,,,,,,,,,,,,,,,,,,,,,,,,,,,,,,,,,,,,,,,,,,,,,,,,,,,,,,,,,,,,,,,,,,,,,,,,,,,,,,,,,,,,,,,,,,,,
8967991,Shania Adderley,NORTHWESTERN ST.,f,,,,,,,,,,,,,,,,,24.02 (0.2),,55.58,,,,,,,,,,,,,,,,,,,,,,,,,,,,,,,,,,,,,,,,,,,,,,,,,,,,,,,,,,,,,,,,,,,,,,,,,,,,,,,,,,,,,,,,,,,,,,,,,,,,,,,,,,,,,,,,,
8667716,John Sherman,TEXAS TECH,m,,,,,,,,,,,,,,,6.59,9.99 (2.5),20.50 (0.5),34.75,,,,,,,,,,,,,,,,,,,,,,,,,,,,,6.21,,,,,,,,,,,,,,,,,,,,,,,,,,,,,,,,,,,,,,,,,,,,,,,,,,,,,,,,,,,,,,,,,,,,,,,,,,,,,,,,,,,,,
8329949,Iosif Papa,UMBC,m,,,,,,,,,,,,,,,,,,,,,,,,,,,,"15.73m 51' 7.25""",,,,,"59.86m 196' 5""",,,,,,,,,,,,,,,,,,,,,,,,,,,,,,,,,,,,,,,,,,,,,,,,,,,,,,,,,,,,,,,,,,,,,,,,,,,,,,,,,,,,,,,,,,,,,,,,,,,
8986087,Lily Houston,HIGH POINT,f,,,,,,,,,,,,,,,,,,,,,,,,,,,,,,,"4.13m 13' 6.5""",,,,,,,,,,,,,,,,,,,,,,,,,,,,,,,,,,,,,,,,,,,,,,,,,,,,,,,,,,,,,,,,,,,,,,,,,,,,,,,,,,,,,,,,,,,,,,,,,,,,,
9263313,Celeste Robinson,GEORGIA,f,,,,,,,,,,,,,,,7.51,11.64 (1.2),23.21 (1.2),,,,,,,,,,,,,,,,,,,,,,,,,,,,,,,,,,,,,,,,,,,,,,,,,,,,,,,,,,,,,,,,,,,,,,,,,,,,,,,,,,,,,,,,,,,,,,,,,,,,,,,,,,,,,,,,,,,
9024055,Delano Lawrence,HAMPTON,m,,,,,,,,,,,,,,,,,,,,,,,,,,,,"14.85m 48' 8.75""",,,,,"57.45m 188' 6""",,,,,,,,,,,,,,,,,,,,,,,,,,,,,,,,,,,,,,,,,,,,,,,,,,,,,,,,,,,,,,,,,,,,,,,,,,,,,,,,,,,,,,,,,,,,,,,,,,,
8708600,Romi Griese,EAST TEXAS A&M,f,,,,,,,,,,,,,,,,,,,,"36.71m 120' 5""",,,,,,,,"12.16m 39' 10.75""",,,,,"53.35m 175' 0""","46.15m 151' 5""","15.66m 51' 4.5""",,,,,,,,,,,,,,,,,,,,,,,,,,,,,,,,,,,,,,,,,,,,,,,,,,,,,,,,,,,,,,,,,,,,,,,,,,,,,,,,,,,,,,,,,,,,,,,,,
8018892,Erin Kelleher,VIRGINIA TECH,f,,,,,,,,,,,,,,,,,,,,,,,,,,,,,,,"4.27m 14' 0""",,,,,,,,,,,,,,,,,,,,,,,,,,,,,,,,,,,,,,,,,,,,,,,,,,,,,,,,,,,,,,,,,,,,,,,,,,,,,,,,,,,,,,,,,,,,,,,,,,,,,
8705462,Sydney Bryant,OHIO STATE,f,,,,,,,,,,,,,,,7.46,11.43 (3.0),23.49 (4.6),,,,,,,,,,,,,,,,,,,,,,,,,,,,,,,,,,,,,,,,,,,,,,,,,,,,,,,,,,,,,,,,,,,,,,,,,,,,,,,,,,,,,,,,,,,,,,,,,,,,,,,,,,,,,,,,,,,
8235921,Harry Ross-Hughes,MISS STATE,m,1:16.85,1:45.44,4:11.74,,,,3:48.45,,,26:43.2,,,,,,,23.45 (-1.2),,48.14,,,,,,,54.46,,,,,,,,,,,,,,,,,,,,,,,,,,,,,,,,,,,,,,,,,,,,,,,,,,,,,,,,,,,,,,,,,,,,,,,,,,,,,,,,,,,,,,,,,,,,,,,,,,,,,,,,,,
8020117,Asjah Atkinson,USC,f,,,,,,,,,,,,,,,7.73,11.99 (1.1),,,,,"6.20m (0.7) 20' 4.25""",,,8.13,13.05 (1.8),,,,,,,,,,,,,,,,,,,,,,,,,,,,,,,,,,,,,,,,,,,,,,,,,,,,,,,,,,,,,,,,,,,,,,,,,,,,,,,,,,,,,,,,,,,,,,,,,,,,,,,,,,,
7888806,Josh Taylor,BYU,m,1:18.63,1:50.99,,,,,,,,,,,,,7.16,10.66 (-0.4),21.03 (0.1),33.38,45.74,,,,,,,,,,,,,,,,,,,1:01.81,,,1:09.62,,,,,,,,,,,,,,,,,,,,,,,,,,,,,,,,,,,,,,,,,,,,,,,,,,,,,,,,,,,,,,,,,,,,,,,,,,,,,,,,,,,,,,,,,,,
8325710,Kali Mceuen,BYU,f,,,,,,,,,,,,,,,7.95,13.40 (-1.5),23.77 (2.0),40.15,54.90,,,,,8.40,13.16 (1.0),55.88,,,,,,,,,,,,,,,,,,,,,7.37,,,7.97,,,,,,,,,,,,,,,,,,,,,,,,,,,,,,,,,,,,,,,,,,,,,,,,,,,,,,,,,,,,,,,,,,,,,,,,,,,,,,,,,,
8992617,Maud Visscher,DRAKE,f,,,,,,,,,,,,,,,,,,,,,,,,,,,,"16.73m 54' 10.75""",,,,,"49.89m 163' 8""","56.78m 186' 3""","16.56m 54' 4""",,,,,,,,,,,,,,,,,,,,,,,,,,,,,,,,,,,,,,,,,,,,,,,,,,,,,,,,,,,,,,,,,,,,,,,,,,,,,,,,,,,,,,,,,,,,,,,,,
8900286,Naja Weiler,NORTH DAKOTA,f,,,5:08.33,17:38.4,20:41.5,,4:44.26,16:37.18,,,,,9:39.05,,,,,,,,,,33:51.36,,,,,,,,,,,,,,,,,,,,,,,,,,,,,,,,,,,,,,,,,,,,,,,,,,,,,,,,,,,,,,,,,,,,,,,,,,,,,,,,,,,,,,,,,,,,,,,,,,,,,,,,,,,,,
7388515,Jesse Hamlin,BUTLER,,,1:48.32,3:56.59,,,,3:38.85,13:27.26,,23:16.3,29:43.2,,7:39.70,,,,,,,,,,,,,,,,,,,,,,,,23:44.0,,,,,,,,,,,,,,25:43.9,25:08.4,,,,,,,,,,,,,,,,,,,,,,,,,,,,,,,,,,,,,,,,,,,,,,,,,,,,,,,,,,,,,,,,,,,,,,,,,,,,,,,,
8976953,Lilly Peters,LINDENWOOD,f,,,,,,,,,,,,,,,,,,,,"47.97m 157' 4""",,,,,,,,"10.18m 33' 4.75""",,,,,"38.98m 127' 11""","38.01m 124' 8""","12.66m 41' 6.5""",,,,,,,,,,,,,,,,,,,,,,,,,,,,,,,,,,,,,,,,,,,,,,,,,,,,,,,,,,,,,,,,,,,,,,,,,,,,,,,,,,,,,,,,,,,,,,,,,
8696095,Kennedy Stringfellow,OKLAHOMA,m,,,,,,,,,,,,,,,6.85,10.46 (3.9),20.65 (-1.7),33.64,,,"8.29m 27' 2.5""",,,,,,,,,,,,,,,,,,,,,,,,,,,,,,,,,,,,,,,,,,,,,,,,,,,,,,,,,,,,,,,,,,,,,,,,,,,,,,,,,,,,,,,,,,,,,,,,,,,,,,,,,,,,,,,
7900644,Lucy Ndungu,WICHITA STATE,f,,2:28.17,5:20.04,17:19.7,20:31.6,20:45.6,4:33.61,16:11.67,,,,3:10.41,9:30.24,,,,,,,,,,33:20.55,,,,,,,,,,,,,,,,,,,,,,,,,,,,,,1:30:32.7,,,,,,,,,,,,,,,,,,,,,,,,,,,,,,,,,,,,,,,,,,,,,,,,,,,,,,,,,,,,,,,,,,,,,,,,,,,,,,,
9250536,Burklie Burton,OKLAHOMA STATE,f,,,,,,,,,,,,,,,,,,,,,,,,,,,,,,,,,"48.30m 158' 5""","67.99m 223' 1""",,,,,,,,,,,,,,,,,,,,,,,,,,,,,,,,,,,,,,,,,,,,,,,,,,,,,,,,,,,,,,,,,,,,,,,,,,,,,,,,,,,,,,,,,,,,,,,,,,
7484248,Patrick Piperi,TEXAS,,,,,,,,,,,,,,,,,,,,,,,,,,,,,"19.52m 64' 0.5""",,,,,"55.75m 182' 11""","40.61m 133' 3""",,,,,,,,,,,,,,,,,,,,,,,,,,,,,,,,,,,,,,,,,,,,,,,,,,,,,,,,,,,,,,,,,,,,,,,,,,,,,,,,,,,,,,,,,,,,,,,,,,
8281094,Estanis Ruiz,PORTLAND,,,1:47.75,3:59.87,,18:12.2,,3:43.01,13:53.71,8:28.15,23:38.9,29:30.5,,8:03.75,,,,,,,,,,,,,,,,,,,,,,,,25:10.6,,,,,,,,,,,,,,,,,,,,,,,,,,,,,,,,,,,,,,,,,,,,,,,,,,,,,,,,,,,,,,,,,,,,,,,,,,,,,,,,,,,,,,,,,,,,,,,
9264069,Myzhane Solomon,GEORGIA SOUTHERN,f,,,,,,,,,,,,,,,8.08,12.40 (0.2),26.13,,,,,,,9.26,14.63 (1.8),,,,,,,,,,,,,,,,,,,,,,,,,,,,,,,,,,,,,,,,,,,,,,,,,,,,,,,,,,,,,,,,,,,,,,,,,,,,,,,,,,,,,,,,,,,,,,,,,,,,,,,,,,,
8678375,Wyatt Stewart,SOUTH DAKOTA,m,,,,,,,,,,,,,,,,,,,,,,,,,,,,,,,"5.36m 17' 7""",,,,,,,,,,,,,,,,,,,,,,,,,,,,,,,,,,,,,,,,,,,,,,,,,,,,,,,,,,,,,,,,,,,,,,,,,,,,,,,,,,,,,,,,,,,,,,,,,,,,,
7730053,Nikaoli Williams,OKLAHOMA,,,,,,,,,,,,,,,,6.71,10.24 (3.4),21.43 (-0.6),,,,"8.06m 26' 5.5""","15.51m 50' 10.75""",,,,,,,,,,,,,,,,,,,,,,,,,,,,,,,,,,,,,,,,,,,,,,,,,,,,,,,,,,,,,,,,,,,,,,,,,,,,,,,,,,,,,,,,,,,,,,,,,,,,,,,,,,,,,,
8023469,Petra Gombas,MISSOURI,f,,,,,,,,,,,,,,,,,,,,,,,,,,,,,,,,,,"61.43m 201' 6""","19.47m 63' 10.5""",,,,,,,,,,,,,,,,,,,,,,,,,,,,,,,,,,,,,,,,,,,,,,,,,,,,,,,,,,,,,,,,,,,,,,,,,,,,,,,,,,,,,,,,,,,,,,,,,
8990128,Taliyah Booker,GRAND CANYON,f,,,,,,,,,,,,,,,,11.65 (3.5),23.77 (1.4),,52.77,,,,,,,,,,,,,,,,,,,,,,,,,,,,,,,,,,,,,,,,,,,,,,,,,,,,,,,,,,,,,,,,,,,,,,,,,,,,,,,,,,,,,,,,,,,,,,,,,,,,,,,,,,,,,,,,,
8892277,Veselja Treacy,MAINE,f,,,5:05.91,17:53.7,21:18.9,,4:28.82,16:50.71,10:14.14,,,3:05.38,9:31.55,,,,,,,,,,,,,,,,,,,,,,,,,,,,,,,,,,,,,,,,,,,,,,,,,,,,,,,,,,,,,,,,,,,,,,,,,,,,,,,,,,,,,,,,,,,,,,,,,,,,,,,,,,,,,,,,,,,,,,,
8710477,Chiara Sistermann,VIRGINIA TECH,f,,,,,,,,,,,,,,,,,,,,,,,,,,,,,,,"4.47m 14' 8""",,,,,,,,,,,,,,,,,,,,,,,,,,,,,,,,,,,,,,,,,,,,,,,,,,,,,,,,,,,,,,,,,,,,,,,,,,,,,,,,,,,,,,,,,,,,,,,,,,,,,
8679266,Jake Mceachern,EASTERN MICHIGAN,m,,,,,,,,,,,,,,,,,,,,,,,,,,,,"14.48m 47' 6.25""",,,,,"49.48m 162' 4""","64.29m 210' 11""","19.77m 64' 10.5""",,,,,,,,,,,,,,,,,,,,,,,,,,,,,,,,,,,,,,,,,,,,,,,,,,,,,,,,,,,,,,,,,,,,,,,,,,,,,,,,,,,,,,,,,,,,,,,,,
9283700,Barbora Malikova,RICE,f,,,,,,,,,,,,,,,,,24.00 (-0.3),,51.84,,,,,,,,,,,,,,,,,,,,,,,,,,,,,,,,,,,,,,,,,,,,,,,,,,,,,,,,,,,,,,,,,,,,,,,,,,,,,,,,,,,,,,,,,,,,,,,,,,,,,,,,,,,,,,,,,
8698789,Cayden Broadnax,SOUTH FLORIDA,m,,,,,,,,,,,,,,,6.67,9.96 (6.0),20.49 (4.2),,,,,,,,,,,,,,,,,,,,,,,,,,,,,,,,,,,,,,,,,,,,,,,,,,,,,,,,,,,,,,,,,,,,,,,,,,,,,,,,,,,,,,,,,,,,,,,,,,,,,,,,,,,,,,,,,,,
8599964,Elijah Dawes,NC STATE,m,1:23.95,,,,,,,,,,,,,,,,21.23 (-0.4),33.70,46.05,,,,,,,,,,,,,,,,,,,,,,,,,,,,,,,,,,,,,,,,,,,,,,,,,,,,,,,,,,,,,,,,,,,,,,,,,,,,,,,,,,,,,,,,,,,,,,,,,,,,,,,,,,,,,,,,,
8711636,Zenah Cheptoo,WASHINGTON ST.,f,,,4:38.61,,,,4:20.42,15:17.80,10:23.01,,,,8:53.90,,,,,,,,,,32:23.18,,,,,,,,,,,,,,,,,,,,,,,,,,,,,,,,,,,,,,,,,,,,,,,,,,,,,,,,,,,,,,,,,,,,,,,,,,,,,,,,,,,,,,,,,,,,,,,,,,,,,,,,,,,,,
8719206,Anita Afrifa,TEXAS TECH,f,,,,,,,,,,,,,,,7.30,11.25 (2.3),22.94 (2.9),37.18,,,,,,,,,,,,,,,,,,,,,,,,,,,,,,,,,,,,,,,,,,,,,,,,,,,,,,,,,,,,,,,,,,,,,,,,,,,,,,,,,,,,,,,,,,,,,,,,,,,,,,,,,,,,,,,,,,
9237889,Detrevyon Goudeau,PRAIRIE VIEW,m,,,,,,,,,,,,,,,,,21.00 (3.1),34.80,46.02,,,,,,,,,,,,,,,,,,,,,,,,,,,,,,,,,,,,,,,,,,,,,,,,,,,,,,,,,,,,,,,,,,,,,,,,,,,,,,,,,,,,,,,,,,,,,,,,,,,,,,,,,,,,,,,,,
8682107,Grant Campbell,TENNESSEE,m,,,,,,,,,,,,,,,,,,,,,,,,,,,"2.20m 7' 2.5""",,,,,,,,,,,,,,,,,,,,,,,,,,,,,,,,,,,,,,,,,,,,,,,,,,,,,,,,,,,,,,,,,,,,,,,,,,,,,,,,,,,,,,,,,,,,,,,,,,,,,,,,,
7392925,Emily Covert,NOTRE DAME,,,,,16:22.5,19:23.8,,4:31.91,15:35.40,,,,,9:04.20,,,,,,,,,,32:30.82,,,,,,,,,,,,,,,,,,,,,,,,,,,,,,,18:53.2,,,,,,,,,,,,,,,,,,,,,,,,,,,,,,,,,,,,,,,,,,,,,,,,,,,,,,,,,,,,,,,,,,,,,,,,,,,,,,
9169675,Max Cervi-Skinner,WAKE FOREST,m,,,4:13.39,,,,3:48.21,,8:50.00,,,,8:15.22,,,,,,53.77,,,,,,,,,,,,,,,,,,,,,,,,,,,,,,,,,,,,,,,,,,,,,,,,,,,,,,,,,,,,,,,,,,,,,,,,,,,,,,,,,,,,,,,,,,,,,,,,,,,,,,,,,,,,,,,,,
9261210,Gustav Rydaker,NEBRASKA,m,,,,,,,,,,,,,,,,,,,,,,,,,,,,"15.74m 51' 7.75""",,,,,,"64.15m 210' 5""","20.09m 65' 11""",,,,,,,,,,,,,,,,,,,,,,,,,,,,,,,,,,,,,,,,,,,,,,,,,,,,,,,,,,,,,,,,,,,,,,,,,,,,,,,,,,,,,,,,,,,,,,,,,
8982729,Amina Maatoug,WASHINGTON,,,2:03.45,4:26.39,16:27.5,19:29.9,,4:08.75,15:35.93,,,,,8:46.20,,,,,,,,,,,,,,,,,,,,,,,,,,,,,,,,,,,,,,,,,,,,,,,,,,,,,,,,,,,,,,,,,,,,,,,,,,,,,,,,,,,,,,,,,,,,,,,,,,,,,,,,,,,,,,,,,,,,,,,
8709986,Wanya Mccoy,FLORIDA,m,,,,,,,,,,,,,,,6.53,10.02 (0.6),19.93 (1.0),32.53,45.91,,,,,,,,,,,,,,,,,,,,,,,,,,,,,,,,,,,,,,,,,,,,,,,,,,,,,,,,,,,,,,,,,,,,,,,,,,,,,,,,,,,,,,,,,,,,,,,,,,,,,,,,,,,,,,,,,
9354379,Robin Ott,WISCONSIN,m,,,,,,,,,,,,,,,,10.84 (2.3),,,49.96,"66.01m 216' 7""","6.63m (2.1) 21' 9""",,,,,,"1.82m 5' 11.5""","13.55m 44' 5.5""",,,,15.73 (+0.0),"40.85m 134' 0""",,,,,,,,,,,,,,,,,,,,,,,,,,,,,,,,,,,,,,,,,,,,,,,,,,,,,,,,,,,,,,,,,,,,,,,,,,,,,,,,,,,,,,,,,,,,,,,,,,,
8321682,Tyrese Miller,IOWA,m,,,,,,,,,,,,,,,,,21.70,34.07,45.51,,,,,,,,,,,,,,,,,,,,,,,,,,,,,,,,,,,,,,,,,,,,,,,,,,,,,,,,,,,,,,,,,,,,,,,,,,,,,,,,,,,,,,,,,,,,,,,,,,,,,,,,,,,,,,,,,
9256476,Natalia Rankin-Chitar,TEXAS A&M-CC,f,,,,,,,,,,,,,,,,,,,,,,,,,,,,"16.14m 52' 11.5""",,,,,"48.55m 159' 3""","41.43m 135' 11""","14.97m 49' 1.5""",,,,,,,,,,,,,,,,,,,,,,,,,,,,,,,,,,,,,,,,,,,,,,,,,,,,,,,,,,,,,,,,,,,,,,,,,,,,,,,,,,,,,,,,,,,,,,,,,
8712626,Shenese Walker,FLORIDA STATE,f,,,,,,,,,,,,,,,7.07,10.80 (1.7),22.65 (0.2),,1:01.19,,,,,,,,,,,,,,,,,,,,,,,,,,,,,,,,,,,,,,,,,,,,,,,,,,,,,,,,,,,,,,,,,,,,,,,,,,,,,,,,,,,,,,,,,,,,,,,,,,,,,,,,,,,,,,,,,
8585678,Kishay Rowe,WEST VIRGINIA,f,1:32.13,2:03.98,,,,,4:26.46,,,,,2:49.79,10:03.32,,,,,,56.18,,,,,,,,,,,,,,,,,,,1:13.44,,,,,,,,,,,,,,,,,,,,,,,,,,,,,,,,,,,,,,,,,,,,,,,,,,,,,,,,,,,,,,,,,,,,,,,,,,,,,,,,,,,,,,,,,,,,,,
8322780,Audrey Friedman,PENN STATE,f,,,,,,,,,,,,,,,,,,,,"49.93m 163' 10""",,,,,,,,,,,,,,,,,,,,,,,,,,,,,,,,,,,,,,,,,,,,,,,,,,,,,,,,,,,,,,,,,,,,,,,,,,,,,,,,,,,,,,,,,,,,,,,,,,,,,,,,,,,,,,,,
8376077,Michael Pinckney,UCLA,,,,,,,,,,,,,,,,,,,,,,,,,,,,,"17.60m 57' 9""",,,,,"61.39m 201' 5""","64.91m 212' 11""","22.72m 74' 6.5""",,,,,,,,,,,,,,,,,,,,,,,,,,,,,,,,,,,,,,,,,,,,,,,,,,,,,,,,,,,,,,,,,,,,,,,,,,,,,,,,,,,,,,,,,,,,,,,,,
9274383,Luigi Case,KENT STATE,m,,,,,,,,,,,,,,,,,,,,,"7.56m (3.0) 24' 9.75""",,,,,,,,,,,,,,,,,,,,,,,,,,,,,,,,,,,,,,,,,,,,,,,,,,,,,,,,,,,,,,,,,,,,,,,,,,,,,,,,,,,,,,,,,,,,,,,,,,,,,,,,,,,,,,,
8712558,Tyler Carroll,WICHITA STATE,m,,,,,,,,,,,,,,,7.23,10.96 (3.4),22.35 (4.9),,,,,,,7.86,,53.32,,,,,,13.60 (4.9),,,,,,,,,,,,,,,,,,,,,,,,,,,,,,,,,,,,,,,,,,,,,,,,,,,,,,,,,,,,,,,,,,,,,,,,,,,,,,,,,,,,,,,,,,,,,,,,,,,,
8325415,Mateo Munoz,COLORADO ST.,m,,,,,,,4:57.27,,,,,2:51.67,,,6.91,10.64 (0.9),,,49.59,"49.75m 163' 3""","6.88m 22' 7""",,,7.95,,,"1.98m 6' 6""","14.82m 48' 7.5""",,5628,"4.83m 15' 10""",14.26 (0.8),"44.23m 145' 1""",,,7557,,,,,,,,,,,,,,8.25,,,,,,,,,,,,,,,,,,,,,,,,,,,,,,,,,,,,,,,,,,,,,,,,,,,,,,,,,,,,,,,,,,,,,,,,,,,,,,,,,,
9271928,Aliyah Canty,ARIZONA STATE,f,,,,,,,,,,,,,,,,,,,57.30,,,,,,,59.13,,,,,,,,,,,,,,,,,,,,,,,,,,,,,,,,,,,,,,,,,,,,,,,,,,,,,,,,,,,,,,,,,,,,,,,,,,,,,,,,,,,,,,,,,,,,,,,,,,,,,,,,,,
7531871,Joseph Fahnbulleh,FLORIDA,,,,,,,,,,,,,,,,6.73,10.00 (0.6),19.83 (0.6),33.42,,,,,,,,,,,,,,,,,,,,,,,,,,,,,,,,,,,,,,,,,,,,,,,,,,,,,,,,,,,,,,,,,,,,,,,,,,,,,,,,,,,,,,,,,,,,,,,,,,,,,,,,,,,,,,,,,,
9245124,Jaybrion Jones,TARLETON STATE,m,,,,,,,,,,,,,,,6.54,10.01 (5.1),21.22 (3.2),,,,,,,,,,,,,,,,,,,,,,,,,,,,,,,,,,,,,,,,,,,,,,,,,,,,,,,,,,,,,,,,,,,,,,,,,,,,,,,,,,,,,,,,,,,,,,,,,,,,,,,,,,,,,,,,,,,
8324711,Massimo Grisotto,AIR FORCE,m,,,,,,,,,,,,,,,,,,,,,,,,,,,,,,,,,"55.74m 182' 10""","52.92m 173' 7""","18.00m 59' 0.75""",,,,,,,,,,,,,,,,,,,,,,,,,,,,,,,,,,,,,,,,,,,,,,,,,,,,,,,,,,,,,,,,,,,,,,,,,,,,,,,,,,,,,,,,,,,,,,,,,
6445545,Cailie Logue,IOWA STATE,,,,4:36.46,16:27.7,19:29.8,,4:18.16,15:36.40,,,,2:46.54,9:00.76,,,,,,,,,,32:33.63,,,,,,,,,,,,,,,,,,,,,,,,,,,,,,,,13:45.2,,,,,,,,,,,,,,,,,,,,,,,,,,,,,,,,,,,,,,,,,,,,,,,,,,,,,,,,,,,,,,,,,,,,,,,,,,,,,
8669661,Kai Deines,PENN,m,,,,,,,,,,,,,,,,,,,,,,,,,,,,"17.57m 57' 7.75""",,,,,"54.84m 179' 11""",,,,,,,,,,,,,,,,,,,,,,,,,,,,,,,,,,,,,,,,,,,,,,,,,,,,,,,,,,,,,,,,,,,,,,,,,,,,,,,,,,,,,,,,,,,,,,,,,,,
9283757,Maria Arboleda Angulo,ARKANSAS,f,,,,,,,,,,,,,,,,,,,,,,,,,,,"1.87m 6' 1.5""",,,,,,,,,,,,,,,,,,,,,,,,,,,,,,,,,,,,,,,,,,,,,,,,,,,,,,,,,,,,,,,,,,,,,,,,,,,,,,,,,,,,,,,,,,,,,,,,,,,,,,,,,
8376098,Ka'Leila Abrille,UCLA,,,,,,,,,,,,,,,,,,,,,,,,,,,,,"5.61m 18' 5""",,,"4.42m 14' 6""",,,,,,,,,,,,,,,,,,,,,,,,,,,,,,,,,,,,,,,,,,,,,,,,,,,,,,,,,,,,,,,,,,,,,,,,,,,,,,,,,,,,,,,,,,,,,,,,,,,,,
8312273,Mikael Grace,SOUTH DAKOTA,m,,,,,,,,,,,,,,,7.16,10.95 (3.6),21.88,,,,,,,7.86,,54.04,,,,,,13.50 (3.8),,,,,,,,,,,,,,,,,,,,,,,,,,,,,,,,,,,,,,,,,,,,,,,,,,,,,,,,,,,,,,,,,,,,,,,,,,,,,,,,,,,,,,,,,,,,,,,,,,,,
8966640,Duna Vinals,ELON,f,,,,,,,,,,,,,,,,,25.00 (0.1),,55.57,,,,,,,58.37,,,,,,,,,,,,,,,,,,,,,,,,,,,,,,,,,,,,,,,,,,,,,,,,,,,,,,,,,,,,,,,,,,,,,,,,,,,,,,,,,,,,,,,,,,,,,,,,,,,,,,,,,,
9255431,Kalynn Pease,MOREHEAD STATE,f,,,,,,,,,,,,,,,8.00,11.63 (2.6),23.66 (5.0),,,,"6.53m (3.3) 21' 5.25""",,,,,,,,,,,,,,,,,,,,,,,,,,,,,,,,,,,,,,,,,,,,,,,,,,,,,,,,,,,,,,,,,,,,,,,,,,,,,,,,,,,,,,,,,,,,,,,,,,,,,,,,,,,,,,,
8691455,Magdaline Campo,MIAMI (FLA.),f,,2:27.41,,,,,,,,,,,,,,,25.85 (2.1),,,"23.70m 77' 9""","5.49m 18' 0.25""",,,9.10,14.46 (2.2),,"1.83m 6' 0""","10.52m 34' 6.25""",3576,5040,,,,,,,,,,,,,,,,,,,,,,,,,,,,,,,,,,,,,,,,,,,,,,,,,,,,,,,,,,,,,,,,,,,,,,,,,,,,,,,,,,,,,,,,,,,,,,,,,,,,,,
9273503,Jax Coleman,PURDUE,m,,,,,,,,,,,,,,,,,21.36 (2.2),,46.33,,,,,,,,,,,,,,,,,,,,,,,,,,,,,,,,,,,,,,,,,,,,,,,,,,,,,,,,,,,,,,,,,,,,,,,,,,,,,,,,,,,,,,,,,,,,,,,,,,,,,,,,,,,,,,,,,
7980944,Grace Proudfoot,CAL POLY,f,,,,,,,,,,,,,,,,,,,,,,,,,,,"1.78m 5' 10""",,,,,,,,,,,,,,,,,,,,,,,,,,,,,,,,,,,,,,,,,,,,,,,,,,,,,,,,,,,,,,,,,,,,,,,,,,,,,,,,,,,,,,,,,,,,,,,,,,,,,,,,,
6874930,Marc Minichello,GEORGIA,,,,,,,,,,,,,,,,,,,,,"82.32m 270' 1""",,,,,,,,,,,,,,,,,,,,,,,,,,,,,,,,,,,,,,,,,,,,,,,,,,,,,,,,,,,,,,,,,,,,,,,,,,,,,,,,,,,,,,,,,,,,,,,,,,,,,,,,,,,,,,,,
8966210,Brook Boes,AKRON,f,,,,,,,,,,,,,,,,,,,,,,,,,,,,"15.92m 52' 2.75""",,,,,"51.47m 168' 10""","59.49m 195' 2""","20.84m 68' 4.5""",,,,,,,,,,,,,,,,,,,,,,,,,,,,,,,,,,,,,,,,,,,,,,,,,,,,,,,,,,,,,,,,,,,,,,,,,,,,,,,,,,,,,,,,,,,,,,,,,
8999132,Ben Smith,OREGON,m,,,,,,,,,,,,,,,,,,,,,,,,,,,,"20.88m 68' 6""",,,,,"58.99m 193' 6""",,,,,,,,,,,,,,,,,,,,,,,,,,,,,,,,,,,,,,,,,,,,,,,,,,,,,,,,,,,,,,,,,,,,,,,,,,,,,,,,,,,,,,,,,,,,,,,,,,,
9005661,Adekalu Fakorede,MISS STATE,m,,,,,,,,,,,,,,,6.56,10.04 (2.0),20.74 (1.2),,,,,,,,,,,,,,,,,,,,,,,,,,,,,,,,,,,,,,,,,,,,,,,,,,,,,,,,,,,,,,,,,,,,,,,,,,,,,,,,,,,,,,,,,,,,,,,,,,,,,,,,,,,,,,,,,,,
9281013,Sky Hagan,KANSAS,f,,,,,,,,,,,,,,,7.32,11.78 (2.0),25.10 (1.5),,,,,,,8.09,13.14 (1.5),,,,,,,,,,,,,,,,,,,,,,,,,,,,,,,,,,,,,,,,,,,,,,,,,,,,,,,,,,,,,,,,,,,,,,,,,,,,,,,,,,,,,,,,,,,,,,,,,,,,,,,,,,,
8333257,Terrance O'Bannon,INDIANA STATE,m,,,,,,,,,,,,,,,6.60,10.19 (3.6),21.72 (-1.1),,,,,,,,,,,,,,,,,,,,,,,,,,,,,,,,,,,,,,,,,,,,,,,,,,,,,,,,,,,,,,,,,,,,,,,,,,,,,,,,,,,,,,,,,,,,,,,,,,,,,,,,,,,,,,,,,,,
7722255,Danny Bryant,BYU,,,,,,,,,,,,,,,,,,,,,"45.40m 148' 11""",,,,,,,,"20.02m 65' 8.25""",,,,,"57.64m 189' 1""","61.96m 203' 3""","19.71m 64' 8""",,,,,,,,,,,,,,,,,,,,,,,,,,,,,,,,,,,,,,,,,,,,,,,,,,,,,,,,,,,,,,,,,,,,,,,,,,,,,,,,,,,,,,,,,,,,,,,,,
8894931,Elliott Pugh,PROVIDENCE,,,,3:59.60,,19:07.8,,3:39.19,13:54.31,,24:04.9,30:19.6,,8:00.44,,,,,,,,,,,,,,,,,,,,,,,,,,,,,,,,,,,,,,,,,,,,,,,,,,,,,,,,,,,,,,,,,,,,,,,,,,,,,,,,,,,,,,,,,,,,,,,,,,,,,,,,,,,,,,,,,,,,,,,
8673145,Jaiden Reed,ILLINOIS STATE,m,,,,,,,,,,,,,,,6.73,10.56 (2.6),21.48 (2.9),36.04,,,,,,,,,,,,,,,,,,,,,,,,,,,,,,,,,,,,,,,,,,,,,,,,,,,,,,,,,,,,,,,,,,,,,,,,,,,,,,,,,,,,,,,,,,,,,,,,,,,,,,,,,,,,,,,,,,
8601780,Shewaye Johnson,NORTH DAKOTA,f,,2:20.50,5:03.10,17:42.5,20:08.4,,4:34.20,16:08.64,,,,,9:54.90,,,,,,,,,,33:44.70,,,,,,,,,,,,,,,,,,,,,,,,,,,,,,,,,17:26.7,,,,,,,,,,,,,,,,,,,,,,,,,,,,,,,,,,,,,,,,,,,,,,,,,,,,,,,,,,,,,,,,,,,,,,,,,,,,
8978577,Avery Keith,PRINCETON,m,,,4:03.85,,,,3:48.25,13:56.21,,,,2:27.30,8:00.39,,,,,,,,,,29:00.65,,,,,,,,,,,,,,,,,,,,,,,,,,,,,,,,,,,,,,,,,,,,,,,,,,,,,,,,,,,,,,,,,,,,,,,,,,,,,,,,,,,,,,,,,,,,,,,,,,,,,,,,,,,,,
7728208,Beth Arentz,OLE MISS,f,,2:12.68,4:47.04,17:27.4,19:47.1,,4:18.15,15:51.89,,,,,9:11.53,,,,,,,,,,35:56.15,,,,,,,,,,,,,,,,,,,,,,,,,,,,,,,,,,,,,,,,,,,,,,,,,,,,,,,,,,,,,,,,,,,,,,,,,,,,,,,,,,,,,,,,,,,,,,,,,,,,,,,,,,,,,
8673515,Rivaldo Marshall,ARKANSAS,m,1:19.85,1:44.15,,,,,,,,,,2:22.45,,,,,,,46.54,,,,,,,,,,,,,,,,,,,,,,,,,,,,,,,,,,,,,,,,,,,,,,,,,,,,,,,,,,,,,,,,,,,,,,,,,,,,,,,,,,,,,,,,,,,,,,,,,,,,,,,,,,,,,,,,,
8984215,Saige Forbes,HARVARD,f,,,,,,,,,,,,,,,7.47,11.43 (1.4),23.94 (1.4),,,,"5.84m 19' 2""","12.04m (0.4) 39' 6""",,,,,,,,,,,,,,,,,,,,,,,,,,,,,,,,,,,,,,,,,,,,,,,,,,,,,,,,,,,,,,,,,,,,,,,,,,,,,,,,,,,,,,,,,,,,,,,,,,,,,,,,,,,,,,
8582410,Benne Anderson,SYRACUSE,m,,,3:54.12,,,,3:36.45,13:43.15,,23:06.5,29:20.3,,8:02.11,,,,,,,,,,,,,,,,,,,,,,,,,,,,,,,,,,,,,,,25:00.4,,,,,,,,,,,,,,,,,,,,,,,,,,,,,,,,,,,,,,,,,,,,,,,,,,,,,,,,,,,,,,,,,,,,,,,,,,,,,,,,
9006108,Harry Crosby,ALABAMA,m,,,,,,,4:35.64,,,,,,,,,10.84 (1.2),,,49.09,"45.95m 150' 9""","7.15m 23' 5.5""",,,,,,"1.79m 5' 10.5""","11.43m 37' 6""",,,"4.20m 13' 9.25""",14.82 (0.7),"33.79m 110' 10""",,,7005,,,,,,,,,,,,,,,,,,,,,,,,,,,,,,,,,,,,,,,,,,,,,,,,,,,,,,,,,,,,,,,,,,,,,,,,,,,,,,,,,,,,,,,,,,,,,,,,
8993883,Jersey Jones,NORTHERN IOWA,f,1:34.82,,,,,,,,,,,,,,8.01,12.59 (1.5),24.78 (0.7),40.27,54.74,,,,,,,,,,,,,,,,,,,,,,,,,,,,,,,,,,,,,,,,,,,,,,,,,,,,,,,,,,,,,,,,,,,,,,,,,,,,,,,,,,,,,,,,,,,,,,,,,,,,,,,,,,,,,,,,,
9257660,Kaia Tupu-South,LOUISVILLE,f,,,,,,,,,,,,,,,,,,,,,,,,,,,,"17.60m 57' 9""",,,,,"54.77m 179' 8""",,,,,,,,,,,,,,,,,,,,,,,,,,,,,,,,,,,,,,,,,,,,,,,,,,,,,,,,,,,,,,,,,,,,,,,,,,,,,,,,,,,,,,,,,,,,,,,,,,,
6471626,Kayley Delay,WASHINGTON,,,2:11.94,4:40.77,16:39.0,19:37.7,,4:12.12,15:36.66,9:25.08,,,2:54.90,9:09.19,,,,,,,,,,,,,,,,,,,,,,,,,,,,,,,,,,,,,,,,,,13:55.7,,16:10.8,,,,,,,,,,,,,,,,,,,,,,,,,,,,,,,,,,,,,,,,,,,,,,,,,,,,,,,,,,,,,,,,,,,,,,,,,,,
7984792,Dylan Lambrecht,PENN STATE,m,,,,,,,,,,,,,,,,,,,,,,,,,,,,"19.58m 64' 3""",,,,,"43.51m 142' 9""",,,,,,,,,,,,,,,,,,,,,,,,,,,,,,,,,,,,,,,,,,,,,,,,,,,,,,,,,,,,,,,,,,,,,,,,,,,,,,,,,,,,,,,,,,,,,,,,,,,
8375572,Brandon Vander Sluis,SOUTH DAKOTA,m,,,,,,,,,,,,,,,,,,,,,,,,,,,,"18.93m 62' 1.25""",,,,,"53.41m 175' 3""",,"15.73m 51' 7.25""",,,,,,,,,,,,,,,,,,,,,,,,,,,,,,,,,,,,,,,,,,,,,,,,,,,,,,,,,,,,,,,,,,,,,,,,,,,,,,,,,,,,,,,,,,,,,,,,,
9007349,Mark Daley,LOUISIANA,m,,,,,,,,,,,,,,,6.78,10.36 (2.6),20.62 (0.6),,,,,,,,,,,,,,,,,,,,,,,,,,,,,,,,,,,,,,,,,,,,,,,,,,,,,,,,,,,,,,,,,,,,,,,,,,,,,,,,,,,,,,,,,,,,,,,,,,,,,,,,,,,,,,,,,,,
8980606,Ashley Odiase,PURDUE,f,,,,,,,,,,,,,,,7.54,11.55 (1.9),23.11 (3.8),38.25,,,,,,,,,,,,,,,,,,,,,,,,,,,,,,,,,,,,,,,,,,,,,,,,,,,,,,,,,,,,,,,,,,,,,,,,,,,,,,,,,,,,,,,,,,,,,,,,,,,,,,,,,,,,,,,,,,
7989909,Godson Oghenebrume,LSU,,,,,,,,,,,,,,,,6.58,9.90 (1.8),20.63 (1.7),,,,,,,,,,,,,,,,,,,,,,,,,,,,,,,,,,,,,,,,,,,,,,,,,,,,,,,,,,,,,,,,,,,,,,,,,,,,,,,,,,,,,,,,,,,,,,,,,,,,,,,,,,,,,,,,,,,
6430629,Emily Mackay,BINGHAMTON,,,2:03.49,4:30.94,16:24.7,20:08.4,,4:11.10,15:42.38,,,,2:51.45,8:54.45,,,,,,,,,,,,,,,,,,,,,,,,,,,,,,,,16:38.7,,,,,,,,,,,18:34.5,,,,,,,,,,,,,,,,,,,,,,,,,,,,,,,,,,,,,,,,,,,,,,,,,,,,,,,,,,,,,,,,,,,,,,,,,,,,
8623171,Ferenc Kovacs,HARVARD,,,1:47.92,3:58.92,,,,3:40.08,14:10.14,8:43.98,23:38.4,30:06.8,2:21.38,,,,,,,,,,,,,,,,,,,,,,,,,,,,,,,,,,,,,,,,,,,,,,,,,,,,,,,,,,,,,,,,,,,,,,,,,,,,,,,,,,,,,,,,,,,,,,,,,,,,,,,,,,,,,,,,,,,,,,,,
8607584,Annastasia Peters,UTAH,f,,,,,19:51.4,16:25.8,4:28.70,16:06.94,,,,,9:19.92,,,,,,,,,,32:45.80,,,,,,,,,,,,,,,,,,,,,,,,,,,,,,,,,,,,,,,,,,,,,,,,,,,,,,,,,,,,,,,,,,,,,,,,,,,,,,,,,,,,,,,,,,,,,,,,,,,,,,,,,,,,,
9261894,Antoinette Galloway,UCF,f,,,,,,,,,,,,,,,7.85,,24.05 (1.8),,,,,,,8.32,12.85 (2.6),,,,,,,,,,,,,,,,,,,,,,,,,,,,,,,,,,,,,,,,,,,,,,,,,,,,,,,,,,,,,,,,,,,,,,,,,,,,,,,,,,,,,,,,,,,,,,,,,,,,,,,,,,,
9260786,Tyson Schiele,MIAMI (FLA.),m,,,,,,,,,,,,,,,,,,,,"73.29m 240' 5""",,,,,,,,,,,,,,,,,,,,,,,,,,,,,,,,,,,,,,,,,,,,,,,,,,,,,,,,,,,,,,,,,,,,,,,,,,,,,,,,,,,,,,,,,,,,,,,,,,,,,,,,,,,,,,,,
7907787,Alex Kalmar,UT-ARLINGTON,m,1:21.37,1:46.55,4:03.61,,18:53.6,,3:44.62,,,24:24.6,32:19.5,,8:27.84,,,,,,,,,,,,,,,,,,,,,,,,,,,,,,,,,25:18.8,,,,,,,,,,,,,,,,,,,,,,,,,,,,,,,,,,,,,,,,,,,,,,,,,,,,,,,,,,,,,,,,,,,,,,,,,,,,,,,,,,,,,,
8983315,Theresa Breckley,VIRGINIA,f,,,,,,,,,,,,,,,,,,,,,,,,,,,,"14.14m 46' 4.75""",,,,,"48.98m 160' 8""","58.48m 191' 10""","16.01m 52' 6.5""",,,,,,,,,,,,,,,,,,,,,,,,,,,,,,,,,,,,,,,,,,,,,,,,,,,,,,,,,,,,,,,,,,,,,,,,,,,,,,,,,,,,,,,,,,,,,,,,,
9255098,Yahnari Lyons,HOWARD,f,,,,,,,,,,,,,,,7.40,11.18 (4.8),22.34 (2.9),39.71,,,,,,,,,,,,,,,,,,,,,,,,,,,,,,,,,,,,,,,,,,,,,,,,,,,,,,,,,,,,,,,,,,,,,,,,,,,,,,,,,,,,,,,,,,,,,,,,,,,,,,,,,,,,,,,,,,
8006766,Garrett Woodhouse,UTAH STATE,m,,,4:15.15,,,,,14:09.41,8:40.33,,,,8:24.76,,,,,,,,,,,,,,,,,,,,,,,,,,,,,,,,,,,,,,,,,,,,,,,,,,,,,,,,,,,,,,,,,,,,,,,,,,,,,,,,,,,,,,,,,,,,,,,,,,,,,,,,,,,,,,,,,,,,,,,
8984080,Hudson Allain,HARVARD,m,,,,,,,,,,,,,,,,10.57 (1.8),21.42 (2.0),33.72,46.35,,,,,,,,,,,,,,,,,,,,,,,,,,,,,,,,,,,,,,,,,,,,,,,,,,,,,,,,,,,,,,,,,,,,,,,,,,,,,,,,,,,,,,,,,,,,,,,,,,,,,,,,,,,,,,,,,
9200938,Miguel Baidal,EASTERN KENTUCKY,m,,,,,,,,13:50.07,,23:26.2,29:31.6,,7:57.91,,,,,,,,,,28:33.38,,,,,,,,,,,,,,,,,,,,,,,,,,,,,,,,,,,,,,,,,,,,,,,,,,,,,,,,,,,,,,,,,,,,,,,,,,,,,,,,,,,,,,,,,,,,,,,,,,,,,,,,,,,,,
8688398,Maud Zeffou-Poaty,KANSAS STATE,f,,,,,,,,,,,,,,,7.68,11.98 (0.4),24.72 (0.3),41.58,,,"6.62m 21' 8.75""",,,,,,,,,,,,,,,,,,,,,,,,,,,,,,,,,,,,,,,,,,,,,,,,,,,,,,,,,,,,,,,,,,,,,,,,,,,,,,,,,,,,,,,,,,,,,,,,,,,,,,,,,,,,,,,
6454342,Alexandra Hays,NC STATE,,,2:23.58,4:40.56,16:32.9,19:41.2,,4:46.42,15:33.84,,,,2:50.43,9:05.12,,,,,,,,,,32:21.13,,,,,,,,,,,,,,,,,,,,,,,,,,,,,,,,,,,,,,,,,,,,,,,,,,,,,,,,,,,,,,,,,,,,,,,,,,,,,,,,,,,,,,,,,,,,,,,,,,,,,,,,,,,,,
8237619,Riley Mcgowan,OKLAHOMA STATE,m,1:19.36,1:52.05,,,,,,,,,,,,,,,,,47.11,,,,,,,,,,,,,,,,,,,,,,1:11.44,,,,,,,,,,,,,,,,,,,,,,,,,,,,,,,,,,,,,,,,,,,,,,,,,,,,,,,,,,,,,,,,,,,,,,,,,,,,,,,,,,,,,,,,,,,
7891172,Rosina Machu,GONZAGA,f,,,4:40.50,,19:10.0,,4:13.86,15:21.19,,,,,8:55.35,,,,,,,,,,32:15.49,,,,,,,,,,,,,,,,,,,,,,,,,,,,,,,,12:51.2,,,,,,,,,,,,,,,,,,,,,,,,,,,,,,,,,,,,,,,,,,,,,,,,,,,,,,,,,,,,,,,,,,,,,,,,,,,,,
6562811,Monae' Nichols,TEXAS TECH,,,2:48.15,,,,,,,,,,,,,7.43,11.78 (2.4),23.81 (0.1),,,,"6.97m (1.0) 22' 10.5""","13.25m (1.9) 43' 5.75""",,8.54,13.71 (2.2),1:08.44,"1.61m 5' 3.25""","8.43m 27' 8""",3381,,,,,,,,,,,,,,,,,,,,,,,,,,,,,,,,,,,,,,,,,,,,,,,,,,,,,,,,,,,,,,,,,,,,,,,,,,,,,,,,,,,,,,,,,,,,,,,,,,,,,,,
8242349,Ryan Watson,PENN STATE,m,,,4:01.47,,17:39.6,,3:39.38,14:08.37,8:46.52,23:56.5,30:19.7,2:27.66,7:59.13,,,,,,,,,,,,,,,,,,,,,,,,,,,,,,,,,,,,,,,25:49.2,,,,,,,,,,,,,,,,,,,,,,,,,,,,,,,,,,,,,,,,,,,,,,,,,,,,,,,,,,,,,,,,,,,,,,,,,,,,,,,,
9063858,Prestina Ochonogor,TARLETON STATE,f,,,,,,,,,,,,,,,7.31,11.14 (4.3),,,,,"6.69m 21' 11.5""",,,,,,,,,,,,,,,,,,,,,,,,,,,,,,,,,,,,,,,,,,,,,,,,,,,,,,,,,,,,,,,,,,,,,,,,,,,,,,,,,,,,,,,,,,,,,,,,,,,,,,,,,,,,,,,
8999124,Niya Clayton,OREGON,f,,,,,,,,,,,,,,,7.53,11.68 (1.0),24.32 (3.0),,,,,,,,,,,,,,,,,,,,,,,,,,,,,,,,,,,,,,,,,,,,,,,,,,,,,,,,,,,,,,,,,,,,,,,,,,,,,,,,,,,,,,,,,,,,,,,,,,,,,,,,,,,,,,,,,,,
9260913,Utitofon Sam,MIAMI (FLA.),f,,,,,,,,,,,,,,,,,,,,,,,,,,,,"13.38m 43' 10.75""",,,,,"55.84m 183' 2""","60.85m 199' 8""","20.32m 66' 8""",,,,,,,,,,,,,,,,,,,,,,,,,,,,,,,,,,,,,,,,,,,,,,,,,,,,,,,,,,,,,,,,,,,,,,,,,,,,,,,,,,,,,,,,,,,,,,,,,
8996681,Adaejah Hodge,GEORGIA,f,,,,,,,,,,,,,,,7.12,10.77 (1.7),21.92 (0.1),,51.24,,,,,,,,,,,,,,,,,,,,,,,,,,,,,,,,,,,,,,,,,,,,,,,,,,,,,,,,,,,,,,,,,,,,,,,,,,,,,,,,,,,,,,,,,,,,,,,,,,,,,,,,,,,,,,,,,
7002471,Gabby Morris,COLORADO ST.,,,,,,,,,,,,,,,,,,,,,"30.85m 101' 2""",,,,,,,,"18.66m 61' 2.75""",,,,,"59.75m 196' 0""","56.42m 185' 1""","19.18m 62' 11.25""",,,,,,,,,,,,,,,,,,,,,,,,,,,,,,,,,,,,,,,,,,,,,,,,,,,,,,,,,,,,,,,,,,,,,,,,,,,,,,,,,,,,,,,,,,,,,,,,,
8709928,Marley Raikiwasa,AUBURN,f,,,,,,,,,,,,,,,,,,,,,,,,,,,,"17.57m 57' 7.75""",,,,,"57.53m 188' 9""",,,,,,,,,,,,,,,,,,,,,,,,,,,,,,,,,,,,,,,,,,,,,,,,,,,,,,,,,,,,,,,,,,,,,,,,,,,,,,,,,,,,,,,,,,,,,,,,,,,
8970014,Camrenne Genilla,CAL POLY,f,,,,,,,,,,,,,,,,,,,,"49.01m 160' 9""",,,,,,,,,,,,,,,,,,,,,,,,,,,,,,,,,,,,,,,,,,,,,,,,,,,,,,,,,,,,,,,,,,,,,,,,,,,,,,,,,,,,,,,,,,,,,,,,,,,,,,,,,,,,,,,,
6576297,Chloe Wall,TEXAS TECH,,,,,,,,,,,,,,,,,,,,,,,,,,,,,,,,"4.37m 14' 4""",,,,,,,,,,,,,,,,,,,,,,,,,,,,,,,,,,,,,,,,,,,,,,,,,,,,,,,,,,,,,,,,,,,,,,,,,,,,,,,,,,,,,,,,,,,,,,,,,,,,,
8676214,Jordan Hecht,ARMY WEST POINT,f,,,,,,,,,,,,,,,,,,,,,,,,,,,,"17.23m 56' 6.5""",,,,,"50.56m 165' 10""","54.33m 178' 3""","17.21m 56' 5.75""",,,,,,,,,,,,,,,,,,,,,,,,,,,,,,,,,,,,,,,,,,,,,,,,,,,,,,,,,,,,,,,,,,,,,,,,,,,,,,,,,,,,,,,,,,,,,,,,,
8585639,Tinoda Matsatsa,GEORGETOWN,m,1:16.20,1:44.75,3:54.15,,,,3:40.92,,,,,2:16.84,,,,,,,48.88,,,,,,,,,,,,,,,,,,,,,,,,,,,,,,,,,,,,,,,,,,,,,,,,,,,,,,,,,,,,,,,,,,,,,,,,,,,,,,,,,,,,,,,,,,,,,,,,,,,,,,,,,,,,,,,,,
9276255,Jayla Kennedy,GEORGIA STATE,f,,,,,,,,,,,,,,,7.38,11.34 (1.8),23.51 (1.7),40.33,57.72,,,,,,,,,,,,,,,,,,,,,,,,,,,,,,,,,,,,,,,,,,,,,,,,,,,,,,,,,,,,,,,,,,,,,,,,,,,,,,,,,,,,,,,,,,,,,,,,,,,,,,,,,,,,,,,,,
8699161,Nickolas Miller,USC,m,,,,,,,,,,,,,,,6.84,10.46 (1.7),21.05,34.16,46.75,,,,,,,,,,,,,,,,,,,,,,,,,,,,,,,,,,,,,,,,,,,,,,,,,,,,,,,,,,,,,,,,,,,,,,,,,,,,,,,,,,,,,,,,,,,,,,,,,,,,,,,,,,,,,,,,,
8689862,Mensi Stiff,OLE MISS,,,,,,,,,,,,,,,,,,,,,,,,,,,,,"17.54m 57' 6.5""",,,,,"51.83m 170' 0""",,,,,,,,,,,,,,,,,,,,,,,,,,,,,,,,,,,,,,,,,,,,,,,,,,,,,,,,,,,,,,,,,,,,,,,,,,,,,,,,,,,,,,,,,,,,,,,,,,,
7936824,Damian Hackett,CORNELL,,,1:47.40,3:56.15,,,,3:36.78,13:48.02,,23:14.8,30:04.4,2:20.42,7:58.36,,,,,,,,,,,,,,,,,,,,,,,,,,,,,,,,,,,,,,,25:59.6,,,,,,,,,,,,,,,,,,,,,,,,,,,,,,,,,,,,,,,,,,,,,,,,,,,,,,,,,,,,,,,,,,,,,,,,,,,,,,,,
7979835,Nathan Mountain,VIRGINIA,m,,,3:54.88,,18:04.8,,3:39.68,13:32.65,8:11.92,23:00.2,29:19.5,,7:46.80,,,,,,,,,,,,,,,,,,,,,,,,,,,,,,,,,,,,,,,,,,,,,5:47.00,,,,,,,,,,,,,,,,,,,,,,,,,,,,,,,,,,,,,,,,,,,,,,,,,,,,,,,,,,,,,,,,,,,,,,,,,,
8990094,Blake Heller,GRAND CANYON,m,,,,,,,,,,,,,,,,,,,,,"7.64m (-0.1) 25' 0.75""","14.13m (1.6) 46' 4.25""",,,,,"2.05m 6' 8.75""",,,,,,,,,,,,,,,,,,,,,,,,,,,,,,,,,,,,,,,,,,,,,,,,,,,,,,,,,,,,,,,,,,,,,,,,,,,,,,,,,,,,,,,,,,,,,,,,,,,,,,,,,
8656026,Gianna Paul,HIGH POINT,f,,3:06.34,,,,,,,,,,,,,7.73,,24.78 (2.4),,,"27.14m 89' 0""","6.24m 20' 5.75""",,,8.54,13.41 (1.4),,"1.73m 5' 8""","9.48m 31' 1.25""",3382,,,,,,,,,,,,,,,,,,,,,,,,,,,,,,,,,,,,,,,,,,,,,,,,,,,,,,,,,,,,,,,,,,,,,,,,,,,,,,,,,,,,,,,,,,,,,,,,,,,,,,,
7524761,Edidiong Odiong,FLORIDA STATE,,,,,,,,,,,,,,,,7.23,11.05 (0.9),22.43 (0.9),,54.40,,,,,,,,,,,,,,,,,,,,,,,,,,,,,,,,,,,,,,,,,,,,,,,,,,,,,,,,,,,,,,,,,,,,,,,,,,,,,,,,,,,,,,,,,,,,,,,,,,,,,,,,,,,,,,,,,
8973053,Karamoko Sacko,ARKANSAS,m,,,,,,,,,,,,,,,6.93,10.88 (-0.6),21.59 (2.8),,,,,,,7.59,,,,,,,,13.42 (1.8),,,,,,,,,,,,,,,,,,,,,,,,,,,,,,,,,,,,,,,,,,,,,,,,,,,,,,,,,,,,,,,,,,,,,,,,,,,,,,,,,,,,,,,,,,,,,,,,,,,,
8478306,Brandon Hicklin,LSU,,,,,,,,,,,,,,,,6.64,9.96 (4.4),21.68 (0.3),35.14,,,"8.18m (1.0) 26' 10""","14.66m (1.0) 48' 1.25""",,,,,,,,,,,,,,,,,,,,,,,,,,,,,,,,,,,,,,,,,,,,,,,,,,,,,,,,,,,,,,,,,,,,,,,,,,,,,,,,,,,,,,,,,,,,,,,,,,,,,,,,,,,,,,
9283716,Sydney Freeman,RICE,f,,,,,,,,,,,,,,,,,25.90,,58.72,,,,,8.70,13.73 (2.0),57.64,,,,,,,,,,,,,,,,,,,,,,,,,,,,,,,,,,,,,,,,,,,,,,,,,,,,,,,,,,,,,,,,,,,,,,,,,,,,,,,,,,,,,,,,,,,,,,,,,,,,,,,,,,
7908130,Ethan Strand,NORTH CAROLINA,,,1:52.51,3:48.32,14:45.9,,,3:33.22,13:26.60,,22:25.5,28:53.0,,7:30.15,,,,,,,,,,29:43.42,,,,,,,,,,,,,,,,,,,,,,,,,,,,,,,,,,,,,,,,,,,,,,,,,,,,,,,,,,,,,,,,,,,,,,,,,,,,,,,,,,,,,,,,,,,,,,,,,,,,,,,,,,,,,
8367332,Desmond Duncan,NORTHWESTERN ST.,m,1:27.20,,,,,,,,,,,,,,,10.54 (4.0),21.08 (0.4),,46.21,,,,,,,,,,,,,,,,,,,,,,1:18.72,,,,,,,,,,,,,,,,,,,,,,,,,,,,,,,,,,,,,,,,,,,,,,,,,,,,,,,,,,,,,,,,,,,,,,,,,,,,,,,,,,,,,,,,,,,
8323996,Paul Olson,NORTH DAKOTA STATE,m,,,,,,,4:46.67,,,,,2:47.87,,,7.04,10.57 (5.8),,,48.53,"60.86m 199' 8""","7.13m (5.9) 23' 4.75""",,,8.39,,,"2.10m 6' 10.75""","13.62m 44' 8.25""",,5667,"4.70m 15' 5""",15.17 (-1.3),"35.47m 116' 4""",,,7601,,,,,,,,,,,,,,,,,,,,,,,,,,,,,,,,,,,,,,,,,,,,,,,,,,,,,,,,,,,,,,,,,,,,,,,,,,,,,,,,,,,,,,,,,,,,,,,,
8676185,Steven Schmidt,OKLAHOMA STATE,m,,,,,,,4:57.60,,,,,2:52.66,,,7.31,11.12 (-0.2),,,50.81,"60.21m 197' 6""","7.24m (1.5) 23' 9""",,,8.31,,,"2.15m 7' 0.5""","13.68m 44' 10.75""",,5531,"4.86m 15' 11.25""",14.51 (1.4),"39.12m 128' 4""",,,7729,,,,,,,,,,,,,,,,,,,,,,,,,,,,,,,,,,,,,,,,,,,,,,,,,,,,,,,,,,,,,,,,,,,,,,,,,,,,,,,,,,,,,,,,,,,,,,,,
8701620,Temitope Adeshina,TEXAS TECH,f,,,,,,,,,,,,,,,,,,,,,,,,,,,"1.97m 6' 5.5""",,,,,,,,,,,,,,,,,,,,,,,,,,,,,,,,,,,,,,,,,,,,,,,,,,,,,,,,,,,,,,,,,,,,,,,,,,,,,,,,,,,,,,,,,,,,,,,,,,,,,,,,,
6891927,Dylan Jacobs,TENNESSEE,,,,3:57.67,,,,3:46.54,13:11.01,,22:42.8,28:57.5,2:24.22,7:36.89,,,,,,,,,,28:01.53,,,,,,,,,,,,,,23:26.3,,,,,,,,,,,,,,,,,,,,,,,,,,,,,,,,,,,,,,,,,,,,,,,,,,,,,,,,,,,,,,,,,,,,,,,,,,,,,,,,,,,,,,,,,,,,,,,
8618919,Kaden Kingsmith,BRADLEY,m,1:21.87,1:46.74,4:06.91,,,,3:49.58,,,25:53.2,,2:25.88,,,,,,,48.37,,,,,,,,,,,,,,,,,,,,,,,,,,,27:41.2,,,,,,,,,,,,,24:44.5,,,,,,,,,,,,,,,,,,,,,,,,,,,,,,,,,,,,,,,,,,,,,,,,,,,,,,,,,,,,,,,,,,,,,,,,,
8232335,Elizabeth Whaley,WAKE FOREST,f,,2:07.39,4:35.35,,20:09.9,,4:09.78,17:11.17,,,,2:47.87,9:26.03,,,,,,,,,,,,,,,,,,,,,,,,,,,,,,,23:44.7,,,,,,,,,,,,,,,,,,,,,,,,,,,,,,,,,,,,,,,,,,,,,,,,,,,,,,,,,,,,,,,,,,,,,,,,,,,,,,,,,,,,,,,,
9242566,Makayla Keck,DUQUESNE,f,,,,,,,,,,,,,,,,,,,,"51.22m 168' 0""",,,,,,,,"10.25m 33' 7.5""",,,,,,,,,,,,,,,,,,,,,,,,,,,,,,,,,,,,,,,,,,,,,,,,,,,,,,,,,,,,,,,,,,,,,,,,,,,,,,,,,,,,,,,,,,,,,,,,,,,,,,,,
8977769,Jeremiah Nubbe,VIRGINIA,m,,,,,,,,,,,,,,,,,,,,,,,,,,,,,,,,,"57.57m 188' 10""","73.76m 242' 0""","24.29m 79' 8.25""",,,,,,,,,,,,,,,,,,,,,,,,,,,,,,,,,,,,,,,,,,,,,,,,,,,,,,,,,,,,,,,,,,,,,,,,,,,,,,,,,,,,,,,,,,,,,,,,,
9009603,Jaydon Shield,TEXAS A&M,m,,,,,,,,,,,,,,,,,,,,,,"15.66m (1.8) 51' 4.5""",,,,,,,,,,,,,,,,,,,,,,,,,,,,,,,,,,,,,,,,,,,,,,,,,,,,,,,,,,,,,,,,,,,,,,,,,,,,,,,,,,,,,,,,,,,,,,,,,,,,,,,,,,,,,,
8977339,Evans Kurui,WASHINGTON ST.,m,,,4:03.84,,,,3:42.34,13:16.01,,,,,7:48.44,,,,,,,,,,27:37.32,,,,,,,,,,,,,,,,,,,,,,,,,,,,,,,,,,,,,,,,,,,,,,,,,,,,,,,,,,,,,,,,,,,,,,,,,,,,,,,,,,,,,,,,,,,,,,,,,,,,,,,,,,,,,
8703021,Kahliyah Anderson,NORTHWESTERN ST.,f,1:47.10,,,,,,,,,,,,,,7.86,12.08 (5.9),24.07 (2.6),,54.44,,,,,,,1:02.27,,,,,,,,,,,,,,,,,,,,,,,,,,,,,,,,,,,,,,,,,,,,,,,,,,,,,,,,,,,,,,,,,,,,,,,,,,,,,,,,,,,,,,,,,,,,,,,,,,,,,,,,,,
8986269,Ethan Palmer,NEW HAMPSHIRE,m,,,,,,,,,,,,,,,,11.42 (0.8),25.10,,,,"7.37m (1.6) 24' 2.25""","15.51m (2.4) 50' 10.75""",,8.90,,,"1.77m 5' 9.75""",,,,,,,,,,,,,,,,,,,,,,,,,,,,,,,,,,,,,,,,,,,,,,,,,,,,,,,,,,,,,,,,,,,,,,,,,,,,,,,,,,,,,,,,,,,,,,,,,,,,,,,,,
9249795,Dashayla Wordlaw,CINCINNATI,f,,2:26.83,,,,,,,,,,,,,,11.79 (0.6),24.06 (2.6),,,"22.29m 73' 1""","5.66m (1.9) 18' 7""",,,,14.44 (-1.2),,"1.80m 5' 10.75""","9.71m 31' 10.25""",,4792,,,,,,,,,,,,,,,,,,,,,,,,,,,,,,,,,,,,,,,,,,,,,,,,,,,,,,,,,,,,,,,,,,,,,,,,,,,,,,,,,,,,,,,,,,,,,,,,,,,,,,
9283829,Sacha Rifflart,MISS STATE,m,,,,,,,4:33.02,,,,,2:45.14,,,7.20,10.97 (1.2),,,49.17,"49.49m 162' 4""","7.21m (3.3) 23' 8""",,,8.18,,,"1.90m 6' 2.75""","13.91m 45' 7.75""",,5518,"4.50m 14' 9""",14.19 (0.6),"39.09m 128' 3""",,,7507,,,,,,,,,,,,,,,,,,,,,,,,,,,,,,,,,,,,,,,,,,,,,,,,,,,,,,,,,,,,,,,,,,,,,,,,,,,,,,,,,,,,,,,,,,,,,,,,
7972453,Devin Roberson,TEXAS TECH,,,,,,,,,,,,,,,,,,,,,,,,,,,,,"17.68m 58' 0.25""",,,,,"60.98m 200' 1""",,,,,,,,,,,,,,,,,,,,,,,,,,,,,,,,,,,,,,,,,,,,,,,,,,,,,,,,,,,,,,,,,,,,,,,,,,,,,,,,,,,,,,,,,,,,,,,,,,,
8713888,Kileigh Mixon,OKLAHOMA STATE,f,,,,,,,,,,,,,,,,,,,,,,,,,,,"1.76m 5' 9.25""",,,,,,,,,,,,,,,,,,,,,,,,,,,,,,,,,,,,,,,,,,,,,,,,,,,,,,,,,,,,,,,,,,,,,,,,,,,,,,,,,,,,,,,,,,,,,,,,,,,,,,,,,
8703922,Janiah Pulliam,UCF,f,,,,,,,,,,,,,,,7.56,,22.96 (3.0),38.95,52.90,,,,,,,,,,,,,,,,,,,,,,,,,,,,,,,,,,,,,,,,,,,,,,,,,,,,,,,,,,,,,,,,,,,,,,,,,,,,,,,,,,,,,,,,,,,,,,,,,,,,,,,,,,,,,,,,,
9237173,Thomas Bucks,PENN,m,,,,,,,,,,,,,,,,,,,,,,,,,,,,,,,"5.20m 17' 0.75""",,,,,,,,,,,,,,,,,,,,,,,,,,,,,,,,,,,,,,,,,,,,,,,,,,,,,,,,,,,,,,,,,,,,,,,,,,,,,,,,,,,,,,,,,,,,,,,,,,,,,
7980790,Jake Kubiatowicz,MINNESOTA,,,,,,,,,,,,,,,,,,,,,,,,,,,,,"16.30m 53' 5.75""",,,,,"56.44m 185' 2""","72.40m 237' 6""","21.31m 69' 11""",,,,,,,,,,,,,,,,,,,,,,,,,,,,,,,,,,,,,,,,,,,,,,,,,,,,,,,,,,,,,,,,,,,,,,,,,,,,,,,,,,,,,,,,,,,,,,,,,
9252970,Wesley Badenhorst,TENNESSEE,m,,,,,,,,,,,,,,,,,,,,,,,,,,,,"16.38m 53' 9""",,,,,"58.22m 191' 0""",,,,,,,,,,,,,,,,,,,,,,,,,,,,,,,,,,,,,,,,,,,,,,,,,,,,,,,,,,,,,,,,,,,,,,,,,,,,,,,,,,,,,,,,,,,,,,,,,,,
6987154,Amanda Howe,IOWA,,,,,,,,,,,,,,,,,,,,,,,,,,,,,,,,,,"42.08m 138' 1""","64.84m 212' 9""","21.78m 71' 5.5""",,,,,,,,,,,,,,,,,,,,,,,,,,,,,,,,,,,,,,,,,,,,,,,,,,,,,,,,,,,,,,,,,,,,,,,,,,,,,,,,,,,,,,,,,,,,,,,,,
8378751,Aaron Antoine,KANSAS STATE,m,,,,,,,,,,,,,,,,,,,,,,"16.60m 54' 5.5""",,,,,"2.19m 7' 2.25""",,,,,,,,,,,,,,,,,,,,,,,,,,,,,,,,,,,,,,,,,,,,,,,,,,,,,,,,,,,,,,,,,,,,,,,,,,,,,,,,,,,,,,,,,,,,,,,,,,,,,,,,,
9272518,Jason Patrick,NORTH TEXAS,m,,,,,,,,,,,,,,,,,,,,,,,,,,,,,,,,,"57.81m 189' 8""","66.05m 216' 8""","18.73m 61' 5.5""",,,,,,,,,,,,,,,,,,,,,,,,,,,,,,,,,,,,,,,,,,,,,,,,,,,,,,,,,,,,,,,,,,,,,,,,,,,,,,,,,,,,,,,,,,,,,,,,,
8946556,Precious Umukoro,NORTHERN ILLINOIS,f,,,,,,,,,,,,,,,7.91,12.43 (5.6),,,,,"6.03m (1.9) 19' 9.5""","12.85m (1.5) 42' 2""",,,,,,"11.84m 38' 10.25""",,,,,,,,,,,,,,,,,,,,,,,,,,,,,,,,,,,,,,,,,,,,,,,,,,,,,,,,,,,,,,,,,,,,,,,,,,,,,,,,,,,,,,,,,,,,,,,,,,,,,,,,
8980260,Keira Stewart,MORGAN STATE,f,,,,,,,,,,,,,,,7.79,12.20 (1.6),25.34 (0.2),,59.25,,"6.22m (2.9) 20' 5""","12.21m (2.0) 40' 0.75""",,,,,,,,,,,,,,,,,,,,,,,,,,,,,,,,,,,,,,,,,,,,,,,,,,,,,,,,,,,,,,,,,,,,,,,,,,,,,,,,,,,,,,,,,,,,,,,,,,,,,,,,,,,,,,
9263309,Maddi Cooper,GEORGIA,f,,,,,,,,,,,,,,,,11.52 (-0.4),,,,,,,,7.99,13.14 (0.6),,,,,,,,,,,,,,,,,,,,,,,,,,,,,,,,,,,,,,,,,,,,,,,,,,,,,,,,,,,,,,,,,,,,,,,,,,,,,,,,,,,,,,,,,,,,,,,,,,,,,,,,,,,
9245391,Kamree Wolridge,HOUSTON,f,,,,,,,,,,,,,,,,,24.57 (3.0),38.97,54.12,,,,,,,,,,,,,,,,,,,,,,,,,,,,,,,,,,,,,,,,,,,,,,,,,,,,,,,,,,,,,,,,,,,,,,,,,,,,,,,,,,,,,,,,,,,,,,,,,,,,,,,,,,,,,,,,,
8321319,Allison Neiders,DUKE,f,,,,,,,,,,,,,,,,,,,,,,,,,,,,,,,"4.32m 14' 2""",,,,,,,,,,,,,,,,,,,,,,,,,,,,,,,,,,,,,,,,,,,,,,,,,,,,,,,,,,,,,,,,,,,,,,,,,,,,,,,,,,,,,,,,,,,,,,,,,,,,,
8970034,Indya Mayberry,TCU,f,,,,,,,,,,,,,,,7.11,10.91 (3.9),22.30,,,,,,,,,,,,,,,,,,,,,,,,,,,,,,,,,,,,,,,,,,,,,,,,,,,,,,,,,,,,,,,,,,,,,,,,,,,,,,,,,,,,,,,,,,,,,,,,,,,,,,,,,,,,,,,,,,,
8273658,India Jones,AIR FORCE,f,,,4:52.27,,20:02.3,17:18.0,4:38.69,15:50.82,,,,,9:33.80,,,,,,,,,,33:08.30,,,,,,,,,,,,,,,,,,,,,,,,,,,,,,,,,,,,,,,,,,,,,,,,,,,,,,,,,,,,,,,,,,,,,,,,,,,,,,,,,,,,,,,,,,,,,,,,,,,,,,,,,,,,,
9271764,Robyn Larkan,HAWAII,f,,,,,,,,,,,,,,,7.52,11.81 (1.4),24.35 (1.6),,,,,,,8.38,13.44 (1.9),,,,,,,,,,,,,,,,,,,,,,,,,,,,,,,,,,,,,,,,,,,,,,,,,,,,,,,,,,,,,,,,,,,,,,,,,,,,,,,,,,,,,,,,,,,,,,,,,,,,,,,,,,,
8244481,Ashley Reeck,IDAHO STATE,f,,2:16.89,5:03.84,17:20.3,20:35.3,,4:33.80,16:39.03,10:06.91,,,,9:46.13,,,,,,,,,,36:29.29,,,,,,,,,,,,,,,,,,,,,,,,,,,,,,,,13:38.6,,,,,16:06.8,21:58.9,21:24.3,,,,,,,,,,,,,,,,,,,,,,,,,,,,,,,,,,,,,,,,,,,,,,,,,,,,,,,,,,,,,,,,,,,,,,
7725119,Shelby Frank,TEXAS TECH,,,,,,,,,,,,,,,,,,,,,,,,,,,,,"13.60m 44' 7.5""",,,,,"63.37m 207' 11""","71.05m 233' 1""","24.14m 79' 2.5""",,,,,,,,,,,,,,,,,,,,,,,,,,,,,,,,,,,,,,,,,,,,,,,,,,,,,,,,,,,,,,,,,,,,,,,,,,,,,,,,,,,,,,,,,,,,,,,,,
8703056,Esteisy Salas,SOUTH FLORIDA,f,,,,,,,,,,,,,,,,,,,,,,,,,,,,"16.25m 53' 3.75""",,,,,,"45.28m 148' 7""","15.36m 50' 4.75""",,,,,,,,,,,,,,,,,,,,,,,,,,,,,,,,,,,,,,,,,,,,,,,,,,,,,,,,,,,,,,,,,,,,,,,,,,,,,,,,,,,,,,,,,,,,,,,,,
9288711,Kevin Kemboi,OKLAHOMA STATE,m,,,,,,,,,,,,,,,,,,,,,"7.69m (1.3) 25' 2.75""","16.64m (0.2) 54' 7.25""",,,,,,,,,,,,,,,,,,,,,,,,,,,,,,,,,,,,,,,,,,,,,,,,,,,,,,,,,,,,,,,,,,,,,,,,,,,,,,,,,,,,,,,,,,,,,,,,,,,,,,,,,,,,,,
9003279,Ava Roberts,NORTH TEXAS,f,,,,,,,,,,,,,,,,,,,,,,,,,,,,"15.58m 51' 1.5""",,,,,"49.10m 161' 1""",,,,,,,,,,,,,,,,,,,,,,,,,,,,,,,,,,,,,,,,,,,,,,,,,,,,,,,,,,,,,,,,,,,,,,,,,,,,,,,,,,,,,,,,,,,,,,,,,,,
8975723,Jahnel Bowman,INDIANA STATE,f,,,,,,,,,,,,,,,,,24.52 (1.2),41.48,55.63,,"5.79m (1.1) 19' 0""","12.80m 42' 0""",,,,,,,,,,,,,,,,,,,,,,,,,,,,,,,,,,,,,,,,,,,,,,,,,,,,,,,,,,,,,,,,,,,,,,,,,,,,,,,,,,,,,,,,,,,,,,,,,,,,,,,,,,,,,,
9281025,Barnabas Ndiwa,KANSAS,m,,,,,17:52.2,,,13:50.10,,23:28.9,,,8:10.11,,,,,,,,,,28:28.51,,,,,,,,,,,,,,,,,,,,,18:09.9,,,,,,,,,1:03:47.1,,,,,,,,,,,,,,,,,,,,,,,,,,,,,,,,,,,,,,,,,,,,,,,,,,,,,,,,,,,,,,,,,,,,,,,,,,,,,,,
9000455,Austen Diggs,BAYLOR,m,,,,,,,,,,,,,,,6.73,10.31 (3.5),20.72,,,,,,,,,,,,,,,,,,,,,,,,,,,,,,,,,,,,,,,,,,,,,,,,,,,,,,,,,,,,,,,,,,,,,,,,,,,,,,,,,,,,,,,,,,,,,,,,,,,,,,,,,,,,,,,,,,,
9013629,Julian Mccullough,OKLAHOMA,m,,,,,,,,,,,,,,,,,,,,,,,,,,,"2.19m 7' 2.25""",,,,,,,,,,,,,,,,,,,,,,,,,,,,,,,,,,,,,,,,,,,,,,,,,,,,,,,,,,,,,,,,,,,,,,,,,,,,,,,,,,,,,,,,,,,,,,,,,,,,,,,,,
8982748,Jazmyn James,MEMPHIS,f,,,,,,,,,,,,,,,,,,,,,,,,,,,,"16.54m 54' 3.25""",,,,,"54.93m 180' 2""",,,,,,,,,,,,,,,,,,,,,,,,,,,,,,,,,,,,,,,,,,,,,,,,,,,,,,,,,,,,,,,,,,,,,,,,,,,,,,,,,,,,,,,,,,,,,,,,,,,
8321876,Mason Lawyer,ARIZONA,m,,,,,,,,,,,,,,,6.49,9.93 (3.9),20.02 (-0.1),33.11,,,,,,,,,,,,,,,,,,,,,,,,,,,,,,,,,,,,,,,,,,,,,,,,,,,,,,,,,,,,,,,,,,,,,,,,,,,,,,,,,,,,,,,,,,,,,,,,,,,,,,,,,,,,,,,,,,
8376104,Mayyi Mahama,UCLA,,,,,,,,,,,,,,,,,,,,,,,,,,,,,"13.71m 44' 11.75""",,,,,"41.65m 136' 8""","68.69m 225' 4""","21.76m 71' 4.75""",,,,,,,,,,,,,,,,,,,,,,,,,,,,,,,,,,,,,,,,,,,,,,,,,,,,,,,,,,,,,,,,,,,,,,,,,,,,,,,,,,,,,,,,,,,,,,,,,
8986588,Garrett Copelin,BYU,m,,,,,,,,,,,,,,,,11.42 (+0.0),21.91 (3.7),,,,,,,8.07,,50.53,,,,,,13.75 (3.8),,,,,,,,,1:15.54,,,,,,,,,7.55,,,,,,,,,,,,,,,,,,,,,,,,,,,,,,,,,,,,,,,,,,,,,,,,,,,,,,,,,,,,,,,,,,,,,,,,,,,,,,,,,,
8978238,Kathryn Meacham,KANSAS,f,,,,,,,,,,,,,,,,,,,,,,,,,,,,,,,,,"51.17m 167' 10""","57.83m 189' 9""","17.46m 57' 3.5""",,,,,,,,,,,,,,,,,,,,,,,,,,,,,,,,,,,,,,,,,,,,,,,,,,,,,,,,,,,,,,,,,,,,,,,,,,,,,,,,,,,,,,,,,,,,,,,,,
8982898,Naomi London,TEXAS,f,,,,,,,,,,,,,,,7.53,11.32 (2.2),23.03 (0.8),,56.56,,,,,,,,,,,,,,,,,,,,,,,,,,,,,,,,,,,,,,,,,,,,,,,,,,,,,,,,,,,,,,,,,,,,,,,,,,,,,,,,,,,,,,,,,,,,,,,,,,,,,,,,,,,,,,,,,
8531586,Cyrus Ways,KANSAS STATE,m,,,,,,,,,,,,,,,,,21.67,,48.10,,,,,7.96,,51.46,,,,,,14.00 (5.7),,,,,,,,,,,,,,,,,,,,,,,,,,,,,,,,,,,,,,,,,,,,,,,,,,,,,,,,,,,,,,,,,,,,,,,,,,,,,,,,,,,,,,,,,,,,,,,,,,,,
8978668,Thomas Hinton,CHARLOTTE,m,,,,,,,,,,,,,,,,,,,,,,,,,,,,,,,,,"60.06m 197' 0""","61.78m 202' 8""","20.11m 65' 11.75""",,,,,,,,,,,,,,,,,,,,,,,,,,,,,,,,,,,,,,,,,,,,,,,,,,,,,,,,,,,,,,,,,,,,,,,,,,,,,,,,,,,,,,,,,,,,,,,,,
8658809,Isaac Hedengren,BYU,m,,,3:59.69,,,,3:50.48,13:28.55,8:30.01,23:21.2,31:27.8,,7:41.48,,,,,,,,,,,,,,,,,,,,,,,,,,,,,,,,,,,,,,,,,,,,,,,,,,,,,,,,,,,,,,,,,,,,,,,,,,,,,,,,,,,,,,,,,,,,,,,,,,,,,,,,,,,,,,,,,,,,,,,
8700046,Chioma Nwachukwu,IOWA,f,1:30.43,,,,,,,,,,,,,,,,22.96 (0.1),,51.24,,,,,,,,,,,,,,,,,,,,,,,,,,,,,,,,,,,,,,,,,,,,,,,,,,,,,,,,,,,,,,,,,,,,,,,,,,,,,,,,,,,,,,,,,,,,,,,,,,,,,,,,,,,,,,,,,
8235254,Tom Heal,MIAMI (OHIO),m,,1:57.53,4:06.09,15:00.6,,,3:46.49,14:50.11,8:47.85,24:29.7,30:56.3,,8:13.11,,,,,,,,,,,,,,,,,,,,,,,,,,,,,,,,,,,,,,,,,,,,,,,,,,,,,,,,,,,,,,,,,,,,,,,,,,,,,,,,,,,,,,,,,,,,,,,,,,,,,,,,,,,,,,,,,,,,,,,
8695070,Mohamed Diaby,KENNESAW STATE,m,,,,,,,,,,,,,,,6.83,,21.06 (0.5),34.71,49.55,,,,,7.79,,57.10,,,,,,13.45 (2.1),,,,,,,,,,,,,,,,,,,,,,,,,,,,,,,,,,,,,,,,,,,,,,,,,,,,,,,,,,,,,,,,,,,,,,,,,,,,,,,,,,,,,,,,,,,,,,,,,,,,
8712997,Lena Gooden,VANDERBILT,f,,,,,,,,,,,,,,,7.53,11.59 (2.1),24.08 (0.8),,,,"6.39m (0.7) 20' 11.75""","12.73m (-0.8) 41' 9.25""",,,,,,,,,,,,,,,,,,,,,,,,,,,,,,,,,,,,,,,,,,,,,,,,,,,,,,,,,,,,,,,,,,,,,,,,,,,,,,,,,,,,,,,,,,,,,,,,,,,,,,,,,,,,,,
8376942,Antoine Evans,NORTHWESTERN ST.,m,,,,,,,,,,,,,,,6.64,10.34 (1.1),20.90,34.04,49.73,,,,,,,,,,,,,,,,,,,,,,,,,,,,,,,,,,,,,,,,,,,,,,,,,,,,,,,,,,,,,,,,,,,,,,,,,,,,,,,,,,,,,,,,,,,,,,,,,,,,,,,,,,,,,,,,,
7979141,Matt Furdyk,MONTANA STATE,m,,,,,,,,,,,,,,,,,,,,,,,,,,,,"17.51m 57' 5.5""",,,,,"52.36m 171' 9""","66.77m 219' 1""","19.89m 65' 3.25""",,,,,,,,,,,,,,,,,,,,,,,,,,,,,,,,,,,,,,,,,,,,,,,,,,,,,,,,,,,,,,,,,,,,,,,,,,,,,,,,,,,,,,,,,,,,,,,,,
8979096,Gavin Schaer,ARKANSAS STATE,m,,,,,,,,,,,,2:57.69,,,7.49,,,,,,"6.18m 20' 3.5""",,,9.15,,,"2.02m 6' 7.5""","9.87m 32' 4.75""",,4741,"5.22m 17' 1.5""",,,,,,,,,,,,,,,,,,,,,,,,,,,,,,,,,,,,,,,,,,,,,,,,,,,,,,,,,,,,,,,,,,,,,,,,,,,,,,,,,,,,,,,,,,,,,,,,,,,,,
5977704,Ryan Smeeton,OKLAHOMA STATE,,,,4:07.55,15:50.4,,,3:52.50,,8:20.06,23:32.0,29:41.3,2:28.24,8:09.06,,,,,,,,,,,,,,,,,,,,,,,,,,,,,,,,,,,,,,,,,,,,,5:54.69,,,,,25:46.7,,,,,,,,,,,,,,,,,,,,,,,,,,,,,,,,,,,,,,,,,,,,,,,,,,,,,,,,,,,,,,,,,,,,,
8329050,Joey Gant,PRINCETON,m,,,,,,,,,,,,,,,6.81,10.42 (1.3),20.60 (0.3),34.18,45.08,,,,,,,,,,,,,,,,,,,,,,,,,,,,,,,,,,,,,,,,,,,,,,,,,,,,,,,,,,,,,,,,,,,,,,,,,,,,,,,,,,,,,,,,,,,,,,,,,,,,,,,,,,,,,,,,,
8339400,Chris Preddie,TEXAS STATE,,,,,,,,,,,,,,,,7.04,10.80 (2.0),,,,,"8.01m (-0.5) 26' 3.5""","16.05m (2.2) 52' 8""",,,,,,,,,,,,,,,,,,,,,,,,,,,,,,,,,,,,,,,,,,,,,,,,,,,,,,,,,,,,,,,,,,,,,,,,,,,,,,,,,,,,,,,,,,,,,,,,,,,,,,,,,,,,,,
8362452,Alyssa Heinlein,CAL ST. FULLERTON,f,,2:15.22,,,,,,,,,,,,,7.82,,24.15,,54.66,,,,,,,58.24,,,,,,,,,,,,,,,,,,,,,,,,,,,,,,,,,,,,,,,,,,,,,,,,,,,,,,,,,,,,,,,,,,,,,,,,,,,,,,,,,,,,,,,,,,,,,,,,,,,,,,,,,,
8972320,Caymen Gebheim,SOUTH DAKOTA ST.,m,,,,,,,,,,,,,,,,,,,,,,,,,,,,"16.75m 54' 11.5""",,,,,"57.95m 190' 1""",,,,,,,,,,,,,,,,,,,,,,,,,,,,,,,,,,,,,,,,,,,,,,,,,,,,,,,,,,,,,,,,,,,,,,,,,,,,,,,,,,,,,,,,,,,,,,,,,,,
8669895,David Walker,NAVY,m,,,,,,,,,,,,,,,7.15,,21.89 (1.0),34.88,48.22,,,,,8.43,,51.62,,,,,,14.90 (2.7),,,,,,1:05.38,,,,,,,,,,,,,,,,,,,,,,,,,,,,,,,,,,,,,,,,,,,,,,,,,,,,,,,,,,,,,,,,,,,,,,,,,,,,,,,,,,,,,,,,,,,,,,
8691208,Yoofi Abaka-Amuah,NEW HAMPSHIRE,m,,,,,,,,,,,,,,,,,,,,,,,,,,,,"19.45m 63' 9.75""",,,,,"52.65m 172' 9""","65.03m 213' 4""","21.18m 69' 6""",,,,,,,,,,,,,,,,,,,,,,,,,,,,,,,,,,,,,,,,,,,,,,,,,,,,,,,,,,,,,,,,,,,,,,,,,,,,,,,,,,,,,,,,,,,,,,,,,
8668787,Alex Jensen,COLORADO ST.,m,,,,,,,,,,,,,,,,,,,,,,,,,,,,"17.23m 56' 6.5""",,,,,"56.55m 185' 6""","53.27m 174' 9""","18.10m 59' 4.75""",,,,,,,,,,,,,,,,,,,,,,,,,,,,,,,,,,,,,,,,,,,,,,,,,,,,,,,,,,,,,,,,,,,,,,,,,,,,,,,,,,,,,,,,,,,,,,,,,
7495802,Caleb Cavanaugh,TEXAS,,1:22.34,1:51.78,,,,,,,,,,,,,,,21.59 (-0.1),34.17,46.55,,,,,,,49.04,,,,,,,,,,,,,,,,,,,,,,,,,,,,,,,,,,,,,,,,,,,,,,,,,,,,,,,,,,,,,,,,,,,,,,,,,,,,,,,,,,,,,,,,,,,,,,,,,,,,,,,,,,
8713902,Nathan Nelson,WISCONSIN,m,,,,,,,,,,,,,,,,,,,,,,,,,,,,,,,"5.23m 17' 1.75""",,,,,,,,,,,,,,,,,,,,,,,,,,,,,,,,,,,,,,,,,,,,,,,,,,,,,,,,,,,,,,,,,,,,,,,,,,,,,,,,,,,,,,,,,,,,,,,,,,,,,
7889759,Sanele Masondo,IOWA STATE,m,,,4:04.61,,,,3:57.38,13:20.12,,22:50.3,29:16.8,,8:05.89,,,,,,,,,,27:54.77,,,,,,,,,,,,,,,,,,,,,,,,,,,,,,,,,,,,,,,,,,,,,,,,,,,,,,,,,,,,,,,,,,,,,,,,,,,,,,,,,,,,,,,,,,,,,,,,,,,,,,,,,,,,,
8995035,Ayodele Ojo,UTAH STATE,m,,,,,,,,,,,,,,,6.55,9.90 (7.7),20.89 (3.2),36.48,,,,,,,,,,,,,,,,,,,,,,,,,,,,,6.30,,,,,,,,,,,,,,,,,,,,,,,,,,,,,,,,,,,,,,,,,,,,,,,,,,,,,,,,,,,,,,,,,,,,,,,,,,,,,,,,,,,,,
7008908,Valery Tobias,TEXAS,,,2:00.31,4:43.97,,,,4:15.32,,,,,2:40.94,10:33.79,,,,,,53.41,,,,,,,,,,,,,,,,,,,,,,,,,,,,,,,,,,,,,,,,,,,,,,,,,,,,,,,,,,,,,,,,,,,,,,,,,,,,,,,,,,,,,,,,,,,,,,,,,,,,,,,,,,,,,,,,,
9271363,Sophia Efetobore,AUBURN,f,,,,,,,,,,,,,,,7.49,11.58 (2.4),23.56 (2.1),,58.81,,,,,,,,,,,,,,,,,,,,,,,,,,,,,,,,,,,,,,,,,,,,,,,,,,,,,,,,,,,,,,,,,,,,,,,,,,,,,,,,,,,,,,,,,,,,,,,,,,,,,,,,,,,,,,,,,
7727870,Mya Lesnar,COLORADO ST.,,,,,,,,,,,,,,,,,,,,,,,,,,,,,"19.60m 64' 3.75""",,,,,"53.62m 175' 11""","63.50m 208' 4""","22.06m 72' 4.5""",,,,,,,,,,,,,,,,,,,,,,,,,,,,,,,,,,,,,,,,,,,,,,,,,,,,,,,,,,,,,,,,,,,,,,,,,,,,,,,,,,,,,,,,,,,,,,,,,
9230696,David Akhalu,IOWA,m,1:19.27,,,,,,,,,,,,,,,,20.94 (1.5),,45.05,,,,,,,,,,,,,,,,,,,,,,,,,,,,,,,,,,,,,,,,,,,,,,,,,,,,,,,,,,,,,,,,,,,,,,,,,,,,,,,,,,,,,,,,,,,,,,,,,,,,,,,,,,,,,,,,,
7752970,Trevor Hook,NORTHERN ARIZONA,,,,,,,,,,,,,,,,,,,,,"68.98m 226' 4""",,,,,,,,,,,,,,,,,,,,,,,,,,,,,,,,,,,,,,,,,,,,,,,,,,,,,,,,,,,,,,,,,,,,,,,,,,,,,,,,,,,,,,,,,,,,,,,,,,,,,,,,,,,,,,,,
8261262,Jeffery Rogers,OREGON,m,,1:49.06,3:57.29,,,16:16.6,3:36.57,,,24:17.3,,,7:55.22,,,,,,,,,,,,,,,,,,,,,,,,,,,,,,,,,,,,,,,,,,,,,,,,,,,,,,,,,,,,,,,,,,,,,,,,,,,,,,,,,,,,,,,,,,,,,,,,,,,,,,,,,,,,,,,,,,,,,,,
8308473,Catherine Touchette,HAWAII,f,1:29.86,2:08.23,,,,,,,,,,,,,,,25.38 (0.5),,,"38.64m 126' 9""","5.79m (2.4) 19' 0""",,,9.02,14.22 (3.6),1:00.51,"1.72m 5' 7.75""","10.24m 33' 7.25""",3812,5496,,,,,,,,,,,,,,,,,,,,,,,,,,,,,,,,,,,,,,,,,,,,,,,,,,,,,,,,,,,,,,,,,,,,,,,,,,,,,,,,,,,,,,,,,,,,,,,,,,,,,,
8005701,Jamari Drake,GEORGIA,,,,,,,,,,,,,,,,,,,,,,,,,,,,"1.86m 6' 1.25""",,,,,,,,,,,,,,,,,,,,,,,,,,,,,,,,,,,,,,,,,,,,,,,,,,,,,,,,,,,,,,,,,,,,,,,,,,,,,,,,,,,,,,,,,,,,,,,,,,,,,,,,,
7497079,Taylor Beard,ILLINOIS,,,2:36.25,,,,,,,,,,,,,,,26.11 (1.2),,,"29.37m 96' 4""","5.75m (0.5) 18' 10.5""","11.36m 37' 3.25""",,9.37,15.38 (1.3),,"1.88m 6' 2""","9.94m 32' 7.5""",3420,4817,,,,,,,,,,,,,,,,,,,,,,,,,,,,,,,,,,,,,,,,,,,,,,,,,,,,,,,,,,,,,,,,,,,,,,,,,,,,,,,,,,,,,,,,,,,,,,,,,,,,,,
8351109,Zaeda Houff,HOUSTON,f,,,,,,,,,,,,,,,,,,,,,,,,,,,,"11.20m 36' 9""",,,,,,"58.21m 191' 0""","19.62m 64' 4.5""",,,,,,,,,,,,,,,,,,,,,,,,,,,,,,,,,,,,,,,,,,,,,,,,,,,,,,,,,,,,,,,,,,,,,,,,,,,,,,,,,,,,,,,,,,,,,,,,,
8994331,Jay Louison-Roe,CSUN,m,,,,,,,,,,,,,,,,11.02 (1.6),,,,,"7.07m 23' 2.5""","15.81m (1.7) 51' 10.5""",,,,,,,,,,,,,,,,,,,,,,,,,,,,,,,,,,,,,,,,,,,,,,,,,,,,,,,,,,,,,,,,,,,,,,,,,,,,,,,,,,,,,,,,,,,,,,,,,,,,,,,,,,,,,,
8317293,Julia Jongejeugd,PRINCETON,f,,2:25.41,,,,,,,,,,,,,7.97,,25.21 (0.6),41.14,,"39.90m 130' 11""","5.94m (-2.2) 19' 6""",,,8.51,13.77 (1.7),,"1.68m 5' 6""","12.84m 42' 1.5""",3994,5457,,,,,,,,,,,,,,,,,,,,,,,,,,,,,,,,,,,,,,,,,,,,,,,,,,,,,,,,,,,,,,,,,,,,,,,,,,,,,,,,,,,,,,,,,,,,,,,,,,,,,,
8677864,Mohamed Adoini,GEORGIA,m,,2:00.96,,21:56.3,,,,,,43:20.8,,,,,,,22.13,,46.90,,,,,8.18,,48.75,,,,,,13.79 (2.2),,,,,,,,,,,,,,,,,,,,,,,,,,,,,,,,,,,,,,,,,,,,,,,,,,,,,,,,,,,,,,,,,,,,,,,,,,,,,,,,,,,,,,,,,,,,,,,,,,,,
7736277,Micaela De Mello,OREGON,f,,,,,,,,,,,,,,,7.43,11.66 (2.5),23.89 (+0.0),40.62,,,,,,8.00,12.63 (4.9),,,,,,,,,,,,,,,,,,,,,,,,,,,,,,,,,,,,,,,,,,,,,,,,,,,,,,,,,,,,,,,,,,,,,,,,,,,,,,,,,,,,,,,,,,,,,,,,,,,,,,,,,,,
8339841,T'Mars Mccallum,TENNESSEE,m,,,,,,,,,,,,,,,6.59,9.94 (2.0),19.83 (1.4),,47.84,,"7.11m 23' 4""",,,,,,,,,,,,,,,,,,,,,,,,,,,,,,,,,,,,,,,,,,,,,,,,,,,,,,,,,,,,,,,,,,,,,,,,,,,,,,,,,,,,,,,,,,,,,,,,,,,,,,,,,,,,,,,
8700011,Darian Mills,SOUTH FLORIDA,m,,,,,,,,,,,,,,,7.03,10.73 (2.9),21.90 (0.8),,48.06,,"6.22m (+0.0) 20' 5""",,,8.07,,50.65,,,,,,13.98 (4.9),,,,,,1:03.85,,,1:13.83,,,,,,,37.75,,,,,,,,,,,,,,,,,,,,,,,,,,,,,,,,,,,,,,,,,,,,,,,,,,,,,,,,,,,,,,,,,,,,,,,,,,,,,,,,,,,,
8998892,Brianna Clayton,EAST CAROLINA,f,,,,,,,,,,,,,,,7.35,11.52 (2.0),22.90 (4.2),38.70,53.95,,,,,,,,,,,,,,,,,,,,,,,,,,,,,,,,,,,,,,,,,,,,,,,,,,,,,,,,,,,,,,,,,,,,,,,,,,,,,,,,,,,,,,,,,,,,,,,,,,,,,,,,,,,,,,,,,
9175549,Desirae Riehle,KANSAS STATE,f,,,,,,,,,,,,,,,,,24.20 (1.7),,52.24,,,,,,,,,,,,,,,,,,,,,,1:22.98,,,,,,,,,,,,,,,,,,,,,,,,,,,,,,,,,,,,,,,,,,,,,,,,,,,,,,,,,,,,,,,,,,,,,,,,,,,,,,,,,,,,,,,,,,,
9267872,Tatum Lynn,OHIO STATE,f,1:33.61,,,,,,,,,,,,,,,,,,56.01,,,,,,,57.63,,,,,,,,,,,,,,,,,,,,,,,,,,,,,,,,,,,,,,,,,,,,,,,,,,,,,,,,,,,,,,,,,,,,,,,,,,,,,,,,,,,,,,,,,,,,,,,,,,,,,,,,,,
7975973,Lia Katoa,BYU,f,,,,,,,,,,,,,,,,,,,,"35.91m 117' 10""",,,,,,,,"13.43m 44' 0.75""",,,,,"52.04m 170' 9""","59.70m 195' 10""","17.60m 57' 9""",,,,,,,,,,,,,,,,,,,,,,,,,,,,,,,,,,,,,,,,,,,,,,,,,,,,,,,,,,,,,,,,,,,,,,,,,,,,,,,,,,,,,,,,,,,,,,,,,
8711250,Elena Schwegman,RICE,f,,,,,,,,,,,,,,,,,,,,"48.86m 160' 4""",,,,,,,,,,,,,,,,,,,,,,,,,,,,,,,,,,,,,,,,,,,,,,,,,,,,,,,,,,,,,,,,,,,,,,,,,,,,,,,,,,,,,,,,,,,,,,,,,,,,,,,,,,,,,,,,
8977899,Olaolu Olatunde,IOWA,m,,,,,,,,,,,,,,,6.67,9.95 (4.0),20.39 (1.9),,50.94,,,,,,,,,,,,,,,,,,,,,,,,,,,,,,,,,,,,,,,,,,,,,,,,,,,,,,,,,,,,,,,,,,,,,,,,,,,,,,,,,,,,,,,,,,,,,,,,,,,,,,,,,,,,,,,,,
7529036,Samantha Kunza,SAINT LOUIS,,,,,,,,,,,,,,,,,,,,,,,,,,,,,"10.82m 35' 6""",,,,,,"65.93m 216' 4""","20.33m 66' 8.5""",,,,,,,,,,,,,,,,,,,,,,,,,,,,,,,,,,,,,,,,,,,,,,,,,,,,,,,,,,,,,,,,,,,,,,,,,,,,,,,,,,,,,,,,,,,,,,,,,
8588210,Cha'Iel Johnson,KENTUCKY,f,1:28.85,2:07.35,,,,,,,,,,,,,,,,,53.16,,,,,,,,,,,,,,,,,,,,,,1:21.21,,,,,,,,,,,,,,,,,,,,,,,,,,,,,,,,,,,,,,,,,,,,,,,,,,,,,,,,,,,,,,,,,,,,,,,,,,,,,,,,,,,,,,,,,,,
9001090,Emmanuel Njoku,IOWA,m,,,,,,,,,,,,,,,,,,,,,"7.95m (3.3) 26' 1""",,,,,,,,,,,,,,,,,,,,,,,,,,,,,,,,,,,,,,,,,,,,,,,,,,,,,,,,,,,,,,,,,,,,,,,,,,,,,,,,,,,,,,,,,,,,,,,,,,,,,,,,,,,,,,,
9279495,Brett Gardner,VIRGINIA,m,,1:50.05,,,,,,13:41.99,8:31.14,,,,,,,,,,,,,,,,,,,,,,,,,,,,,,,,,,,,,,,,,,,,,,,,,,,,,,,,,,,,,,,,,,,,,,,,,,,,,,,,,,,,,,,,,,,,,,,,,,,,,,,,,,,,,,,,,,,,,,,,,,,
8671725,Deshana Skeete,KANSAS,f,,,,,,,,,,,,,,,,12.35 (-1.0),23.38,,51.97,,,,,,,,,,,,,,,,,,,,,,,,,,,,,,,,,,,,,,,,,,,,,,,,,,,,,,,,,,,,,,,,,,,,,,,,,,,,,,,,,,,,,,,,,,,,,,,,,,,,,,,,,,,,,,,,,
8699141,Jenna Gallaway,USC,f,,,,,,,,,,,,,,,,,,,,"23.90m 78' 5""",,,,,,,,"9.28m 30' 5.5""",,,"2.20m 7' 2.5""",,"42.04m 137' 11""","59.99m 196' 10""",,,,,,,,,,,,,,,,,,,,,,,,,,,,,,,,,,,,,,,,,,,,,,,,,,,,,,,,,,,,,,,,,,,,,,,,,,,,,,,,,,,,,,,,,,,,,,,,,,
8304283,Rheinhardt Harrison,NORTHERN ARIZONA,m,,1:46.93,3:54.74,,,,3:36.28,13:45.77,,24:27.0,,,,,,,,,,,,,,,,,,,,,,,,,,,,,,,,,,,,,,,,,,,,,,,,,,,,,,,,,,,,,,,,,,,,,,,,,,,,,,,,,,,,,,,,,,,,,,,,,,,,,,,,,,,,,,,,,,,,,,,,,,
7891943,Leane Willemse,WISCONSIN,f,,,4:42.68,18:14.5,19:42.8,,4:24.45,15:47.05,,,,,9:04.77,,,,,,,,,,33:28.72,,,,,,,,,,,,,,,,,,,,,,,,,,,,,,,,,,,,,,,,,,,,,,,,,,,,,,,,,,,,,,,,,,,,,,,,,,,,,,,,,,,,,,,,,,,,,,,,,,,,,,,,,,,,,
8986530,James Ledbetter,NEBRASKA,m,1:17.98,,,,,,,,,,,,,,,,,,47.69,,,,,,,50.00,,,,,,,,,,,,,,,,,,,,,,,,,,,,,,,,,,,,,,,,,,,,,,,,,,,,,,,,,,,,,,,,,,,,,,,,,,,,,,,,,,,,,,,,,,,,,,,,,,,,,,,,,,
8320676,Chinemerem Iwuagwu,DRAKE,f,,,,,,,,,,,,,,,,,,,,,,,,,,,,,,,,,,"60.11m 197' 2""","19.97m 65' 6.25""",,,,,,,,,,,,,,,,,,,,,,,,,,,,,,,,,,,,,,,,,,,,,,,,,,,,,,,,,,,,,,,,,,,,,,,,,,,,,,,,,,,,,,,,,,,,,,,,,
8998484,Faith Franklin,VANDERBILT,f,,,,,,,,,,,,,,,,,,,52.24,,,,,,,,,,,,,,,,,,,,,,,,,,,,,,,,,,,,,,,,,,,,,,,,,,,,,,,,,,,,,,,,,,,,,,,,,,,,,,,,,,,,,,,,,,,,,,,,,,,,,,,,,,,,,,,,,
8362405,Christopher Goode,CAL ST. FULLERTON,m,,1:55.52,,,,,,,,,,,,,7.12,10.89 (2.3),21.52 (2.2),,46.57,,,,,,,,,,,,,,,,,,,,,,,,,,,,,,,,,,,,,,,,,,,,,,,,,,,,,,,,,,,,,,,,,,,,,,,,,,,,,,,,,,,,,,,,,,,,,,,,,,,,,,,,,,,,,,,,,
7548030,Ayele Gerken,MISSOURI,,,,,,,,,,,,,,,,7.70,,,,,,"6.48m (0.3) 21' 3.25""",,,,,,,,,,,,,,,,,,,,,,,,,,,,,,,,,,,,,,,,,,,,,,,,,,,,,,,,,,,,,,,,,,,,,,,,,,,,,,,,,,,,,,,,,,,,,,,,,,,,,,,,,,,,,,,
8345326,Iyana Johnson,SOUTH ALABAMA,f,,,,,,,,,,,,,,,,,,,,,,"12.58m (0.3) 41' 3.25""",,,,,,"13.31m 43' 8""",,,,,,"60.80m 199' 6""","18.29m 60' 0.25""",,,,,,,,,,,,,,,,,,,,,,,,,,,,,,,,,,,,,,,,,,,,,,,,,,,,,,,,,,,,,,,,,,,,,,,,,,,,,,,,,,,,,,,,,,,,,,,,,
8691988,Abby Venhaus,EASTERN ILLINOIS,f,,,,,,,,,,,,,,,7.58,11.62 (3.1),24.48,,,,"6.28m (2.6) 20' 7.25""","12.44m (3.8) 40' 9.75""",,,,,,,,,,,,,,,,,,,,,,,,,,,,,,,,,,,,,,,,,,,,,,,,,,,,,,,,,,,,,,,,,,,,,,,,,,,,,,,,,,,,,,,,,,,,,,,,,,,,,,,,,,,,,,
8982089,Elijah Limo,MISSOURI,m,,,4:09.91,,,,3:54.43,14:05.11,8:36.22,23:13.0,30:53.4,,8:07.17,,,,,,,,,,,,,,,,,,,,,,,,,,,,,,,,,,,,,,,,,,,,,,,,,,,,,,,,,,,,,,,,,,,,,,,,,,,,,,,,,,,,,,,,,,,,,,,,,,,,,,,,,,,,,,,,,,,,,,,
8236839,Garrett Kaalund,USC,m,,,,,,,,,,,,,,,6.61,9.90 (2.8),19.85 (1.1),32.10,44.73,,,,,,,,,,,,,,,,,,,,,,,,,,,,,,,,,,,,,,,,,,,,,,,,,,,,,,,,,,,,,,,,,,,,,,,,,,,,,,,,,,,,,,,,,,,,,,,,,,,,,,,,,,,,,,,,,
8713328,Sarah Omoregie,VANDERBILT,,,,,,,,,,,,,,,,,,,,,,,,,,,,,"17.79m 58' 4.5""",,,,,,,,,,,,,,,,,,,,,,,,,,,,,,,,,,,,,,,,,,,,,,,,,,,,,,,,,,,,,,,,,,,,,,,,,,,,,,,,,,,,,,,,,,,,,,,,,,,,,,,,
8974466,Dalton Boisseau,INDIANA,m,,,,,,,,,,,,,,,,,,,,"66.20m 217' 2""",,,,,,,,,,,,,,,,,,,,,,,,,,,,,,,,,,,,,,,,,,,,,,,,,,,,,,,,,,,,,,,,,,,,,,,,,,,,,,,,,,,,,,,,,,,,,,,,,,,,,,,,,,,,,,,,
9237515,Edward Bocock,RICE,m,,1:52.17,,,,,,,,,,,,,,,,,,,"6.91m 22' 8""","14.34m 47' 0.75""",,,,51.02,,,,,,,,,,,,,,,,,,,,,,,,,,,,,,,,,,,,,,,,,,,,,,,,,,,,,,,,,,,,,,,,,,,,,,,,,,,,,,,,,,,,,,,,,,,,,,,,,,,,,,,,,,
7535795,Koi Johnson,BAYLOR,,,,,,,,,,,,,,,,,12.11 (1.1),,,,,"6.27m (1.2) 20' 7""","13.47m (5.5) 44' 2.5""",,,,,,,,,,,,,,,,,,,,,,,,,,,,,,,,,,,,,,,,,,,,,,,,,,,,,,,,,,,,,,,,,,,,,,,,,,,,,,,,,,,,,,,,,,,,,,,,,,,,,,,,,,,,,,
7530597,"Shaun Miller, Jr.",OREGON,,,,,,,,,,,,,,,,,,21.85 (4.5),,,,"6.91m (-0.8) 22' 8""",,,,,,"2.23m 7' 3.75""",,,,,,,,,,,,,,,,,,,,,,,,,,,,,,,,,,,,,,,,,,,,,,,,,,,,,,,,,,,,,,,,,,,,,,,,,,,,,,,,,,,,,,,,,,,,,,,,,,,,,,,,,
8257716,Matthew Forrester,BUTLER,m,,,,,,,,13:30.40,8:49.49,23:03.8,29:52.6,,8:02.62,,,,,,,,,,28:55.93,,,,,,,,,,,,,,23:52.6,,,,,,,,,,,,,,25:09.9,,,,,,,,,,,,,,,,,,,,,,,,,,,,,,,,,,,,,,,,,,,,,,,,,,,,,,,,,,,,,,,,,,,,,,,,,,,,,,,,,
8921580,Cary Drake,NORTHWESTERN,f,,,4:46.80,,20:50.5,,,16:30.35,10:04.15,,,,9:31.94,10:36.8,,,,,,,,,,,,,,,,,,,,,,,,,,,,,,,,,,,,,,,,,,,,,,,,,,,,,,,,,,,,,,,,,,,,,,,,,,,,,,,,,,,,,,,,,,,,,,,,,,,,,,,,,,,,,,,,,,,,,,
7729878,Jackson Marseille,ILLINOIS,,,,,,,,,,,,,,,,,,,,,,,,,,,,"2.18m 7' 1.75""",,,,,,,,,,,,,,,,,,,,,,,,,,,,,,,,,,,,,,,,,,,,,,,,,,,,,,,,,,,,,,,,,,,,,,,,,,,,,,,,,,,,,,,,,,,,,,,,,,,,,,,,,
9000802,Mariana Pestana,VIRGINIA TECH,f,,,,,,,,,,,,,,,,,,,,,,,,,,,,,,,,,,"66.98m 219' 9""",,,,,,,,,,,,,,,,,,,,,,,,,,,,,,,,,,,,,,,,,,,,,,,,,,,,,,,,,,,,,,,,,,,,,,,,,,,,,,,,,,,,,,,,,,,,,,,,,,
8233007,Zoie Dundon,MINNESOTA,f,1:31.80,2:01.42,4:31.92,18:02.9,20:49.8,,4:13.50,,9:52.46,,,2:52.73,9:43.47,,,,,,,,,,,,,,,,,,,,,,,,,,,,,,,,,,,,,,,,,,,,,,,,,,,,,,,,,,,,,,,,,,,,,,,,,,,,,,,,,,,,,,,,,,,,,,,,,,,,,,,,,,,,,,,,,,,,,,,
8987858,Jake Welch,ILLINOIS STATE,m,1:18.48,,,,,,,,,,,,,,7.13,10.54 (3.9),21.57 (0.9),34.27,46.87,,,,,,,,,,,,,,,,,,,1:03.88,,,,,,,,,,,,,,,,,,,,,,,,,,,,,,,,,,,,,,,,,,,,,,,,,,,,,,,,,,,,,,,,,,,,,,,,,,,,,,,,,,,,,,,,,,,,,,
8015717,John Bruder,TENNESSEE,m,,,,,,,,,,,,,,,,,,,,,,,,,,,,"19.00m 62' 4""",,,,,"39.30m 128' 11""",,"11.12m 36' 5.75""",,,,,,,,,,,,,,,,,,,,,,,,,,,,,,,,,,,,,,,,,,,,,,,,,,,,,,,,,,,,,,,,,,,,,,,,,,,,,,,,,,,,,,,,,,,,,,,,,
8685748,Glo Hussey,UTAH,f,,2:24.66,,,,,,,,,,,,,,,25.25 (1.8),44.09,,"31.13m 102' 1""","6.03m (2.3) 19' 9.5""",,,9.03,14.30 (1.7),,"1.72m 5' 7.75""","9.57m 31' 4.75""",3665,5206,,,,,,,,,,,,,,,,,,,,,,,,,,,,,,,,,,,,,,,,,,,,,,,,,,,,,,,,,,,,,,,,,,,,,,,,,,,,,,,,,,,,,,,,,,,,,,,,,,,,,,
8317285,Alexandra Kelly,PRINCETON,f,,,,,,,,,,,,,,,7.61,11.92 (1.2),25.53 (2.4),,,,"6.58m (-0.7) 21' 7.25""","13.73m (-2.1) 45' 0.5""",,,,,,,,,,,,,,,,,,,,,,,,,,,,,,,,,,,,,,,,,,,,,,,,,,,,,,,,,,,,,,,,,,,,,,,,,,,,,,,,,,,,,,,,,,,,,,,,,,,,,,,,,,,,,,
8314503,Kevin O'Sullivan,RUTGERS,m,,,,,,,,,,,,,,,,,,,,,,,,,,,,,,,"5.65m 18' 6.5""",,,,,,,,,,,,,,,,,,,,,,,,,,,,,,,,,,,,,,,,,,,,,,,,,,,,,,,,,,,,,,,,,,,,,,,,,,,,,,,,,,,,,,,,,,,,,,,,,,,,,
8246941,Andie Murray,DARTMOUTH,f,1:38.78,2:04.23,4:49.31,19:00.0,21:04.1,,4:24.68,,,,,2:48.52,,,,,,,,,,,,,,,,,,,,,,,,,,1:14.16,,,,,,,18:11.9,,,,,,,,,,15:15.8,,,,,,,,,22:25.8,,,,,,,,,,,,,,,,,,,,,,,,,,,,,,,,,,,,,,,,,,,,,,,,,,,,,,,,,,,,,,,,,,,,
9011655,Croix Dacunha,KANSAS STATE,m,,,,,,,,,,,,,,,,10.57 (1.4),,,49.05,,"7.83m 25' 8.25""",,,,,,,,,,,,,,,,,,,,,,,,,,,,,,,,,,,,,,,,,,,,,,,,,,,,,,,,,,,,,,,,,,,,,,,,,,,,,,,,,,,,,,,,,,,,,,,,,,,,,,,,,,,,,,,
9008474,Ousman Jagne,ARIZONA,m,,,,,,,,,,,,,,,6.69,10.47 (0.9),21.39,,48.71,,"7.23m 23' 8.75""",,,,,,,,,,,,,,,,,,,,,,,,,,,,,,,,,,,,,,,,,,,,,,,,,,,,,,,,,,,,,,,,,,,,,,,,,,,,,,,,,,,,,,,,,,,,,,,,,,,,,,,,,,,,,,,
7534612,Trey Allen,LOUISVILLE,,,,,,,,,,,,,,,,,,,,,,"6.84m 22' 5.25""",,,,,,"2.27m 7' 5.25""",,,,,,,,,,,,,,,,,,,,,,,,,,,,,,,,,,,,,,,,,,,,,,,,,,,,,,,,,,,,,,,,,,,,,,,,,,,,,,,,,,,,,,,,,,,,,,,,,,,,,,,,,
8585434,Hattie Reynolds,DUKE,f,,,4:43.62,17:11.6,20:39.0,,4:23.60,16:09.35,10:13.41,,,,9:22.16,,,,,,,,,,,,,,,,,,,,,,,,,,,,,,,,,,,,,,,,,,,,,,,,,,,,21:44.5,,,,,,,,,,,,,,,,,,,,,,,,,,,,,,,,,,,,,,,,,,,,,,,,,,,,,,,,,,,,,,,,,,,
9199682,Tanner Nett,BOISE STATE,m,,,,,,,,,,,,,,,,,,,,,,,,,,,,"18.55m 60' 10.5""",,,,,,"52.91m 173' 7""","18.67m 61' 3""",,,,,,,,,,,,,,,,,,,,,,,,,,,,,,,,,,,,,,,,,,,,,,,,,,,,,,,,,,,,,,,,,,,,,,,,,,,,,,,,,,,,,,,,,,,,,,,,,
7724876,Evan Bishop,OREGON,m,,,3:59.28,,,,3:43.00,13:37.81,,23:09.9,30:05.6,,7:50.73,,,,,,,,,,27:57.98,,,,,,,,,,,,,,,,,,,,,,,,,,,,,25:06.3,,,,,,,,,,,,,,,,,,,,,,,,,,,,,,,,,,,,,,,,,,,,,,,,,,,,,,,,,,,,,,,,,,,,,,,,,,,,,,,,
7984073,Link Lindsey,ARKANSAS,m,,,,,,,,,,,,,,,,,,,,,"7.69m (1.9) 25' 2.75""","15.05m (1.1) 49' 4.5""",,,,,,,,,,,,,,,,,,,,,,,,,,,,,,,,,,,,,,,,,,,,,,,,,,,,,,,,,,,,,,,,,,,,,,,,,,,,,,,,,,,,,,,,,,,,,,,,,,,,,,,,,,,,,,
8015594,Kenli Nettles,BALL STATE,f,,2:18.01,,,,,,,,,,,,,,,24.43 (1.0),,,"40.10m 131' 7""","6.02m (3.1) 19' 9""",,,8.59,13.81 (2.0),58.46,"1.75m 5' 8.75""","12.47m 40' 11""",4008,5655,,,,,,,,,,,,,,,,,,,,,,,,,,,,,,,,,,,,,,,,,,,,,,,,,,,,,,,,,,,,,,,,,,,,,,,,,,,,,,,,,,,,,,,,,,,,,,,,,,,,,,
8266227,Andrew Mangum,INDIANA,m,,1:46.77,3:58.17,,19:10.2,,3:47.22,,,26:00.0,,,,,,,,,,,,,,,,,,,,,,,,,,,,,,,,,,,,,,,,,,,,,,,,,,,,,,,,,,,,,,,,,,,,,,,,,,,,,,,,,,,,,,,,,,,,,,,,,,,,,,,,,,,,,,,,,,,,,,,,,,
8711246,Alice Taylor,RICE,f,,2:17.48,,,,,,,,,,,,,,12.94 (6.1),25.64 (4.0),,,"42.91m 140' 9""","5.88m (1.3) 19' 3.5""",,,9.24,14.48 (3.6),,"1.91m 6' 3.25""","11.45m 37' 6.75""",3739,5712,,,,,,,,,,,,,,,,,,,,,,,,,,,,,,,,,,,,,,,,,,,,,,,,,,,,,,,,,,,,,,,,,,,,,,,,,,,,,,,,,,,,,,,,,,,,,,,,,,,,,,
8331837,Mckenzie Davis,TEXAS TECH,f,,,,,,,,,,,,,,,,,,,,,,,,,,,,"15.75m 51' 8.25""",,,,,"55.50m 182' 1""",,"14.58m 47' 10""",,,,,,,,,,,,,,,,,,,,,,,,,,,,,,,,,,,,,,,,,,,,,,,,,,,,,,,,,,,,,,,,,,,,,,,,,,,,,,,,,,,,,,,,,,,,,,,,,
9251405,Jaci Wright,UNLV,f,,,,,,,,,,,,,,,,12.22 (1.9),25.88 (0.8),,,,,,,8.27,13.43 (1.8),,,,,,,,,,,,,,,,,,,,,,,,,,,,,,,,,,,,,,,,,,,,,,,,,,,,,,,,,,,,,,,,,,,,,,,,,,,,,,,,,,,,,,,,,,,,,,,,,,,,,,,,,,,
9256790,Joe Seib,CORNELL,m,,,,,,,,,,,,,,,,,,,,,,,,,,,,"17.86m 58' 7.25""",,,,,"50.95m 167' 2""",,,,,,,,,,,,,,,,,,,,,,,,,,,,,,,,,,,,,,,,,,,,,,,,,,,,,,,,,,,,,,,,,,,,,,,,,,,,,,,,,,,,,,,,,,,,,,,,,,,
8681422,Makenna Urbanek,N. CAROLINA A&T,f,,,,,,,,,,,,,,,7.42,11.27 (2.2),23.62 (1.4),43.33,,,,,,,,,,,,,,,,,,,,,,,,,,,,,,,,,,,,,,,,,,,,,,,,,,,,,,,,,,,,,,,,,,,,,,,,,,,,,,,,,,,,,,,,,,,,,,,,,,,,,,,,,,,,,,,,,,
9272220,Cade Dewitt,ILLINOIS,m,,,,,,,,,,,,,,,,,,,,,,,,,,,,,,,"5.45m 17' 10.5""",,,,,,,,,,,,,,,,,,,,,,,,,,,,,,,,,,,,,,,,,,,,,,,,,,,,,,,,,,,,,,,,,,,,,,,,,,,,,,,,,,,,,,,,,,,,,,,,,,,,,
9237796,Divine Aniamaka,CLEMSON,m,,,,,,,,,,,,,,,,11.21 (-0.1),,,,,"6.65m 21' 10""","16.13m (1.4) 52' 11""",,,,,,,,,,,,,,,,,,,,,,,,,,,,,,,,,,,,,,,,,,,,,,,,,,,,,,,,,,,,,,,,,,,,,,,,,,,,,,,,,,,,,,,,,,,,,,,,,,,,,,,,,,,,,,
7540416,Amari Turner,CALIFORNIA,,,,,,,,,,,,,,,,,,,,,,,,,,,,,,,,"4.40m 14' 5.25""",,,,,,,,,,,,,,,,,,,,,,,,,,,,,,,,,,,,,,,,,,,,,,,,,,,,,,,,,,,,,,,,,,,,,,,,,,,,,,,,,,,,,,,,,,,,,,,,,,,,,
8325462,Kajsa Borrman,COLORADO ST.,f,,,,,,,,,,,,,,,,,,,,"27.92m 91' 7""",,,,,,,,"14.62m 47' 11.75""",,,,,"58.07m 190' 6""","69.02m 226' 5""","22.47m 73' 8.75""",,,,,,,,,,,,,,,,,,,,,,,,,,,,,,,,,,,,,,,,,,,,,,,,,,,,,,,,,,,,,,,,,,,,,,,,,,,,,,,,,,,,,,,,,,,,,,,,,
8681834,David Russell,NORTHERN IOWA,m,,,,,,,,,,,,,,,,,,,,"40.31m 132' 3""",,,,,,,,"18.39m 60' 4""",,,,,"53.28m 174' 10""","60.23m 197' 7""","19.75m 64' 9.75""",,,,,,,,,,,,,,,,,,,,,,,,,,,,,,,,,,,,,,,,,,,,,,,,,,,,,,,,,,,,,,,,,,,,,,,,,,,,,,,,,,,,,,,,,,,,,,,,,
8695877,Amryne Chilton,KENT STATE,f,,,,,,,,,,,,,,,7.44,11.37 (0.1),23.04 (0.1),,54.65,,,,,,,,,,,,,,,,,,,,,,,,,,,,,,,,,,,,,,,,,,,,,,,,,,,,,,,,,,,,,,,,,,,,,,,,,,,,,,,,,,,,,,,,,,,,,,,,,,,,,,,,,,,,,,,,,
8986526,Hayden Gorovitz,NEBRASKA,m,,,,,,,,,,,,,,,,,,,,"70.09m 229' 11""",,,,,,,,,,,,,,,,,,,,,,,,,,,,,,,,,,,,,,,,,,,,,,,,,,,,,,,,,,,,,,,,,,,,,,,,,,,,,,,,,,,,,,,,,,,,,,,,,,,,,,,,,,,,,,,,
8978296,Shaolin Munir,DUKE,f,,,,,,,,,,,,,,,,,,,,"48.95m 160' 7""",,,,,,,,,,,,,,,,,,,,,,,,,,,,,,,,,,,,,,,,,,,,,,,,,,,,,,,,,,,,,,,,,,,,,,,,,,,,,,,,,,,,,,,,,,,,,,,,,,,,,,,,,,,,,,,,
8699157,Jacob Andrews,USC,m,1:19.43,,,,,,,,,,,,,,6.84,,20.81 (0.5),33.51,45.46,,,,,,,,,,,,,,,,,,,,,,,,,,,,,,,,,,,,,,,,,,,,,,,,,,,,,,,,,,,,,,,,,,,,,,,,,,,,,,,,,,,,,,,,,,,,,,,,,,,,,,,,,,,,,,,,,
8671733,Sidney Smith,KANSAS,f,,,,,,,,,,,,,,,,,24.67 (2.0),,54.81,,,,,,,57.93,,,,,,,,,,,,,,,1:22.71,,,,,,,,,,,,,,,,,,,,,,,,,,,,,,,,,,,,,,,,,,,,,,,,,,,,,,,,,,,,,,,,,,,,,,,,,,,,,,,,,,,,,,,,,,,
8320230,Jana Bruses,PITTSBURGH,f,,,,,,,,,,,,,,,8.02,,25.27 (0.9),40.67,56.34,,,,,8.46,13.77 (2.4),58.26,,,,,,,,,,,,,,,,,,,,,,,,,,,,,,,,,,,,,,,,,,,,,,,,,,,,,,,,,,,,,,,,,,,,,,,,,,,,,,,,,,,,,,,,,,,,,,,,,,,,,,,,,,
8015605,Tori Thomas,ILLINOIS,,,,,,,,,,,,,,,,,,,,,,,,,,,,,,,,"4.57m 15' 0""",,,,,,,,,,,,,,,,,,,,,,,,,,,,,,,,,,,,,,,,,,,,,,,,,,,,,,,,,,,,,,,,,,,,,,,,,,,,,,,,,,,,,,,,,,,,,,,,,,,,,
8981037,Pishon Haughton,KENNESAW STATE,m,,,,,,,,,,,,,,,,,20.96 (-0.3),,47.18,,,,,,,,,,,,,,,,,,,,,,,,,,,,,,,,,,,,,,,,,,,,,,,,,,,,,,,,,,,,,,,,,,,,,,,,,,,,,,,,,,,,,,,,,,,,,,,,,,,,,,,,,,,,,,,,,
8612163,Tommy Rice,TULANE,m,,,4:11.25,14:37.0,,,,14:19.24,,24:03.0,30:36.9,,8:11.33,,,,,,,,,,29:12.80,,,,,,,,,,,,,,,,,,,,,,,,,,,,,,,,,,,,,,,,,,,24:35.9,,,,,,,,,,,,,,,,,,,,,,,,,,,,,,,,,,,,,,,,,,,,,,,,,,,,,,,,,,,,,,,,,,
6545938,Danielle Spence,UTSA,,,,,,,,,,,,,,,,,,,,,,"6.01m 19' 8.75""","13.51m (4.1) 44' 4""",,,,,,,,,,,,,,,,,,,,,,,,,,,,,,,,,,,,,,,,,,,,,,,,,,,,,,,,,,,,,,,,,,,,,,,,,,,,,,,,,,,,,,,,,,,,,,,,,,,,,,,,,,,,,,
8236602,Ethan Lipham,APP STATE,m,,1:53.78,4:02.84,,18:14.8,,3:46.82,14:35.10,8:49.64,23:43.6,31:18.0,,8:21.48,,,,,,,,,,,,,,,,,,,,,,,,,,,,,,,,,,,,,,,,,,,,,,,,,,,,,,,,,,,,,,,,,,,,,,,,,,,,,,,,,,,,,,,,,,,,,,,,,,,,,,,,,,,,,,,,,,,,,,,
8983909,Kristi Perez-Snyman,MISSOURI,,,,,,,,,,,,,,,,,,,,,,,,,,,,"1.90m 6' 2.75""",,,,,,,,,,,,,,,,,,,,,,,,,,,,,,,,,,,,,,,,,,,,,,,,,,,,,,,,,,,,,,,,,,,,,,,,,,,,,,,,,,,,,,,,,,,,,,,,,,,,,,,,,
8978941,Andres Langston,DUKE,m,,,,,,,,,,,,,,,,,22.57,33.80,46.30,,,,,8.18,,48.86,,,,,,14.58 (0.6),,,,,,1:03.35,,,,,,,,,,,,,,,,,,,,,,,,,,,,,,,,,,,,,,,,,,,,,,,,,,,,,,,,,,,,,,,,,,,,,,,,,,,,,,,,,,,,,,,,,,,,,,
7690425,Kevona Davis,TEXAS,,,,,,,,,,,,,,,,7.19,10.83 (2.4),22.02 (2.5),37.28,,,,,,,,,,,,,,,,,,,,,,,,,,,,,,,,,,,,,,,,,,,,,,,,,,,,,,,,,,,,,,,,,,,,,,,,,,,,,,,,,,,,,,,,,,,,,,,,,,,,,,,,,,,,,,,,,,
6429582,Matthew Wilkinson,MINNESOTA,,,1:57.98,4:03.48,,,,3:44.68,13:35.45,8:25.03,24:19.6,29:56.8,2:29.15,8:11.52,,,,,,52.99,,,,31:15.52,,,,,,,,,,,,,,,,,,,,,19:34.0,,,,,,,,25:16.8,,,,,,,,,,,,,,,,,,,,,,,,,,,,,,,,,,,,,,,,,,,,,,,,,,,,,,,,,,,,,,,,,,,,,,,,,,,,,,,,
7535392,Romaine Beckford,ARKANSAS,,,,,,,,,,,,,3:20.48,,,7.32,,,,,"59.38m 194' 10""","6.33m 20' 9.25""",,,9.00,,,"2.27m 7' 5.25""","12.96m 42' 6.25""",,4686,"3.55m 11' 7.75""",,"47.06m 154' 5""",,,,,,,,,,,,,,,,,,,,,,,,,,,,,,,,,,,,,,,,,,,,,,,,,,,,,,,,,,,,,,,,,,,,,,,,,,,,,,,,,,,,,,,,,,,,,,,,,,,
9293848,Matthew Bender,LONG BEACH ST.,m,,,,,,,,,,,,,,,,,,,,"64.83m 212' 8""",,,,,,,,,,,,,,,,,,,,,,,,,,,,,,,,,,,,,,,,,,,,,,,,,,,,,,,,,,,,,,,,,,,,,,,,,,,,,,,,,,,,,,,,,,,,,,,,,,,,,,,,,,,,,,,,
9246952,Sophie Atkinson,TEXAS,f,,,4:47.97,16:59.5,20:15.9,,4:20.25,15:35.33,,,,,9:04.40,,,,,,,,,,33:29.46,,,,,,,,,,,,,,,,,,,,,,,,,,,,,,,,13:47.6,,,,,,,,,,,,,,,,,,,,,,,,,,,,,,,,,,,,,,,,,,,,,,,,,,,,,,,,,,,,,,,,,,,,,,,,,,,,,
8980763,Cort Gebbers,EASTERN WASHINGTON,m,,,,,,,,,,,,,,,,,,,,,,,,,,,,"16.19m 53' 1.5""",,,,,"56.86m 186' 6""","55.58m 182' 4""","16.65m 54' 7.5""",,,,,,,,,,,,,,,,,,,,,,,,,,,,,,,,,,,,,,,,,,,,,,,,,,,,,,,,,,,,,,,,,,,,,,,,,,,,,,,,,,,,,,,,,,,,,,,,,
9005641,Kaden Cartwright,MISS STATE,m,,,,,,,,,,,,,,,,,,,,"68.78m 225' 8""",,,,,,,,,,,,,,,,,,,,,,,,,,,,,,,,,,,,,,,,,,,,,,,,,,,,,,,,,,,,,,,,,,,,,,,,,,,,,,,,,,,,,,,,,,,,,,,,,,,,,,,,,,,,,,,,
7973366,James Rhoads,PENN,,,,,,,,,,,,,,,,7.04,,,,,,,,,,,,,,,,"5.62m 18' 5.25""",,,,,,,,,,,,,,,,,,,,,,,,,,,,,,,,,,,,,,,,,,,,,,,,,,,,,,,,,,,,,,,,,,,,,,,,,,,,,,,,,,,,,,,,,,,,,,,,,,,,,
8316990,Kendrick Smallwood,TEXAS,m,,,,,,,,,,,,,,,6.79,10.18 (5.0),20.73 (1.9),33.89,48.74,,,,,7.46,,51.59,,,,,,13.04 (-0.2),,,,,,,,,,,,,,,,,,,,,,,,,,,,,,,,,,,,,,,,,,,,,,,,,,,,,,,,,,,,,,,,,,,,,,,,,,,,,,,,,,,,,,,,,,,,,,,,,,,,
7363947,Isaac Basten,DRAKE,,,1:46.89,3:53.54,,18:39.5,,3:36.99,14:19.24,,23:50.3,29:45.1,,8:16.77,,,,,,,,,,,,,,,,,,,,,,,,,,,,,,,,,,,,,,,,,,,,,,,,,,,,,,15:31.29,25:41.5,,,,,,,,,,,,,,,,,,,,,,,,,,,,,,,,,,,,,,,,,,,,,,,,,,,,,,,,,,,,,,,,
8283676,Ally Stephenson,OKLAHOMA,f,,2:19.48,,,,,,,,,,,,,7.54,,24.26 (-0.7),,,"35.17m 115' 5""","6.18m 20' 3.5""",,,8.29,13.47 (2.7),,"1.70m 5' 7""","10.14m 33' 3.25""",3970,5344,,,,,,,,,,,,,,,,,,,,,,,,,,,,,,,,,,,,,,,,,,,,,,,,,,,,,,,,,,,,,,,,,,,,,,,,,,,,,,,,,,,,,,,,,,,,,,,,,,,,,,
8683448,Lee Martin,INDIANA,m,,,,,,,,,,,,,,,,,,,,,,,,,,,"2.12m 6' 11.5""",,,,,,,,,,,,,,,,,,,,,,,,,,,,,,,,,,,,,,,,,,,,,,,,,,,,,,,,,,,,,,,,,,,,,,,,,,,,,,,,,,,,,,,,,,,,,,,,,,,,,,,,,
7495286,Nathan Stone,INDIANA,,,,,,,,,,,,,,,,,,,,,,,,,,,,,,,,"5.50m 18' 0.5""",,,,,,,,,,,,,,,,,,,,,,,,,,,,,,,,,,,,,,,,,,,,,,,,,,,,,,,,,,,,,,,,,,,,,,,,,,,,,,,,,,,,,,,,,,,,,,,,,,,,,
8013047,Danae Nembhard,AUBURN,f,,,,,,,,,,,,,,,7.52,11.86 (1.4),25.56,,1:01.21,,,,,7.91,12.93 (0.3),,,,,,,,,,,,,,,,,,,,,,,,,,,,,,,,,,,,,,,,,,,,,,,,,,,,,,,,,,,,,,,,,,,,,,,,,,,,,,,,,,,,,,,,,,,,,,,,,,,,,,,,,,,
8967972,Todd Benhase,LIBERTY,m,,,,,,,,,,,,,,,,,,,,,,,,,,,,,,,"5.20m 17' 0.75""",,,,,,,,,,,,,,,,,,,,,,,,,,,,,,,,,,,,,,,,,,,,,,,,,,,,,,,,,,,,,,,,,,,,,,,,,,,,,,,,,,,,,,,,,,,,,,,,,,,,,
7910998,Julia David-Smith,WASHINGTON,f,,2:08.88,4:34.95,16:56.5,19:37.0,16:21.3,4:15.30,15:38.76,10:28.18,,,,8:54.66,,,,,,,,,,,,,,,,,,,,,,,,,,,,,,,,,,,,,,,,,,,,,,,,,,,,,,,,18:24.8,,,,,,,,,,,,,,,,,,,,,,,,,,,,,,,,,,,,,,,,,,,,,,,,,,,,,,,,,,,,,,,
8978384,Rylan Finstrom,MICHIGAN STATE,f,,,,,,,,,,,,,,,,,,,,,,,,,,,,"16.55m 54' 3.75""",,,,,"48.70m 159' 9""","54.25m 178' 0""","17.78m 58' 4""",,,,,,,,,,,,,,,,,,,,,,,,,,,,,,,,,,,,,,,,,,,,,,,,,,,,,,,,,,,,,,,,,,,,,,,,,,,,,,,,,,,,,,,,,,,,,,,,,
5637667,Hussain Al Hizam,KANSAS,m,,,,,,,,,,,,,,,7.18,,,,,,,,,,,,,,,,"5.70m 18' 8.25""",,,,,,,,,,,,,,,,,,,,,,,,,,,,,,,,,,,,,,,,,,,,,,,,,,,,,,,,,,,,,,,,,,,,,,,,,,,,,,,,,,,,,,,,,,,,,,,,,,,,,
9366910,Paul Catalanatto,LSU,m,,,,,,,,,,,,,,,,,,,,"73.22m 240' 3""",,,,,,,,,,,,,,,,,,,,,,,,,,,,,,,,,,,,,,,,,,,,,,,,,,,,,,,,,,,,,,,,,,,,,,,,,,,,,,,,,,,,,,,,,,,,,,,,,,,,,,,,,,,,,,,,
9273489,Jayla Cooper,PURDUE,f,,,,,,,,,,,,,,,7.55,,24.28 (-0.2),,,,,,,8.67,13.74 (0.7),,,,,,,,,,,,,,,,,,,,,,,,,,,,,,,,,,,,,,,,,,,,,,,,,,,,,,,,,,,,,,,,,,,,,,,,,,,,,,,,,,,,,,,,,,,,,,,,,,,,,,,,,,,
8715317,Tyson Tippett,EAST CAROLINA,m,,,,,,,,,,,,,,,6.69,9.88 (6.0),20.54 (1.7),34.50,49.69,,,,,,,,,,,,,,,,,,,,,,,,,,,,,,,,,,,,,,,,,,,,,,,,,,,,,,,,,,,,,,,,,,,,,,,,,,,,,,,,,,,,,,,,,,,,,,,,,,,,,,,,,,,,,,,,,
8988996,Shellamae Farmer,WICHITA STATE,f,,,,,,,,,,,,,,,8.27,,,,,,,,,,,,,,,,"4.13m 13' 6.5""",,,,,,,,,,,,,,,,,,,,,,,,,,,,,,,,,,,,,,,,,,,,,,,,,,,,,,,,,,,,,,,,,,,,,,,,,,,,,,,,,,,,,,,,,,,,,,,,,,,,,
8668115,Riley Marx,KANSAS STATE,m,,,,,,,,,,,,,,,,,,,,"75.52m 247' 9""",,,,,,,,,,,,,"44.33m 145' 5""","58.58m 192' 2""","17.81m 58' 5.25""",,,,,,,,,,,,,,,,,,,,,,,,,,,,,,,,,,,,,,,,,,,,,,,,,,,,,,,,,,,,,,,,,,,,,,,,,,,,,,,,,,,,,,,,,,,,,,,,,
9010785,Jonah Kirspel,FLORIDA,m,,1:47.26,,,,,3:50.60,,,,,2:22.59,,,,,,,,,,,,,,,,,,,,,,,,,,,,,,,,,,,,,,,,,,,,,,,,,,,,,,,,,,,,,,,,,,,,,,,,,,,,,,,,,,,,,,,,,,,,,,,,,,,,,,,,,,,,,,,,,,,,,,,,
8588314,Taha Er Raouy,EASTERN KENTUCKY,m,,1:50.66,3:54.15,,,,3:38.53,13:30.21,,23:07.3,29:00.5,,7:40.56,,,,,,,,,,,,,,,,,,,,,,,,,,,,,,,,,,,,,,,,,,,,,,,,,,,,,,,,,,,,,,,,,,,,,,,,,,,,,,,,,,,,,,,,,,,,,,,,,,,,,,,,,,,,,,,,,,,,,,,
9253480,Brooklyn Taylor,CONNECTICUT,f,,,,,,,,,,,,,,,7.56,,,,,,"6.26m (0.9) 20' 6.5""",,,8.38,13.41 (-0.1),,,,,,,,,,,,,,,,,,,,,,,,,,,,,,,,,,,,,,,,,,,,,,,,,,,,,,,,,,,,,,,,,,,,,,,,,,,,,,,,,,,,,,,,,,,,,,,,,,,,,,,,,,,
9188928,Lotta Edzards,SMU,f,,,,,,,,,,,,,,,8.04,,,,,,"5.96m (1.5) 19' 6.75""","13.05m (1.1) 42' 9.75""",,,,,,,,,,,,,,,,,,,,,,,,,,,,,,,,,,,,,,,,,,,,,,,,,,,,,,,,,,,,,,,,,,,,,,,,,,,,,,,,,,,,,,,,,,,,,,,,,,,,,,,,,,,,,,
9247093,Ojigwe Olua,UMBC,m,,,,,,,,,,,,,,,7.08,11.11 (-0.8),,,,,,,,7.90,,,,,,,,13.84 (1.4),,,,,,,,,,,,,,,,,,,,,,,,,,,,,,,,,,,,,,,,,,,,,,,,,,,,,,,,,,,,,,,,,,,,,,,,,,,,,,,,,,,,,,,,,,,,,,,,,,,,
8669354,Aaron Fruge,UC RIVERSIDE,m,,,,,,,,,,,,,,,6.99,10.89 (0.2),,,,,"7.58m (1.5) 24' 10.5""",,,,,,"1.99m 6' 6.25""",,,,,,,,,,,,,,,,,,,,,,,,,,,,,,,,,,,,,,,,,,,,,,,,,,,,,,,,,,,,,,,,,,,,,,,,,,,,,,,,,,,,,,,,,,,,,,,,,,,,,,,,,
8014297,Eunice Ilunga Mbuyi,OKLAHOMA,,,,,,,,,,,,,,,,8.23,,,,,,"6.27m (3.2) 20' 7""","13.60m (1.6) 44' 7.5""",,,,,,,,,,,,,,,,,,,,,,,,,,,,,,,,,,,,,,,,,,,,,,,,,,,,,,,,,,,,,,,,,,,,,,,,,,,,,,,,,,,,,,,,,,,,,,,,,,,,,,,,,,,,,,
9264659,Zach Extine,FLORIDA STATE,m,,,,,,,,,,,,,,,,,21.23 (2.1),,,,,,,7.62,,,,,,,,13.13 (0.1),,,,,,,,,,,,,,,,,,,,,,,,,,,,,,,,,,,,,,,,,,,,,,,,,,,,,,,,,,,,,,,,,,,,,,,,,,,,,,,,,,,,,,,,,,,,,,,,,,,,
8705550,Noah Carmichael,OHIO STATE,m,,,,,,,,,,,,,,,,,21.04 (2.4),33.82,45.70,,,,,,,,,,,,,,,,,,,,,,,,,,,,,,,,,,,,,,,,,,,,,,,,,,,,,,,,,,,,,,,,,,,,,,,,,,,,,,,,,,,,,,,,,,,,,,,,,,,,,,,,,,,,,,,,,
8996336,Candra King,IOWA STATE,f,,,,,,,,,,,,,,,,,,,,,,,,,,,,"14.44m 47' 4.5""",,,,,,"67.02m 219' 10""","20.62m 67' 8""",,,,,,,,,,,,,,,,,,,,,,,,,,,,,,,,,,,,,,,,,,,,,,,,,,,,,,,,,,,,,,,,,,,,,,,,,,,,,,,,,,,,,,,,,,,,,,,,,
9251350,Haley Duvall,UTAH,f,,,,,,,,,,,,,,,7.49,11.70 (3.0),24.38 (-0.1),,,,,,,,,,,,,,,,,,,,,,,,,,,,,,,,,,,,,,,,,,,,,,,,,,,,,,,,,,,,,,,,,,,,,,,,,,,,,,,,,,,,,,,,,,,,,,,,,,,,,,,,,,,,,,,,,,,
7731971,Malcolm Clemons,FLORIDA,,,,,,,,,,,,,,,,,,,,,,"8.22m 26' 11.75""","16.13m 52' 11""",,,,,,,,,,,,,,,,,,,,,,,,,,,,,,,,,,,,,,,,,,,,,,,,,,,,,,,,,,,,,,,,,,,,,,,,,,,,,,,,,,,,,,,,,,,,,,,,,,,,,,,,,,,,,,
9282234,Voldy Makabu,ILLINOIS STATE,m,,,,,,,,,,,,,,,,,,,,,,,,,,,"2.14m 7' 0.25""",,,,,,,,,,,,,,,,,,,,,,,,,,,,,,,,,,,,,,,,,,,,,,,,,,,,,,,,,,,,,,,,,,,,,,,,,,,,,,,,,,,,,,,,,,,,,,,,,,,,,,,,,
9009619,Aleksandr Solovev,TEXAS A&M,m,,,,,,,,,,,,,,,,,,,,,,,,,,,,"9.85m 32' 3.75""",,,"5.80m 19' 0.25""",,"20.90m 68' 7""",,,,,,,,,,,,,,,,,,,,,,,,,,,,,,,,,,,,,,,,,,,,,,,,,,,,,,,,,,,,,,,,,,,,,,,,,,,,,,,,,,,,,,,,,,,,,,,,,,,
9014928,Ryan Johnson,IOWA,m,,,,,,,,,,,,,,,,,,,,,,,,,,,,,,,,,,"77.64m 254' 9""","25.66m 84' 2.25""",,,,,,,,,,,,,,,,,,,,,,,,,,,,,,,,,,,,,,,,,,,,,,,,,,,,,,,,,,,,,,,,,,,,,,,,,,,,,,,,,,,,,,,,,,,,,,,,,
9249760,Chayla Rankin,INDIANA,f,,2:20.51,,,,,,,,,,,,,,,25.33 (3.1),,,"30.44m 99' 10""","5.60m (4.7) 18' 4.5""",,,8.98,14.61 (2.8),,"1.74m 5' 8.5""","9.30m 30' 6.25""",3694,5061,,,,,,,,,,,,,,,,,,,,,,,,,,,,,,,,,,,,,,,,,,,,,,,,,,,,,,,,,,,,,,,,,,,,,,,,,,,,,,,,,,,,,,,,,,,,,,,,,,,,,,
9006016,Mikaela Warr,SAN DIEGO ST.,f,,,,,,,,,,,,,,,7.45,11.55 (1.6),24.27 (0.8),,,,,,,,,,,,,,,,,,,,,,,,,,,,,,,,,,,,,,,,,,,,,,,,,,,,,,,,,,,,,,,,,,,,,,,,,,,,,,,,,,,,,,,,,,,,,,,,,,,,,,,,,,,,,,,,,,,
8713938,Ava Wheaton,SOUTH ALABAMA,f,,,,,,,,,,,,,,,,,,,,"47.51m 155' 10""","5.27m (1.2) 17' 3.5""",,,10.93,,,,,,,,,,,,,,,,,,,,,,,,,,,,,,,,,,,,,,,,,,,,,,,,,,,,,,,,,,,,,,,,,,,,,,,,,,,,,,,,,,,,,,,,,,,,,,,,,,,,,,,,,,,,
9199092,Amelia Wills,TENNESSEE,f,,,4:42.57,,20:22.8,,,,9:52.51,,,,9:16.58,,,,,,,,,,,,,,,,,,,,,,,,,,,,,,,,,,,,,,,,,,,,,,,,,,,,,,,,,,,,,,,,,,,,,,,,,,,,,,,,,,,,,,,,,,,,,,,,,,,,,,,,,,,,,,,,,,,,,,,
8675926,Cynteria James,SOUTH CAROLINA,f,,,,,,,,,,,,,,,7.29,11.01 (1.7),22.71 (1.1),38.66,57.20,,,,,,,,,,,,,,,,,,,,,,,,,,,,,,,,,,,,,,,,,,,,,,,,,,,,,,,,,,,,,,,,,,,,,,,,,,,,,,,,,,,,,,,,,,,,,,,,,,,,,,,,,,,,,,,,,
8678247,Spencer Young,NORTH CAROLINA,f,,,,,,,,,,,,,,,,,,,,"51.05m 167' 6""",,,,,,,,,,,,,,,,,,,,,,,,,,,,,,,,,,,,,,,,,,,,,,,,,,,,,,,,,,,,,,,,,,,,,,,,,,,,,,,,,,,,,,,,,,,,,,,,,,,,,,,,,,,,,,,,
8983972,Adam Hellbom,COLORADO ST.,m,,,,,,,,,,,,,,,,,,,,,,,,,,,,"15.46m 50' 8.75""",,,,,"58.48m 191' 10""","67.33m 220' 11""","20.98m 68' 10""",,,,,,,,,,,,,,,,,,,,,,,,,,,,,,,,,,,,,,,,,,,,,,,,,,,,,,,,,,,,,,,,,,,,,,,,,,,,,,,,,,,,,,,,,,,,,,,,,
8319608,Shanard Walker,BETHUNE-COOKMAN,m,,,,,,,,,,,,,,,6.81,10.37 (2.9),20.43 (3.0),33.45,45.73,,,,,,,,,,,,,,,,,,,,,,,,,,,,,,,,,,,,,,,,,,,,,,,,,,,,,,,,,,,,,,,,,,,,,,,,,,,,,,,,,,,,,,,,,,,,,,,,,,,,,,,,,,,,,,,,,
8253779,Drew Rogers,MISSOURI,m,,,4:00.33,14:48.1,18:14.8,,3:47.37,13:41.63,,22:54.1,29:45.1,,7:48.11,,,,,,,,,,28:14.27,,,,,,,,,,,,,,,,,,,,,,,,,,,,,25:34.9,,,,,,,,,,,,,,23:26.6,,,,,,,,,,,,,,,,,,,,,,,,,,,,,,,,,,,,,,,,,,,,,,,,,,,,,,,,,,,,,,,,,,
8678617,John Kendricks,OLE MISS,,,,,,,,,,,,,,,,,,,,,,,,,,,,,,,,"5.50m 18' 0.5""",,,,,,,,,,,,,,,,,,,,,,,,,,,,,,,,,,,,,,,,,,,,,,,,,,,,,,,,,,,,,,,,,,,,,,,,,,,,,,,,,,,,,,,,,,,,,,,,,,,,,
8708677,Tafadzwa Chikomba,KANSAS STATE,m,,,,,,,,,,,,,,,6.59,10.18 (3.4),,,,,"8.75m (3.2) 28' 8.5""","15.19m (-2.0) 49' 10""",,,,,,,,,,,,,,,,,,,,,,,,,,,,,,,,,,,,,,,,,,,,,,,,,,,,,,,,,,,,,,,,,,,,,,,,,,,,,,,,,,,,,,,,,,,,,,,,,,,,,,,,,,,,,,
8321724,Wisdom Williams,IOWA,f,,,,,,,,,,,,,,,,,,,,,,,,,,,,"16.65m 54' 7.5""",,,,,,"51.34m 168' 5""","18.41m 60' 5""",,,,,,,,,,,,,,,,,,,,,,,,,,,,,,,,,,,,,,,,,,,,,,,,,,,,,,,,,,,,,,,,,,,,,,,,,,,,,,,,,,,,,,,,,,,,,,,,,
8716393,Victor Ezike,CALIFORNIA,m,,,,,,,,,,,,,,,,,,,,,"7.11m (1.8) 23' 4""","14.37m (0.8) 47' 1.75""",,,,,"2.14m 7' 0.25""",,,,,,,,,,,,,,,,,,,,,,,,,,,,,,,,,,,,,,,,,,,,,,,,,,,,,,,,,,,,,,,,,,,,,,,,,,,,,,,,,,,,,,,,,,,,,,,,,,,,,,,,,
7980620,Andrew Krall,RUTGERS,m,,,,,,,,,,,,,,,,,,,,,,,,,,,,"14.70m 48' 2.75""",,,,,,"63.24m 207' 6""","20.03m 65' 8.75""",,,,,,,,,,,,,,,,,,,,,,,,,,,,,,,,,,,,,,,,,,,,,,,,,,,,,,,,,,,,,,,,,,,,,,,,,,,,,,,,,,,,,,,,,,,,,,,,,
9230706,Jordan Gross,IOWA,m,,,,,,,,,,,,,,,6.65,10.27 (2.1),20.46 (2.9),33.49,,,,,,,,,,,,,,,,,,,,,,,,,,,,,,,,,,,,,,,,,,,,,,,,,,,,,,,,,,,,,,,,,,,,,,,,,,,,,,,,,,,,,,,,,,,,,,,,,,,,,,,,,,,,,,,,,,
9360503,Adam Carter,TEXAS STATE,m,,,,,,,,,,,,,,,,,,,,,,,,,,,,"17.94m 58' 10.25""",,,,,"55.02m 180' 6""",,,,,,,,,,,,,,,,,,,,,,,,,,,,,,,,,,,,,,,,,,,,,,,,,,,,,,,,,,,,,,,,,,,,,,,,,,,,,,,,,,,,,,,,,,,,,,,,,,,
7383904,Sean Dolan,VILLANOVA,,,1:45.83,3:56.39,,18:36.8,,3:38.60,,,24:35.1,,2:20.89,,,,,,,,,,,,,,,,,,,,,,,,,,,,,,,,20:01.4,,,,,,,,,,,,,,,,,,,,,,,,,,,,,,,,,,,,,,,,,,,,,,,,,,,,,,,,,,,,,,,,,,,,,,,,,,,,,,,,,,,,,,,,
7491601,Samuel Bennett,TEXAS TECH,,,,,,,,,,,,,,,,6.94,,21.58,35.33,,,,,,7.66,,,,,,,,13.39 (2.4),,,,,,,,,,,,,,,,,,,,,,,,,,,,,,,,,,,,,,,,,,,,,,,,,,,,,,,,,,,,,,,,,,,,,,,,,,,,,,,,,,,,,,,,,,,,,,,,,,,,
8679285,Kendra Dye,CLEMSON,f,,,,,,,,,,,,,,,,,,,,,,,,,,,,"12.36m 40' 6.75""",,,,,"32.18m 105' 7""","63.03m 206' 9""","21.43m 70' 3.75""",,,,,,,,,,,,,,,,,,,,,,,,,,,,,,,,,,,,,,,,,,,,,,,,,,,,,,,,,,,,,,,,,,,,,,,,,,,,,,,,,,,,,,,,,,,,,,,,,
9013078,Rosemary Longisa,WASHINGTON ST.,f,,1:59.71,4:24.59,,,,4:02.55,,,,,2:38.26,8:55.81,,,,,,57.33,,,,,,,,,,,,,,,,,,,,,,,,,,,,,,,,,,,,,,,,,,,,,,,,,,,,,,,,,,,,,,,,,,,,,,,,,,,,,,,,,,,,,,,,,,,,,,,,,,,,,,,,,,,,,,,,,
6988192,Owayne Owens,VIRGINIA,,,,,,,,,,,,,,,,7.03,,,,49.68,,"7.59m (0.6) 24' 11""","16.69m 54' 9.25""",,,,,,,,,,,,,,,,,,,,,,,,,,,,,,,,,,,,,,,,,,,,,,,,,,,,,,,,,,,,,,,,,,,,,,,,,,,,,,,,,,,,,,,,,,,,,,,,,,,,,,,,,,,,,,
9000654,Markus White,LIBERTY,m,,,,,,,,,,,,,,,6.95,,,,,,"7.88m (1.6) 25' 10.25""","15.53m 50' 11.5""",,,,,,,,,,,,,,,,,,,,,,,,,,,,,,,,,,,,,,,,,,,,,,,,,,,,,,,,,,,,,,,,,,,,,,,,,,,,,,,,,,,,,,,,,,,,,,,,,,,,,,,,,,,,,,
8974333,Jalen Johnson,CLEMSON,m,,,,,,,,,,,,,,,6.74,10.10 (3.0),20.29 (2.4),33.37,,,,,,,,,,,,,,,,,,,,,,,,,,,,,,,,,,,,,,,,,,,,,,,,,,,,,,,,,,,,,,,,,,,,,,,,,,,,,,,,,,,,,,,,,,,,,,,,,,,,,,,,,,,,,,,,,,
9251096,Nabil Tezkratt,VIRGINIA TECH,m,,,,,,,,,,,,,,,,10.69 (-0.1),20.81 (2.2),33.88,45.79,,,,,,,,,,,,,,,,,,,,,,,,,,,,,,,,,,,,,,,,,,,,,,,,,,,,,,,,,,,,,,,,,,,,,,,,,,,,,,,,,,,,,,,,,,,,,,,,,,,,,,,,,,,,,,,,,
9254294,Llyric Driscoll,RUTGERS,f,,,,,,,,,,,,,,,,,25.02 (-0.8),,,,"6.07m (2.8) 19' 11""","12.82m (0.8) 42' 0.75""",,8.47,13.54 (1.6),,,,,,,,,,,,,,,,,,,,,,,,,,,,,,,,,,,,,,,,,,,,,,,,,,,,,,,,,,,,,,,,,,,,,,,,,,,,,,,,,,,,,,,,,,,,,,,,,,,,,,,,,,,
6993731,Rylee Anderson,KANSAS,,,,,,,,,,,,,,,,,,,,,,,,,,,,"1.90m 6' 2.75""",,,,,,,,,,,,,,,,,,,,,,,,,,,,,,,,,,,,,,,,,,,,,,,,,,,,,,,,,,,,,,,,,,,,,,,,,,,,,,,,,,,,,,,,,,,,,,,,,,,,,,,,,
8019061,Brianna Charles,HAMPTON,f,,,,,,,,,,,,,,,7.38,11.49 (3.0),23.10 (1.2),39.10,56.04,,,,,,,,,,,,,,,,,,,,,,,,,,,,,,,,,,,,,,,,,,,,,,,,,,,,,,,,,,,,,,,,,,,,,,,,,,,,,,,,,,,,,,,,,,,,,,,,,,,,,,,,,,,,,,,,,
8473803,Mckyla Van Der Westhuizen,RICE,f,,,,,,,,,,,,,,,,,,,,"60.29m 197' 10""",,,,,,,,,,,,,,,,,,,,,,,,,,,,,,,,,,,,,,,,,,,,,,,,,,,,,,,,,,,,,,,,,,,,,,,,,,,,,,,,,,,,,,,,,,,,,,,,,,,,,,,,,,,,,,,,
9279505,Samuel Rodman,VIRGINIA,m,,1:46.29,,,,,,,,,,,,,,,,,48.63,,,,,,,,,,,,,,,,,,,,,,,,,,,,,,,,,,,,,,,,,,,,,,,,,,,,,,,,,,,,,,,,,,,,,,,,,,,,,,,,,,,,,,,,,,,,,,,,,,,,,,,,,,,,,,,,,
8328293,Traunard Folson,TENNESSEE,m,,,,,,,,,,,,,,,6.49,9.93 (4.1),20.23 (0.5),,,,,,,,,,,,,,,,,,,,,,,,,,,,,,,,,,,,,,,,,,,,,,,,,,,,,,,,,,,,,,,,,,,,,,,,,,,,,,,,,,,,,,,,,,,,,,,,,,,,,,,,,,,,,,,,,,,
8005941,Lane Graham,AKRON,m,,,,,,,,,,,,,,,,,,,,,,,,,,,,"17.57m 57' 7.75""",,,,,"44.36m 145' 6""","67.12m 220' 2""","20.81m 68' 3.25""",,,,,,,,,,,,,,,,,,,,,,,,,,,,,,,,,,,,,,,,,,,,,,,,,,,,,,,,,,,,,,,,,,,,,,,,,,,,,,,,,,,,,,,,,,,,,,,,,
9018321,Mihajlo Katanic,TEXAS STATE,m,,,,,,,,,,,,,,,,,21.74 (3.1),,48.18,,,,,8.43,,50.48,,,,,,,,,,,,,,,1:10.52,,,,,,,,,,,,,,,,,,,,,,,,,,,,,,,,,,,,,,,,,,,,,,,,,,,,,,,,,,,,,,,,,,,,,,,,,,,,,,,,,,,,,,,,,,,
7487690,Skylar Ciccolini,MISSOURI,f,,,,,,,,,,,,,,,,,,,,"57.45m 188' 6""",,,,,,,,,,,,,,,,,,,,,,,,,,,,,,,,,,,,,,,,,,,,,,,,,,,,,,,,,,,,,,,,,,,,,,,,,,,,,,,,,,,,,,,,,,,,,,,,,,,,,,,,,,,,,,,,
8581908,Tilly O'Connor,VILLANOVA,f,,2:11.81,4:37.55,17:42.4,19:41.8,17:25.2,4:14.22,15:42.69,,,,2:53.35,9:01.27,,,,,,,,,,,,,,,,,,,,,,,,,,,,,,,,,,,,,,,,,,,,,,,,,,,,,,,,,,,,,,,,,,,,,,,,,,,,,,,,,,,,,,,,,,,,,,,,,,,,,,,,,,,,,,,,,,,,,,,
8895785,Skye Petrie-Cameron,PENN STATE,f,,,,,,,,,,,,,,,,,,,,,,,,,,,,"16.68m 54' 8.75""",,,,,,,,,,,,,,,,,,,,,,,,,,,,,,,,,,,,,,,,,,,,,,,,,,,,,,,,,,,,,,,,,,,,,,,,,,,,,,,,,,,,,,,,,,,,,,,,,,,,,,,,
8364380,Kylee Davis,UC DAVIS,f,,,,,,,,,,,,,,,7.69,11.86 (0.4),,,,,"6.26m (+0.0) 20' 6.5""",,,,,,"1.69m 5' 6.5""",,,,,,,,,,,,,,,,,,,,,,,,,,,,,,,,,,,,,,,,,,,,,,,,,,,,,,,,,,,,,,,,,,,,,,,,,,,,,,,,,,,,,,,,,,,,,,,,,,,,,,,,,
9361129,Rocklan Boisseau,INDIANA,m,,,,,,,,,,,,,,,,,,,,"65.44m 214' 8""",,,,,,,,,,,,,,,,,,,,,,,,,,,,,,,,,,,,,,,,,,,,,,,,,,,,,,,,,,,,,,,,,,,,,,,,,,,,,,,,,,,,,,,,,,,,,,,,,,,,,,,,,,,,,,,,
9016411,Valentina Savva,CALIFORNIA,f,,,,,,,,,,,,,,,,,,,,,,,,,,,,,,,,,,"69.68m 228' 7""","21.08m 69' 2""",,,,,,,,,,,,,,,,,,,,,,,,,,,,,,,,,,,,,,,,,,,,,,,,,,,,,,,,,,,,,,,,,,,,,,,,,,,,,,,,,,,,,,,,,,,,,,,,,
9237581,Bailey Goggans,DUKE,f,1:29.35,2:01.34,,,,,4:30.60,,,,,2:49.49,,,,,,,54.88,,,,,,,,,,,,,,,,,,,1:13.82,,,1:21.09,,,,,,,,,,,,,,,,,,,,,,,,,,,,,,,,,,,,,,,,,,,,,,,,,,,,,,,,,,,,,,,,,,,,,,,,,,,,,,,,,,,,,,,,,,,
9254040,Kieran Barnewall,INDIANA STATE,m,,,,,,,,,,,,,,,,,,,,,,,,7.91,,,,,,,,13.80 (3.3),,,,,,,,,,,,,,,,,,,,,,,,,,,,,,,,,,,,,,,,,,,,,,,,,,,,,,,,,,,,,,,,,,,,,,,,,,,,,,,,,,,,,,,,,,,,,,,,,,,,
8324121,Katie Gelston,OREGON STATE,f,,,,,,,,,,,,,,,,,,,,,,,,,,,,"11.50m 37' 8.75""",,,,,"54.53m 178' 11""",,"16.07m 52' 8.75""",,,,,,,,,,,,,,,,,,,,,,,,,,,,,,,,,,,,,,,,,,,,,,,,,,,,,,,,,,,,,,,,,,,,,,,,,,,,,,,,,,,,,,,,,,,,,,,,,
8234613,Aniya Mosley,OHIO STATE,f,1:28.35,2:00.80,4:28.30,18:04.0,19:38.4,,4:08.54,,,,,2:42.87,,,,,,,,,,,,,,,,,,,,,,,,,,,,,,,,,17:34.6,,,,,,,,,,,,,,,,,,,,,,,,,,,,,,,,,,,,,,,,,,,,,,,,,,,,,,,,,,,,,,,,,,,,,,,,,,,,,,,,,,,,,,,
7995475,Abigail Weening,GEORGE MASON,f,1:48.79,2:18.24,,,,,,,,,,,,,,,25.00 (1.2),,,"36.20m 118' 9""","5.86m (0.7) 19' 2.75""",,,8.73,13.90 (1.6),,"1.82m 5' 11.5""","11.36m 37' 3.25""",3687,5622,,,,,,,,,,,,,,,,,,,,,,,,,,,,,,,,,,,,,,,,,,,,,,,,,,,,,,,,,,,,,,,,,,,,,,,,,,,,,,,,,,,,,,,,,,,,,,,,,,,,,,
7989006,Lilian Turban,HAWAII,f,,,,,,,,,,,,,,,,,28.95 (-1.0),,,"48.12m 157' 10""",,,,,,,"1.87m 6' 1.5""","15.02m 49' 3.5""",,,,,,,,,,,,,,,,,,,,,,,,,,,,,,,,,,,,,,,,,,,,,,,,,,,,,,,,,,,,,,,,,,,,,,,,,,,,,,,,,,,,,,,,,,,,,,,,,,,,,,,,
8716147,Estel Valeanu,LSU,,,,,,,,,,,,,,,,,,,,,,,,,,,,,"16.02m 52' 6.75""",,,,,"57.53m 188' 9""","57.34m 188' 1""",,,,,,,,,,,,,,,,,,,,,,,,,,,,,,,,,,,,,,,,,,,,,,,,,,,,,,,,,,,,,,,,,,,,,,,,,,,,,,,,,,,,,,,,,,,,,,,,,,
8974364,Shanque Williams,CLEMSON,f,1:33.90,,,,,,,,,,,,,,,,23.36 (1.6),37.67,51.49,,,,,,,,,,,,,,,,,,,,,,,,,,,,,,,,,,,,,,,,,,,,,,,,,,,,,,,,,,,,,,,,,,,,,,,,,,,,,,,,,,,,,,,,,,,,,,,,,,,,,,,,,,,,,,,,,
8968347,Grace Ryan,HOLY CROSS,f,,,,,,,,,,,,,,,,,,,,"46.95m 154' 0""",,,,,,,,,,,,,,,,,,,,,,,,,,,,,,,,,,,,,,,,,,,,,,,,,,,,,,,,,,,,,,,,,,,,,,,,,,,,,,,,,,,,,,,,,,,,,,,,,,,,,,,,,,,,,,,,
8363279,Ainsley Erzen,ARKANSAS,f,1:28.83,2:02.46,4:44.37,,,,4:19.69,,,,,2:43.68,,,,,,,56.06,,,,,,,,,,,,,,,,,,,,,,,,,,,,,,,,,,,,,,,,,,,,,,,,,,,,,,,,,,,,,,,,,,,,,,,,,,,,,,,,,,,,,,,,,,,,,,,,,,,,,,,,,,,,,,,,,
6537001,Marguerite Lorenzo,CORNELL,,,2:27.92,,,,,,,,,,,,,,,,43.93,,,"4.76m 15' 7.5""",,,10.02,,,"1.84m 6' 0.5""","9.54m 31' 3.75""",3168,,,,,,,,,,,,,,,,,,,,,,,,,,,,,,,,,,,,,,,,,,,,,,,,,,,,,,,,,,,,,,,,,,,,,,,,,,,,,,,,,,,,,,,,,,,,,,,,,,,,,,,
7986520,Lianna Davidson,GEORGIA,,,,,,,,,,,,,,,,,,,,,"63.79m 209' 3""",,,,,,,,,,,,,,,,,,,,,,,,,,,,,,,,,,,,,,,,,,,,,,,,,,,,,,,,,,,,,,,,,,,,,,,,,,,,,,,,,,,,,,,,,,,,,,,,,,,,,,,,,,,,,,,,
8687562,Sophie Haag,MIAMI (FLA.),f,,,,,,,,,,,,,,,7.45,11.51 (0.2),23.74 (1.9),,,,,,,,,,,,,,,,,,,,,,,,,,,,,,,,,,,,,,,,,,,,,,,,,,,,,,,,,,,,,,,,,,,,,,,,,,,,,,,,,,,,,,,,,,,,,,,,,,,,,,,,,,,,,,,,,,,
9010253,Eva Ngom,NEW MEXICO,f,,,,,,,,,,,,,,,,11.88 (1.6),23.63 (1.7),38.10,51.83,,,,,,,,,,,,,,,,,,,,,,,,,,,,,,,,,,,,,,,,,,,,,,,,,,,,,,,,,,,,,,,,,,,,,,,,,,,,,,,,,,,,,,,,,,,,,,,,,,,,,,,,,,,,,,,,,
9253855,Ashton Hearn,OLE MISS,m,,,,,,,,,,,,,,,,,,,,,,,,,,,,"18.37m 60' 3.25""",,,,,"58.12m 190' 8""",,,,,,,,,,,,,,,,,,,,,,,,,,,,,,,,,,,,,,,,,,,,,,,,,,,,,,,,,,,,,,,,,,,,,,,,,,,,,,,,,,,,,,,,,,,,,,,,,,,
9171588,D'Angelo Brown,INDIANA,m,1:18.08,1:47.57,,,,,3:55.35,,,,,,,,,,,,,,,,,,,,,,,,,,,,,,,,,,,,,,,,,,,,,,,,,,,,,,,,,,,,,,,,,,,,,,,,,,,,,,,,,,,,,,,,,,,,,,,,,,,,,,,,,,,,,,,,,,,,,,,,,,,,,
9009137,William Achee,NORTHWESTERN ST.,m,,,,,,,,,,,,,,,,,20.69 (2.0),,45.19,,,,,,,,,,,,,,,,,,,,,,,,,,,,,,,,,,,,,,,,,,,,,,,,,,,,,,,,,,,,,,,,,,,,,,,,,,,,,,,,,,,,,,,,,,,,,,,,,,,,,,,,,,,,,,,,,
9257400,Rachel Whyte,TROY,f,,,,,,,,,,,,,,,7.50,11.64 (2.8),24.05 (-0.2),38.57,52.56,,,,,,,,,,,,,,,,,,,,,,,,,,,,,,,,,,,,,,,,,,,,,,,,,,,,,,,,,,,,,,,,,,,,,,,,,,,,,,,,,,,,,,,,,,,,,,,,,,,,,,,,,,,,,,,,,
8739311,Vincent Chirchir,NEW MEXICO,m,,,4:11.50,14:36.2,,,3:52.36,13:31.75,,22:56.2,28:52.8,,7:55.66,,,,,,,,,,28:00.39,,,,,,,,,,,,,,,,,,,,,,,,,,,,,,,,,,,,,,,,,,,,,,,,,,,,,,,,,,,,,,,,,,,,,,,,,,,,,,,,,,,,,,,,,,,,,,,,,,,,,,,,,,,,,
7977923,Tyus Wilson,NEBRASKA,,,,,,,,,,,,,,,,,,,,,,,,,,,,"2.29m 7' 6""",,,,,,,,,,,,,,,,,,,,,,,,,,,,,,,,,,,,,,,,,,,,,,,,,,,,,,,,,,,,,,,,,,,,,,,,,,,,,,,,,,,,,,,,,,,,,,,,,,,,,,,,,
8656084,Cole Wilson,HIGH POINT,m,,,,,,,4:35.59,,,,,2:43.12,,,7.09,10.84 (1.7),22.37 (2.0),,49.58,"53.48m 175' 5""","7.31m 23' 11.75""",,,8.17,,,"2.04m 6' 8.25""","15.15m 49' 8.5""",,5815,"5.12m 16' 9.5""",14.61 (1.1),"44.32m 145' 5""",,,7777,,,,,,,,,,,,,,,,,,,,,,,,,,,,,,,,,,,,,,,,,,,,,,,,,,,,,,,,,,,,,,,,,,,,,,,,,,,,,,,,,,,,,,,,,,,,,,,,
9016407,Lucija Leko,CALIFORNIA,f,,,,,,,,,,,,,,,,,,,,,,,,,,,,"17.10m 56' 1.25""",,,,,"56.85m 186' 6""",,,,,,,,,,,,,,,,,,,,,,,,,,,,,,,,,,,,,,,,,,,,,,,,,,,,,,,,,,,,,,,,,,,,,,,,,,,,,,,,,,,,,,,,,,,,,,,,,,,
9272021,Demar Coleman,ARIZONA STATE,m,,,,,,,,,,,,,,,6.87,10.59 (1.1),21.06 (1.7),33.36,,,,,,,,,,,,,,,,,,,,,,,,,,,,,,,,,,,,,,,,,,,,,,,,,,,,,,,,,,,,,,,,,,,,,,,,,,,,,,,,,,,,,,,,,,,,,,,,,,,,,,,,,,,,,,,,,,
7729053,Rhema Otabor,NEBRASKA,,,,,,,,,,,,,,,,,,,,,"64.19m 210' 7""",,,,,,,,"10.39m 34' 1.25""",,,,,"38.30m 125' 8""",,,,,,,,,,,,,,,,,,,,,,,,,,,,,,,,,,,,,,,,,,,,,,,,,,,,,,,,,,,,,,,,,,,,,,,,,,,,,,,,,,,,,,,,,,,,,,,,,,,
8334971,Jeremy Nelson,SOUTH CAROLINA,,,,,,,,,,,,,,,,,,,,,,"7.35m (1.1) 24' 1.5""","16.12m (1.2) 52' 10.75""",,,,,,,,,,,,,,,,,,,,,,,,,,,,,,,,,,,,,,,,,,,,,,,,,,,,,,,,,,,,,,,,,,,,,,,,,,,,,,,,,,,,,,,,,,,,,,,,,,,,,,,,,,,,,,
7487901,Emmanuel Bynum,TENNESSEE,,,,,,,,,,,,,,,,6.82,,20.51 (1.7),32.83,44.49,,,,,,,,,,,,,,,,,,,,,,,,,,,,,,,,,,,,,,,,,,,,,,,,,,,,,,,,,,,,,,,,,,,,,,,,,,,,,,,,,,,,,,,,,,,,,,,,,,,,,,,,,,,,,,,,,
6586020,Debbie Ajagbe,MIAMI (FLA.),,,,,,,,,,,,,,,,,,,,,,,,,,,,,"16.80m 55' 1.5""",,,,,"58.42m 191' 8""","66.59m 218' 6""","22.55m 73' 11.75""",,,,,,,,,,,,,,,,,,,,,,,,,,,,,,,,,,,,,,,,,,,,,,,,,,,,,,,,,,,,,,,,,,,,,,,,,,,,,,,,,,,,,,,,,,,,,,,,,
9273630,Ja'Shaun Lloyd,TEXAS STATE,m,,,,,,,,,,,,,,,6.60,10.19 (2.5),20.67 (0.6),,,,,,,7.69,,51.36,,,,,,13.28 (-0.2),,,,,,,,,,,,,,,,,,,,,,,,,,,,,,,,,,,,,,,,,,,,,,,,,,,,,,,,,,,,,,,,,,,,,,,,,,,,,,,,,,,,,,,,,,,,,,,,,,,,
8896916,Henry Dover,OKLAHOMA STATE,m,,,4:07.05,16:16.4,,,3:45.11,13:36.29,,25:34.6,,2:26.42,7:52.52,,,,,,,,,,,,,,,,,,,,,,,,,,,,,,,,,,,,,,,,,,,,,,,,,,,,,,,,,,,,,,,,,,,,,,,,,,,,,,,,,,,,,,,,,,,,,,,,,,,,,,,,,,,,,,,,,,,,,,,
8361878,Tyriq Brunn,SAM HOUSTON,m,,,,,,,,,,,,,,,6.72,10.09 (5.1),20.61 (2.1),,,,,,,,,,,,,,,,,,,,,,,,,,,,,,,,,,,,,,,,,,,,,,,,,,,,,,,,,,,,,,,,,,,,,,,,,,,,,,,,,,,,,,,,,,,,,,,,,,,,,,,,,,,,,,,,,,,
8978582,Franco Parra Ramon,PRINCETON,m,,,4:09.88,,,,3:52.87,,8:48.55,,,2:29.54,8:35.79,,,,,,,,,,,,,,,,,,,,,,,,,,,,,,,,,,,,,,,,,,,,,,,,,,,,,,,,,,,,,,,,,,,,,,,,,,,,,,,,,,,,,,,,,,,,,,,,,,,,,,,,,,,,,,,,,,,,,,,
7989010,Jessica Mackenzie,UC SANTA BARBARA,f,,2:31.18,,,,,,,,,,,,,,12.38 (0.7),25.43 (1.2),,,"47.36m 155' 4""","5.98m (+0.0) 19' 7.5""",,,8.66,13.81 (1.9),,"1.59m 5' 2.5""","13.25m 43' 5.75""",3682,5512,,,"38.32m 125' 9""",,,,,,,,,,,,,,,,,,,,,,,,,,,,,,,,,,,,,,,,,,,,,,,,,,,,,,,,,,,,,,,,,,,,,,,,,,,,,,,,,,,,,,,,,,,,,,,,,,,
8003641,Jaimie Robinson,OHIO STATE,,,,,,,,,,,,,,,,7.81,12.02 (3.7),,,,,"6.04m (0.9) 19' 9.75""","13.60m (-0.8) 44' 7.5""",,,,,,,,,,,,,,,,,,,,,,,,,,,,,,,,,,,,,,,,,,,,,,,,,,,,,,,,,,,,,,,,,,,,,,,,,,,,,,,,,,,,,,,,,,,,,,,,,,,,,,,,,,,,,,
8273674,Ben Scheller,AIR FORCE,m,,,4:00.63,,,,3:42.13,,,25:01.6,,,8:35.11,,,,,,,,,,,,,,,,,,,,,,,,26:13.2,,,,,,,,,,,,,,,,,,,,,,,,,,,,,,,,,,,,,,,,,,,,,,,,,,,,,,,,,,,,,,,,,,,,,,,,,,,,,,,,,,,,,,,,,,,,,,,
8986662,Lauren St. Peters,NEBRASKA,f,,,,,,,,,,,,,,,,,,,,,,,,,,,,"15.41m 50' 6.75""",,,,,"53.20m 174' 6""","54.56m 179' 0""","18.94m 62' 1.75""",,,,,,,,,,,,,,,,,,,,,,,,,,,,,,,,,,,,,,,,,,,,,,,,,,,,,,,,,,,,,,,,,,,,,,,,,,,,,,,,,,,,,,,,,,,,,,,,,
8972025,Jamison Scott,NAVY,m,,,,,,,4:42.41,,,,,2:48.07,,,7.33,11.06 (1.1),,36.45,50.40,"50.28m 164' 11""","7.16m (0.8) 23' 6""",,,8.52,,56.38,"1.91m 6' 3.25""","12.81m 42' 0.5""",,5044,"4.23m 13' 10.5""",14.56 (0.6),"37.56m 123' 3""",,,7179,,,,,,,,,,,,,,,,,,,,,,,,,,,,,,,,,,,,,,,,,,,,,,,,,,,,,,,,,,,,,,,,,,,,,,,,,,,,,,,,,,,,,,,,,,,,,,,,
7904774,Allison Johnson,PENN STATE,f,1:30.91,2:02.84,4:37.44,17:43.8,21:17.2,,4:17.15,,,,,2:43.05,,,,,,,58.05,,,,,,,,,,,,,,,,,,,,,,,,,,,,,,,,,,,,14:14.0,,,,,,,,,,,,,,,,,,,,,,,,,,,,,,,,,,,,,,,,,,,,,,,,,,,,,,,,,,,,,,,,,,,,,,,,,,,,,
7988601,Mariam Buenanueva-Saleme,LAMAR,f,,2:17.27,,,,,,,,,,,,,,,24.42,,,"38.33m 125' 9""","5.92m (1.5) 19' 5.25""",,,8.74,14.18 (0.2),,"1.68m 5' 6""","12.08m 39' 7.75""",3791,5679,,,,,,,,,,,,,,,,,,,,,,,,,,,,,,,,,,,,,,,,,,,,,,,,,,,,,,,,,,,,,,,,,,,,,,,,,,,,,,,,,,,,,,,,,,,,,,,,,,,,,,
8913865,Jasmine Wood,NEW MEXICO,f,,2:04.81,4:42.28,,19:43.7,,4:15.19,15:51.07,,,,,8:59.77,,,,,,,,,,33:48.59,,,,,,,,,,,,,,,,,,,,,,,,,,,,,,,,,,,,,,,,,,,,,,,,,,,,,,,,,,,,,,,,,,,,,,,,,,,,,,,,,,,,,,,,,,,,,,,,,,,,,,,,,,,,,
9253793,Alicia Burnett,OLE MISS,f,,,,,,,,,,,,,,,7.08,10.94 (3.7),23.18 (1.8),,54.85,,,,,,,,,,,,,,,,,,,,,,,,,,,,,,,,,,,,,,,,,,,,,,,,,,,,,,,,,,,,,,,,,,,,,,,,,,,,,,,,,,,,,,,,,,,,,,,,,,,,,,,,,,,,,,,,,
8678656,Davenae Fagan,CINCINNATI,f,,,,,,,,,,,,,,,7.58,11.47 (2.1),23.14 (1.5),37.95,51.65,,,,,,,,,,,,,,,,,,,,,,,,,,,,,,,,,,,,,,,,,,,,,,,,,,,,,,,,,,,,,,,,,,,,,,,,,,,,,,,,,,,,,,,,,,,,,,,,,,,,,,,,,,,,,,,,,
8936382,Katie Bohlke,VIRGINIA TECH,f,,2:09.14,4:35.81,,19:53.6,,4:14.40,15:31.85,,,,2:45.64,8:55.32,,,,,,,,,,,,,,,,,,,,,,,,,,,,,,,,,,,,,,,,,,14:16.3,,,,,,,,,,,,,,,,,,,,,,,,,,,,,,,,,,,,,,,,,,,,,,,,,,,,,,,,,,,,,,,,,,,,,,,,,,,,,
8324567,Jacob Englar,WASHINGTON,,,,,,,,,,,,,,,,,,,,,,,,,,,,,,,,"5.60m 18' 4.5""",,,,,,,,,,,,,,,,,,,,,,,,,,,,,,,,,,,,,,,,,,,,,,,,,,,,,,,,,,,,,,,,,,,,,,,,,,,,,,,,,,,,,,,,,,,,,,,,,,,,,
8983319,Annika Kelly,VIRGINIA,,,,,,,,,,,,,,,,,,,,,,,,,,,,,,,,,,,"64.94m 213' 1""",,,,,,,,,,,,,,,,,,,,,,,,,,,,,,,,,,,,,,,,,,,,,,,,,,,,,,,,,,,,,,,,,,,,,,,,,,,,,,,,,,,,,,,,,,,,,,,,,,
9261898,Genelle Stephens,UCF,f,,,,,,,,,,,,,,,,,24.39 (3.1),39.42,54.33,,,,,,,57.54,,,,,,,,,,,,1:16.48,,,,,,,,,,,,,,,,,,,,,,,,,,,,,,,,,,,,,,,,,,,,,,,,,,,,,,,,,,,,,,,,,,,,,,,,,,,,,,,,,,,,,,,,,,,,,,
9281635,Rafiatu Nuhu,LSU,f,1:32.92,,,,,,,,,,,,,,,,23.50 (6.6),,52.90,,,,,,,,,,,,,,,,,,,,,,,,,,,,,,,,,,,,,,,,,,,,,,,,,,,,,,,,,,,,,,,,,,,,,,,,,,,,,,,,,,,,,,,,,,,,,,,,,,,,,,,,,,,,,,,,,
8714496,Myles Thomas,LSU,m,,,,,,,,,,,,,,,6.59,10.04 (0.6),20.97 (-0.2),,,,,,,,,,,,,,,,,,,,,,,,,,,,,,,,,,,,,,,,,,,,,,,,,,,,,,,,,,,,,,,,,,,,,,,,,,,,,,,,,,,,,,,,,,,,,,,,,,,,,,,,,,,,,,,,,,,
8269500,Assaf Harari,SYRACUSE,m,,,4:08.67,,,,3:43.63,13:39.10,,22:55.0,29:12.2,,7:57.76,,,,,,,,,,28:23.69,,,,,,,,,,,,,,,,,,,,,,,,,,,,,24:56.0,,,,,,,,,,,,,,,,,,,,,,,,,,,,,,,,,,,,,,,,,,,,,,,,,,,,,,,,,,,,,,,,,,,,,,,,,,,,,,,,
8364545,Jasmine Montgomery,TEXAS A&M,f,,,,,,,,,,,,,,,7.27,11.02 (0.2),22.17 (3.5),37.42,,,,,,,,,,,,,,,,,,,,,,,,,,,,,,,,,,,,,,,,,,,,,,,,,,,,,,,,,,,,,,,,,,,,,,,,,,,,,,,,,,,,,,,,,,,,,,,,,,,,,,,,,,,,,,,,,,
8896296,Jack Henzke,NOTRE DAME,m,,,3:58.99,,18:01.7,,,,8:45.61,24:20.8,,,8:02.78,,,,,,,,,,,,,,,,,,,,,,,,,,,,,,,,,,,,,,,,,,,,,,,,,,,,,,,,,,,,,,,,,,,,,,,,,,,,,,,,,,,,,,,,,,,,,,,,,,,,,,,,,,,,,,,,,,,,,,,
8988410,Twaneise Johnson,UCF,f,,,,,,,,,,,,,,,,12.24 (-0.7),23.62 (1.2),38.04,52.22,,,,,,,,,,,,,,,,,,,,,,1:23.07,,,,,,,,,,,,,,,,,,,,,,,,,,,,,,,,,,,,,,,,,,,,,,,,,,,,,,,,,,,,,,,,,,,,,,,,,,,,,,,,,,,,,,,,,,,
6909381,Aurora Rynda,MICHIGAN,,1:26.50,2:01.35,,17:59.6,21:55.3,,4:17.77,,,,,,,,,,,,56.11,,,,,,,,,,,,,,,,,,,,,,,,,,,,,,,,,,,,,,,,,,,,,,,,,,,,,,,,,,,,,,,,,,,,,,,,,,,,,,,,,,,,,,,,,,,,,,,,,,,,,,,,,,,,,,,,,
8259509,Cade Flatt,OLE MISS,m,1:16.71,1:48.85,,,,,,,,,,,,,,,,,48.21,,,,,,,,,,,,,,,,,,,,,,,,,,,,,,,,,,,,,,,,,,,,,,,,,,,,,,,,,,,,,,,,,,,,,,,,,,,,,,,,,,,,,,,,,,,,,,,,,,,,,,,,,,,,,,,,,
8357225,Tapenisa Havea,ARIZONA,f,,,,,,,,,,,,,,,,,,,,,,,,,,,,"17.22m 56' 6""",,,,,"56.46m 185' 3""","52.10m 170' 11""","19.20m 63' 0""",,,,,,,,,,,,,,,,,,,,,,,,,,,,,,,,,,,,,,,,,,,,,,,,,,,,,,,,,,,,,,,,,,,,,,,,,,,,,,,,,,,,,,,,,,,,,,,,,
8688394,Peyton Wilson,IOWA,f,,,,,,,,,,,,,,,,,,,,,,,,,,,,"12.79m 41' 11.5""",,,,,,"60.95m 200' 0""","18.51m 60' 8.75""",,,,,,,,,,,,,,,,,,,,,,,,,,,,,,,,,,,,,,,,,,,,,,,,,,,,,,,,,,,,,,,,,,,,,,,,,,,,,,,,,,,,,,,,,,,,,,,,,
9274376,Jack Dillen,KENT STATE,m,,,,,,,4:37.98,,,,,2:46.05,,,7.03,11.03 (1.7),21.83 (1.1),,48.96,"40.16m 131' 9""","6.77m 22' 2.5""",,,8.11,,,"1.91m 6' 3.25""","10.66m 34' 11.75""",,5213,"4.72m 15' 5.75""",14.52 (+0.0),"32.35m 106' 2""",,,6899,,,,,,,,,,,,,,,,,,,,,,,,,,,,,,,,,,,,,,,,,,,,,,,,,,,,,,,,,,,,,,,,,,,,,,,,,,,,,,,,,,,,,,,,,,,,,,,,
6543213,Clayton Fritsch,SAM HOUSTON,,,,,,,,,,,,,,,,,,,,,,,,,,,,,,,,"5.80m 19' 0.25""",,,,,,,,,,,,,,,,,,,,,,,,,,,,,,,,,,,,,,,,,,,,,,,,,,,,,,,,,,,,,,,,,,,,,,,,,,,,,,,,,,,,,,,,,,,,,,,,,,,,,
7930047,Faith Bender,OHIO STATE,,,,,,,,,,,,,,,,,,,,,,,,,,,,,"15.72m 51' 7""",,,,,"61.13m 200' 7""","42.69m 140' 1""","14.18m 46' 6.25""",,,,,,,,,,,,,,,,,,,,,,,,,,,,,,,,,,,,,,,,,,,,,,,,,,,,,,,,,,,,,,,,,,,,,,,,,,,,,,,,,,,,,,,,,,,,,,,,,
9231044,Josephine Flynt,IOWA,f,,,,,,,,,,,,,,,,,,,,,,,,,,,,,,,,,,"60.79m 199' 5""",,,,,,,,,,,,,,,,,,,,,,,,,,,,,,,,,,,,,,,,,,,,,,,,,,,,,,,,,,,,,,,,,,,,,,,,,,,,,,,,,,,,,,,,,,,,,,,,,,
8987862,Jaden Marchan,GEORGETOWN,,1:16.59,,,,,,,,,,,,,,,,,,44.79,,,,,,,,,,,,,,,,,,,1:00.62,,,,,,,,,,,,,,,,,,,,,,,,,,,,,,,,,,,,,,,,,,,,,,,,,,,,,,,,,,,,,,,,,,,,,,,,,,,,,,,,,,,,,,,,,,,,,,
7480790,Luke Houser,WASHINGTON,,,1:49.75,3:51.73,,,,3:37.51,13:43.33,,22:51.8,28:38.0,2:25.70,7:40.40,,,,,,,,,,,,,,,,,,,,,,,,,,,,,,,20:33.4,,,,,,,,,,,,,,,,,,,,,,,,,,,,,,,,,,,,,,,,,,,,,,,,,,,,,,,,,,,,,,,,,,,,,,,,,,,,,,,,,,,,,,,,
8278829,Jackson Shorten,PRINCETON,m,,,4:02.10,,17:15.2,,3:46.32,13:49.83,8:26.75,23:20.5,29:36.9,2:26.36,7:57.61,,,,,,,,,,,,,,,,,,,,,,,,,,,,,,,,,,,,,,,,,,,,,6:04.43,,,,,,,,,,,,16:40.8,,,,,,,,,,,,,,,,,,,,,,,,,,,,,,,,,,,,,,,,,,,,,,,,,,,,,,,,,,,,,,
8327609,Noah Harman,CORNELL,m,,,,,,,,,,,,,,,,,,,,,,,,,,,,"18.00m 59' 0.75""",,,,,,"46.91m 153' 11""","15.33m 50' 3.5""",,,,,,,,,,,,,,,,,,,,,,,,,,,,,,,,,,,,,,,,,,,,,,,,,,,,,,,,,,,,,,,,,,,,,,,,,,,,,,,,,,,,,,,,,,,,,,,,,
9244847,Mouatez Sikiou,ALABAMA,m,1:17.54,,,,,,,,,,,,,,,,20.85 (-0.1),,45.53,,,,,,,,,,,,,,,,,,,,,,,,,,,,,,,,,,,,,,,,,,,,,,,,,,,,,,,,,,,,,,,,,,,,,,,,,,,,,,,,,,,,,,,,,,,,,,,,,,,,,,,,,,,,,,,,,
8973726,Addie Pendergast,STANFORD,f,,,,,,,,,,,,,,,,,24.72,,54.79,,,,,,,57.58,,,,,,,,,,,,,,,,,,,,,,,,,,,,,,,,,,,,,,,,,,,,,,,,,,,,,,,,,,,,,,,,,,,,,,,,,,,,,,,,,,,,,,,,,,,,,,,,,,,,,,,,,,
8669155,Jasmine Dereje,UAB,f,,,,,,,,,,,,,,,,,24.35 (2.5),41.20,56.14,,,,,9.39,14.78 (3.0),58.34,,,,,,,,,,,,1:18.85,,,,,,,,,,,,,,,,,,,,,,,,,,,,,,,,,,,,,,,,,,,,,,,,,,,,,,,,,,,,,,,,,,,,,,,,,,,,,,,,,,,,,,,,,,,,,,
8242191,Briley Bickerstaff,NC STATE,f,,,4:51.53,17:10.9,20:19.6,,4:27.62,15:53.58,,,,,9:25.41,,,,,,,,,,33:19.10,,,,,,,,,,,,,,,,,,,,,,,,,,,,,,,,,,,,,,,,,,,,,,,,,,,,,,,,,,,,,,,,,,,,,,,,,,,,,,,,,,,,,,,,,,,,,,,,,,,,,,,,,,,,,
9240107,Robert Stitts Jr.,SOUTH CAROLINA,m,,,,,,,,,,,,,,,6.72,10.19 (4.1),20.65 (1.6),33.94,,,,,,,,,,,,,,,,,,,,,,,,,,,,,,,,,,,,,,,,,,,,,,,,,,,,,,,,,,,,,,,,,,,,,,,,,,,,,,,,,,,,,,,,,,,,,,,,,,,,,,,,,,,,,,,,,,
8341826,James Crawford,CSUN,m,,,,,,,,,,,,,,,6.71,10.07 (2.9),20.64 (2.1),,50.15,,,,,,,,,,,,,,,,,,,,,,,,,,,,,,,,,,,,,,,,,,,,,,,,,,,,,,,,,,,,,,,,,,,,,,,,,,,,,,,,,,,,,,,,,,,,,,,,,,,,,,,,,,,,,,,,,
9013652,Grayson Venezia,SOUTH ALABAMA,m,,,,,,,,,,,,,,,,,,,,,,,,,,,,,,,"5.20m 17' 0.75""",,,,,,,,,,,,,,,,,,,,,,,,,,,,,,,,,,,,,,,,,,,,,,,,,,,,,,,,,,,,,,,,,,,,,,,,,,,,,,,,,,,,,,,,,,,,,,,,,,,,,
8982733,Leonie Troeger,WASHINGTON,f,,,,,,,,,,,,,,,,,,,,"50.63m 166' 1""",,,,,,,,,,,,,,,,,,,,,,,,,,,,,,,,,,,,,,,,,,,,,,,,,,,,,,,,,,,,,,,,,,,,,,,,,,,,,,,,,,,,,,,,,,,,,,,,,,,,,,,,,,,,,,,,
8705546,Nick Biega,OHIO STATE,m,,,,,,,,,,,,,,,6.76,10.33 (2.8),20.36 (3.2),33.51,,,,,,,,,,,,,,,,,,,,,,,,,,,,,,,,,,,,,,,,,,,,,,,,,,,,,,,,,,,,,,,,,,,,,,,,,,,,,,,,,,,,,,,,,,,,,,,,,,,,,,,,,,,,,,,,,,
7698078,Emma Eastman,SYRACUSE,f,,,4:47.53,17:36.4,20:08.4,,4:19.78,16:02.83,,,,,9:15.76,,,,,,,,,,32:47.21,,,,,,,,,,,,,,,,,,,,,,,,,,,,,,,,,,17:20.3,,,,,,,,,,,,,,14:13.84,,,,,,,,,,,,,,,,,,,,,,,,,,,,,,,,,,,,,,,,,,,,,,,,,,,,,,,,,,,,,
8338513,Kole Becker,IOWA STATE,m,,,,,,,4:50.95,,,,,2:41.69,,,7.20,11.07 (2.3),,,50.23,"58.43m 191' 8""","7.17m 23' 6.25""",,,8.17,,,"1.92m 6' 3.5""","13.88m 45' 6.5""",,5451,"4.70m 15' 5""",15.03 (1.2),"48.62m 159' 6""",,,7414,,,,,,,,,,,,,,,,,,,,,,,,,,,,,,,,,,,,,,,,,,,,,,,,,,,,,,,,,,,,,,,,,,,,,,,,,,,,,,,,,,,,,,,,,,,,,,,,
9166125,Oluwatosin Awoleye,USC,f,1:30.17,2:02.21,,,,,4:21.16,,,,,,,,,,,,,,,,,,,,,,,,,,,,,,,,,,,,,,,,,,,,,,,,,,,,,,,,,,,,,,,,,,,,,,,,,,,,,,,,,,,,,,,,,,,,,,,,,,,,,,,,,,,,,,,,,,,,,,,,,,,,,
8709973,Reheem Hayles,FLORIDA,,,,,,,,,,,,,,,,,,20.71 (+0.0),,44.81,"49.32m 161' 10""",,,,,,,,,,,,,,,,,,1:02.26,,,,,,,,,,,,,,,,,,,,,,,,,,,,,,,,,,,,,,,,,,,,,,,,,,,,,,,,,,,,,,,,,,,,,,,,,,,,,,,,,,,,,,,,,,,,,,
8973233,Thomas Westphal,MICHIGAN STATE,m,,,,,,,3:44.65,13:42.99,,,,,7:52.18,,,,,,,,,,,,,,,,,,,,,,,,,,,,,,,,,,,,,,,,,,,,,,,,,,,,,,,,,,,,,,,,,,,,,,,,,,,,,,,,,,,,,,,,,,,,,,,,,,,,,,,,,,,,,,,,,,,,,,,
8916763,Terrance Allen,AIR FORCE,m,,1:53.67,4:05.43,,,,3:41.93,14:11.79,8:40.45,23:24.7,29:55.0,,8:14.78,,,,,,,,,,,,,,,,,,,,,,,,,,,,,,,,,,,,,,,,,,,,,,,,,,,,,,,,,,,,,,,,,,,,,,,,,,,,,,,,,,,,,,,,,,,,,,,,,,,,,,,,,,,,,,,,,,,,,,,
8671420,Seren Rodgers,WAKE FOREST,f,,2:16.16,,,,,,,,,,,,,7.86,,24.88 (1.6),41.21,,"34.54m 113' 4""","6.06m 19' 10.75""",,,8.63,13.89 (3.5),,"1.65m 5' 5""","11.68m 38' 4""",3989,5575,,,,,,,,,,,,,,,,,,,,,,,,,,,,,,,,,,,,,,,,,,,,,,,,,,,,,,,,,,,,,,,,,,,,,,,,,,,,,,,,,,,,,,,,,,,,,,,,,,,,,,
8680435,Ava Alexander,NEBRASKA,f,,,,,,,,,,,,,,,,,,39.90,55.68,,,"12.40m (-1.4) 40' 8.25""",,,,59.37,,,,,,,,,,,,,,,,,,,,,,,,,,,,,,,,,,,,,,,,,,,,,,,,,,,,,,,,,,,,,,,,,,,,,,,,,,,,,,,,,,,,,,,,,,,,,,,,,,,,,,,,,,
9012106,Justin Braun,FLORIDA,m,,,,,,,,,,,,,,,,,20.56 (1.6),,43.99,,,,,,,,,,,,,,,,,,,,,,,,,,,,,,,,,,,,,,,,,,,,,,,,,,,,,,,,,,,,,,,,,,,,,,,,,,,,,,,,,,,,,,,,,,,,,,,,,,,,,,,,,,,,,,,,,
9245169,Jordan Henderson,CHARLOTTE,f,,,,,,,,,,,,,,,7.87,,24.32 (-0.2),39.50,,,,,,8.58,13.31 (-0.7),1:03.25,,,,,,,,,,,,,,,,,,,,,,,,,,,,,,,,,,,,,,,,,,,,,,,,,,,,,,,,,,,,,,,,,,,,,,,,,,,,,,,,,,,,,,,,,,,,,,,,,,,,,,,,,,
8339928,Kendall Ford,TENNESSEE,f,,,,,,,,,,,,,,,,,,,,,,,,,,,,,,,"4.20m 13' 9.25""",,,,,,,,,,,,,,,,,,,,,,,,,,,,,,,,,,,,,,,,,,,,,,,,,,,,,,,,,,,,,,,,,,,,,,,,,,,,,,,,,,,,,,,,,,,,,,,,,,,,,
8687870,Brayden Dahl,BYU,m,,,,,,,,,,,,,,,6.83,,21.18 (3.7),33.85,46.80,,,,,,,50.32,,,,,,,,,,,,1:06.39,,,,,,,,,6.34,,,,,,,,,,,,,,,,,,,,,,,,,,,,,,,,,,,,,,,,,,,,,,,,,,,,,,,,,,,,,,,,,,,,,,,,,,,,,,,,,,,,,
7491617,Estel Valeanu,HARVARD,,,,,,,,,,,,,,,,,,,,,,,,,,,,,"16.01m 52' 6.5""",,,,,"58.25m 191' 1""","57.20m 187' 8""","19.97m 65' 6.25""",,,,,,,,,,,,,,,,,,,,,,,,,,,,,,,,,,,,,,,,,,,,,,,,,,,,,,,,,,,,,,,,,,,,,,,,,,,,,,,,,,,,,,,,,,,,,,,,,
8322667,Jonathan Kumer,WILLIAM & MARY,m,,1:47.52,4:15.06,,,,3:52.82,,,26:47.0,,2:26.25,,,,,,,49.90,,,,,,,,,,,,,,,,,,,1:03.65,,,,,,,,,,,,,,,,,,,,,,,,,,,,,,,,,,,,,,,,,,,,,,,,,,,,,,,,,,,,,,,,,,,,,,,,,,,,,,,,,,,,,,,,,,,,,,
7983333,Devin Loudermilk,KANSAS STATE,,,,,,,,,,,,,,,,,,,,,,,,,,,,"2.26m 7' 5""",,,,,,,,,,,,,,,,,,,,,,,,,,,,,,,,,,,,,,,,,,,,,,,,,,,,,,,,,,,,,,,,,,,,,,,,,,,,,,,,,,,,,,,,,,,,,,,,,,,,,,,,,
7893952,Nick Medeiros,GEORGETOWN,m,1:17.40,1:46.83,,,,,,,,,,,,,,,22.72 (2.4),,49.31,,,,,,,,,,,,,,,,,,,1:04.73,,,,,,,,,,,,,,,,,,,,,,,,,,,,,,,,,,,,,,,,,,,,,,,,,,,,,,,,,,,,,,,,,,,,,,,,,,,,,,,,,,,,,,,,,,,,,,
7978394,Emil Uhlin,KANSAS STATE,m,,,,,,,4:22.46,,,,,2:38.67,,,7.17,10.78 (4.7),,,48.85,"57.89m 189' 11""","6.99m (+0.0) 22' 11.25""",,,8.26,,,"2.07m 6' 9.5""","14.58m 47' 10""",,5710,"5.20m 17' 0.75""",14.62 (4.7),"46.47m 152' 5""",,,7859,,,,,,,,,,,,,,,,,,,,,,,,,,,,,,,,,,,,,,,,,,,,,,,,,,,,,,,,,,,,,,,,,,,,,,,,,,,,,,,,,,,,,,,,,,,,,,,,
8899837,Charlotte Tomkinson,GEORGETOWN,f,1:29.36,2:01.56,4:31.76,17:14.1,19:48.5,,4:10.74,,,,,2:42.03,9:08.58,,,,,,,,,,,,,,,,,,,,,,,,,,,,,,,,,,,,,,,,,,13:32.4,,,,,,,,,,,,,,,,,,,,,,,,,,,,,,,,,,,,,,,,,,,,,,,,,,,,,,,,,,,,,,,,,,,,,,,,,,,,,
6455158,Jenna Magness,MICHIGAN STATE,,,2:24.31,4:41.31,,19:42.1,,4:16.89,15:26.21,,,,,9:05.62,,,,,,,,,,32:59.96,,,,,,,,,,,,,,,,,,,,,,,,,,,,,,,,,,,,,,,,,,,,,,,,,,,,,,,,,,,,,,,,,,,,,,,,,,,,,,,,,,,,,,,,,,,,,,,,,,,,,,,,,,,,,
8315001,Annalies Kalma,NEVADA,f,1:30.93,2:09.71,,,,,,,,,,,,,,12.14 (0.8),23.18 (1.7),37.08,51.81,,,,,,,,,,,,,,,,,,,,,,,,,,,,,,,,,,,,,,,,,,,,,,,,,,,,,,,,,,,,,,,,,,,,,,,,,,,,,,,,,,,,,,,,,,,,,,,,,,,,,,,,,,,,,,,,,
6999280,Kaia Harris,PURDUE,,,,,,,,,,,,,,,,,,,,,,,,,,,,,,,,,,"56.53m 185' 5""","52.89m 173' 6""","15.91m 52' 2.5""",,,,,,,,,,,,,,,,,,,,,,,,,,,,,,,,,,,,,,,,,,,,,,,,,,,,,,,,,,,,,,,,,,,,,,,,,,,,,,,,,,,,,,,,,,,,,,,,,
9000357,Janay Moorer,MIAMI (FLA.),f,,,,,,,,,,,,,,,,,23.86 (2.8),38.10,54.07,,,,,,,,,,,,,,,,,,,,,,,,,,,,,,,,,,,,,,,,,,,,,,,,,,,,,,,,,,,,,,,,,,,,,,,,,,,,,,,,,,,,,,,,,,,,,,,,,,,,,,,,,,,,,,,,,
8971432,Daniel Duncan,RUTGERS,m,,,,,,,,,,,,,,,6.84,10.24 (3.5),20.91 (1.1),,,,,,,,,,,,,,,,,,,,,,,,,,,,,,,,,,,,,,,,,,,,,,,,,,,,,,,,,,,,,,,,,,,,,,,,,,,,,,,,,,,,,,,,,,,,,,,,,,,,,,,,,,,,,,,,,,,
9253052,Brett Jones,TENNESSEE,f,,,,,,,,,,,,,,,,,,,,"54.29m 178' 1""",,,,,,,,,,,,,,,,,,,,,,,,,,,,,,,,,,,,,,,,,,,,,,,,,,,,,,,,,,,,,,,,,,,,,,,,,,,,,,,,,,,,,,,,,,,,,,,,,,,,,,,,,,,,,,,,
9237257,Jailyn Milord,PENN,f,,,,,,,,,,,,,,,,11.65 (1.9),23.65,39.18,52.83,,,,,,,,,,,,,,,,,,,,,,,,,,,,,,,,,,,,,,,,,,,,,,,,,,,,,,,,,,,,,,,,,,,,,,,,,,,,,,,,,,,,,,,,,,,,,,,,,,,,,,,,,,,,,,,,,
7738478,Hallee Mohr,HAWAII,,,,,,,,,,,,,,,,,,,,,,,,,,,,,"14.31m 46' 11.5""",,,,,"58.25m 191' 1""","51.61m 169' 4""","17.44m 57' 2.75""",,,,,,,,,,,,,,,,,,,,,,,,,,,,,,,,,,,,,,,,,,,,,,,,,,,,,,,,,,,,,,,,,,,,,,,,,,,,,,,,,,,,,,,,,,,,,,,,,
8361654,Aiden Pastorian,CAL POLY,m,,,,,,,,,,,,,,,,,,,,,,,,,,,,"18.49m 60' 8""",,,,,,,,,,,,,,,,,,,,,,,,,,,,,,,,,,,,,,,,,,,,,,,,,,,,,,,,,,,,,,,,,,,,,,,,,,,,,,,,,,,,,,,,,,,,,,,,,,,,,,,,
8023472,Ames Burton,MISSOURI,f,,,,,,,,,,,,,,,,,,,,,,,,,,,,"14.07m 46' 2""",,,,,"54.79m 179' 9""","46.57m 152' 9""","18.46m 60' 6.75""",,,,,,,,,,,,,,,,,,,,,,,,,,,,,,,,,,,,,,,,,,,,,,,,,,,,,,,,,,,,,,,,,,,,,,,,,,,,,,,,,,,,,,,,,,,,,,,,,
7491616,Stephanie Ratcliffe,GEORGIA,,,,,,,,,,,,,,,,,,,,,,,,,,,,,"12.70m 41' 8""",,,,,,"73.63m 241' 7""","21.88m 71' 9.5""",,,,,,,,,,,,,,,,,,,,,,,,,,,,,,,,,,,,,,,,,,,,,,,,,,,,,,,,,,,,,,,,,,,,,,,,,,,,,,,,,,,,,,,,,,,,,,,,,
9252707,Brooks Robson,UALBANY,m,,,,,,,,,,,,,,,,,,,,,"7.47m (2.7) 24' 6.25""","15.48m (3.3) 50' 9.5""",,,,,,,,,,,,,,,,,,,,,,,,,,,,,,,,,,,,,,,,,,,,,,,,,,,,,,,,,,,,,,,,,,,,,,,,,,,,,,,,,,,,,,,,,,,,,,,,,,,,,,,,,,,,,,
8739214,Thobias Cheruiyot,OKLAHOMA,m,,,,14:57.2,,,3:52.30,13:51.73,,22:34.4,29:18.5,,8:04.85,,,,,,,,,,28:27.14,,,,,,,,,,,,,,,,,,,,,,,,,,,,,,,,,,,,,,,,,,,,,,,,,,,,,,,,,,,,,,,,,,,,,,,,,,,,,,,,,,,,,,,,,,,,,,,,,,,,,,,,,,,,,
7487687,Euphenie Andre,MISSOURI,,,,,,,,,,,,,,,,8.18,,,,,,"5.17m (-0.8) 16' 11.5""","13.55m 44' 5.5""",,,,,,,,,,,,,,,,,,,,,,,,,,,,,,,,,,,,,,,,,,,,,,,,,,,,,,,,,,,,,,,,,,,,,,,,,,,,,,,,,,,,,,,,,,,,,,,,,,,,,,,,,,,,,,
8676188,Sean Dixon,TEXAS TECH,m,,,,,,,,,,,,,,,,,21.45 (0.9),,47.50,,,,,,,49.54,,,,,,,,,,,,,,,,,,,,,,,,,,,,,,,,,,,,,,,,,,,,,,,,,,,,,,,,,,,,,,,,,,,,,,,,,,,,,,,,,,,,,,,,,,,,,,,,,,,,,,,,,,
8134939,Mark Porter,FLORIDA,,,,,,,,,,,,,,,,,,,,,"71.52m 234' 8""",,,,,,,,,,,,,,,,,,,,,,,,,,,,,,,,,,,,,,,,,,,,,,,,,,,,,,,,,,,,,,,,,,,,,,,,,,,,,,,,,,,,,,,,,,,,,,,,,,,,,,,,,,,,,,,,
6569704,Isaiah Levingston,OKLAHOMA,,,,,,,,,,,,,,,,6.93,,,,46.21,,,,,7.80,,48.49,,,,,,14.23 (2.3),,,,,,,,,1:08.18,,,,,,,,,,,,,,,,,,,,,,,,,,,,,,,,,,,,,,,,,,,,,,,,,,,,,,,,,,,,,,,,,,,,,,,,,,,,,,,,,,,,,,,,,,,
7540568,Melissa Jefferson,COASTAL CAROLINA,,,,,,,,,,,,,,,,7.09,10.88 (1.5),22.46 (1.8),,58.14,,,,,,,,,,,,,,,,,,,,,,,,,,,,,,,,,,,,,,,,,,,,,,,,,,,,,,,,,,,,,,,,,,,,,,,,,,,,,,,,,,,,,,,,,,,,,,,,,,,,,,,,,,,,,,,,,
8323098,Harry Barton,TENNESSEE,m,,,,,,,,,,,,,,,7.08,,21.68,33.23,46.47,,"6.65m 21' 10""",,,8.36,,49.87,,,,,,,,,,,,,,,,,,,,,,,,,,,,,,,,,,,,,,,,,,,,,,,,,,,,,,,,,,,,,,,,,,,,,,,,,,,,,,,,,,,,,,,,,,,,,,,,,,,,,,,,,,
9012412,Trevor Rogers,CALIFORNIA,m,,,,,,,,,,,,,,,7.00,,21.66,,,,"7.76m (1.7) 25' 5.5""",,,,,,,,,,,,,,,,,,,,,,,,,,,,,,,,,,,,,,,,,,,,,,,,,,,,,,,,,,,,,,,,,,,,,,,,,,,,,,,,,,,,,,,,,,,,,,,,,,,,,,,,,,,,,,,
8368619,Dajaz Defrand,USC,f,,,,,,,,,,,,,,,7.09,10.88 (2.8),22.20 (0.9),38.74,,,,,,,,,,,,,,,,,,,,,,,,,,,,,,,,,,,,,,,,,,,,,,,,,,,,,,,,,,,,,,,,,,,,,,,,,,,,,,,,,,,,,,,,,,,,,,,,,,,,,,,,,,,,,,,,,,
7981163,Elle Adrian,MICHIGAN STATE,f,,,,,,,,,,,,,,,,,,,,,,,,,,,,,,,,,,"61.20m 200' 9""","22.50m 73' 10""",,,,,,,,,,,,,,,,,,,,,,,,,,,,,,,,,,,,,,,,,,,,,,,,,,,,,,,,,,,,,,,,,,,,,,,,,,,,,,,,,,,,,,,,,,,,,,,,,
9231045,Lovisa Ulvenstam,IOWA,f,,,,,,,,,,,,,,,,12.13 (0.5),24.44 (1.4),,,,"6.21m (-1.1) 20' 4.5""","12.67m (3.2) 41' 7""",,,,,,,,,,,,,,,,,,,,,,,,,,,,,,,,,,,,,,,,,,,,,,,,,,,,,,,,,,,,,,,,,,,,,,,,,,,,,,,,,,,,,,,,,,,,,,,,,,,,,,,,,,,,,,
7404684,Olivia Markezich,NOTRE DAME,,,,4:27.76,16:17.9,19:10.0,,4:15.76,15:23.14,9:17.36,,,,8:40.42,,,,,,,,,,,,,,,,,,,,,,,,,,,,,,,,,,,,,,,,,,,,,,,,,,,,,,,,,,,,,,,,,,,,,,,,,,,,,,,,,,,,,,,,,,,,,,,,,,,,,,,,,,,,,,,,,,,,,,,
8363956,Alexis Cain,UT-ARLINGTON,f,,,,,,,,,,,,,,,7.72,11.57 (2.9),23.46 (0.7),,52.53,,,,,,,,,,,,,,,,,,,,,,,,,,,,,,,,,,,,,,,,,,,,,,,,,,,,,,,,,,,,,,,,,,,,,,,,,,,,,,,,,,,,,,,,,,,,,,,,,,,,,,,,,,,,,,,,,
8336019,Emma Yungeberg,MICHIGAN,,,,,,,,,,,,,,,,,,,,,"53.08m 174' 2""",,,,,,,,,,,,,,,"15.88m 52' 1.25""",,,,,,,,,,,,,,,,,,,,,,,,,,,,,,,,,,,,,,,,,,,,,,,,,,,,,,,,,,,,,,,,,,,,,,,,,,,,,,,,,,,,,,,,,,,,,,,,,
8278828,Connor Mccormick,PRINCETON,m,,1:47.91,3:54.35,,18:55.2,,3:36.47,14:18.52,,23:14.9,30:21.6,2:21.67,,,,,,,50.12,,,,,,,,,,,,,,,,,,,,,,,,,,,,,,,,,,,,,,,,,,,,,,,,,,,16:44.2,,,,,,,,,,,,,,,,,,,,,,,,,,,,,,,,,,,,,,,,,,,,,,,,,,,,,,,,,,,,,,
8977764,Keyandre Davis,VIRGINIA,,,,,,,,,,,,,,,,,,,,,,,,,,,,,,,,,,"49.15m 161' 3""","67.12m 220' 2""","23.04m 75' 7.25""",,,,,,,,,,,,,,,,,,,,,,,,,,,,,,,,,,,,,,,,,,,,,,,,,,,,,,,,,,,,,,,,,,,,,,,,,,,,,,,,,,,,,,,,,,,,,,,,,
6476140,Casey Clinger,BYU,,,,3:57.13,,,,3:38.16,13:13.46,,21:59.4,28:08.4,,7:41.05,,,,,,,,,,28:01.67,,,,,,,,,,,,,,,,,,,,,19:29.4,,,,,,,,,,,,,,,,,,,,,,,,,,,,,,,,,,,,,,,,,,,,,,,,,,,,,,,,,,,,,,,,,,,,,,,,,,,,,,,,,,,,,,,,
8924306,Romaro Knight,CINCINNATI,m,,,,,,,,,,,,,,,,,,34.65,48.77,,,,,8.08,,51.65,,,,,,14.37 (1.5),,,,,,,,,,,,,,,,,,,,,,,,,,,,,,,,,,,,,,,,,,,,,,,,,,,,,,,,,,,,,,,,,,,,,,,,,,,,,,,,,,,,,,,,,,,,,,,,,,,,
8327608,Ryder King,CORNELL,m,,,,,,,,,,,,,,,,,22.20,34.94,50.20,,,,,7.90,,50.72,,,,,,13.85 (0.9),,,,,,1:05.47,,,,,,,,,,,,,,,,,,,,,,,,,,,,,,,,,,,,,,,,,,,,,,,,,,,,,,,,,,,,,,,,,,,,,,,,,,,,,,,,,,,,,,,,,,,,,,
6547986,Claire Seymour,BYU,,,2:00.04,,,,,4:16.12,,,,,,,,,,,,53.69,,,,,,,,,,,,,,,,,,,1:14.82,,,,,,,,,,,,,,,,,,,,,,,,,,,,,,,,,,,,,,,,,,,,,,,,,,,,,,,,,,,,,,,,,,,,,,,,,,,,,,,,,,,,,,,,,,,,,,
8674336,Matthew Malcolm,ULM,m,1:23.64,2:10.02,,,,,,,,,,,,,7.23,,21.78 (2.0),,48.34,,,,,,,50.48,,,,,,,,,,,,,,,,,,,,,,,,,,,,,,,,,,,,,,,,,,,,,,,,,,,,,,,,,,,,,,,,,,,,,,,,,,,,,,,,,,,,,,,,,,,,,,,,,,,,,,,,,,
7797902,Dj Jonsson,MISS STATE,,,,,,,,,,,,,,,,,,,,,"78.66m 258' 1""",,,,,,,,,,,,,,,,,,,,,,,,,,,,,,,,,,,,,,,,,,,,,,,,,,,,,,,,,,,,,,,,,,,,,,,,,,,,,,,,,,,,,,,,,,,,,,,,,,,,,,,,,,,,,,,,
9244846,Isaiah Patrick,ALABAMA,m,,,,,,,,,,,,,,,,,,,,,,,,7.78,,,,,,,,13.90 (1.6),,,,,,,,,,,,,,,,,,,,,,,,,,,,,,,,,,,,,,,,,,,,,,,,,,,,,,,,,,,,,,,,,,,,,,,,,,,,,,,,,,,,,,,,,,,,,,,,,,,,
8242190,Hannah Gapes,NC STATE,f,,,4:35.54,16:01.8,18:51.3,,4:11.37,15:38.62,,,,,8:48.96,,,,,,,,,,,,,,,,,,,,,,,,,,,,,,,,,,,,,,,,,,,,,,,,,,,,,,,,,,,,,,,,,,,,,,,,,,,,,,,,,,,,,,,,,,,,,,,,,,,,,,,,,,,,,,,,,,,,,,,
8705547,Nazzio John,OHIO STATE,m,,,,,,,,,,,,,,,6.62,9.90 (5.6),20.23 (7.5),,,,,,,,,,,,,,,,,,,,,,,,,,,,,,,,,,,,,,,,,,,,,,,,,,,,,,,,,,,,,,,,,,,,,,,,,,,,,,,,,,,,,,,,,,,,,,,,,,,,,,,,,,,,,,,,,,,
9240413,Anthony Liakhnovich,PRINCETON,m,,,,,,,,,,,,,,,,,,,,,,,,,,,,"17.82m 58' 5.75""",,,,,"54.04m 177' 3""",,"16.89m 55' 5""",,,,,,,,,,,,,,,,,,,,,,,,,,,,,,,,,,,,,,,,,,,,,,,,,,,,,,,,,,,,,,,,,,,,,,,,,,,,,,,,,,,,,,,,,,,,,,,,,
9359550,Sannae Hassnaoui,EAST TEXAS A&M,f,,2:04.60,,,,,4:15.69,,,,,,,,,,,,,,,,,,,,,,,,,,,,,,,,,,,,,,,,,,,,,,,,,,,,,,,,,,,,,,,,,,,,,,,,,,,,,,,,,,,,,,,,,,,,,,,,,,,,,,,,,,,,,,,,,,,,,,,,,,,,,
9237484,Alessandra Forgione,UMASS LOWELL,f,,,,,,,,,,,,,,,,,,,,"46.44m 152' 4""",,,,,,,,"11.68m 38' 4""",,,,,"37.39m 122' 8""",,,,,,,,,,,,,,,,,,,,,,,,,,,,,,,,,,,,,,,,,,,,,,,,,,,,,,,,,,,,,,,,,,,,,,,,,,,,,,,,,,,,,,,,,,,,,,,,,,,
8916762,Saketh Rudraraju,AIR FORCE,m,,,4:06.61,,,,3:45.10,13:54.37,,23:27.6,30:58.6,,8:02.26,,,,,,,,,,,,,,,,,,,,,,,,,,,,,,,,,,,,,,,,,,,,,,,,,,,,,,,,,,,,,,,,,,,,,,,,,,,,,,,,,,,,,,,,,,,,,,,,,,,,,,,,,,,,,,,,,,,,,,,
8319832,Alexis Brown,SOUTH CAROLINA,f,,,,,,,,,,,,,,,7.18,10.93 (1.8),22.35 (1.8),,,,"5.71m 18' 9""",,,,,,,,,,,,,,,,,,,,,,,,,,,,,,,,,,,,,,,,,,,,,,,,,,,,,,,,,,,,,,,,,,,,,,,,,,,,,,,,,,,,,,,,,,,,,,,,,,,,,,,,,,,,,,,
9168614,Laurine Marimon,WESTERN MICHIGAN,f,,,,,,,,,,,,,,,,,27.62 (-0.4),,,,"5.79m (0.5) 19' 0""","13.16m (2.8) 43' 2.25""",,,,,,,,,,,,,,,,,,,,,,,,,,,,,,,,,,,,,,,,,,,,,,,,,,,,,,,,,,,,,,,,,,,,,,,,,,,,,,,,,,,,,,,,,,,,,,,,,,,,,,,,,,,,,,
9066138,Edna Chelulei,EASTERN KENTUCKY,f,,,,,,,4:16.84,15:05.16,,,,,8:52.79,,,,,,,,,,31:33.57,,,,,,,,,,,,,,,,,,,,,,,,,,,,,,,,,,,,,,,,,,,,,,,,,,,,,,,,,,,,,,,,,,,,,,,,,,,,,,,,,,,,,,,,,,,,,,,,,,,,,,,,,,,,,
8901273,Elkana Kipruto,WICHITA STATE,m,,,4:03.86,,18:41.5,,3:44.85,13:35.77,,22:29.5,28:57.0,,7:55.32,,,,,,,,,,28:09.21,,,,,,,,,,,,,,,,,,,,,,,,,,,,,,,,,,,,,,,,,,,,,,,,,,,,,,,,,,,,,,,,,,,,,,,,,,,,,,,,,,,,,,,,,,,,,,,,,,,,,,,,,,,,,
9281634,Zoe Peacock,LSU,f,,,,,,,,,,,,,,,,,,,,,,,,,,,"1.81m 5' 11.25""",,,,,,,,,,,,,,,,,,,,,,,,,,,,,,,,,,,,,,,,,,,,,,,,,,,,,,,,,,,,,,,,,,,,,,,,,,,,,,,,,,,,,,,,,,,,,,,,,,,,,,,,,
8982509,Gannon Traymore,BINGHAMTON,m,,,,,,,,,,,,,,,,,,,,,,,,,,,,,,,,,,"65.57m 215' 1""","16.40m 53' 9.75""",,,,,,,,,,,,,,,,,,,,,,,,,,,,,,,,,,,,,,,,,,,,,,,,,,,,,,,,,,,,,,,,,,,,,,,,,,,,,,,,,,,,,,,,,,,,,,,,,
8714497,Jahiem Stern,LSU,,,,,,,,,,,,,,,,,10.39 (3.3),,,,,,,,7.55,,,,,,,,13.29 (1.1),,,,,,,,,,,,,,,,,,,,,,,,,,,,,,,,,,,,,,,,,,,,,,,,,,,,,,,,,,,,,,,,,,,,,,,,,,,,,,,,,,,,,,,,,,,,,,,,,,,,
8339138,Jaydon Hibbert,ARKANSAS,,,,,,,,,,,,,,,,,,,,,,,"17.87m (1.3) 58' 7.5""",,,,,,,,,,,,,,,,,,,,,,,,,,,,,,,,,,,,,,,,,,,,,,,,,,,,,,,,,,,,,,,,,,,,,,,,,,,,,,,,,,,,,,,,,,,,,,,,,,,,,,,,,,,,,,
7978268,Toren Burr,UMBC,m,,,,,,,,,,,,,,,,,,,,"66.85m 219' 4""",,,,,,,,,,,,,,"56.63m 185' 9""","18.41m 60' 5""",,,,,,,,,,,,,,,,,,,,,,,,,,,,,,,,,,,,,,,,,,,,,,,,,,,,,,,,,,,,,,,,,,,,,,,,,,,,,,,,,,,,,,,,,,,,,,,,,
8357224,Emma Gates,ARIZONA,f,,,,,,,,,,,,,,,,11.97 (-0.5),,,,,,,,,,,"1.90m 6' 2.75""",,,,,,,,,,,,,,,,,,,,,,,,,,,,,,,,,,,,,,,,,,,,,,,,,,,,,,,,,,,,,,,,,,,,,,,,,,,,,,,,,,,,,,,,,,,,,,,,,,,,,,,,,
8585458,Hunter Jones,WAKE FOREST,m,,,4:04.43,,,,3:47.42,13:48.86,8:46.86,23:25.9,30:01.8,,8:06.34,,,,,,51.69,,,,29:09.37,,,,,,,,,,,,,,,,,,,,,,,,,,,,,,,,,,,,,,,,,,,,,,,,,,,,,,,,,,,,,,,,,,,,,,,,,,,,,,,,,,,,,,,,,,,,,,,,,,,,,,,,,,,,,
6999405,Eric Edwards Jr.,LSU,,,,,,,,,,,,,,,,6.76,10.55 (1.0),21.78 (2.9),,,,,,,7.58,,,,,,,,13.15 (+0.0),,,,,,,,,,,,,,,,,,,,,,,,,,,,,,,,,,,,,,,,,,,,,,,,,,,,,,,,,,,,,,,,,,,,,,,,,,,,,,,,,,,,,,,,,,,,,,,,,,,,
7540246,Zach Mcwhorter,DUKE,,,,,,,,,,,,,,,,,,,,,,,,,,,,,,,,"5.85m 19' 2.25""",,,,,,,,,,,,,,,,,,,,,,,,,,,,,,,,,,,,,,,,,,,,,,,,,,,,,,,,,,,,,,,,,,,,,,,,,,,,,,,,,,,,,,,,,,,,,,,,,,,,,
8354721,Charlize James,SAN DIEGO ST.,f,,,,,,,,,,,,,,,7.71,,24.27,,,,,,,8.23,13.05 (1.3),,,,,,,,,,,,,,,,,,,,,,,,,,,,,,,,,,,,,,,,,,,,,,,,,,,,,,,,,,,,,,,,,,,,,,,,,,,,,,,,,,,,,,,,,,,,,,,,,,,,,,,,,,,
8896917,Oliver Patton,OKLAHOMA STATE,m,,1:51.22,3:58.58,,,,3:38.11,14:06.81,,26:11.5,,2:22.42,8:10.57,,,,,,,,,,,,,,,,,,,,,,,,,,,,,,,,,,,,,,,,,,,,,,,,,,,,,,,,,,,,,,,,,,,,,,,,,,,,,,,,,,,,,,,,,,,,,,,,,,,,,,,,,,,,,,,,,,,,,,,
9273631,Ty'Shaun Lloyd,TEXAS STATE,m,,,,,,,,,,,,,,,6.84,10.47 (-0.1),21.17 (3.4),,48.53,,,,,,,,,,,,,,,,,,,,,,,,,,,,,,,,,,,,,,,,,,,,,,,,,,,,,,,,,,,,,,,,,,,,,,,,,,,,,,,,,,,,,,,,,,,,,,,,,,,,,,,,,,,,,,,,,
6550717,Karimah Davis,KENTUCKY,,,,,,,,,,,,,,,,7.44,11.29 (1.6),22.48 (2.5),38.54,52.51,,,,,,,,,,,,,,,,,,,,,,,,,,,,,,,,,,,,,,,,,,,,,,,,,,,,,,,,,,,,,,,,,,,,,,,,,,,,,,,,,,,,,,,,,,,,,,,,,,,,,,,,,,,,,,,,,
9003254,Nehemiah Ray,NORTH TEXAS,m,,,,,,,,,,,,,,,6.83,,20.51 (4.2),,47.81,,,,,,,,,,,,,,,,,,,,,,,,,,,,,,,,,,,,,,,,,,,,,,,,,,,,,,,,,,,,,,,,,,,,,,,,,,,,,,,,,,,,,,,,,,,,,,,,,,,,,,,,,,,,,,,,,
8978583,Marcelo Parra Ramon,PRINCETON,m,,1:53.81,4:01.28,,,,3:44.32,,8:46.18,,,,8:14.94,,,,,,,,,,,,,,,,,,,,,,,,,,,,,,,,,,,,,,,,,,,,,,,,,,,,,,,,,,,,,,,,,,,,,,,,,,,,,,,,,,,,,,,,,,,,,,,,,,,,,,,,,,,,,,,,,,,,,,,
9252183,Camron Hamby,MARSHALL,m,,,,,,,,,,,,,,,,,,,,,"7.09m 23' 3.25""","15.57m (1.7) 51' 1""",,,,,,,,,,,,,,,,,,,,,,,,,,,,,,,,,,,,,,,,,,,,,,,,,,,,,,,,,,,,,,,,,,,,,,,,,,,,,,,,,,,,,,,,,,,,,,,,,,,,,,,,,,,,,,
7984789,Collin Burkhart,PENN STATE,m,,,,,,,,,,,,,,,,,,,,"70.23m 230' 5""",,,,,,,,,,,,,,"67.53m 221' 7""","21.22m 69' 7.5""",,,,,,,,,,,,,,,,,,,,,,,,,,,,,,,,,,,,,,,,,,,,,,,,,,,,,,,,,,,,,,,,,,,,,,,,,,,,,,,,,,,,,,,,,,,,,,,,,
8972024,Brian Schloeder,NAVY,m,,,,,,,,,,,,,,,,,23.20,,,,"6.74m 22' 1.5""",,,,,,,,,,"5.45m 17' 10.5""",,,,,,,,,,,,,,,,,,,,,,,,,,,,,,,,,,,,,,,,,,,,,,,,,,,,,,,,,,,,,,,,,,,,,,,,,,,,,,,,,,,,,,,,,,,,,,,,,,,,,
8228627,Kian Wiles,EASTERN MICHIGAN,m,1:21.33,1:48.77,3:59.78,15:16.3,,,3:39.87,14:33.07,,24:11.6,31:26.4,,8:10.37,,,,,,,,,,,,,,,,,,,,,,,,,,,,,,,,,,,,,,,,,,,,,,,,,,,,,,,,,,,,,,,,,,,,,,,,,,,,,,,,,,,,,,,,,,,,,,,,,,,,,,,,,,,,,,,,,,,,,,,
9250444,Quincy Isaac,MICHIGAN,m,,,,,,,,,,,,,,,,,,,,,"7.89m (-1.6) 25' 10.75""",,,,,,,,,,,,,,,,,,,,,,,,,,,,,,,,,,,,,,,,,,,,,,,,,,,,,,,,,,,,,,,,,,,,,,,,,,,,,,,,,,,,,,,,,,,,,,,,,,,,,,,,,,,,,,,
8986663,Ela Velepec,NEBRASKA,f,,,,,,,,,,,,,,,,,,,,,,,,,,,"1.87m 6' 1.5""",,,,,,,,,,,,,,,,,,,,,,,,,,,,,,,,,,,,,,,,,,,,,,,,,,,,,,,,,,,,,,,,,,,,,,,,,,,,,,,,,,,,,,,,,,,,,,,,,,,,,,,,,
9007352,Lawson Jacobs,TEXAS A&M,m,,,,,,,,,,,,,,,6.72,,20.68,,45.12,,,,,,,,,,,,,,,,,,,,,,,,,,,,,,,,,,,,,,,,,,,,,,,,,,,,,,,,,,,,,,,,,,,,,,,,,,,,,,,,,,,,,,,,,,,,,,,,,,,,,,,,,,,,,,,,,
8716783,Edlin Laur,UTSA,f,,2:33.87,,,,,,,,,,,,,,,25.77 (3.0),,,"39.69m 130' 2""","6.27m (3.2) 20' 7""",,,8.92,14.24 (3.1),,"1.84m 6' 0.5""","11.04m 36' 2.75""",3830,5292,,,,,,,,,,,,,,,,,,,,,,,,,,,,,,,,,,,,,,,,,,,,,,,,,,,,,,,,,,,,,,,,,,,,,,,,,,,,,,,,,,,,,,,,,,,,,,,,,,,,,,
9254057,D. Theo Thurmond,INDIANA STATE,m,,,,,,,,,,,,,,,,,,,,,,,,,,,,"16.13m 52' 11""",,,,,"54.39m 178' 5""","56.05m 183' 11""","17.30m 56' 9.25""",,,,,,,,,,,,,,,,,,,,,,,,,,,,,,,,,,,,,,,,,,,,,,,,,,,,,,,,,,,,,,,,,,,,,,,,,,,,,,,,,,,,,,,,,,,,,,,,,
9237579,Taylor Aska,DUKE,f,,,,,,,,,,,,,,,,11.83 (1.2),23.95 (1.1),,54.31,,,,,,,,,,,,,,,,,,,,,,,,,,,,,,,,,,,,,,,,,,,,,,,,,,,,,,,,,,,,,,,,,,,,,,,,,,,,,,,,,,,,,,,,,,,,,,,,,,,,,,,,,,,,,,,,,
8236855,Dash Sirmon,NEBRASKA,m,,,,,,,,,,,,,,,,,,,,"80.86m 265' 3""","7.33m 24' 0.75""",,,,,,,,,,,,,,,,,,,,,,,,,,,,,,,,,,,,,,,,,,,,,,,,,,,,,,,,,,,,,,,,,,,,,,,,,,,,,,,,,,,,,,,,,,,,,,,,,,,,,,,,,,,,,,,
8256254,Will Anthony,VIRGINIA,m,,,3:58.39,,18:00.6,,3:42.39,13:35.50,,22:34.2,29:03.7,,7:52.13,,,,,,,,,,28:02.25,,,,,,,,,,,,,,,,,,,,,,,,,,,,,,,,,,,,,,,,,,,,,,,,,,,,,,,,,,,,,,,,,,,,,,,,,,,,,,,,,,,,,,,,,,,,,,,,,,,,,,,,,,,,,
8363278,Analisse Batista,ARKANSAS,f,1:29.20,2:00.31,,,,,,,,,,,,,,,,,51.46,,,,,,,,,,,,,,,,,,,,,,,,,,,,,,,,,,,,,,,,,,,,,,,,,,,,,,,,,,,,,,,,,,,,,,,,,,,,,,,,,,,,,,,,,,,,,,,,,,,,,,,,,,,,,,,,,
7484455,Marshall Faurot,SOUTH DAKOTA,,,,,,,,,,,,,3:01.85,,,7.35,,,,,,"6.10m 20' 0.25""",,,8.76,,,"2.08m 6' 9.75""","10.69m 35' 1""",,4990,"5.52m 18' 1.25""",,,,,,,,,,,,,,,,,,,,,,,,,,,,,,,,,,,,,,,,,,,,,,,,,,,,,,,,,,,,,,,,,,,,,,,,,,,,,,,,,,,,,,,,,,,,,,,,,,,,,
9169013,Nelson Pariken,ALABAMA,m,,,4:00.42,,,,,13:34.27,,23:16.8,29:16.6,,7:56.35,,,,,,,,,,,,,,,,,,,,,,,,,,,,,,23:57.6,,,,,,,,,,,,,,,,,,,,,,,,,,,,,,,,,,,,,,,,,,,,,,,,,,,,,,,,,,,,,,,,,,,,,,,,,,,,,,,,,,,,,,,,,
8716146,Trinity Spooner,LSU,,,,,,,,,,,,,,,,,,,,,"55.24m 181' 3""",,,,,,,,,,,,,,,,,,,,,,,,,,,,,,,,,,,,,,,,,,,,,,,,,,,,,,,,,,,,,,,,,,,,,,,,,,,,,,,,,,,,,,,,,,,,,,,,,,,,,,,,,,,,,,,,
8976358,Chad Gaffney,ALABAMA STATE,m,,,,,,,,,,,,,,,,10.80 (+0.0),21.33 (0.4),34.33,46.58,,,,,,,,,,,,,,,,,,,,,,,,,,,,,,,,,,,,,,,,,,,,,,,,,,,,,,,,,,,,,,,,,,,,,,,,,,,,,,,,,,,,,,,,,,,,,,,,,,,,,,,,,,,,,,,,,
8710991,Alexandria Johnson,ARIZONA STATE,f,,,,,,,,,,,,,,,7.59,12.07 (2.2),,,,,"6.55m (1.8) 21' 6""","12.53m 41' 1.5""",,,,,,,,,,,,,,,,,,,,,,,,,,,,,,,,,,,,,,,,,,,,,,,,,,,,,,,,,,,,,,,,,,,,,,,,,,,,,,,,,,,,,,,,,,,,,,,,,,,,,,,,,,,,,,
8325418,Carsen Bruns,COLORADO ST.,m,,,,,,,,,,,,,,,6.91,,21.69,35.07,47.97,,,,,7.99,,50.88,,,,,,14.10 (2.1),,,,,,,,,,,,,,,6.37,,,7.45,,,,,,,,,,,,,,,,,,,,,,,,,,,,,,,,,,,,,,,,,,,,,,,,,,,,,,,,,,,,,,,,,,,,,,,,,,,,,,,,,,
8687563,Calea Jackson,MIAMI (FLA.),f,,,,,,,,,,,,,,,,,,,,,,,,,,,,"12.96m 42' 6.25""",,,,,"58.26m 191' 2""","58.65m 192' 5""","21.39m 70' 2.25""",,,,,,,,,,,,,,,,,,,,,,,,,,,,,,,,,,,,,,,,,,,,,,,,,,,,,,,,,,,,,,,,,,,,,,,,,,,,,,,,,,,,,,,,,,,,,,,,,
8977549,Zakiya Hill,ARIZONA,f,,,,,,,,,,,,,,,7.69,11.89 (0.8),24.07 (1.4),40.67,,,,,,,,,,,,,,,,,,,,,,,,,,,,,,,,,,,,,,,,,,,,,,,,,,,,,,,,,,,,,,,,,,,,,,,,,,,,,,,,,,,,,,,,,,,,,,,,,,,,,,,,,,,,,,,,,,
8975574,Abdoul Sy-Savane,ARKANSAS,m,,,,,,,,,,,,,,,,,21.21 (1.2),,48.98,,,,,7.46,,55.03,,,,,,13.27 (-0.2),,,,,,,,,,,,,,,,,,,,,,,,,,,,,,,,,,,,,,,,,,,,,,,,,,,,,,,,,,,,,,,,,,,,,,,,,,,,,,,,,,,,,,,,,,,,,,,,,,,,
7986521,Katelyn Fairchild,TEXAS A&M,f,,,,,,,,,,,,,,,,,,,,"57.97m 190' 2""",,,,,,,,,,,,,"36.51m 119' 9""","44.57m 146' 3""","13.76m 45' 1.75""",,,,,,,,,,,,,,,,,,,,,,,,,,,,,,,,,,,,,,,,,,,,,,,,,,,,,,,,,,,,,,,,,,,,,,,,,,,,,,,,,,,,,,,,,,,,,,,,,
7499322,Kyle Brown,AUBURN,,,,,,,,,,,,,,,,,,,,,,,,,,,,,,,,,,,"68.91m 226' 1""","22.44m 73' 7.5""",,,,,,,,,,,,,,,,,,,,,,,,,,,,,,,,,,,,,,,,,,,,,,,,,,,,,,,,,,,,,,,,,,,,,,,,,,,,,,,,,,,,,,,,,,,,,,,,,
9006369,Durian Moss,FLORIDA STATE,m,,,,,,,,,,,,,,,6.59,10.03 (0.7),20.63,,49.26,,,,,,,,,,,,,,,,,,,,,,,,,,,,,,,,,,,,,,,,,,,,,,,,,,,,,,,,,,,,,,,,,,,,,,,,,,,,,,,,,,,,,,,,,,,,,,,,,,,,,,,,,,,,,,,,,
8688383,Olicia Lucas,IOWA,f,,,,,,,,,,,,,,,7.66,,23.95 (1.7),38.39,53.25,,,,,,,,,,,,,,,,,,,,,,,,,,,,,,,,,,,,,,,,,,,,,,,,,,,,,,,,,,,,,,,,,,,,,,,,,,,,,,,,,,,,,,,,,,,,,,,,,,,,,,,,,,,,,,,,,
7977471,Benjamin Pable,NOTRE DAME,m,,,,,,,,,,,,,,,,,,,,,,,,,,,,"15.28m 50' 1.75""",,,,,"45.25m 148' 5""","67.52m 221' 6""","22.94m 75' 3.25""",,,,,,,,,,,,,,,,,,,,,,,,,,,,,,,,,,,,,,,,,,,,,,,,,,,,,,,,,,,,,,,,,,,,,,,,,,,,,,,,,,,,,,,,,,,,,,,,,
8669396,Christian Cupp,DUQUESNE,m,,,,,,,4:36.87,,,,,2:46.41,,,7.10,10.87 (1.6),22.52 (0.2),,48.72,"47.90m 157' 2""","7.44m (1.5) 24' 5""",,,8.79,,,"1.90m 6' 2.75""","13.44m 44' 1.25""",,5295,"4.26m 13' 11.75""",15.71 (-0.5),"42.31m 138' 10""",,,7234,,,,,,,,,,,,,,,,,,,,,,,,,,,,,,,,,,,,,,,,,,,,,,,,,,,,,,,,,,,,,,,,,,,,,,,,,,,,,,,,,,,,,,,,,,,,,,,,
7977922,Alexander Talley,NEBRASKA,,,,,,,,,,,,,,,,,,,,,,,,,,,,,"19.99m 65' 7""",,,,,,"71.52m 234' 8""","22.34m 73' 3.5""",,,,,,,,,,,,,,,,,,,,,,,,,,,,,,,,,,,,,,,,,,,,,,,,,,,,,,,,,,,,,,,,,,,,,,,,,,,,,,,,,,,,,,,,,,,,,,,,,
7993236,Onaara Obamuwagun,TEXAS TECH,,,,,,,,,,,,,,,,,,,,,,"6.03m (2.1) 19' 9.5""","13.73m (3.5) 45' 0.5""",,,,,,,,,,,,,,,,,,,,,,,,,,,,,,,,,,,,,,,,,,,,,,,,,,,,,,,,,,,,,,,,,,,,,,,,,,,,,,,,,,,,,,,,,,,,,,,,,,,,,,,,,,,,,,
8988407,Deja Shaw-Huckaby,UCF,f,,,,,,,,,,,,,,,7.67,11.74 (1.5),23.68 (1.2),39.12,53.40,,,,,,,,,,,,,,,,,,,,,,,,,,,,,,,,,,,,,,,,,,,,,,,,,,,,,,,,,,,,,,,,,,,,,,,,,,,,,,,,,,,,,,,,,,,,,,,,,,,,,,,,,,,,,,,,,
8948436,Betty Kipkore,IOWA STATE,f,,,4:37.32,16:44.3,19:01.4,,,15:14.28,,,,,8:44.09,,,,,,,,,,32:02.45,,,,,,,,,,,,,,,,,,,,,,,,,,,,,,,,,,,,,,,,,,,,,,,,,,,,,,,,,,,,,,,,,,,,,,,,,,,,,,,,,,,,,,,,,,,,,,,,,,,,,,,,,,,,,
8893650,Selma Anderson,SYRACUSE,f,,,4:40.32,,19:55.3,,4:16.64,15:41.68,,,,,9:21.69,,,,,,,,,,33:45.78,,,,,,,,,,,,,,,,,,,,,,,,,,,,,,,,,,,,,,,,,,,,,,,,,,,,,,,,,,,,,,,,,,,,,,,,,,,,,,,,,,,,,,,,,,,,,,,,,,,,,,,,,,,,,
6598183,Isaac Odugbesan,ALABAMA,,,,,,,,,,,,,,,,,,,,,,,,,,,,,"20.85m 68' 5""",,,,,"40.13m 131' 8""","54.86m 180' 0""","19.74m 64' 9.25""",,,,,,,,,,,,,,,,,,,,,,,,,,,,,,,,,,,,,,,,,,,,,,,,,,,,,,,,,,,,,,,,,,,,,,,,,,,,,,,,,,,,,,,,,,,,,,,,,
8983861,David Mullarkey,NORTHERN ARIZONA,,,,4:05.93,,,,,13:23.75,,,,,7:41.21,,,,,,,,,,27:51.80,,,,,,,,,,,,,,,,,,,,,,,,,,,,,,,,,,,,,,,,,,,,,,,,,,,,,,,,,,,,,,,,,,,,,,,,,,,,,,,,,,,,,,,,,,,,,,,,,,,,,,,,,,,,,
9237580,Maya Collins,DUKE,f,,,,,,,,,,,,,,,7.29,11.16 (4.1),22.99 (2.8),38.87,,,,,,,,,,,,,,,,,,,,,,,,,,,,,,,,,,,,,,,,,,,,,,,,,,,,,,,,,,,,,,,,,,,,,,,,,,,,,,,,,,,,,,,,,,,,,,,,,,,,,,,,,,,,,,,,,,
9242480,Tilde Bjerager,MONTANA STATE,f,,,,,,,,,,,,,,,,,23.92 (1.6),,53.32,,,,,8.39,13.56 (1.3),55.82,"1.74m 5' 8.5""",,,,,,,,,,,,,,,,,,,,,,,,,,,,,,,,,,,,,,,,,,,,,,,,,,,,,,,,,,,,,,,,,,,,,,,,,,,,,,,,,,,,,,,,,,,,,,,,,,,,,,,,,
8016454,Louis Martinez,NEBRASKA,m,,,,,,,,,,,,,,,,,,,,,,,,,,,,,,,"5.42m 17' 9.25""",,,,,,,,,,,,,,,,,,,,,,,,,,,,,,,,,,,,,,,,,,,,,,,,,,,,,,,,,,,,,,,,,,,,,,,,,,,,,,,,,,,,,,,,,,,,,,,,,,,,,
9263298,Jayden Dailey,GEORGIA,m,,,,,,,,,,,,,,,,10.07 (-0.4),,,,,,,,,,,,,,,,,,,,,,,,,,,,,,,,,,,,,,,,,,,,,,,,,,,,,,,,,,,,,,,,,,,,,,,,,,,,,,,,,,,,,,,,,,,,,,,,,,,,,,,,,,,,,,,,,,,,
8324120,Lizzie Hatton,OLE MISS,f,,,,,,,,,,,,,,,7.61,11.91 (-1.1),24.33 (3.7),,,,"6.34m (2.9) 20' 9.75""",,,,,,,,,,,,,,,,,,,,,,,,,,,,,,,,,,,,,,,,,,,,,,,,,,,,,,,,,,,,,,,,,,,,,,,,,,,,,,,,,,,,,,,,,,,,,,,,,,,,,,,,,,,,,,,
7041008,Bobby Colantonio,ALABAMA,,,,,,,,,,,,,,,,,,,,,,,,,,,,,,,,,,,"72.59m 238' 2""","24.15m 79' 2.75""",,,,,,,,,,,,,,,,,,,,,,,,,,,,,,,,,,,,,,,,,,,,,,,,,,,,,,,,,,,,,,,,,,,,,,,,,,,,,,,,,,,,,,,,,,,,,,,,,
7888827,Cailee Faulkner,BYU,f,,,,,,,,,,,,,,,,,,,,,,,,,,,,,,,"4.40m 14' 5.25""",,,,,,,,,,,,,,,,,,,,,,,,,,,,,,,,,,,,,,,,,,,,,,,,,,,,,,,,,,,,,,,,,,,,,,,,,,,,,,,,,,,,,,,,,,,,,,,,,,,,,
8984218,Ella Mcritchie,HARVARD,f,,,,,,,,,,,,,,,,,,,,,,,,,,,,,,,"4.40m 14' 5.25""",,,,,,,,,,,,,,,,,,,,,,,,,,,,,,,,,,,,,,,,,,,,,,,,,,,,,,,,,,,,,,,,,,,,,,,,,,,,,,,,,,,,,,,,,,,,,,,,,,,,,
7979984,Justin Wachtel,VIRGINIA,m,,,3:58.14,,17:43.6,,3:40.34,13:34.44,,22:54.5,29:42.4,,7:50.20,,,,,,,,,,29:18.38,,,,,,,,,,,,,,,,,,,,,,,,,,,,,,,,,,,,,,,,,,,,,,,,,,,,,,,,,,,,,,,,,,,,,,,,,,,,,,,,,,,,,,,,,,,,,,,,,,,,,,,,,,,,,
8923343,Ruth White,NEW HAMPSHIRE,f,,,5:31.24,17:06.6,20:29.4,,,16:03.28,,,,,9:48.59,9:53.9,,,,,,,,,32:20.60,,,,,,,,,,,,,,,,,,,,,,,,,,,,,,,,,,,,,,,,,,,,,,,,,,,,,,,,,,,,,,,,,,,,,,,,,,,,,,,,,,,,,,,,,,,,,,,,,,,,,,,,,,,,,
6025566,Morgan Beadlescomb,MICHIGAN STATE,,,1:47.85,3:52.03,,,,3:38.24,13:17.16,,23:32.2,28:50.6,,7:43.22,,,,,,,,,,28:54.93,,,,,,,,,,,,,,,,,,,,,,,,,,,,,24:46.3,,,,,,,,,,,,,,,,,,,,,,,,,,,,,,,,,,,,,,,,,,,,,,,,,,,,,,,,,,,,,,,,,,,,,,,,,,,,,,,,
6588212,Mitch Jacobson,WASHINGTON ST.,,,,,,,,,,,,,,,,,,,,,,,,,,,,"2.21m 7' 3""",,,,,,,,,,,,,,,,,,,,,,,,,,,,,,,,,,,,,,,,,,,,,,,,,,,,,,,,,,,,,,,,,,,,,,,,,,,,,,,,,,,,,,,,,,,,,,,,,,,,,,,,,
9237611,Caelan Harland,SOUTH DAKOTA,m,,,,,,,,,,,,,,,,,,,,,,,,,,,,,,,"5.56m 18' 2.75""",,,,,,,,,,,,,,,,,,,,,,,,,,,,,,,,,,,,,,,,,,,,,,,,,,,,,,,,,,,,,,,,,,,,,,,,,,,,,,,,,,,,,,,,,,,,,,,,,,,,,
9013583,Wiaan Martin,USC,m,,2:00.72,,,,,,,,,,,,,,,21.34,,46.41,,,,,,,,,,,,,,,,,,,,,,,,,,,,,,,,,,,,,,,,,,,,,,,,,,,,,,,,,,,,,,,,,,,,,,,,,,,,,,,,,,,,,,,,,,,,,,,,,,,,,,,,,,,,,,,,,
8014347,Mohammed Jouhari,EASTERN KENTUCKY,m,,,4:06.91,,,,3:47.99,13:55.36,,23:59.6,29:20.3,,8:04.66,,,,,,,,,,28:29.56,,,,,,,,,,,,,,24:38.5,,,,,,,,,,,,,,,,,,,,,,,,,,,,,,,,,,,,,,,,,,,,,,,,,,,,,,,,,,,,,,,,,,,,,,,,,,,,,,,,,,,,,,,,,,,,,,,
9251097,Elijah Mosley,VIRGINIA TECH,m,,,,,,,,,,,,,,,,,21.25 (1.2),34.11,46.18,,,,,,,,,,,,,,,,,,,,,,,,,,,,,,,,,,,,,,,,,,,,,,,,,,,,,,,,,,,,,,,,,,,,,,,,,,,,,,,,,,,,,,,,,,,,,,,,,,,,,,,,,,,,,,,,,
8974332,Ian Johnson,CLEMSON,m,,,,,,,,,,,,,,,6.69,10.00 (2.6),20.27 (2.2),34.31,,,,,,,,,,,,,,,,,,,,,,,,,,,,,,,,,,,,,,,,,,,,,,,,,,,,,,,,,,,,,,,,,,,,,,,,,,,,,,,,,,,,,,,,,,,,,,,,,,,,,,,,,,,,,,,,,,
7722960,Ryan Mulholland,HOUSTON,m,,,,,,,,,,,,,,,6.62,10.19 (3.9),20.49 (1.8),,,,,,,,,,,,,,,,,,,,,,,,,,,,,,,,,,,,,,,,,,,,,,,,,,,,,,,,,,,,,,,,,,,,,,,,,,,,,,,,,,,,,,,,,,,,,,,,,,,,,,,,,,,,,,,,,,,
8900835,Maddie Gardiner,NORTH CAROLINA,f,,,4:54.15,17:21.3,20:14.9,,,16:18.28,,,,,9:51.18,,,,,,,,,,33:47.93,,,,,,,,,,,,,,,,,,,,,,,,,,,,,,,,,,,,,,,,,,,,,,,,,,,,,,,,,,,,,,,,,,,,,,,,,,,,,,,,,,,,,,,,,,,,,,,,,,,,,,,,,,,,,
6461040,A'Veun Moore-Jones,SOUTHERN ILLINOIS,,,,,,,,,,,,,,,,,,,,,,,,,,,,,"17.63m 57' 10.25""",,,,,"51.18m 167' 11""",,,,,,,,,,,,,,,,,,,,,,,,,,,,,,,,,,,,,,,,,,,,,,,,,,,,,,,,,,,,,,,,,,,,,,,,,,,,,,,,,,,,,,,,,,,,,,,,,,,
8714069,Aleksandra Stoilova,CLEMSON,f,,,,,,,,,,,,,,,7.25,11.11 (3.9),23.10,39.20,,,,,,,,,,,,,,,,,,,,,,,,,,,,,,,,,,,,,,,,,,,,,,,,,,,,,,,,,,,,,,,,,,,,,,,,,,,,,,,,,,,,,,,,,,,,,,,,,,,,,,,,,,,,,,,,,,
8915764,Kali Magana,HOUSTON,f,,2:12.68,,,,,,,,,,,,,,,24.49 (0.4),,55.34,,,,,,,,,,,,,,,,,,,,,,1:21.94,,,,,,,,,,,,,,21:12.1,,,,,,,,,,,,,,,,,,,,,,,,,,,,,,,,,,,,,,,,,,,,,,,,,,,,,,,,,,,,,,,,,,,,,,,,,,,,,
6564989,Chelsea Igberaese,ALABAMA,,,,,,,,,,,,,,,,,,,,,,,,,,,,,"17.94m 58' 10.25""",,,,,"57.97m 190' 2""","65.10m 213' 7""","23.56m 77' 3.75""",,,,,,,,,,,,,,,,,,,,,,,,,,,,,,,,,,,,,,,,,,,,,,,,,,,,,,,,,,,,,,,,,,,,,,,,,,,,,,,,,,,,,,,,,,,,,,,,,
9290988,Arianna Peroni,HOUSTON,f,,,,,,,,,,,,,,,,,,,,,,,,,,,,,,,"4.11m 13' 5.75""",,,,,,,,,,,,,,,,,,,,,,,,,,,,,,,,,,,,,,,,,,,,,,,,,,,,,,,,,,,,,,,,,,,,,,,,,,,,,,,,,,,,,,,,,,,,,,,,,,,,,
6527542,Camryn Rogers,CALIFORNIA,,,,,,,,,,,,,,,,,,,,,,,,,,,,,"13.98m 45' 10.5""",,,,,,"77.67m 254' 10""","24.06m 78' 11.25""",,,,,,,,,,,,,,,,,,,,,,,,,,,,,,,,,,,,,,,,,,,,,,,,,,,,,,,,,,,,,,,,,,,,,,,,,,,,,,,,,,,,,,,,,,,,,,,,,
7986433,Reheem Hayles,FLORIDA,,,,,,,,,,,,,,,,,,20.71 (+0.0),,44.81,"49.32m 161' 10""",,,,,,,,,,,,,,,,,,1:02.26,,,,,,,,,,,,,,,,,,,,,,,,,,,,,,,,,,,,,,,,,,,,,,,,,,,,,,,,,,,,,,,,,,,,,,,,,,,,,,,,,,,,,,,,,,,,,,
8330421,Cam Burkett,WYOMING,m,,,,,,,,,,,,,,,,,,,,,,,,,,,,"19.34m 63' 5.5""",,,,,,,,,,,,,,,,,,,,,,,,,,,,,,,,,,,,,,,,,,,,,,,,,,,,,,,,,,,,,,,,,,,,,,,,,,,,,,,,,,,,,,,,,,,,,,,,,,,,,,,,
8982724,Sofia Cosculluela,WASHINGTON,f,,2:16.15,,,,,,,,,,,,,,,23.84 (0.3),,,"48.97m 160' 8""","6.44m (-3.2) 21' 1.5""",,,8.53,13.16 (4.9),,"1.65m 5' 5""","13.99m 45' 10.75""",4117,6093,,,,,,,,,,,,,,,,,,,,,,,,,,,,,,,,,,,,,,,,,,,,,,,,,,,,,,,,,,,,,,,,,,,,,,,,,,,,,,,,,,,,,,,,,,,,,,,,,,,,,,
9244850,Alpha Balde,ALABAMA,m,,,,,,,,,,,,,,,6.74,10.49 (2.2),20.39 (0.9),,,,,,,,,,,,,,,,,,,,,,,,,,,,,,,,,,,,,,,,,,,,,,,,,,,,,,,,,,,,,,,,,,,,,,,,,,,,,,,,,,,,,,,,,,,,,,,,,,,,,,,,,,,,,,,,,,,
8594121,Hudson Bennett,TEXAS,m,,1:55.91,4:08.38,15:10.8,,,3:46.93,14:41.62,8:37.71,24:12.9,30:30.7,,8:16.62,,,,,,,,,,,,,,,,,,,,,,,,,,,,,,,20:59.5,,,,,,,,,,,,,,,,,,,,,,,,,,,,,,,,,,,,,,,,,,,,,,,,,,,,,,,,,,,,,,,,,,,,,,,,,,,,,,,,,,,,,,,,
7728252,Hunter Garretson,AKRON,,,,,,,,,,,,,,,,,,22.51 (-1.3),,50.81,,,,,,,54.90,,,,,"5.83m 19' 1.5""",,,,,,,,,,,,,,,,,,,,,,,,,,,,,,,,,,,,,,,,,,,,,,,,,,,,,,,,,,,,,,,,,,,,,,,,,,,,,,,,,,,,,,,,,,,,,,,,,,,,,
8715414,Ava Mitchell,NORTHERN ARIZONA,f,,2:07.06,4:35.25,,,,4:19.45,15:22.13,,,,,9:01.60,,,,,,,,,,34:21.95,,,,,,,,,,,,,,,,,,,,,,,,,,,,,,,,,,,,,,,,,,,,,,,,,,,,,,,,,,,,,,,,,,,,,,,,,,,,,,,,,,,,,,,,,,,,,,,,,,,,,,,,,,,,,
8355464,Philip Daniel,VCU,m,,,,,,,,,,,,,,,,,22.99,,,,"7.35m (1.4) 24' 1.5""","15.92m (2.5) 52' 2.75""",,,,,,,,,,,,,,,,,,,,,,,,,,,,,,,,,,,,,,,,,,,,,,,,,,,,,,,,,,,,,,,,,,,,,,,,,,,,,,,,,,,,,,,,,,,,,,,,,,,,,,,,,,,,,,
7895311,Carson Burian,ALABAMA,m,,,4:07.74,,,,3:49.98,13:56.99,8:38.86,23:39.2,29:44.6,,8:11.05,,,,,,,,,,,,,,,,,,,,,,,,24:18.9,,,,,,23:47.3,,,,,,,,,,,,,,,,,,,,,,,,,,,,,,,,,,,,,,,,,,,,,,,,,,,,,,,,,,,,,,,,,,,,,,,,,,,,,,,,,,,,,,,,,
8678246,Kalani Witherspoon,NORTH CAROLINA,f,,,,,,,,,,,,,,,,,25.90 (1.4),,,,,,,8.22,13.28 (1.2),,,,,,,,,,,,,,,,,,,,,,,,,,,,,,,,,,,,,,,,,,,,,,,,,,,,,,,,,,,,,,,,,,,,,,,,,,,,,,,,,,,,,,,,,,,,,,,,,,,,,,,,,,,
8684031,Tito Alofe,HARVARD,m,,,,,,,,,,,,,,,,,,,,,"6.71m (2.3) 22' 0.25""",,,,,,"2.25m 7' 4.5""",,,,,,,,,,,,,,,,,,,,,,,,,,,,,,,,,,,,,,,,,,,,,,,,,,,,,,,,,,,,,,,,,,,,,,,,,,,,,,,,,,,,,,,,,,,,,,,,,,,,,,,,,
8261259,James Harding,OREGON,m,1:18.83,1:45.66,3:55.78,,,16:16.9,3:39.85,,,23:42.4,,,,,,,,,,,,,,,,,,,,,,,,,,,,,,,,,,,,,,,,,,,,,,,,,,,,,,,,,,,,,,,,,,,,,,,,,,,,,,,,,,,,,,,,,,,,,,,,,,,,,,,,,,,,,,,,,,,,,,,,,,
9278483,Mico Lampinen,USC,m,,,,,,,,,,,,,,,,,,,,,,,,,,,,,,,,,"60.04m 197' 0""","69.89m 229' 3""",,,,,,,,,,,,,,,,,,,,,,,,,,,,,,,,,,,,,,,,,,,,,,,,,,,,,,,,,,,,,,,,,,,,,,,,,,,,,,,,,,,,,,,,,,,,,,,,,,
7910777,Jack Olsen,COLORADO ST.,m,,,,,,,,,,,,,,,,,,,,"66.60m 218' 6""",,,,,,,,,,,,,,,,,,,,,,,,,,,,,,,,,,,,,,,,,,,,,,,,,,,,,,,,,,,,,,,,,,,,,,,,,,,,,,,,,,,,,,,,,,,,,,,,,,,,,,,,,,,,,,,,
7980621,Sincere Robinson,RUTGERS,m,,,,,,,,,,,,,,,6.91,,,,,,"8.13m (3.1) 26' 8.25""",,,7.93,,,"2.16m 7' 1""",,,,,14.10 (1.4),,,,,,,,,,,,,,,,,,,,,,,,,,,,,,,,,,,,,,,,,,,,,,,,,,,,,,,,,,,,,,,,,,,,,,,,,,,,,,,,,,,,,,,,,,,,,,,,,,,,
7540505,Kennedy Drish,GEORGE MASON,f,,,,,,,,,,,,,,,,,,,,,,,,,,,,,,,"4.34m 14' 2.75""",,,,,,,,,,,,,,,,,,,,,,,,,,,,,,,,,,,,,,,,,,,,,,,,,,,,,,,,,,,,,,,,,,,,,,,,,,,,,,,,,,,,,,,,,,,,,,,,,,,,,
9305496,Antwoine Warren,UT-RIO GRANDE VALLEY,m,,,,,,,,,,,,,,,,,,,,,"7.24m 23' 9""",,,,,,"2.16m 7' 1""",,,,,,,,,,,,,,,,,,,,,,,,,,,,,,,,,,,,,,,,,,,,,,,,,,,,,,,,,,,,,,,,,,,,,,,,,,,,,,,,,,,,,,,,,,,,,,,,,,,,,,,,,
8993267,Benedikt Schweizer,ULM,m,,,,,,,,,,,,,,,,,,,,,,,,,,,,,,,,,"37.79m 124' 0""","66.28m 217' 5""","19.66m 64' 6""",,,,,,,,,,,,,,,,,,,,,,,,,,,,,,,,,,,,,,,,,,,,,,,,,,,,,,,,,,,,,,,,,,,,,,,,,,,,,,,,,,,,,,,,,,,,,,,,,
8404944,Edgar Campre,MIAMI (FLA.),m,,,,,,,4:43.20,,,,,2:46.72,,,6.86,10.56 (0.1),,,48.11,"52.26m 171' 5""","7.24m (1.4) 23' 9""",,,7.88,,,"1.92m 6' 3.5""","15.50m 50' 10.25""",,5934,"4.97m 16' 3.5""",13.95 (2.0),"45.51m 149' 4""",,,8042,,,,,,,,,,,,,,,,,,,,,,,,,,,,,,,,,,,,,,,,,,,,,,,,,,,,,,,,,,,,,,,,,,,,,,,,,,,,,,,,,,,,,,,,,,,,,,,,
8029507,Curtis Williams,FLORIDA STATE,m,,,,,,,,,,,,,,,,,21.76 (2.0),,,,"7.99m (6.8) 26' 2.75""",,,,,,,,,,,,,,,,,,,,,,,,,,,,,,,,,,,,,,,,,,,,,,,,,,,,,,,,,,,,,,,,,,,,,,,,,,,,,,,,,,,,,,,,,,,,,,,,,,,,,,,,,,,,,,,
8006614,Jailya Ash,IOWA,f,,,,,,,,,,,,,,,7.60,11.91 (3.0),24.27,,,,,,,8.19,13.19 (1.7),,,,,,,,,,,,,,,,,,,,,,,,,,,,,,,,,,,,,,,,,,,,,,,,,,,,,,,,,,,,,,,,,,,,,,,,,,,,,,,,,,,,,,,,,,,,,,,,,,,,,,,,,,,
7482112,Lance Lang,ARKANSAS,,,,,,,,,,,,,,,,6.61,9.97 (2.5),19.99 (2.1),32.48,,,,,,,,,,,,,,,,,,,,,,,,,,,,,,,,,,,,,,,,,,,,,,,,,,,,,,,,,,,,,,,,,,,,,,,,,,,,,,,,,,,,,,,,,,,,,,,,,,,,,,,,,,,,,,,,,,
9253481,Ruby Tillson,CONNECTICUT,f,,2:17.77,,,,,,,,,,,,,,,25.22 (-1.3),,,"37.09m 121' 8""","5.70m 18' 8.5""",,,8.60,13.73 (-0.6),,"1.74m 5' 8.5""","10.20m 33' 5.75""",3933,5442,,,,,,,,,,,,,,,,,,,,,,,,,,,,,,,,,,,,,,,,,,,,,,,,,,,,,,,,,,,,,,,,,,,,,,,,,,,,,,,,,,,,,,,,,,,,,,,,,,,,,,
9264658,Braeden Ofosu-Kwarteng,FLORIDA STATE,m,,,,,,,,,,,,,,,6.96,,20.95 (0.9),33.39,45.94,,,,,,,,,,,,,,,,,,,,,,,,,,,,,,,,,,,,,,,,,,,,,,,,,,,,,,,,,,,,,,,,,,,,,,,,,,,,,,,,,,,,,,,,,,,,,,,,,,,,,,,,,,,,,,,,,
9242910,Kylie Neira,FIU,f,,2:42.73,,21:48.5,,,,,,,,,,,,13.70,,,1:06.06,,,,,,,,,,,,"4.22m 13' 10""",,,,,,,,,,,,,,,,,,,,,,,,,,,,,,,,,,,,,,,,,6:12.27,,,,,,,,,,,,,,,,,,,,,,,,,,,,,,,,,,,,,,,,,,,,,,,,,,,,,,,,,,,,
8691248,Brandon Fischer,IOWA STATE,m,,,,,,,,,,,,,,,,,,,,,,,,,,,,"16.86m 55' 3.75""",,,,,"58.01m 190' 4""","56.95m 186' 10""","19.43m 63' 9""",,,,,,,,,,,,,,,,,,,,,,,,,,,,,,,,,,,,,,,,,,,,,,,,,,,,,,,,,,,,,,,,,,,,,,,,,,,,,,,,,,,,,,,,,,,,,,,,,
8268003,Jacey Farmer,BYU,f,,2:09.82,4:37.16,18:04.4,19:45.6,15:49.0,4:18.37,15:24.46,,,,,8:52.92,,,,,,,,,,,,,,,,,,,,,,,,,,,,,,,,,,,,,,,,,,,,,,,,,,,,,,,,,,,,18:18.5,,,,,,,,,,,,,,,,,,,,,,,,,,,,,,,,,,,,,,,,,,,,,,,,,,,,,,,,,,,
8712650,Neo Mosebi,FLORIDA STATE,m,,,,,,,,,,,,,,,6.59,9.96 (2.6),20.55 (2.0),,,,,,,,,,,,,,,,,,,,,,,,,,,,,,,,,,,,,,,,,,,,,,,,,,,,,,,,,,,,,,,,,,,,,,,,,,,,,,,,,,,,,,,,,,,,,,,,,,,,,,,,,,,,,,,,,,,
8667062,Katie Urbine,LIBERTY,,,,,,,,,,,,,,,,,,,,,,,,,,,,,,,,"4.30m 14' 1.25""",,,,,,,,,,,,,,,,,,,,,,,,,,,,,,,,,,,,,,,,,,,,,,,,,,,,,,,,,,,,,,,,,,,,,,,,,,,,,,,,,,,,,,,,,,,,,,,,,,,,,
8986659,Karsyn Leeling,NEBRASKA,f,,,,,,,,,,,,,,,,,,,,,,,,,,,"1.89m 6' 2.25""",,,,,,,,,,,,,,,,,,,,,,,,,,,,,,,,,,,,,,,,,,,,,,,,,,,,,,,,,,,,,,,,,,,,,,,,,,,,,,,,,,,,,,,,,,,,,,,,,,,,,,,,,
7028107,Michael Hoffer,NEBRASKA,,,,,,,,,,,,,,,,,,,,,,"7.83m (1.8) 25' 8.25""",,,,,,"2.19m 7' 2.25""",,,,,,,,,,,,,,,,,,,,,,,,,,,,,,,,,,,,,,,,,,,,,,,,,,,,,,,,,,,,,,,,,,,,,,,,,,,,,,,,,,,,,,,,,,,,,,,,,,,,,,,,,
8592431,Rose Coats,MARYLAND,f,,,,16:55.7,19:45.4,,,15:54.62,,,,,9:18.23,,,,,,,,,,33:44.57,,,,,,,,,,,,,,,,,,,,,,,,,,,,,,,,,,,,,,,,,,,,,,,,,,,,,,,,,,,,,,,,,,,,,,,,,,,,,,,,,,,,,,,,,,,,,,,,,,,,,,,,,,,,,
6011691,Alec Basten,MINNESOTA,,,,4:03.36,,,,3:43.64,13:32.98,8:23.86,23:26.7,29:48.6,,7:52.05,,,,,,,,,,,,,,,,,,,,,,,,,,,,,,,,,,,,,,,24:49.2,,,,,,5:50.53,,,,,,,,,,,,,,,,,,,,,,,,,,,,,,,,,,,,,,,,,,,,,,,,,,,,,,,,,,,,,,,,,,,,,,,,,,
7987465,Luke Brown,KENTUCKY,,,,,,,,,,,,,,,,6.76,,,,,,"7.39m 24' 3""","16.87m 55' 4.25""",,,,,,,,,,,,,,,,,,,,,,,,,,,,,,,,,,,,,,,,,,,,,,,,,,,,,,,,,,,,,,,,,,,,,,,,,,,,,,,,,,,,,,,,,,,,,,,,,,,,,,,,,,,,,,
9293849,Sebastian Lopez,LONG BEACH ST.,m,,,,,,,,,,,,,,,6.93,10.75 (-0.4),21.32 (5.0),,,,,,,,,,,,,,,,,,,,,,,,,,,,,,,,,,,,,,,,,,,,,,,,,,,,,,,,,,,,,,,,,,,,,,,,,,,,,,,,,,,,,,,,,,,,,,,,,,,,,,,,,,,,,,,,,,,
8739853,Pyrce Edwards,UC SANTA BARBARA,m,,,,,,,,,,,,,,,,10.83 (0.2),21.74 (0.1),,52.56,,,,,,,55.99,,,,,,13.87 (3.6),,,,,,,,,,,,,,,,,,,,,,,,,,,,,,,,,,,,,,,,,,,,,,,,,,,,,,,,,,,,,,,,,,,,,,,,,,,,,,,,,,,,,,,,,,,,,,,,,,,,
9246953,Elise Cooper,TEXAS,f,,,,,,,,,,,,,,,7.45,,22.67 (0.5),,51.24,,,,,,,,,,,,,,,,,,,,,,,,,,,,,,,,,,,,,,,,,,,,,,,,,,,,,,,,,,,,,,,,,,,,,,,,,,,,,,,,,,,,,,,,,,,,,,,,,,,,,,,,,,,,,,,,,
7922368,Bronis Macdougall,SOUTHERN UTAH,m,,,,,,,,,,,,,,,,,,,,"72.08m 236' 6""",,,,,,,,,,,,,,,,,,,,,,,,,,,,,,,,,,,,,,,,,,,,,,,,,,,,,,,,,,,,,,,,,,,,,,,,,,,,,,,,,,,,,,,,,,,,,,,,,,,,,,,,,,,,,,,,
8976118,Logan Schwartz,GONZAGA,m,,,4:03.54,,,,3:41.20,13:45.74,,,,,7:58.32,,,,,,,,,,28:52.45,,,,,,,,,,,,,,,,,,,,,,,,,,,,,,,,,,,,,,,,,,,,,,,,,,,,,,,,,,,,,,,,,,,,,,,,,,,,,,,,,,,,,,,,,,,,,,,,,,,,,,,,,,,,,
9245739,Amelia Bawcombe,WILLIAM & MARY,f,,,,,,,,,,,,,,,,,,,,,,,,,,,,"12.14m 39' 10""",,,,,"45.17m 148' 2""","62.26m 204' 3""","18.75m 61' 6.25""",,,,,,,,,,,,,,,,,,,,,,,,,,,,,,,,,,,,,,,,,,,,,,,,,,,,,,,,,,,,,,,,,,,,,,,,,,,,,,,,,,,,,,,,,,,,,,,,,
8972858,Alma Kathan,NEVADA,f,1:40.93,2:22.96,,,,,,,,,,,,,,,24.61 (2.1),,,"35.47m 116' 4""","6.20m (1.1) 20' 4.25""",,,8.75,15.07 (2.8),,"1.71m 5' 7.25""","10.62m 34' 10.25""",3831,5428,,,,,,,,,,,,,,,,,,,,,,,,,,,,,,,,,,,,,,,,,,,,,,,,,,,,,,,,,,,,,,,,,,,,,,,,,,,,,,,,,,,,,,,,,,,,,,,,,,,,,,
8353877,Deisiane Teixeira,MIAMI (FLA.),f,,,,,,,,,,,,,,,,,,,,"56.03m 183' 10""",,,,,,,,,,,,,,,,,,,,,,,,,,,,,,,,,,,,,,,,,,,,,,,,,,,,,,,,,,,,,,,,,,,,,,,,,,,,,,,,,,,,,,,,,,,,,,,,,,,,,,,,,,,,,,,,
9189904,Matthew Bogdan,VILLANOVA,m,,,4:13.99,,,,3:51.98,14:13.59,8:49.58,26:06.0,,,8:17.75,,,,,,,,,,,,,,,,,,,,,,,,,,,,,,,,,,,,,,,,,,,,,,,,,,,,,,,,,,,,,,,,,,,,,,,,,,,,,,,,,,,,,,,,,,,,,,,,,,,,,,,,,,,,,,,,,,,,,,,
8952914,Brendan Thomas,BUTLER,m,,,,14:33.3,,,,13:53.64,,23:45.9,30:01.2,,8:05.71,,,,,,,,,,29:05.53,,,,,,,,,,,,,,,,,,,,,,,,,,,,,,,,,,,,,,,,,,,,,,,,,,,,,,,,,,,,,,,,,,,,,,,,,,,,,,,,,,,,,,,,,,,,,,,,,,,,,,,,,,,,,
7739438,Joseph White,WISCONSIN,,,,,,,,,,,,,,,,,,,,,,,,,,,,,"20.33m 66' 8.5""",,,,,"62.08m 203' 8""","60.85m 199' 8""","23.33m 76' 6.5""",,,,,,,,,,,,,,,,,,,,,,,,,,,,,,,,,,,,,,,,,,,,,,,,,,,,,,,,,,,,,,,,,,,,,,,,,,,,,,,,,,,,,,,,,,,,,,,,,
8343524,Jaelen Knox,USC,m,,,,,,,,,,,,,,,6.90,10.53 (1.7),20.96 (1.4),33.57,46.85,,,,,,,,,,,,,,,,,,,,,,,,,,,,,,,,,,,,,,,,,,,,,,,,,,,,,,,,,,,,,,,,,,,,,,,,,,,,,,,,,,,,,,,,,,,,,,,,,,,,,,,,,,,,,,,,,
6534342,Cord Neal,STEPHEN F. AUSTIN,,,,,,,,5:05.86,,,,,,,,,11.70 (2.1),,,54.37,"72.78m 238' 9""","6.25m (0.3) 20' 6.25""",,,,,,"1.80m 5' 10.75""","10.57m 34' 8.25""",,,"3.75m 12' 3.5""",17.76 (1.9),"33.71m 110' 7""",,,5735,,,,,,,,,,,,,,,,,,,,,,,,,,,,,,,,,,,,,,,,,,,,,,,,,,,,,,,,,,,,,,,,,,,,,,,,,,,,,,,,,,,,,,,,,,,,,,,,
8710456,Lukas Baroke,VIRGINIA TECH,m,,,,,,,,,,,,,,,,,,,,,,,,,,,,"9.75m 32' 0""",,,,,,"65.04m 213' 5""","18.25m 59' 10.5""",,,,,,,,,,,,,,,,,,,,,,,,,,,,,,,,,,,,,,,,,,,,,,,,,,,,,,,,,,,,,,,,,,,,,,,,,,,,,,,,,,,,,,,,,,,,,,,,,
8907325,Luke Hitchcock,CAL ST. FULLERTON,m,,1:47.20,4:06.33,,,,3:41.37,,,24:24.6,32:07.7,,,,,,,,,,,,,,,,,,,,,,,,,,,,,,,,,,,,,,,,,,,,,,,,,,,,,,,,,,,,,,,,,,,,,,,,,,,,,,,,,,,,,,,,,,,,,,,,,,,,,,,,,,,,,,,,,,,,,,,,,
9001984,Agnes Mctighe,NORTHERN ARIZONA,f,,2:12.66,4:38.31,,,,4:21.39,15:35.87,,,,,8:59.68,,,,,,,,,,,,,,,,,,,,,,,,,,,,,,,,,,,,,,,,,,,,,,,,,,,,,,,,,,,,,,,,,,,,,,,,,,,,,,,,,,,,,,,,,,,,,,,,,,,,,,,,,,,,,,,,,,,,,,,
8670436,Jack Mason,WAGNER,m,,,,,,,,,,,,,,,6.96,10.78 (2.7),22.58,,,,"7.75m (2.5) 25' 5.25""","15.54m (2.9) 51' 0""",,,,,,,,,,,,,,,,,,,,,,,,,,,,,,,,,,,,,,,,,,,,,,,,,,,,,,,,,,,,,,,,,,,,,,,,,,,,,,,,,,,,,,,,,,,,,,,,,,,,,,,,,,,,,,
7707244,Sydney Horn,HIGH POINT,,,,,,,,,,,,,,,,,,,,,,,,,,,,,,,,"4.57m 15' 0""",,,,,,,,,,,,,,,,,,,,,,,,,,,,,,,,,,,,,,,,,,,,,,,,,,,,,,,,,,,,,,,,,,,,,,,,,,,,,,,,,,,,,,,,,,,,,,,,,,,,,
7722809,Elliott Cook,OREGON,m,,1:46.93,3:52.32,,18:17.3,,3:37.25,,,22:57.6,29:17.0,2:20.17,7:41.57,,,,,,,,,,,,,,,,,,,,,,,,,,,,,,,,,,,,,,,,,,,,,,,,,,,,,,,,,,,,,20:00.4,,,,,,,,,,,,,,,,,,,,,,,,,,,,,,,,,,,,,,,,,,,,,,,,,,,,,,,,,,
9251404,Mikah Scott,UNLV,f,,,,,,,,,,,,,,,7.48,11.51 (4.0),23.72 (2.0),,,,,,,,,,,,,,,,,,,,,,,,,,,,,,,,,,,,,,,,,,,,,,,,,,,,,,,,,,,,,,,,,,,,,,,,,,,,,,,,,,,,,,,,,,,,,,,,,,,,,,,,,,,,,,,,,,,
7402013,Lindsey Butler,VIRGINIA TECH,,1:28.89,2:01.23,4:31.41,16:53.7,20:22.8,,4:07.96,16:17.59,,,,2:41.00,9:27.05,,,,,,54.90,,,,,,,,,,,,,,,,,,,,,,,,,,,,,,,,,,,,14:19.3,,,,,,,,,,,,,,,,,,,,,,,,,,,,,,,,,,,,,,,,,,,,,,,,,,,,,,,,,,,,,,,,,,,,,,,,,,,,,
6548063,Bailee Mccorkle,ARKANSAS,,,,,,,,,,,,,,,,,,,,,,,,,,,,,,,,"4.46m 14' 7.5""",,,,,,,,,,,,,,,,,,,,,,,,,,,,,,,,,,,,,,,,,,,,,,,,,,,,,,,,,,,,,,,,,,,,,,,,,,,,,,,,,,,,,,,,,,,,,,,,,,,,,
8345624,Viktor Morozov,ILLINOIS,m,,,,,,,,,,,,,,,7.20,,,,,,"7.88m 25' 10.25""","16.43m (2.8) 53' 11""",,,,,,,,,,,,,,,,,,,,,,,,,,,,,,,,,,,,,,,,,,,,,,,,,,,,,,,,,,,,,,,,,,,,,,,,,,,,,,,,,,,,,,,,,,,,,,,,,,,,,,,,,,,,,,
8324337,Alyssa Jones,STANFORD,f,,2:37.81,,,,,,,,,,,,,7.34,11.20 (+0.0),23.63,,,,"7.09m (-0.2) 23' 3.25""","12.76m (4.0) 41' 10.5""",,8.68,,,"1.91m 6' 3.25""","10.56m 34' 7.75""",4127,,,,,,,,,,,,,,,,,,,,,,,,,,,,,,,,,,,,,,,,,,,,,,,,,,,,,,,,,,,,,,,,,,,,,,,,,,,,,,,,,,,,,,,,,,,,,,,,,,,,,,,
8982071,Emarie Jackson,CINCINNATI,f,,,,,,,,,,,,,,,,,,,,,,,,,,,,"15.72m 51' 7""",,,,,"45.93m 150' 8""","51.98m 170' 6""","15.69m 51' 5.75""",,,,,,,,,,,,,,,,,,,,,,,,,,,,,,,,,,,,,,,,,,,,,,,,,,,,,,,,,,,,,,,,,,,,,,,,,,,,,,,,,,,,,,,,,,,,,,,,,
8669247,Kamea Hunter,UC RIVERSIDE,f,,,,,,,,,,,,,,,7.54,11.71 (0.4),24.25 (1.9),,,,,,,,,,,,,,,,,,,,,,,,,,,,,,,,,,,,,,,,,,,,,,,,,,,,,,,,,,,,,,,,,,,,,,,,,,,,,,,,,,,,,,,,,,,,,,,,,,,,,,,,,,,,,,,,,,,
9272221,Andreas Hantson,ILLINOIS,m,,,,,,,4:26.31,,,,,2:35.39,,,7.28,11.05 (3.5),23.18,35.75,49.39,"53.95m 177' 0""","7.37m (2.1) 24' 2.25""",,,8.64,,,"2.12m 6' 11.5""","13.69m 44' 11""",,5683,"4.70m 15' 5""",15.21 (2.4),"41.73m 136' 11""",,,7733,,,,,,,,,,,,,,,,,,,,,,,,,,,,,,,,,,,,,,,,,,,,,,,,,,,,,,,,,,,,,,,,,,,,,,,,,,,,,,,,,,,,,,,,,,,,,,,,
8669752,Olivia Hicks,SAN DIEGO ST.,f,,,,,,,,,,,,,,,7.53,11.61 (-0.5),23.63 (0.8),,,,,,,,,,,,,,,,,,,,,,,,,,,,,,,,,,,,,,,,,,,,,,,,,,,,,,,,,,,,,,,,,,,,,,,,,,,,,,,,,,,,,,,,,,,,,,,,,,,,,,,,,,,,,,,,,,,
8600221,Hayes Trapp,WILLIAM & MARY,m,,,4:10.88,,18:37.3,,3:54.95,13:59.62,,23:25.0,30:14.9,,8:06.52,,,,,,,,,,29:12.09,,,,,,,,,,,,,,,,,,,,,,,24:42.1,,,,,,,,,,,,,,,,,,,,,,,,,,,,,,,,,,,,,,,,,,,,,,,,,,,,,,,,,,,,,,,,,,,,,,,,,,,,,,,,,,,,,,
6545344,Pauline Meyer,ARKANSAS STATE,,,2:11.12,4:44.53,16:51.5,20:40.0,,4:23.99,16:14.19,9:44.85,,,,9:13.96,,,,,,,,,,,,,,,,,,,,,,,,,,,,,,,,,,,,,,,,,,,,,,,,,,,,,,,,,,,,,,,,,,,,,,,,,,,,,,,,,,,,,,,,,,,,,,,,,,,,,,,,,,,,,,,,,,,,,,,
8680727,Kyle Kaufelds,SAMFORD,m,,,,,,,,,,,,,,,,,,,,"66.50m 218' 2""",,,,,,,,,,,,,,,,,,,,,,,,,,,,,,,,,,,,,,,,,,,,,,,,,,,,,,,,,,,,,,,,,,,,,,,,,,,,,,,,,,,,,,,,,,,,,,,,,,,,,,,,,,,,,,,,
8681835,Justice Miller,IOWA STATE,m,,,,,,,,,,,,,,,,,,,,"68.12m 223' 6""",,,,,,,,,,,,,,,,,,,,,,,,,,,,,,,,,,,,,,,,,,,,,,,,,,,,,,,,,,,,,,,,,,,,,,,,,,,,,,,,,,,,,,,,,,,,,,,,,,,,,,,,,,,,,,,,
8341372,Arvesta Troupe,OLE MISS,m,,,,,,,,,,,,,,,,,,,,,,,,,,,"2.27m 7' 5.25""",,,,,,,,,,,,,,,,,,,,,,,,,,,,,,,,,,,,,,,,,,,,,,,,,,,,,,,,,,,,,,,,,,,,,,,,,,,,,,,,,,,,,,,,,,,,,,,,,,,,,,,,,
8313678,Eric Young Ii,KENNESAW STATE,m,,,,,,,,,,,,,,,6.80,10.62 (1.3),20.96,34.63,45.68,,,,,,,,,,,,,,,,,,,,,,,,,,,,,,,,,,,,,,,,,,,,,,,,,,,,,,,,,,,,,,,,,,,,,,,,,,,,,,,,,,,,,,,,,,,,,,,,,,,,,,,,,,,,,,,,,
9013686,Calli Stokes,SOUTH ALABAMA,f,,2:28.46,,,,,,,,,,,,,,,26.59 (1.5),,,"48.17m 158' 0""","5.40m (2.9) 17' 8.75""",,,9.54,15.12 (1.3),,"1.59m 5' 2.5""","13.89m 45' 7""",3545,5100,,,,,,,,,,,,,,,,,,,,,,,,,,,,,,,,,,,,,,,,,,,,,,,,,,,,,,,,,,,,,,,,,,,,,,,,,,,,,,,,,,,,,,,,,,,,,,,,,,,,,,
8307791,Caterrin Cox,TARLETON STATE,m,,,,,,,,,,,,,,,6.78,10.49 (2.5),21.56 (3.9),,,,,,,7.73,,59.13,,,,,,13.55 (2.7),,,,,,,,,,,,,,,,,,,,,,,,,,,,,,,,,,,,,,,,,,,,,,,,,,,,,,,,,,,,,,,,,,,,,,,,,,,,,,,,,,,,,,,,,,,,,,,,,,,,
8703915,Colleen Branch,UCF,f,,,,,,,,,,,,,,,7.41,11.51 (2.2),23.74 (2.4),,,,"5.39m 17' 8.25""",,,,,,,,,,,,,,,,,,,,,,,,,,,,,,,,,,,,,,,,,,,,,,,,,,,,,,,,,,,,,,,,,,,,,,,,,,,,,,,,,,,,,,,,,,,,,,,,,,,,,,,,,,,,,,,
8972049,Zoie Tesi,NAVY,f,,,,,,,,,,,,,,,,,,,,,"6.04m (4.6) 19' 9.75""","12.78m (0.4) 41' 11.25""",,,,,"1.78m 5' 10""",,,,,,,,,,,,,,,,,,,,,,,,,,,,,,,,,,,,,,,,,,,,,,,,,,,,,,,,,,,,,,,,,,,,,,,,,,,,,,,,,,,,,,,,,,,,,,,,,,,,,,,,,
7892552,Ryan Farrell,LOUISVILLE,m,1:18.49,1:45.73,4:12.48,16:00.0,,,3:45.63,,,25:57.2,,,,,,,,,48.47,,,,,,,,,,,,,,,,,,,,,,,,,22:27.8,,,,,,,,,,,,,,,,,,,,,,,,,,,,,,,,,,,,,,,,,,,,,,,,,,,,,,,,,,,,,,,,,,,,,,,,,,,,,,,,,,,,,,,,
9258449,Kimeka Smith,CLEMSON,f,,,,,,,,,,,,,,,,,,,,,,,,,,,,"16.91m 55' 5.75""",,,,,,,,,,,,,,,,,,,,,,,,,,,,,,,,,,,,,,,,,,,,,,,,,,,,,,,,,,,,,,,,,,,,,,,,,,,,,,,,,,,,,,,,,,,,,,,,,,,,,,,,
8992358,Patrick Hilby,WISCONSIN,m,1:18.14,1:46.03,4:01.53,,,,3:42.87,,,,,2:25.17,,,,,,,50.52,,,,,,,,,,,,,,,,,,,,,,,,,,,,,,,,,,,,,,,,,,,,,,,,,,,,,,,,,,,,,,,,,,,,,,,,,,,,,,,,,,,,,,,,,,,,,,,,,,,,,,,,,,,,,,,,,
9210722,Samuel Idiens,VIRGINIA TECH,m,,1:47.68,,,,,3:40.33,,,24:03.8,,2:19.39,8:07.58,,,,,,,,,,,,,,,,,,,,,,,,,,,,,,,,,,,,,,,,,,,,,,,,,,,,,,,,,,,,,,,,,,,,,,,,,,,,,,,,,,,,,,,,,,,,,,,,,,,,,,,,,,,,,,,,,,,,,,,
8676761,Amanda Moll,WASHINGTON,f,,,,,,,,,,,,,,,,,,,,,,,,,,,,,,,"4.91m 16' 1.25""",,,,,,,,,,,,,,,,,,,,,,,,,,,,,,,,,,,,,,,,,,,,,,,,,,,,,,,,,,,,,,,,,,,,,,,,,,,,,,,,,,,,,,,,,,,,,,,,,,,,,
8336189,Anthonett Nabwe,MINNESOTA,f,,,,,,,,,,,,,,,,,,,,,,,,,,,,"18.00m 59' 0.75""",,,,,"59.58m 195' 6""","77.64m 254' 9""","25.13m 82' 5.5""",,,,,,,,,,,,,,,,,,,,,,,,,,,,,,,,,,,,,,,,,,,,,,,,,,,,,,,,,,,,,,,,,,,,,,,,,,,,,,,,,,,,,,,,,,,,,,,,,
8987859,Reece Curtis,ILLINOIS STATE,m,,,,,,,,,,,,,,,6.70,10.25 (3.6),20.63 (3.8),35.32,49.71,,,,,,,,,,,,,,,,,,,,,,,,,,,,,,,,,,,,,,,,,,,,,,,,,,,,,,,,,,,,,,,,,,,,,,,,,,,,,,,,,,,,,,,,,,,,,,,,,,,,,,,,,,,,,,,,,
7968985,Patasha Bryan,LIBERTY,f,,2:14.05,,,,,,,,,,,,,,,25.16 (1.7),,56.98,"41.36m 135' 8""","5.72m 18' 9.25""",,,8.88,14.24 (2.5),,"1.71m 5' 7.25""","13.03m 42' 9""",3999,5591,,,,,,,,,,,,,,,,,,,,,,,,,,,,,,,,,,,,,,,,,,,,,,,,,,,,,,,,,,,,,,,,,,,,,,,,,,,,,,,,,,,,,,,,,,,,,,,,,,,,,,
8317284,Georgina Scoot,PRINCETON,f,,,,,,,,,,,,,,,7.80,12.18 (0.9),24.40 (0.5),40.15,,,"6.61m (1.0) 21' 8.25""","13.67m (0.8) 44' 10.25""",,,,,,,,,,,,,,,,,,,,,,,,,,,,,,,,,,,,,,,,,,,,,,,,,,,,,,,,,,,,,,,,,,,,,,,,,,,,,,,,,,,,,,,,,,,,,,,,,,,,,,,,,,,,,,
8314502,Greg Mcqueen,RUTGERS,m,,,,,,,,,,,,,,,6.81,10.34 (3.6),20.98 (2.0),33.51,48.01,,,,,,,,,,,,,,,,,,,,,,,,,,,,,,,,,,,,,,,,,,,,,,,,,,,,,,,,,,,,,,,,,,,,,,,,,,,,,,,,,,,,,,,,,,,,,,,,,,,,,,,,,,,,,,,,,
7530579,Carlos Aviles,OHIO STATE,,,,,,,,,,,,,,,,,,,,,,,,,,,,,"18.93m 62' 1.25""",,,,,"59.14m 194' 0""","52.18m 171' 2""","19.73m 64' 8.75""",,,,,,,,,,,,,,,,,,,,,,,,,,,,,,,,,,,,,,,,,,,,,,,,,,,,,,,,,,,,,,,,,,,,,,,,,,,,,,,,,,,,,,,,,,,,,,,,,
7697359,Ky Robinson,STANFORD,,,1:53.32,3:55.87,,,,3:41.56,13:06.42,8:32.01,22:40.2,28:26.3,2:25.61,7:36.69,,,,,,,,,,27:47.11,,,,,,,,,,,,,,,,,,,,,,,,,,,,,,,,,,,,,,,,,,,,,,,,,,,,,,,,,,,,,,,,,,,,,,,,,,,,,,,,,,,,,,,,,,,,,,,,,,,,,,,,,,,,,
8982708,Tomeko Cates,WASHINGTON,m,,,,,,,4:55.12,,,,,,,,,10.76 (3.5),,,50.23,"44.95m 147' 6""","7.75m (1.5) 25' 5.25""",,,8.78,,,"2.19m 7' 2.25""","13.17m 43' 2.5""",,,"4.80m 15' 9""",15.27 (1.2),"43.29m 142' 0""",,,7632,,,,,,,,,,,,,,,,,,,,,,,,,,,,,,,,,,,,,,,,,,,,,,,,,,,,,,,,,,,,,,,,,,,,,,,,,,,,,,,,,,,,,,,,,,,,,,,,
8672722,Sherika Christie,WOFFORD,f,,2:31.10,,,,,,,,,,,,,,,24.72 (2.4),,,"42.64m 139' 11""","6.15m (2.3) 20' 2.25""","12.61m 41' 4.5""",,8.61,13.83 (1.2),,"1.68m 5' 6""","12.43m 40' 9.5""",3794,5476,,,"36.49m 119' 9""",,,,,,,,,,,,,,,,,,,,,,,,,,,,,,,,,,,,,,,,,,,,,,,,,,,,,,,,,,,,,,,,,,,,,,,,,,,,,,,,,,,,,,,,,,,,,,,,,,,
8681435,Isaiah Taylor,N. CAROLINA A&T,m,,,,,,,,,,,,,,,6.88,10.35 (2.8),20.98,33.29,47.88,,,,,7.74,,48.71,,,,,,13.30 (0.5),,,,,,,,,,,,,,,,,,,,,,,,,,,,,,,,,,,,,,,,,,,,,,,,,,,,,,,,,,,,,,,,,,,,,,,,,,,,,,,,,,,,,,,,,,,,,,,,,,,,
8998893,Kailey Elliott,EAST CAROLINA,f,,,,,,,,,,,,,,,7.57,11.86 (2.2),23.88 (1.2),,,,,,,8.16,12.78 (4.2),1:03.04,,,,,,,,,,,,,,,,,,,,,,,,,,,,,,,,,,,,,,,,,,,,,,,,,,,,,,,,,,,,,,,,,,,,,,,,,,,,,,,,,,,,,,,,,,,,,,,,,,,,,,,,,,
9253585,Dominic Harper,HOUSTON,m,,,,,,,,,,,,,,,,,20.54 (2.5),33.86,46.93,,,,,,,,,,,,,,,,,,,,,,,,,,,,,,,,,,,,,,,,,,,,,,,,,,,,,,,,,,,,,,,,,,,,,,,,,,,,,,,,,,,,,,,,,,,,,,,,,,,,,,,,,,,,,,,,,
9259022,Kate Hallie,MIAMI (OHIO),f,,,,,,,,,,,,,,,,,,,,"27.63m 90' 8""",,,,,,,,"14.65m 48' 0.75""",,,,,"51.89m 170' 3""","51.43m 168' 9""","17.35m 56' 11.25""",,,,,,,,,,,,,,,,,,,,,,,,,,,,,,,,,,,,,,,,,,,,,,,,,,,,,,,,,,,,,,,,,,,,,,,,,,,,,,,,,,,,,,,,,,,,,,,,,
9255902,Daneille Noble,CLEMSON,f,,,,,,,,,,,,,,,,,,,,,,,,,,,"1.77m 5' 9.75""",,,,,,,,,,,,,,,,,,,,,,,,,,,,,,,,,,,,,,,,,,,,,,,,,,,,,,,,,,,,,,,,,,,,,,,,,,,,,,,,,,,,,,,,,,,,,,,,,,,,,,,,,
8992437,Jordan Turner,LSU,m,,,,,,,,,,,,,,,6.92,10.50 (2.8),,,,,"8.11m 26' 7.25""",,,,,,,,,,,,,,,,,,,,,,,,,,,,,,,,,,,,,,,,,,,,,,,,,,,,,,,,,,,,,,,,,,,,,,,,,,,,,,,,,,,,,,,,,,,,,,,,,,,,,,,,,,,,,,,
8671724,Pearl Awanya,KANSAS,f,,,,,,,,,,,,,,,,12.83 (-1.1),23.27 (1.1),,52.36,,,,,,,,,,,,,,,,,,,,,,1:21.85,,,,,,,,,,,,,,,,,,,,,,,,,,,,,,,,,,,,,,,,,,,,,,,,,,,,,,,,,,,,,,,,,,,,,,,,,,,,,,,,,,,,,,,,,,,
8362404,Isaiah Emerson,CAL ST. FULLERTON,m,,2:03.74,,,,,,,,,,,,,6.87,10.56 (0.2),20.76 (2.1),,46.65,,,,,,,,,,,,,,,,,,,,,,,,,,,,,,,,,,,,,,,,,,,,,,,,,,,,,,,,,,,,,,,,,,,,,,,,,,,,,,,,,,,,,,,,,,,,,,,,,,,,,,,,,,,,,,,,,
8611975,Molly Haywood,BAYLOR,f,,,,,,,,,,,,,,,,,,,,,,,,,,,,,,,"4.61m 15' 1.5""",,,,,,,,,,,,,,,,,,,,,,,,,,,,,,,,,,,,,,,,,,,,,,,,,,,,,,,,,,,,,,,,,,,,,,,,,,,,,,,,,,,,,,,,,,,,,,,,,,,,,
8928535,Jed Elmbarki,UALBANY,m,,1:52.23,4:06.93,,19:22.4,,3:49.52,14:15.74,8:51.19,24:53.5,,,8:17.59,,,,,,,,,,,,,,,,,,,,,,,,,,,,,,,,,25:35.1,,,,,,,,,,,,5:44.93,,,,,,,,,,,,,,,,,,,,,,,,,,,,,,,,,,,,,,,,,,,,,,,,,,,,,,,,,,,,,,,,,,,,,,,,,,
7729615,Sam Hankins,TEXAS A&M,m,,,,,,,,,,,,,,,,,,,,"77.95m 255' 9""",,,,,,,,,,,,,,,,,,,,,,,,,,,,,,,,,,,,,,,,,,,,,,,,,,,,,,,,,,,,,,,,,,,,,,,,,,,,,,,,,,,,,,,,,,,,,,,,,,,,,,,,,,,,,,,,
8987320,Myles Mcfarland,SACRAMENTO ST.,m,,,,,,,,,,,,,,,7.16,,23.19,,,,,,,7.88,,55.52,,,,,,13.91 (0.9),,,,,,,,,,,,,,,,,,,,,,,,,,,,,,,,,,,,,,,,,,,,,,,,,,,,,,,,,,,,,,,,,,,,,,,,,,,,,,,,,,,,,,,,,,,,,,,,,,,,
9255847,Sammy Monks,BROWN,f,,,,,,,,,,,,,,,7.73,12.11 (2.7),25.19 (2.3),43.06,,,,,,,,,,,,,,,,,,,,,,,,,,,,,,,,,,,,,,,,,,,,,,,,,,,,,,,,,,,,,,,,,,,,,,,,,,,,,,,,,,,,,,,,,,,,,,,,,,,,,,,,,,,,,,,,,,
8713329,Marta Sivina,VANDERBILT,f,,2:12.62,,,,,,,,,,,,,7.75,,24.85 (0.6),40.72,,"33.53m 110' 0""","6.24m (2.6) 20' 5.75""",,,8.39,13.45 (2.7),,"1.75m 5' 8.75""","12.88m 42' 3.25""",4269,5935,,,,,,,,,,,,,,,,,,,,,,,,,,,,,,,,,,,,,,,,,,,,,,,,,,,,,,,,,,,,,,,,,,,,,,,,,,,,,,,,,,,,,,,,,,,,,,,,,,,,,,
7729245,Ivar Moisander,CALIFORNIA,,,,,,,,,,,,,,,,,,,,,"46.37m 152' 1""",,,,,,,,,,,,,,"69.38m 227' 7""","20.03m 65' 8.75""",,,,,,,,,,,,,,,,,,,,,,,,,,,,,,,,,,,,,,,,,,,,,,,,,,,,,,,,,,,,,,,,,,,,,,,,,,,,,,,,,,,,,,,,,,,,,,,,,
8009666,Zach Extine,FLORIDA STATE,,,,,,,,,,,,,,,,,,21.23 (2.1),,,,,,,7.62,,,,,,,,13.13 (0.1),,,,,,,,,,,,,,,,,,,,,,,,,,,,,,,,,,,,,,,,,,,,,,,,,,,,,,,,,,,,,,,,,,,,,,,,,,,,,,,,,,,,,,,,,,,,,,,,,,,,
8318022,Chinenye Onourah,ST. JOHN'S,f,,,,,,,,,,,,,,,,12.45 (-0.4),23.92,38.50,52.68,,,,,,,,,,,,,,,,,,,,,,,,,,,,,,,,,,,,,,,,,,,,,,,,,,,,,,,,,,,,,,,,,,,,,,,,,,,,,,,,,,,,,,,,,,,,,,,,,,,,,,,,,,,,,,,,,
8680418,Miles Jones,KENTUCKY,m,,,,,,,,,,,,,,,6.65,10.07 (4.3),20.54 (2.0),33.52,,,"7.44m (+0.0) 24' 5""",,,,,,,,,,,,,,,,,,,,,,,,,,,,,,,,,,,,,,,,,,,,,,,,,,,,,,,,,,,,,,,,,,,,,,,,,,,,,,,,,,,,,,,,,,,,,,,,,,,,,,,,,,,,,,,
8363995,Azeem Fahmi,AUBURN,m,,,,,,,,,,,,,,,6.56,10.01 (4.7),20.79 (0.1),,,,,,,,,,,,,,,,,,,,,,,,,,,,,,,,,,,,,,,,,,,,,,,,,,,,,,,,,,,,,,,,,,,,,,,,,,,,,,,,,,,,,,,,,,,,,,,,,,,,,,,,,,,,,,,,,,,
8905162,Graham Myers,FLORIDA,m,,,4:07.28,,,,3:46.89,,8:34.68,24:36.8,,,8:13.14,,,,,,,,,,,,,,,,,,,,,,,,,,,,,,,,,,,,,,,,,,,,,,,,,,,,,,,,,,,,,,,,,,,,,,,,,,,,,,,,,,,,,,,,,,,,,,,,,,,,,,,,,,,,,,,,,,,,,,,
8673963,Malaika Cunningham,VILLANOVA,f,,,,,,,,,,,,,,,,,,,,,,,,,,,"1.77m 5' 9.75""",,,,,,,,,,,,,,,,,,,,,,,,,,,,,,,,,,,,,,,,,,,,,,,,,,,,,,,,,,,,,,,,,,,,,,,,,,,,,,,,,,,,,,,,,,,,,,,,,,,,,,,,,
9008526,Mercy Freeman,TEXAS A&M,f,1:37.89,2:20.90,,,,,,,,,,,,,,,25.00 (3.8),,,"42.91m 140' 9""","5.95m 19' 6.25""",,,8.78,14.53 (1.3),,"1.60m 5' 3""","12.69m 41' 7.75""",3855,5209,,,,,,,,,,,,,,,,,,,,,,,,,,,,,,,,,,,,,,,,,,,,,,,,,,,,,,,,,,,,,,,,,,,,,,,,,,,,,,,,,,,,,,,,,,,,,,,,,,,,,,
6876347,Derek Johnson,VIRGINIA,,,,,,,,,13:39.88,8:25.23,23:41.3,30:00.0,,7:58.11,,,,,,,,,,,,,,,,,,,,,,,,,,,,,,,,,,,,,,,,,,,,,5:54.76,,,,,,,,,,,,,,,,,,,,,,,,,,,,,,,,,,,,,,,,,,,,,,,,,,,,,,,,,,,,,,,,,,,,,,,,,,
7978993,Luke Thierfelder,NC STATE,m,,,,,,,,,,,,,,,,,,,,"66.58m 218' 5""",,,,,,,,,,,,,,,,,,,,,,,,,,,,,,,,,,,,,,,,,,,,,,,,,,,,,,,,,,,,,,,,,,,,,,,,,,,,,,,,,,,,,,,,,,,,,,,,,,,,,,,,,,,,,,,,
7993172,Elias Foor,INDIANA STATE,,,,,,,,,,,,,,,,,,,,,"54.55m 179' 0""",,,,,,,,"17.77m 58' 3.75""",,,,,"59.51m 195' 3""","62.29m 204' 4""","19.94m 65' 5""",,,,,,,,,,,,,,,,,,,,,,,,,,,,,,,,,,,,,,,,,,,,,,,,,,,,,,,,,,,,,,,,,,,,,,,,,,,,,,,,,,,,,,,,,,,,,,,,,
8676327,Tatum David,VIRGINIA,f,,2:05.12,4:28.10,16:54.6,19:38.9,,4:06.51,15:49.56,,,,,9:16.09,,,,,,,,,,,,,,,,,,,,,,,,,,,,,,,,,,,,,,,,,,13:36.7,,,,,,,,,,,,,,,,,,,,,,,,,,,,,,,,,,,,,,,,,,,,,,,,,,,,,,,,,,,,,,,,,,,,,,,,,,,,,
7422260,Grace Forbes,RICE,,,,4:37.53,16:58.0,19:45.2,,4:14.16,15:50.38,,,,,8:56.82,,,,,,,,,,32:24.38,,,,,,,,,,,,,,,,,,,,,,,,,,,,,,,,13:21.9,,,,,,,,,,,,,,,,,,,,,,,,,,,,,,,,,,,,,,,,,,,,,,,,,,,,,,,,,,,,,,,,,,,,,,,,,,,,,
8036060,Tyra Gittens,TEXAS,,,2:28.22,,,,,,,,,,,,,,,23.33 (4.4),,,"41.24m 135' 4""","6.96m (2.0) 22' 10""",,,8.28,13.26 (2.6),,"1.95m 6' 4.75""","13.89m 45' 7""",4746,6418,,,,,,,,,,,,,,,,,,,,,,,,,,,,,,,,,,,,,,,,,,,,,,,,,,,,,,,,,,,,,,,,,,,,,,,,,,,,,,,,,,,,,,,,,,,,,,,,,,,,,,
8260167,Katie Blount,ELON,f,,,4:54.88,16:41.4,19:37.1,,4:30.96,16:20.16,,,,,9:18.51,,,,,,,,,,33:31.63,,,,,,,,,,,,,,,,,,,,,,,,,,,,,,,,14:14.1,,,,,,,,,,21:21.3,,,,,,,,,,,,,,,,,,,,,,,,,,,,,,,,,,,,,,,,,,,,,,,,,,,,,,,,,,,,,,,,,,,
8924280,Tatum Olesen,VIRGINIA,f,,2:06.61,4:41.94,17:23.3,20:36.0,,4:14.57,,,,,,,,,,,,,,,,,,,,,,,,,,,,,,,,,,,,,,,,,,,,,,,,13:38.2,,,,,,,,,,,,,,,,,,,,,,,,,,,,,,,,,,,,,,,,,,,,,,,,,,,,,,,,,,,,,,,,,,,,,,,,,,,,,
8995171,Anna Panenko,LOUISVILLE,f,,,,,,,,,,,,,,,,12.89 (0.3),26.16 (0.8),,,,"6.27m (5.3) 20' 7""","13.15m (0.9) 43' 1.75""",,,,,,,,,,,,,,,,,,,,,,,,,,,,,,,,,,,,,,,,,,,,,,,,,,,,,,,,,,,,,,,,,,,,,,,,,,,,,,,,,,,,,,,,,,,,,,,,,,,,,,,,,,,,,,
8715615,Jaouad Khchina,SOUTH CAROLINA,m,,1:46.80,3:53.90,,,,3:35.07,14:20.64,,,,2:17.36,7:51.76,,,,,,,,,,,,,,,,,,,,,,,,,,,,,,,,,,,,,,,,,,,,,,,,,,,,,,,,,,,,,,,,,,,,,,,,,,,,,,,,,,,,,,,,,,,,,,,,,,,,,,,,,,,,,,,,,,,,,,,
8982899,Mackenzie Collins,TEXAS,f,,,,,,,,,,,,,,,,,23.75 (1.9),38.46,53.26,,,,,,,56.08,,,,,,,,,,,,,,,,,,,,,,,,,,,,,,,,,,,,,,,,,,,,,,,,,,,,,,,,,,,,,,,,,,,,,,,,,,,,,,,,,,,,,,,,,,,,,,,,,,,,,,,,,,
8978669,Joshua Horstmann,CHARLOTTE,m,,,,,,,4:57.56,,,,,2:49.18,,,7.06,11.17 (-0.5),,,49.78,"56.31m 184' 9""","6.91m (1.0) 22' 8""",,,8.61,,,"1.99m 6' 6.25""","13.61m 44' 8""",,5443,"4.35m 14' 3.25""",15.71 (0.4),"37.80m 124' 0""",,,7088,,,,,,,,,,,,,,,,,,,,,,,,,,,,,,,,,,,,,,,,,,,,,,,,,,,,,,,,,,,,,,,,,,,,,,,,,,,,,,,,,,,,,,,,,,,,,,,,
9279569,Success Oyibu,BAYLOR,f,,,,,,,,,,,,,,,7.53,11.19 (2.8),22.94 (1.5),,,,,,,,,,,,,,,,,,,,,,,,,,,,,,,,,,,,,,,,,,,,,,,,,,,,,,,,,,,,,,,,,,,,,,,,,,,,,,,,,,,,,,,,,,,,,,,,,,,,,,,,,,,,,,,,,,,
9283760,Abigail Campbell,ARKANSAS,f,,,,,,,,,,,,,,,,,23.81 (4.4),,52.48,,,,,,,,,,,,,,,,,,,,,,,,,,,,,,,,,,,,,,,,,,,,,,,,,,,,,,,,,,,,,,,,,,,,,,,,,,,,,,,,,,,,,,,,,,,,,,,,,,,,,,,,,,,,,,,,,
9166299,Louis Small,SYRACUSE,m,,,4:10.65,,,,3:51.60,13:56.97,,23:39.1,29:44.0,,8:07.79,,8.48,,,,,,,,28:51.68,,,,,,,,,,,,,,,,,,,,,,,,,,,,,25:20.8,,,,,,,,,,,,,,,,,,,,,,,,,,,,,,,,,,,,,,,,,,,,,,,,,,,,,,,,,,,,,,,,,,,,,,,,,,,,,,,,
7977918,Maxwell Otterdahl,NEBRASKA,,,,,,,,,,,,,,,,,,,,,,,,,,,,,"21.22m 69' 7.5""",,,,,"59.61m 195' 7""","60.11m 197' 2""","22.31m 73' 2.5""",,,,,,,,,,,,,,,,,,,,,,,,,,,,,,,,,,,,,,,,,,,,,,,,,,,,,,,,,,,,,,,,,,,,,,,,,,,,,,,,,,,,,,,,,,,,,,,,,
8705615,Breanna Harlin,TCU,f,,,,,,,,,,,,,,,7.55,11.55 (4.9),23.78 (3.1),,,,,,,,,,,,,,,,,,,,,,,,,,,,,,,,,,,,,,,,,,,,,,,,,,,,,,,,,,,,,,,,,,,,,,,,,,,,,,,,,,,,,,,,,,,,,,,,,,,,,,,,,,,,,,,,,,,
8716193,Salma Elbadra,SOUTH CAROLINA,f,,2:00.55,4:27.54,15:57.5,19:03.1,,4:02.63,15:51.24,,,,,8:41.76,,,,,,,,,,,,,,,,,,,,,,,,,,,,,,,,,,,,,,,,,,,,,,,,,,,,,,,,,,,,,,18:40.3,,,,,,,,,,,,,,,,,,,,,,,,,,,,,,,,,,,,,,,,,,,,,,,,,,,,,,,,,
8712996,Falon Spearman,VANDERBILT,f,,,,,,,,,,,,,,,7.73,12.09 (1.3),24.37,39.36,57.31,,,,,8.07,12.89 (1.1),55.37,,,,,,,,,,,,,,,,,,,,,,,,,,,,,,,,,,,,,,,,,,,,,,,,,,,,,,,,,,,,,,,,,,,,,,,,,,,,,,,,,,,,,,,,,,,,,,,,,,,,,,,,,,
9000792,Stuart Pirtle,VIRGINIA TECH,m,,,,,,,4:48.29,,,,,2:47.71,,,7.07,10.83 (2.2),,,48.79,"47.84m 156' 11""","6.94m (-0.3) 22' 9.25""",,,8.17,,,"2.00m 6' 6.75""","13.46m 44' 2""",,5284,"4.15m 13' 7.25""",14.44 (-1.8),"39.46m 129' 5""",,,7397,,,,,,,,,,,,,,,,,,,,,,,,,,,,,,,,,,,,,,,,,,,,,,,,,,,,,,,,,,,,,,,,,,,,,,,,,,,,,,,,,,,,,,,,,,,,,,,,
8584320,N Vanee Anchike,UT-RIO GRANDE VALLEY,f,1:35.03,2:03.00,4:40.52,17:27.1,21:15.1,18:08.3,4:14.41,17:21.61,,,,2:52.39,10:19.11,,,,,,57.65,,,,,,,,,,,,,,,,,,,,,,,,,,,,,,,,,,1:25:10.0,,,,,,,,,,,,,,,,,,,,,,,,,,,,,,,,,,,,,,,,,,,,,,,,,,,,,,,,,,,,,,,,,,,,,,,,,,,,,,,
7729642,Lamara Distin,TEXAS A&M,,,,,,,,,,,,,,,,,,,,,,,"13.24m (-1.0) 43' 5.25""",,,,,"2.00m 6' 6.75""",,,,,,,,,,,,,,,,,,,,,,,,,,,,,,,,,,,,,,,,,,,,,,,,,,,,,,,,,,,,,,,,,,,,,,,,,,,,,,,,,,,,,,,,,,,,,,,,,,,,,,,,,
8335072,Colby Eddowes,ARKANSAS STATE,m,,,,,,,4:43.64,,,,,2:44.77,,,6.95,10.70 (1.8),21.76 (2.6),,48.49,"49.94m 163' 10""","7.75m (+0.0) 25' 5.25""",,,7.77,,,"2.13m 6' 11.75""","12.72m 41' 8.75""",,5885,"4.71m 15' 5.5""",13.45 (1.8),"40.36m 132' 5""",,,7725,,,,,,,,,,,,,,,,,,,,,,,,,,,,,,,,,,,,,,,,,,,,,,,,,,,,,,,,,,,,,,,,,,,,,,,,,,,,,,,,,,,,,,,,,,,,,,,,
6871713,Sarah Hendrick,KENNESAW STATE,,1:28.49,2:00.98,4:41.99,17:12.7,20:38.1,,4:15.71,,,,,3:05.19,9:44.98,,,,,,54.37,,,,,,,,,,,,,,,,,,,1:12.73,,,,,,,,,,,,,,,,,14:35.5,,,,,,,,,,,,,,,,,,,,,24:57.4,,,,,,,,,,,,,,,,,,,,,,,,,,,,,,,,,,,,,,,,,,,,,,,,,,,,,,,,
9010792,Alyssa Banales,FLORIDA,,,,,,,,,,,,,,,,,,,,,,"6.41m (0.2) 21' 0.5""",,,,,,,,,,,,,,,,,,,,,,,,,,,,,,,,,,,,,,,,,,,,,,,,,,,,,,,,,,,,,,,,,,,,,,,,,,,,,,,,,,,,,,,,,,,,,,,,,,,,,,,,,,,,,,,
9257084,Theo Mudzengerere,KENTUCKY,m,,,,,,,,,,,,,,,,,,,,,,"16.83m (1.6) 55' 2.75""",,,,,,,,,,,,,,,,,,,,,,,,,,,,,,,,,,,,,,,,,,,,,,,,,,,,,,,,,,,,,,,,,,,,,,,,,,,,,,,,,,,,,,,,,,,,,,,,,,,,,,,,,,,,,,
8679343,Layla Haynes,FLORIDA,f,1:32.90,1:59.38,,,,,4:16.85,,,,,2:44.97,,,,,,,,,,,,,,,,,,,,,,,,,,,,,,,,,,,,,,,,,,,,,,,,,,,,,,,,,,,,,,,,,,,,,,,,,,,,,,,,,,,,,,,,,,,,,,,,,,,,,,,,,,,,,,,,,,,,,,,,
8919815,Aden Bandukwala,DUKE,m,,1:45.40,4:02.72,,,,3:39.99,,,24:47.4,,2:24.89,8:25.86,,,,,,,,,,,,,,,,,,,,,,,,,1:05.07,,,,,,,,,,,,,,,,,11:54.1,,,,,,,,,,,,,,,,,,,,,,,,,,,,,,,,,,,,,,,,,,,,,,,,,,,,,,,,,,,,,,,,,,,,,,,,,,,,,
9272519,Olu Williams,NORTH TEXAS,m,,,,,,,,,,,,,,,,,,,,"36.94m 121' 2""",,,,,,,,"18.69m 61' 4""",,,,,"59.95m 196' 8""",,"9.56m 31' 4.5""",,,,,,,,,,,,,,,,,,,,,,,,,,,,,,,,,,,,,,,,,,,,,,,,,,,,,,,,,,,,,,,,,,,,,,,,,,,,,,,,,,,,,,,,,,,,,,,,,
9263308,Skylar Brazzell,GEORGIA,f,,,,,,,,,,,,,,,,,23.05 (1.7),36.55,52.36,,,,,,,,,,,,,,,,,,,,,,,,,,,,,,,,,,,,,,,,,,,,,,,,,,,,,,,,,,,,,,,,,,,,,,,,,,,,,,,,,,,,,,,,,,,,,,,,,,,,,,,,,,,,,,,,,
9252906,Isaac Woodward,TEXAS TECH,m,,,,,,,,,,,,,,,,,,,,"67.18m 220' 5""",,,,,,,,,,,,,,,,,,,,,,,,,,,,,,,,,,,,,,,,,,,,,,,,,,,,,,,,,,,,,,,,,,,,,,,,,,,,,,,,,,,,,,,,,,,,,,,,,,,,,,,,,,,,,,,,
8673934,De'Aundre Ward,SOUTHERN MISS.,m,,,,,,,,,,,,,,,6.90,10.76 (4.2),,,,,"8.20m 26' 11""",,,,,,,,,,,,,,,,,,,,,,,,,,,,,,,,,,,,,,,,,,,,,,,,,,,,,,,,,,,,,,,,,,,,,,,,,,,,,,,,,,,,,,,,,,,,,,,,,,,,,,,,,,,,,,,
8092081,Michael Chambers,CAL POLY,m,,,,,18:37.0,,3:44.58,14:01.96,8:42.35,24:01.0,30:25.3,,8:29.59,,,,,,,,,,,,,,,,,,,,,,,,,,,,,,,,,,,,,,,,,,,,,5:51.30,,,,,,,,,,,,,,,,,,,,,,,,,,,,,,,,,,,,,,,,,,,,,,,,,,,,,,,,,,,,,,,,,,,,,,,,,,
8972008,Keith Orona,CAL ST. FULLERTON,m,,,,,,,4:42.27,,,,,2:48.96,,,7.19,11.18 (0.3),,,50.51,"61.81m 202' 9""","6.98m (0.7) 22' 11""",,,8.42,,,"2.08m 6' 9.75""","14.83m 48' 8""",,5477,"4.31m 14' 1.75""",14.95 (0.2),"47.51m 155' 10""",,,7675,,,,,,,,,,,,,,,,,,,,,,,,,,,,,,,,,,,,,,,,,,,,,,,,,,,,,,,,,,,,,,,,,,,,,,,,,,,,,,,,,,,,,,,,,,,,,,,,
8360317,Taylor Reagor,N. CAROLINA A&T,f,,,,,,,,,,,,,,,,,,,,,,,,,,,,"15.54m 51' 0""",,,,,"51.85m 170' 1""",,"12.59m 41' 3.75""",,,,,,,,,,,,,,,,,,,,,,,,,,,,,,,,,,,,,,,,,,,,,,,,,,,,,,,,,,,,,,,,,,,,,,,,,,,,,,,,,,,,,,,,,,,,,,,,,
8984388,Josiah Wrice,SOUTH CAROLINA,m,,,,,,,,,,,,,,,,,20.89 (4.1),32.36,44.72,,,,,,,,,,,,,,,,,,,,,,,,,,,,,,,,,,,,,,,,,,,,,,,,,,,,,,,,,,,,,,,,,,,,,,,,,,,,,,,,,,,,,,,,,,,,,,,,,,,,,,,,,,,,,,,,,
8916349,Evans Biwott,OKLAHOMA,m,,,,14:46.5,,,3:48.99,13:35.51,8:42.60,22:57.4,29:17.2,,7:56.07,,,,,,,,,,,,,,,,,,,,,,,,,,,,,,,,,,,,,,,,,,,,,,,,,,,,,,,,,,,,,,,,,,,,,,,,,,,,,,,,,,,,,,,,,,,,,,,,,,,,,,,,,,,,,,,,,,,,,,,
7992221,Sydney Willits,IOWA STATE,f,,2:25.31,,,,,,,,,,,,,7.46,12.27 (1.3),24.19 (-0.7),,,"30.49m 100' 0""","6.75m (3.6) 22' 1.75""",,,8.48,13.93 (1.3),,"1.70m 5' 7""","11.42m 37' 5.75""",4085,5446,,,,,,,,,,,,,,,,,,,,,,,,,,,,,,,,,,,,,,,,,,,,,,,,,,,,,,,,,,,,,,,,,,,,,,,,,,,,,,,,,,,,,,,,,,,,,,,,,,,,,,
9268051,Presten Augustin,VCU,m,,,,,,,,,,,,,,,7.13,,22.55,35.65,,,,,,7.92,,51.49,,,,,,13.82 (1.8),,,,,,,,,,,,,,,,,,,,,,,,,,,,,,,,,,,,,,,,,,,,,,,,,,,,,,,,,,,,,,,,,,,,,,,,,,,,,,,,,,,,,,,,,,,,,,,,,,,,
8343532,Christine Mallard,USC,f,,,,,,,,,,,,,,,7.27,11.18 (3.1),22.44 (1.7),37.86,51.41,,,,,,,,,,,,,,,,,,,,,,,,,,,,,,,,,,,,,,,,,,,,,,,,,,,,,,,,,,,,,,,,,,,,,,,,,,,,,,,,,,,,,,,,,,,,,,,,,,,,,,,,,,,,,,,,,
8682167,Amare Harlan,MICHIGAN,f,,,,,,,,,,,,,,,7.37,11.38 (2.5),23.38 (1.8),38.84,,,"6.37m (-0.1) 20' 10.75""",,,,,,,,,,,,,,,,,,,,,,,,,,,,,,,,,,,,,,,,,,,,,,,,,,,,,,,,,,,,,,,,,,,,,,,,,,,,,,,,,,,,,,,,,,,,,,,,,,,,,,,,,,,,,,,
6989583,Alexis Holmes,KENTUCKY,,,,,,,,,,,,,,,,7.72,,23.51,37.37,50.71,,,,,,,,,,,,,,,,,,,1:12.59,,,,,,,,,,,,,,,,,,,,,,,,,,,,,,,,,,,,,,,,,,,,,,,,,,,,,,,,,,,,,,,,,,,,,,,,,,,,,,,,,,,,,,,,,,,,,,
8316987,Jeremiah Nubbe,TEXAS,,,,,,,,,,,,,,,,,,,,,,,,,,,,,,,,,,"59.42m 194' 11""","73.11m 239' 10""","22.79m 74' 9.25""",,,,,,,,,,,,,,,,,,,,,,,,,,,,,,,,,,,,,,,,,,,,,,,,,,,,,,,,,,,,,,,,,,,,,,,,,,,,,,,,,,,,,,,,,,,,,,,,,
7958888,Jalil Brewer,TEXAS,,,,,,,,,,,,,,,,,,,,,,,,,,,,,"19.90m 65' 3.5""",,,,,"48.69m 159' 9""",,,,,,,,,,,,,,,,,,,,,,,,,,,,,,,,,,,,,,,,,,,,,,,,,,,,,,,,,,,,,,,,,,,,,,,,,,,,,,,,,,,,,,,,,,,,,,,,,,,
8991535,Gia Clay,PURDUE,f,,,,,,,,,,,,,,,,,23.96 (2.7),39.29,52.55,,,,,,,,,,,,,,,,,,,,,,,,,,,,,,,,,,,,,,,,,,,,,,,,,,,,,,,,,,,,,,,,,,,,,,,,,,,,,,,,,,,,,,,,,,,,,,,,,,,,,,,,,,,,,,,,,
9013628,Niqualas Chew,OKLAHOMA,m,,,,,,,,,,,,,,,6.89,,,,,,"7.70m (1.4) 25' 3.25""","14.24m (0.8) 46' 8.75""",,,,,,,,,,,,,,,,,,,,,,,,,,,,,,,,,,,,,,,,,,,,,,,,,,,,,,,,,,,,,,,,,,,,,,,,,,,,,,,,,,,,,,,,,,,,,,,,,,,,,,,,,,,,,,
8364211,Blake Harris,TEXAS A&M,m,1:24.86,,,,,,4:39.08,,,,,2:41.93,,,6.83,10.53 (1.6),,,48.30,"54.67m 179' 4""","7.50m 24' 7.25""",,,7.81,,,"2.01m 6' 7""","13.69m 44' 11""",,5969,"4.77m 15' 7.75""",13.98 (1.1),"40.29m 132' 2""",,,7727,,,,,,,,,,,,,,,,,,,,,,,,,,,,,,,,,,,,,,,,,,,,,,,,,,,,,,,,,,,,,,,,,,,,,,,,,,,,,,,,,,,,,,,,,,,,,,,,
8018866,Conner Mcclure,VIRGINIA TECH,m,,,,,,,,,,,,,,,,,,,,,,,,,,,,,,,"5.75m 18' 10.25""",,,,,,,,,,,,,,,,,,,,,,,,,,,,,,,,,,,,,,,,,,,,,,,,,,,,,,,,,,,,,,,,,,,,,,,,,,,,,,,,,,,,,,,,,,,,,,,,,,,,,
7732798,Chioma Njoku,MARYLAND,,,,,,,,,,,,,,,,,,,,,,,,,,,,,"13.98m 45' 10.5""",,,,,,"65.60m 215' 3""","21.36m 70' 1""",,,,,,,,,,,,,,,,,,,,,,,,,,,,,,,,,,,,,,,,,,,,,,,,,,,,,,,,,,,,,,,,,,,,,,,,,,,,,,,,,,,,,,,,,,,,,,,,,
8618918,Jayde Rosslee,BRADLEY,m,,,4:06.80,,17:23.5,,3:45.24,13:39.10,,23:25.0,29:31.3,,8:04.71,,,,,,,,,,28:25.07,,,,,,,,,,,,,,,,,,,,,,,24:04.1,,,,,,,,,,,,,,,,,,,,,,,,,,,,,,,,,,,,,,,,,,,,,,,,,,,,,,,,,,,,,,,,,,,,,,,,,,,,,,,,,,,,,,
8607244,Caleb Anthony,SAM HOUSTON,m,,1:48.40,,,,,4:05.19,,,,,2:24.41,,,,,22.24 (1.7),,47.59,,,,,,,,,,,,,,,,,,,,,,1:09.88,,,,,,,,,,,,,,,,,,,,,,,,,,,,,,,,,,,,17:37.2,,,,,,,,,,,,,,,,,,,,,,,,,,,,,,,,,,,,,,,,,,,,,,,,,,,,,,,
8358309,Jolie Robinson,UC IRVINE,f,,2:23.00,,,,,,,,,,,,,,12.49 (1.0),24.78 (1.2),,,"44.46m 145' 10""","6.19m (-0.3) 20' 3.75""",,,8.79,14.20 (1.2),,"1.65m 5' 5""","13.31m 43' 8""",3961,5647,,,,,,,,,,,,,,,,,,,,,,,,,,,,,,,,,,,,,,,,,,,,,,,,,,,,,,,,,,,,,,,,,,,,,,,,,,,,,,,,,,,,,,,,,,,,,,,,,,,,,,
8977768,Caleb Holman,VIRGINIA,m,,,,,,,,,,,,,,,7.02,,,,,,"7.54m (2.2) 24' 9""","15.86m (1.2) 52' 0.5""",,,,,,,,,,,,,,,,,,,,,,,,,,,,,,,,,,,,,,,,,,,,,,,,,,,,,,,,,,,,,,,,,,,,,,,,,,,,,,,,,,,,,,,,,,,,,,,,,,,,,,,,,,,,,,
8336015,Trinity Franklin,MICHIGAN,f,,,,,,,,,,,,,,,,,,,,,,,,,,,,"15.84m 51' 11.75""",,,,,,"45.74m 150' 1""","15.97m 52' 4.75""",,,,,,,,,,,,,,,,,,,,,,,,,,,,,,,,,,,,,,,,,,,,,,,,,,,,,,,,,,,,,,,,,,,,,,,,,,,,,,,,,,,,,,,,,,,,,,,,,
7907417,Aiden Britt,OLE MISS,m,,,4:12.66,,,,3:53.43,13:41.31,,23:39.3,29:47.8,,7:51.11,,,,,,,,,,28:26.41,,,,,,,,,,,,,,25:28.6,,,,,,,19:56.2,,,,,,,,,,,,,,,,,,,,,,,,,,,,,,,,,,,,,,,,,,,,,,,,,,,,,,,,,,,,,,,,,,,,,,,,,,,,,,,,,,,,,,,,
8674785,Lukas Lang,YOUNGSTOWN ST.,m,,,,,,,,,,,,,,,,,,,,,,,,,,,,,,,"5.21m 17' 1""",,,,,,,,,,,,,,,,,,,,,,,,,,,,,,,,,,,,,,,,,,,,,,,,,,,,,,,,,,,,,,,,,,,,,,,,,,,,,,,,,,,,,,,,,,,,,,,,,,,,,
9006518,Camryn Massey,AUBURN,f,,,,,,,,,,,,,,,,,,,,,,,,,,,,"17.15m 56' 3.25""",,,,,"59.94m 196' 8""","48.25m 158' 4""","19.15m 62' 10""",,,,,,,,,,,,,,,,,,,,,,,,,,,,,,,,,,,,,,,,,,,,,,,,,,,,,,,,,,,,,,,,,,,,,,,,,,,,,,,,,,,,,,,,,,,,,,,,,
9006148,Amelia Johnson,ALABAMA,f,,,,,,,,,,,,,,,,,,,,,,,,,,,,,,,"4.13m 13' 6.5""",,,,,,,,,,,,,,,,,,,,,,,,,,,,,,,,,,,,,,,,,,,,,,,,,,,,,,,,,,,,,,,,,,,,,,,,,,,,,,,,,,,,,,,,,,,,,,,,,,,,,
8989037,Aaliyah Murphy,TROY,f,,,,,,,,,,,,,,,,,24.75,39.88,55.43,,,,,8.70,14.13 (-1.2),58.43,,,,,,,,,,,,,,,,,,,,,,,,,,,,,,,,,,,,,,,,,,,,,,,,,,,,,,,,,,,,,,,,,,,,,,,,,,,,,,,,,,,,,,,,,,,,,,,,,,,,,,,,,,
7972452,Jaren Holmes,USC,,,,,,,,,,,,,,,,,,,,,,"7.79m (0.9) 25' 6.75""","16.40m (1.2) 53' 9.75""",,8.65,,,,,,,,,,,,,,,,,,,,,,,,,,,,,,,,,,,,,,,,,,,,,,,,,,,,,,,,,,,,,,,,,,,,,,,,,,,,,,,,,,,,,,,,,,,,,,,,,,,,,,,,,,,,
8919862,Peyton Hollis,DUKE,f,,2:04.72,4:57.64,,,,4:27.62,,,,,3:00.63,,,,,,,,,,,,,,,,,,,,,,,,,,1:18.32,,,,,,,,,,,,,,,,,,,,,,,,,,,,,,,,,,,,,,,,,,,,,,,,,,,,,,,,,,,,,,,,,,,,,,,,,,,,,,,,,,,,,,,,,,,,,,
8699160,Yougendy Mauricette,USC,m,1:17.63,1:53.04,,,,,,,,,,,,,,,21.69 (0.2),,46.83,,"7.60m (-0.5) 24' 11.25""",,,,,49.47,,,,,,,,,,,,,,,1:09.59,,,,,,,,,,,,,,,,,,,,,,,,,,,,,,,,,,,,,,,,,,,,,,,,,,,,,,,,,,,,,,,,,,,,,,,,,,,,,,,,,,,,,,,,,,,
8320207,Uri Arnon,PITTSBURGH,m,,,,,,,,,,,,,,,7.06,,23.08 (1.9),,,,"6.77m (1.3) 22' 2.5""","15.71m (2.4) 51' 6.5""",,,,,,,,,,,,,,,,,,,,,,,,,,,,,,,,,,,,,,,,,,,,,,,,,,,,,,,,,,,,,,,,,,,,,,,,,,,,,,,,,,,,,,,,,,,,,,,,,,,,,,,,,,,,,,
8350105,Symoria Adkins,TEXAS TECH,f,,,,,,,,,,,,,,,7.26,11.33 (2.8),23.49 (1.7),,,,"17' 1.75"" 5.22m","37' 10.5"" 11.54m",,8.13,12.80 (1.8),,,,,,,,,,,,,,,,,,,,,,,44.10,,,,,,,,,,,,,,,,,,,,,,,,,,,,,,,,,,,,,,,,,,,,,,,,,,,,,,,,,,,,,,,,,,,,,,,,,,,,,,,,,,,,
9262217,Raquel Gomes,ULM,f,,,,,,,,,,,,,,,,,,,,,,,,,,,,,,,,,"52.68m 172' 10""",,,,,,,,,,,,,,,,,,,,,,,,,,,,,,,,,,,,,,,,,,,,,,,,,,,,,,,,,,,,,,,,,,,,,,,,,,,,,,,,,,,,,,,,,,,,,,,,,,,
8699530,Trellas Forrest,ALCORN STATE,m,,,,,,,,,,,,,,,7.20,10.55 (2.6),20.85,34.03,45.28,,,,,,,,,,,,,,,,,,,1:04.19,,,,,,,,,,,,,,,,,,,,,,,,,,,,,,,,,,,,,,,,,,,,,,,,,,,,,,,,,,,,,,,,,,,,,,,,,,,,,,,,,,,,,,,,,,,,,,
7899902,Adam Spencer,WISCONSIN,,,1:46.84,3:52.70,,,,3:34.57,,,23:11.9,29:30.1,,7:40.38,,,,,,,,,,,,,,,,,,,,,,,,,,,,,,,,,,,,,,,,,,,,,,,,,,,,,,,,,,,,,,,,,,,,,,,,,,,,,,,,,,,,,,,,,,,,,,,,,,,,,,,,,,,,,,,,,,,,,,,
6588208,Micaiah Harris,TEXAS,,,,,,,,,,,,,,,,6.67,9.93 (2.4),19.72 (3.8),,45.92,,,,,,,,,,,,,,,,,,,,,,,,,,,,,,,,,,,,,,,,,,,,,,,,,,,,,,,,,,,,,,,,,,,,,,,,,,,,,,,,,,,,,,,,,,,,,,,,,,,,,,,,,,,,,,,,,
8632366,Rosemary Arthur,IOWA,f,1:32.72,2:01.88,4:49.05,17:20.8,23:02.0,,4:25.29,18:09.01,,,,2:48.13,10:09.27,,,,,,,,,,,,,,,,,,,,,,,,,,,,1:29.88,,,,,,,,,,,,,,,,,,,,,,,,,,,,,,,,,,,,,,,,,,,,,,,,,,,,,,,,,,,,,,,,,,,,,,,,,,,,,,,,,,,,,,,,,,,
9007470,Katie Castelli,OHIO STATE,f,,,4:49.29,,,,4:20.67,,9:57.59,,,,,,,,,,,,,,,,,,,,,,,,,,,,,,,,,,,,,,,,,,,,,,,,,,,,,,,,,,,,,,,,,,,,,,,,,,,,,,,,,,,,,,,,,,,,,,,,,,,,,,,,,,,,,,,,,,,,,,,,,,,
9229245,Maliek Bush,EASTERN ILLINOIS,m,,,,,,,,,,,,3:15.27,,,6.99,,21.52 (1.4),,,"54.85m 179' 11""","7.63m (2.3) 25' 0.5""",,,8.67,,,"1.89m 6' 2.25""","11.31m 37' 1.25""",,4713,"3.35m 10' 11.75""",,,,,,,,,,,,,,,,,,,,,,,,,,,,,,,,,,,,,,,,,,,,,,,,,,,,,,,,,,,,,,,,,,,,,,,,,,,,,,,,,,,,,,,,,,,,,,,,,,,,,
8314308,Neelie Schiel,LAMAR,f,,,,,,,,,,,,,,,,,27.59,,,"49.71m 163' 1""",,,,9.46,15.89 (2.0),1:08.37,,,,,,,,,,,,,,,,,,,,,,,,,,,,,,,,,,,,,,,,,,,,,,,,,,,,,,,,,,,,,,,,,,,,,,,,,,,,,,,,,,,,,,,,,,,,,,,,,,,,,,,,,,
8974328,Kevin Collins,CLEMSON,m,,,,,,,,,,,,,,,6.74,10.18 (2.6),20.64 (2.2),33.89,,,,,,,,,,,,,,,,,,,,,,,,,,,,,,,,,,,,,,,,,,,,,,,,,,,,,,,,,,,,,,,,,,,,,,,,,,,,,,,,,,,,,,,,,,,,,,,,,,,,,,,,,,,,,,,,,,
7735246,Simone Johnson,AUBURN,,,,,,,,,,,,,,,,,,,,,,"6.14m (1.2) 20' 1.75""","13.46m 44' 2""",,,,,"1.52m 4' 11.75""",,,,,,,,,,,,,,,,,,,,,,,,,,,,,,,,,,,,,,,,,,,,,,,,,,,,,,,,,,,,,,,,,,,,,,,,,,,,,,,,,,,,,,,,,,,,,,,,,,,,,,,,,
7686712,Greta Karinauskaite,OLE MISS,,,,4:47.77,17:15.3,19:12.4,,,15:36.86,9:26.88,,,,9:08.35,,,,,,,,,,33:27.59,,,,,,,,,,,,,,,,,,,,,,,,,,,,,,,,14:09.0,,,,,,,,,,,,,,,,,,,,,,,26:24.75,,,,,,,,,,,,,,,,,,,,,,,,,,,,,,,,,,,,,,,,,,,,,,,,,,,,,,
7524760,Stella Weinberg,FLORIDA STATE,,,,,,,,,,,,,,,,,,,,,"52.45m 172' 1""",,,,,,,,,,,,,,,,,,,,,,,,,,,,,,,,,,,,,,,,,,,,,,,,,,,,,,,,,,,,,,,,,,,,,,,,,,,,,,,,,,,,,,,,,,,,,,,,,,,,,,,,,,,,,,,,
8345757,Reign Winston,OHIO STATE,,,,,,,,,,,,,,,,,,,,,,,,,,,,"2.17m 7' 1.5""",,,,,,,,,,,,,,,,,,,,,,,,,,,,,,,,,,,,,,,,,,,,,,,,,,,,,,,,,,,,,,,,,,,,,,,,,,,,,,,,,,,,,,,,,,,,,,,,,,,,,,,,,
8973052,Josh Rammage,ARKANSAS,m,,1:47.30,,,,,,,,,,2:24.81,,,,,,,,,,,,,,,,,,,,,,,,,,,,,,,,,,,,,,,,,,,,,,,,,,,,,,,,,,,,,,,,,,,,,,,,,,,,,,,,,,,,,,,,,,,,,,,,,,,,,,,,,,,,,,,,,,,,,,,,
6569708,Vernon Turner,OKLAHOMA,,,,,,,,,,,,,,,,,,,,,,"7.64m (1.5) 25' 0.75""",,,,,,"2.33m 7' 7.75""",,,,,,,,,,,,,,,,,,,,,,,,,,,,,,,,,,,,,,,,,,,,,,,,,,,,,,,,,,,,,,,,,,,,,,,,,,,,,,,,,,,,,,,,,,,,,,,,,,,,,,,,,
6996482,Kaitlyn Banas,TEXAS TECH,,,,,,,,,,,,,,,,,,,,,,,,,,,,,,,,"4.30m 14' 1.25""",,,,,,,,,,,,,,,,,,,,,,,,,,,,,,,,,,,,,,,,,,,,,,,,,,,,,,,,,,,,,,,,,,,,,,,,,,,,,,,,,,,,,,,,,,,,,,,,,,,,,
8986907,Lauren Roy,TARLETON STATE,f,,,,,,,,,,,,,,,7.19,11.03 (4.3),22.79 (3.5),,,,,,,,,,,,,,,,,,,,,,,,,,,,,,,,,,,,,,,,,,,,,,,,,,,,,,,,,,,,,,,,,,,,,,,,,,,,,,,,,,,,,,,,,,,,,,,,,,,,,,,,,,,,,,,,,,,
9007165,Reece Ihenacho,ILLINOIS,m,,,,,,,,,,,,,,,,,,,,,,,,,,,,,,,,,"55.74m 182' 10""",,"19.11m 62' 8.5""",,,,,,,,,,,,,,,,,,,,,,,,,,,,,,,,,,,,,,,,,,,,,,,,,,,,,,,,,,,,,,,,,,,,,,,,,,,,,,,,,,,,,,,,,,,,,,,,,
7732995,Kareem Mersal,WYOMING,,,,,,,,,,,,,,,,,,,,,,"8.02m 26' 3.75""",,,,,,,,,,,,,,,,,,,,,,,,,,,,,,,,,,,,,,,,,,,,,,,,,,,,,,,,,,,,,,,,,,,,,,,,,,,,,,,,,,,,,,,,,,,,,,,,,,,,,,,,,,,,,,,
8972213,Lily Beattie,OLE MISS,f,,,,,,,,,,,,,,,,,,,,,,,,,,,,,,,"4.30m 14' 1.25""",,,,,,,,,,,,,,,,,,,,,,,,,,,,,,,,,,,,,,,,,,,,,,,,,,,,,,,,,,,,,,,,,,,,,,,,,,,,,,,,,,,,,,,,,,,,,,,,,,,,,
7908131,Parker Wolfe,NORTH CAROLINA,,,,3:54.17,14:45.6,17:48.0,,3:34.24,13:13.49,,22:29.8,28:50.2,,7:30.23,,,,,,,,,,28:51.09,,,,,,,,,,,,,,,,,,,,,,,,,,,,,,,,,,,,,,,,,,,,,,,,,,,,,,,,,,,,,,,,,,,,,,,,,,,,,,,,,,,,,,,,,,,,,,,,,,,,,,,,,,,,,
8339499,Nick Forsyth,UTAH VALLEY,m,,,,,,,,,,,,,,,,,,,,"65.91m 216' 3""",,,,,,,,,,,,,,,,,,,,,,,,,,,,,,,,,,,,,,,,,,,,,,,,,,,,,,,,,,,,,,,,,,,,,,,,,,,,,,,,,,,,,,,,,,,,,,,,,,,,,,,,,,,,,,,,
8710460,Chidozie Kalu,PURDUE,m,,,,,,,,,,,,,,,,,,,,,,"16.30m (4.1) 53' 5.75""",,,,,,,,,,,,,,,,,,,,,,,,,,,,,,,,,,,,,,,,,,,,,,,,,,,,,,,,,,,,,,,,,,,,,,,,,,,,,,,,,,,,,,,,,,,,,,,,,,,,,,,,,,,,,,
8376488,Brandon Burns,UC IRVINE,m,,,,,,,,,,,,,,,,10.32 (3.3),20.88 (1.5),,48.12,,,,,,,,,,,,,,,,,,,,,,,,,,,,,,,,,,,,,,,,,,,,,,,,,,,,,,,,,,,,,,,,,,,,,,,,,,,,,,,,,,,,,,,,,,,,,,,,,,,,,,,,,,,,,,,,,
9234532,Lucas Andrade,RHODE ISLAND,m,,,,,,,,,,,,,,,6.90,10.84 (0.9),,,,,,,,7.91,,,,,,,,13.88 (1.2),,,,,,,,,,,,,,,,,,,,,,,,,,,,,,,,,,,,,,,,,,,,,,,,,,,,,,,,,,,,,,,,,,,,,,,,,,,,,,,,,,,,,,,,,,,,,,,,,,,,
8673502,Zidane Brown,IOWA,m,1:21.07,,,,,,,,,,,,,,,,20.89 (-0.5),,46.01,,,,,,,,,,,,,,,,,,,,,,,,,,,,,,,,,,,,,,,,,,,,,,,,,,,,,,,,,,,,,,,,,,,,,,,,,,,,,,,,,,,,,,,,,,,,,,,,,,,,,,,,,,,,,,,,,
7528128,Filippa Miller,OKLAHOMA,,,,,,,,,,,,,,,,,,,,,,,,,,,,,,,,"4.35m 14' 3.25""",,,,,,,,,,,,,,,,,,,,,,,,,,,,,,,,,,,,,,,,,,,,,,,,,,,,,,,,,,,,,,,,,,,,,,,,,,,,,,,,,,,,,,,,,,,,,,,,,,,,,
8010125,Caemon Scott,LOUISIANA,m,,,,,,,,,,,,,,,6.81,10.85 (0.5),20.87 (2.8),,46.38,,,,,,,,,,,,,,,,,,,,,,,,,,,,,,,,,,,,,,,,,,,,,,,,,,,,,,,,,,,,,,,,,,,,,,,,,,,,,,,,,,,,,,,,,,,,,,,,,,,,,,,,,,,,,,,,,
8926360,Hugh Jacobsmeyer,PURDUE,m,,1:47.29,4:07.84,,19:13.6,,3:45.17,,,25:09.1,,,,,,,,,,,,,,,,,,,,,,,,,,,,,,,,,,,,,,,,,,,,,,,,,,,,,,,,,,,,,,,,,,,,,,,,,,,,,,,,,,,,,,,,,,,,,,,,,,,,,,,,,,,,,,,,,,,,,,,,,,
8375070,Lauren Jarrett,TENNESSEE,f,,,,,,,,,,,,,,,7.27,11.06 (0.3),23.39 (1.7),40.19,,,,,,,,,,,,,,,,,,,,,,,,,,,,,,,,,,,,,,,,,,,,,,,,,,,,,,,,,,,,,,,,,,,,,,,,,,,,,,,,,,,,,,,,,,,,,,,,,,,,,,,,,,,,,,,,,,
8369053,Kosi Umerah,NORTH CAROLINA,f,,,,,,,,,,,,,,,,,,,,,,,,,,,,"13.74m 45' 1""",,,,,,"65.71m 215' 7""","21.27m 69' 9.5""",,,,,,,,,,,,,,,,,,,,,,,,,,,,,,,,,,,,,,,,,,,,,,,,,,,,,,,,,,,,,,,,,,,,,,,,,,,,,,,,,,,,,,,,,,,,,,,,,
7388938,Sam Gilman,AIR FORCE,,,1:57.11,4:03.29,,,,3:40.39,13:25.17,,23:24.3,28:26.3,,7:43.70,,,,,,,,,,,,,,,,,,,,,,,,,,,,,,,20:15.5,,,,,,,,,,,,,,,,,,,,,,,,,,,,,,,,,,,,,,,,,,,,,,,,,,,,,,,,,,,,,,,,,,,,,,,,,,,,,,,,,,,,,,,,
8686104,Brooke Lyons,ARIZONA,f,,,,,,,,,,,,,,,7.50,11.44 (1.3),23.25 (+0.0),37.96,53.29,,,,,,,,,,,,,,,,,,,,,,,,,,,,,,,,,,,,,,,,,,,,,,,,,,,,,,,,,,,,,,,,,,,,,,,,,,,,,,,,,,,,,,,,,,,,,,,,,,,,,,,,,,,,,,,,,
8980754,Madhvendra Shekhawat,EASTERN WASHINGTON,m,,,,,,,,,,,,,,,,,21.65 (2.6),34.89,,,,,,7.64,,55.69,,,,,,13.70 (1.6),,,,,,,,,,,,,,,,,,,,,,,,,,,,,,,,,,,,,,,,,,,,,,,,,,,,,,,,,,,,,,,,,,,,,,,,,,,,,,,,,,,,,,,,,,,,,,,,,,,,
7002165,Tierra Robinson-Jones,TEXAS A&M,,,,,,,,,,,,,,,,,,23.61,37.53,50.52,,,,,,,,,,,,,,,,,,,,,,,,,,,,,,,,,,,,,,,,,,,,,,,,,,,,,,,,,,,,,,,,,,,,,,,,,,,,,,,,,,,,,,,,,,,,,,,,,,,,,,,,,,,,,,,,,
8996680,Rylee Hampton,GEORGIA,f,,,,,,,,,,,,,,,,,,,,,,,,,12.92 (0.4),,,,,,,,,,,,,,,,,,,,,,,,,,,,,,,,,,,,,,,,,,,,,,,,,,,,,,,,,,,,,,,,,,,,,,,,,,,,,,,,,,,,,,,,,,,,,,,,,,,,,,,,,,,
6516194,Isai Rodriguez,OKLAHOMA STATE,,,,4:05.64,15:03.8,,,3:44.65,13:25.84,,22:49.3,28:59.9,,7:54.33,,,,,,,,,,27:52.92,,,,,,,,,,,,,,,,,,,,,,,,,,,,,,,,,,,,,,,,,,,,,,,,,,,,,,,,,,,,,,,,,,,,,,,,,,,,,,,,,,,,,,,,,,,,,,,,,,,,,,,,,,,,,
9263328,Ava Kitchings,GEORGIA,f,,,,,,,,,,,,,,,7.39,11.33 (0.9),,,,,"6.43m 21' 1.25""",,,,,,,,,,,,,,,,,,,,,,,,,,,,,,,,,,,,,,,,,,,,,,,,,,,,,,,,,,,,,,,,,,,,,,,,,,,,,,,,,,,,,,,,,,,,,,,,,,,,,,,,,,,,,,,
9261745,Collin Petersen,UTAH VALLEY,m,,,,,,,,,,,,,,,,10.90 (1.4),21.49 (3.7),36.26,48.83,,,,,,,,,,,,,,,,,,,,,,,,,,,,6.65,,,,,,,,,,,,,,,,,,,,,,,,,,,,,,,,,,,,,,,,,,,,,,,,,,,,,,,,,,,,,,,,,,,,,,,,,,,,,,,,,,,,,
7692585,Will Muirhead,OKLAHOMA STATE,m,,,3:59.03,14:57.1,,,3:53.05,13:43.32,8:49.03,23:04.3,29:37.8,,7:48.69,,,,,,,,,,28:27.31,,,,,,,,,,,,,,,,,,,,,,,,,,,,,,,,,,,,,,,,,,,,,,,,,,,,,,,,,,,,,,,,,,,,,,,,,,,,,,,,,,,,,,,,,,,,,,,,,,,,,,,,,,,,,
9246066,Hayden Williams-Downing,OREGON,f,,,,,,,,,,,,,,,,,,,,"49.17m 161' 4""",,,,,,,,,,,,,,,,,,,,,,,,,,,,,,,,,,,,,,,,,,,,,,,,,,,,,,,,,,,,,,,,,,,,,,,,,,,,,,,,,,,,,,,,,,,,,,,,,,,,,,,,,,,,,,,,
6576296,Seasons Usual,TEXAS TECH,,,,,,,,,,,,,,,,,,,,,,,,,,,,,"15.19m 49' 10""",,,,,"59.85m 196' 4""","56.66m 185' 11""","21.59m 70' 10""",,,,,,,,,,,,,,,,,,,,,,,,,,,,,,,,,,,,,,,,,,,,,,,,,,,,,,,,,,,,,,,,,,,,,,,,,,,,,,,,,,,,,,,,,,,,,,,,,
5977375,Aaliyah Miller,BAYLOR,,1:28.31,2:00.69,,18:28.9,21:50.4,,4:22.45,,,,,2:44.66,,,,,,,53.87,,,,,,,,,,,,,,,,,,,,,,,,,,,,,,,,,,,,15:01.8,,,,,,,,,,,,,,,,,,,,,,19:13.1,,,,,,,,,,,,,,,,,,,,,,,,,,,,,,,,,,,,,,,,,,,,,,,,,,,,,,,
7987280,Keanu Jones,TEXAS A&M,m,,,,,,,,,,,,,,,6.73,10.27 (3.5),21.13 (0.2),,,,,,,,,,,,,,,,,,,,,,,,,,,,,,,,,,,,,,,,,,,,,,,,,,,,,,,,,,,,,,,,,,,,,,,,,,,,,,,,,,,,,,,,,,,,,,,,,,,,,,,,,,,,,,,,,,,
8283704,Brandon Green Jr,OKLAHOMA,m,,,,,,,,,,,,,,,,,,,,,"7.12m (0.6) 23' 4.5""","16.96m (0.2) 55' 7.75""",,,,,,,,,,,,,,,,,,,,,,,,,,,,,,,,,,,,,,,,,,,,,,,,,,,,,,,,,,,,,,,,,,,,,,,,,,,,,,,,,,,,,,,,,,,,,,,,,,,,,,,,,,,,,,
9261895,Samiyah Roberson,UCF,f,,,,,,,,,,,,,,,7.52,,23.16 (1.8),,,,,,,,,,,,,,,,,,,,,,,,,,,,,,,,,,,,,,,,,,,,,,,,,,,,,,,,,,,,,,,,,,,,,,,,,,,,,,,,,,,,,,,,,,,,,,,,,,,,,,,,,,,,,,,,,,,
8699422,Shomari Pettigrew,SOUTH FLORIDA,m,,,,,,,,,,,,,,,6.78,10.17 (2.8),20.98 (4.7),35.55,49.17,,,,,,,,,,,,,,,,,,,,,,,,,,,,,,,,,,,,,,,,,,,,,,,,,,,,,,,,,,,,,,,,,,,,,,,,,,,,,,,,,,,,,,,,,,,,,,,,,,,,,,,,,,,,,,,,,
8996950,Terrence Sweetman,UCLA,m,,,,,,,,,,,,,,,,,,,,,"6.88m (+0.0) 22' 7""","15.39m (-0.1) 50' 6""",,,,,"1.70m 5' 7""",,,,"2.37m 7' 9.25""",,,,,,,,,,,,,,,,,,,,,,,,,,,,,,,,,,,,,,,,,,,,,,,,,,,,,,,,,,,,,,,,,,,,,,,,,,,,,,,,,,,,,,,,,,,,,,,,,,,,,
7978634,Sarah Pullium,CHARLOTTE,f,,,,,,,,,,,,,,,,,,,,,,,,,,,,"15.33m 50' 3.5""",,,,,"55.81m 183' 1""","64.77m 212' 6""","19.09m 62' 7.75""",,,,,,,,,,,,,,,,,,,,,,,,,,,,,,,,,,,,,,,,,,,,,,,,,,,,,,,,,,,,,,,,,,,,,,,,,,,,,,,,,,,,,,,,,,,,,,,,,
8715635,Teresa Cherotich,SOUTH CAROLINA,f,,,4:48.87,16:17.8,19:42.8,,4:36.19,16:06.16,9:59.61,,,,9:15.16,,,,,,,,,,33:48.33,,,,,,,,,,,,,,,,,,,,,,,,,,,,,,,,,,,,,,,,,,,,,,,,,,,,19:31.3,,,,19:46.7,,,,,,,,,,,,,,,,,,,,,,,,,,,,,,,,,,,,,,,,,,,,,,,,,,,,,
8992440,Jelani Watkins,LSU,,,,,,,,,,,,,,,,6.61,10.01 (2.1),20.24 (0.8),,,,,,,,,,,,,,,,,,,,,,,,,,,,,,,,,,,,,,,,,,,,,,,,,,,,,,,,,,,,,,,,,,,,,,,,,,,,,,,,,,,,,,,,,,,,,,,,,,,,,,,,,,,,,,,,,,,
8668067,Jessica Stieb,MICHIGAN STATE,f,,,,,,,,,,,,,,,,,,,,,,,,,,,,"16.87m 55' 4.25""",,,,,"45.46m 149' 2""","55.90m 183' 5""","17.50m 57' 5""",,,,,,,,,,,,,,,,,,,,,,,,,,,,,,,,,,,,,,,,,,,,,,,,,,,,,,,,,,,,,,,,,,,,,,,,,,,,,,,,,,,,,,,,,,,,,,,,,
8350447,Anthony East Iii,HOUSTON,m,,,,,,,,,,,,,,,6.91,10.49 (3.3),20.53 (0.4),,45.23,,,,,,,,,,,,,,,,,,,,,,,,,,,,,,,,,,,,,,,,,,,,,,,,,,,,,,,,,,,,,,,,,,,,,,,,,,,,,,,,,,,,,,,,,,,,,,,,,,,,,,,,,,,,,,,,,
9238116,Jayden Poteat,HAMPTON,m,,,,,,,,,,,,,,,,,20.94 (2.8),,45.97,,,,,,,,,,,,,,,,,,,,,,,,,,,,,,,,,,,,,,,,,,,,,,,,,,,,,,,,,,,,,,,,,,,,,,,,,,,,,,,,,,,,,,,,,,,,,,,,,,,,,,,,,,,,,,,,,
8996696,Jayden Keys,GEORGIA,m,,,,,,,,,,,,,,,,,22.09 (0.5),,,,"7.95m (0.9) 26' 1""",,,7.86,,,,,,,,13.63 (1.9),,,,,,,,,,,,,,,,,,,,,,,,,,,,,,,,,,,,,,,,,,,,,,,,,,,,,,,,,,,,,,,,,,,,,,,,,,,,,,,,,,,,,,,,,,,,,,,,,,,,
8324069,Sydney Arndt,NORTH DAKOTA STATE,f,,,,,,,,,,,,,,,7.66,12.28 (2.7),25.67,,,,,,,8.30,13.47 (3.5),1:04.36,,,,,,,,,,,,,,,,,,,,,,,,,,,,,,,,,,,,,,,,,,,,,,,,,,,,,,,,,,,,,,,,,,,,,,,,,,,,,,,,,,,,,,,,,,,,,,,,,,,,,,,,,,
8664681,Jackson Gilbert,ILLINOIS,m,1:18.88,1:50.27,,,,,,,,,,,,,7.06,,20.95,34.07,45.47,,,,,,,,,,,,,,,,,,,,,,,,,,,,,,,,,,,,,,,,,,,,,,,,,,,,,,,,,,,,,,,,,,,,,,,,,,,,,,,,,,,,,,,,,,,,,,,,,,,,,,,,,,,,,,,,,
7730269,Amaya Ugarte,OHIO STATE,,,,,,,,,,,,,,,,,,25.95,,,,,,,,,1:02.23,"1.89m 6' 2.25""",,,,,,,,,,,,,,,,,,,,,,,,,,,,,,,,,,,,,,,,,,,,,,,,,,,,,,,,,,,,,,,,,,,,,,,,,,,,,,,,,,,,,,,,,,,,,,,,,,,,,,,,,
7735591,Aidan Elbettar,OREGON,,,,,,,,,,,,,,,,,,,,,,,,,,,,,"17.47m 57' 3.75""",,,,,"60.44m 198' 3""",,,,,,,,,,,,,,,,,,,,,,,,,,,,,,,,,,,,,,,,,,,,,,,,,,,,,,,,,,,,,,,,,,,,,,,,,,,,,,,,,,,,,,,,,,,,,,,,,,,
9000462,Jl Van Rensburg,TENNESSEE,m,,,,,,,,,,,,,,,,,,,,,,,,,,,,"19.83m 65' 0.75""",,,,,"52.76m 173' 1""",,,,,,,,,,,,,,,,,,,,,,,,,,,,,,,,,,,,,,,,,,,,,,,,,,,,,,,,,,,,,,,,,,,,,,,,,,,,,,,,,,,,,,,,,,,,,,,,,,,
8333256,Ty Newsom,INDIANA STATE,m,,,,,,,4:45.51,,,,,2:50.78,,,7.14,10.81 (3.0),,,49.03,"41.69m 136' 9""","6.81m (1.6) 22' 4.25""",,,8.81,,,"1.88m 6' 2""","11.79m 38' 8.25""",,4814,"3.80m 12' 5.5""",15.30 (3.0),"35.24m 115' 7""",,,6618,,,,,,,,,,,,,,,,,,,,,,,,,,,,,,,,,,,,,,,,,,,,,,,,,,,,,,,,,,,,,,,,,,,,,,,,,,,,,,,,,,,,,,,,,,,,,,,,
8249791,Sakena Massiah,NEBRASKA,f,1:39.34,,,,,,,,,,,,,,8.15,,23.37 (0.8),37.51,53.78,,,,,,,,,,,,,,,,,,,,,,,,,,,,,,,,,,,,,,,,,,,,,,,,,,,,,,,,,,,,,,,,,,,,,,,,,,,,,,,,,,,,,,,,,,,,,,,,,,,,,,,,,,,,,,,,,
9237830,Sophia Curtis,CLEMSON,f,,,,,,,,,,,,,,,,,,,57.10,,"5.40m 17' 8.75""","12.69m (-0.2) 41' 7.75""",,,,58.67,,,,,,,,,,,,,,,,,,,,,,,,,,,,,,,,,,,,,,,,,,,,,,,,,,,,,,,,,,,,,,,,,,,,,,,,,,,,,,,,,,,,,,,,,,,,,,,,,,,,,,,,,,
8582411,Connor Ackley,SYRACUSE,m,,,4:07.47,,,,3:47.60,13:45.82,,23:28.9,30:09.9,,8:01.24,,,,,,,,,,28:34.50,,,,,,,,,,,,,,,,,,,,,,,,,,,,,25:18.8,,,,,,,,,,,,,,,,,,,,,,,,,,,,,,,,,,,,,,,,,,,,,,,,,,,,,,,,,,,,,,,,,,,,,,,,,,,,,,,,
8917997,Mario Priego,EASTERN KENTUCKY,m,,,4:17.24,,,,3:46.33,13:43.81,,23:45.1,30:03.9,,7:50.36,,,,,,,,,,28:50.09,,,,,,,,,,,,,,,,,,,,,,,,,,,,,,,,,,,,,,,,,,,,,,,,,,,,,,,,,,,,,,,,,,,,,,,,,,,,,,,,,,,,,,,,,,,,,,,,,,,,,,,,,,,,,
8984214,Abby Dennis,HARVARD,f,,,,,,,,,,,,,,,,,24.34 (-0.2),40.33,,,,,,8.35,13.36 (-0.7),58.31,,,,,,,,,,,,,,,,,,,,,,,,,,,,,,,,,,,,,,,,,,,,,,,,,,,,,,,,,,,,,,,,,,,,,,,,,,,,,,,,,,,,,,,,,,,,,,,,,,,,,,,,,,
8720351,Karrie Baloga,NORTHERN ARIZONA,,,2:09.52,4:36.72,,,,4:21.57,15:24.38,9:37.93,,,,8:52.33,,,,,,,,,,,,,,,,,,,,,,,,,,,,,,,,,,,,,,,,,,,,,,,,,,,,,,,,,,,,,,,,,,,,,,,,,,,,,,,,,,,,,,,,,,,,,,,,,,,,,,,,,,,,,,,,,,,,,,,
6547924,Colten Yardley,BYU,,,,,,,,,,,,,,,,6.83,10.55 (-0.2),21.65,33.55,46.37,,,,,8.26,,49.60,,,,,,15.08 (1.0),,,,,,,,,,,,,,,,,,7.70,,,,,,,,,,,,,,,,,,,,,,,,,,,,,,,,,,,,,,,,,,,,,,,,,,,,,,,,,,,,,,,,,,,,,,,,,,,,,,,,,,
8021681,Arayna Mickles,RICE,f,,,,,,,,,,,,,,,8.04,11.77 (4.6),23.87 (3.0),,53.69,,"5.88m 19' 3.5""",,,,,,,,,,,,,,,,,,,,,,,,,,,,,,,,,,,,,,,,,,,,,,,,,,,,,,,,,,,,,,,,,,,,,,,,,,,,,,,,,,,,,,,,,,,,,,,,,,,,,,,,,,,,,,,
8016458,Tarsis Orogot,ALABAMA,m,,,,,,,,,,,,,,,6.76,10.06 (0.6),19.60 (2.9),,,,,,,,,,,,,,,,,,,,,,,,,,,,,,,,,,,,,,,,,,,,,,,,,,,,,,,,,,,,,,,,,,,,,,,,,,,,,,,,,,,,,,,,,,,,,,,,,,,,,,,,,,,,,,,,,,,
6996705,Michael Bryan,WICHITA STATE,,,,,,,,,,,,,,,,,,,,,"132' 0"" 40.23m",,,,,,,,"47' 10"" 14.57m",,,,,"51.49m 168' 11""","71.56m 234' 9""","22.58m 74' 1""",,,,,,,,,,,,,,,,,,,,,,,,,,,,,,,,,,,,,,,,,,,,,,,,,,,,,,,,,,,,,,,,,,,,,,,,,,,,,,,,,,,,,,,,,,,,,,,,,
8682917,Tre Betts,OREGON,m,,,,,,,,,,,,,,,,,,,,,"7.75m (3.1) 25' 5.25""","16.46m (1.3) 54' 0""",,,,,,,,,,,,,,,,,,,,,,,,,,,,,,,,,,,,,,,,,,,,,,,,,,,,,,,,,,,,,,,,,,,,,,,,,,,,,,,,,,,,,,,,,,,,,,,,,,,,,,,,,,,,,,
8983882,Sharmelle Holmes,KENTUCKY,f,,,,,,,,,,,,,,,7.14,11.13 (2.5),22.76 (0.3),39.04,,,,,,,,,,,,,,,,,,,,,,,,,,,,,,,,,,,,,,,,,,,,,,,,,,,,,,,,,,,,,,,,,,,,,,,,,,,,,,,,,,,,,,,,,,,,,,,,,,,,,,,,,,,,,,,,,,
8233708,Trixie Wraith,BRADLEY,f,,2:07.53,4:40.95,17:37.5,20:41.2,16:29.6,4:13.64,15:51.98,,,,,9:18.55,,,,,,,,,,,,,,,,,,,,,,,,,,,,,,,,,,,,,,,,,,14:02.0,,,,,,,,,,,,,,,,,,,,,,,,,,,,,,,,,,,,,,,,,,,,,,,,,,,,,,,,,,,,,,,,,,,,,,,,,,,,,
9253858,Dekell Minor,OLE MISS,m,,,,,,,,,,,,,,,6.66,10.14 (2.2),21.15 (1.1),,,,"6.83m (-3.8) 22' 5""",,,,,,,,,,,,,,,,,,,,,,,,,,,,,,,,,,,,,,,,,,,,,,,,,,,,,,,,,,,,,,,,,,,,,,,,,,,,,,,,,,,,,,,,,,,,,,,,,,,,,,,,,,,,,,,
8321007,Shane Ashton,SOUTHERN ILLINOIS,m,,,,,,,,,,,,,,,,,21.58,,47.54,,,,,,,50.37,,,,,,,,,,,,,,,,,,,,,,,,,,,,,,,,,,,,,,,,,,,,,,,,,,,,,,,,,,,,,,,,,,,,,,,,,,,,,,,,,,,,,,,,,,,,,,,,,,,,,,,,,,
6992896,Georgi Nachev,MISSOURI,,,,,,,,,,,,,,,,7.36,,,,,,"6.62m 21' 8.75""","16.48m 54' 1""",,,,,,,,,,,,,,,,,,,,,,,,,,,,,,,,,,,,,,,,,,,,,,,,,,,,,,,,,,,,,,,,,,,,,,,,,,,,,,,,,,,,,,,,,,,,,,,,,,,,,,,,,,,,,,
9019090,Machaeda Linton,TEXAS A&M,f,,,,,,,,,,,,,,,7.32,11.46 (3.6),23.69 (4.4),,,,"6.63m 21' 9""","13.57m 44' 6.25""",,,,,,,,,,,,,,,,,,,,,,,,,,,,,,,,,,,,,,,,,,,,,,,,,,,,,,,,,,,,,,,,,,,,,,,,,,,,,,,,,,,,,,,,,,,,,,,,,,,,,,,,,,,,,,
8324710,Texas Tanner,AIR FORCE,m,,,,,,,,,,,,,,,,,,,,,,,,,,,,"20.25m 66' 5.25""",,,,,"66.30m 217' 6""","78.87m 258' 9""","24.18m 79' 4""",,,,,,,,,,,,,,,,,,,,,,,,,,,,,,,,,,,,,,,,,,,,,,,,,,,,,,,,,,,,,,,,,,,,,,,,,,,,,,,,,,,,,,,,,,,,,,,,,
7729731,Roschell Clayton,VILLANOVA,,,,,,,,,,,,,,,,,,,,,,,,,,,,"1.88m 6' 2""",,,,,,,,,,,,,,,,,,,,,,,,,,,,,,,,,,,,,,,,,,,,,,,,,,,,,,,,,,,,,,,,,,,,,,,,,,,,,,,,,,,,,,,,,,,,,,,,,,,,,,,,,
9283306,Domtila Cheruto,OKLAHOMA,f,,,,,,,4:25.98,15:30.27,,,,,9:04.30,,,,,,,,,,32:18.83,,,,,,,,,,,,,,,,,,,,,,,,,,,,,,,,,,,,,,,,,,,,,,,,,,,,,,,,,,,,,,,,,,,,,,,,,,,,,,,,,,,,,,,,,,,,,,,,,,,,,,,,,,,,,
8711230,Ruth Agadama,HOUSTON,f,,,,,,,,,,,,,,,7.40,11.35 (1.1),23.89 (1.0),,,,"6.01m (1.7) 19' 8.75""",,,,,,,,,,,,,,,,,,,,,,,,,,,,,,,,,,,,,,,,,,,,,,,,,,,,,,,,,,,,,,,,,,,,,,,,,,,,,,,,,,,,,,,,,,,,,,,,,,,,,,,,,,,,,,,
7713620,Robert Gregory,FLORIDA,,,,,,,,,,,,,,,,6.65,9.97 (4.4),19.60 (4.8),32.95,,,,,,,,,,,,,,,,,,,,,,,,,,,,,,,,,,,,,,,,,,,,,,,,,,,,,,,,,,,,,,,,,,,,,,,,,,,,,,,,,,,,,,,,,,,,,,,,,,,,,,,,,,,,,,,,,,
7990416,Danni Langseth,WISCONSIN,f,,,,,,,,,,,,,,,,,,,,,,,,,,,,"16.99m 55' 9""",,,,,"50.92m 167' 1""","56.66m 185' 11""","19.85m 65' 1.5""",,,,,,,,,,,,,,,,,,,,,,,,,,,,,,,,,,,,,,,,,,,,,,,,,,,,,,,,,,,,,,,,,,,,,,,,,,,,,,,,,,,,,,,,,,,,,,,,,
8671084,Jaida Graham,HAMPTON,f,,,,,,,,,,,,,,,,,,,,,,,,,,,,,,,,,,"58.97m 193' 6""","16.89m 55' 5""",,,,,,,,,,,,,,,,,,,,,,,,,,,,,,,,,,,,,,,,,,,,,,,,,,,,,,,,,,,,,,,,,,,,,,,,,,,,,,,,,,,,,,,,,,,,,,,,,
8682106,Kevin Burr,TENNESSEE,,,,,,,,,,,,,,,,,,,,,"75.19m 246' 8""",,,,,,,,,,,,,,,,,,,,,,,,,,,,,,,,,,,,,,,,,,,,,,,,,,,,,,,,,,,,,,,,,,,,,,,,,,,,,,,,,,,,,,,,,,,,,,,,,,,,,,,,,,,,,,,,
9261211,Richard Simpson,NEBRASKA,m,1:22.69,,,,,,,,,,,,,,,,21.43 (-0.5),33.75,46.08,,,,,,,,,,,,,,,,,,,,,,,,,,,,,,,,,,,,,,,,,,,,,,,,,,,,,,,,,,,,,,,,,,,,,,,,,,,,,,,,,,,,,,,,,,,,,,,,,,,,,,,,,,,,,,,,,
8008554,Gudrun Hallgrimsdottir,VCU,,,,,,,,,,,,,,,,,,,,,,,,,,,,,"11.11m 36' 5.5""",,,,,"33.62m 110' 4""","69.92m 229' 5""","23.19m 76' 1""",,,,,,,,,,,,,,,,,,,,,,,,,,,,,,,,,,,,,,,,,,,,,,,,,,,,,,,,,,,,,,,,,,,,,,,,,,,,,,,,,,,,,,,,,,,,,,,,,
6982204,Eusila Chepkemei,MID. TENN. STATE,,,2:05.94,4:32.39,,,,4:11.44,15:52.54,,,,,9:27.25,,,,,,56.97,,,,,,,,,,,,,,,,,,,,,,,,,,,,,,,,,,,,,,,,,,,,,,,,,,,,,,,,,,,,,,,,,,,,,,,,,,,,,,,,,,,,,,,,,,,,,,,,,,,,,,,,,,,,,,,,,
8745713,Jabari King,FRESNO STATE,m,,,,,,,,,,,,,,,,10.94 (-1.1),,,,,"7.78m (2.4) 25' 6.25""",,,,,,,,,,,,,,,,,,,,,,,,,,,,,,,,,,,,,,,,,,,,,,,,,,,,,,,,,,,,,,,,,,,,,,,,,,,,,,,,,,,,,,,,,,,,,,,,,,,,,,,,,,,,,,,
7537623,Francois Prinsloo,SOUTH ALABAMA,,,,,,,,,,,,,,,,,,,,,,,,,,,,,"17.31m 56' 9.5""",,,,,"67.26m 220' 8""","63.66m 208' 10""","19.54m 64' 1.25""",,,,,,,,,,,,,,,,,,,,,,,,,,,,,,,,,,,,,,,,,,,,,,,,,,,,,,,,,,,,,,,,,,,,,,,,,,,,,,,,,,,,,,,,,,,,,,,,,
8462989,Aidan Hagerty,UC DAVIS,m,,,,,,,5:04.41,,,,,,,,,11.87 (0.3),,,52.83,"43.59m 143' 0""","5.53m (2.9) 18' 1.75""",,,,,,"1.72m 5' 7.75""","10.89m 35' 8.75""",,,"5.22m 17' 1.5""",17.49 (2.1),"31.53m 103' 5""",,,5387,,,,,,,,,,,,,,,,,,,,,,,,,,,,,,,,,,,,,,,,,,,,,,,,,,,,,,,,,,,,,,,,,,,,,,,,,,,,,,,,,,,,,,,,,,,,,,,,
8971215,Yourie Lawrence - Clarke,TENNESSEE,m,,,,,,,,,,,,,,,6.78,,21.76 (0.5),,,,,,,7.86,,,,,,,,13.75 (1.9),,,,,,,,,,,,,,,,,,,,,,,,,,,,,,,,,,,,,,,,,,,,,,,,,,,,,,,,,,,,,,,,,,,,,,,,,,,,,,,,,,,,,,,,,,,,,,,,,,,,
8635636,Caley Sosnowski,TENNESSEE,f,,2:24.90,,,,,,,,,,,,,,,30.27,46.43,1:03.50,"51.60m 169' 3""",,,,,,,,,,,,,"24.83m 81' 5""",,,,,,,,,,,,,,,,,,,,,,,,,,,,,,,,,,,,,,,,,,,,,,,,,,,,,,,,,,,,,,,,,,,,,,,,,,,,,,,,,,,,,,,,,,,,,,,,,,,
8718380,Hannah Slover,UCLA,f,,,,,,,,,,,,,,,,,,,,,,,,,,,"1.78m 5' 10""",,,,,,,,,,,,,,,,,,,,,,,,,,,,,,,,,,,,,,,,,,,,,,,,,,,,,,,,,,,,,,,,,,,,,,,,,,,,,,,,,,,,,,,,,,,,,,,,,,,,,,,,,
6528087,Caira Pettway,BAYLOR,,,,,,,,,,,,,,,,7.26,11.06 (0.9),23.55 (2.9),,,,"6.41m (-0.6) 21' 0.5""",,,,,,,,,,,,,,,,,,,,,,,,,,,,,,,,,,,,,,,,,,,,,,,,,,,,,,,,,,,,,,,,,,,,,,,,,,,,,,,,,,,,,,,,,,,,,,,,,,,,,,,,,,,,,,,
7687816,Shannon Flockhart,PROVIDENCE,,,,4:30.83,17:00.2,19:36.3,,4:04.97,,,,,2:42.78,8:45.67,,,,,,,,,,,,,,,,,,,,,,,,,,,,,,,,,,,,,,,,,,14:13.5,,,,,,,,,,,,,,,,,,,,,,,,,,,,,,,,,,,,,,,,,,,,,,,,,,,,,,,,,,,,,,,,,,,,,,,,,,,,,
8245423,Rodgers Kiplimo,IOWA STATE,m,,,4:03.27,,,,,13:18.35,,22:59.4,28:56.5,,7:51.99,,,,,,,,,,27:52.12,,,,,,,,,,,,,,,,,,,,,19:11.8,,,,,,,,,,,,,,,,,,,,,,,,,,,,,,,,,,,,,,,,,,,,,,,,,,,,,,,,,,,,,,,,,,,,,,,,,,,,,,,,,,,,,,,,
8689176,Bailey Habler,VILLANOVA,m,,,3:59.34,,,,3:40.12,13:28.55,,,,,7:49.53,,,,,,,,,,,,,,,,,,,,,,,,,,,,,,,,,,,,,,,,,,,,,,,,,,,,,,,,,,,,,,,,,,,,,,,,,,,,,,,,,,,,,,,,,,,,,,,,,,,,,,,,,,,,,,,,,,,,,,,
8324602,Chloe Foerster,WASHINGTON,f,1:31.07,1:59.91,4:25.79,,,,4:05.75,,,,,2:37.79,8:56.22,,,,,,,,,,,,,,,,,,,,,,,,,,,,,,,,,,,,,,,,,,,,,,,,,,,,,,,,,,,,,,,,,,,,,,,,,,,,,,,,,,,,,,,,,,,,,,,,,,,,,,,,,,,,,,,,,,,,,,,
8690357,Roman Hutchinson,WASHINGTON,m,,,,,,,,,,,,,,,,,,,,,"7.23m (1.2) 23' 8.75""","15.51m (1.8) 50' 10.75""",,,,,,,,,,,,,,,,,,,,,,,,,,,,,,,,,,,,,,,,,,,,,,,,,,,,,,,,,,,,,,,,,,,,,,,,,,,,,,,,,,,,,,,,,,,,,,,,,,,,,,,,,,,,,,
8990083,Justin Raines,GRAND CANYON,m,,,,,,,,,,,,,,,6.58,10.24 (1.1),20.48 (2.6),,,,,,,,,,,,,,,,,,,,,,,,,,,,,,,,,,,,,,,,,,,,,,,,,,,,,,,,,,,,,,,,,,,,,,,,,,,,,,,,,,,,,,,,,,,,,,,,,,,,,,,,,,,,,,,,,,,
8704570,Shelby Jensen,UTAH STATE,f,,,4:44.65,,,,4:28.57,,9:36.61,,,,9:21.31,,,,,,,,,,,,,,,,,,,,,,,,,,,,,,,,,,,,,,,,,,,,,,,,,,,,,,,,,,,,,,,,,,,,,,,,,,,,,,,,,,,,,,,,,,,,,,,,,,,,,,,,,,,,,,,,,,,,,,,
9276242,Bryce Melton,ARIZONA,m,,,,,,,,,,,,,,,6.90,10.66 (0.2),21.61 (0.1),,,,,,,,,,,,,,,,,,,,,,,,,,,,,,,,,,,,,,,,,,,,,,,,,,,,,,,,,,,,,,,,,,,,,,,,,,,,,,,,,,,,,,,,,,,,,,,,,,,,,,,,,,,,,,,,,,,
8320211,Darren Mcqueen,PITTSBURGH,m,,,,,,,,,,,,,,,6.69,10.14 (3.6),20.89 (2.2),,,,,,,,,,,,,,,,,,,,,,,,,,,,,,,,,,,,,,,,,,,,,,,,,,,,,,,,,,,,,,,,,,,,,,,,,,,,,,,,,,,,,,,,,,,,,,,,,,,,,,,,,,,,,,,,,,,
8012620,Roman Smith,SOUTHERN,m,,,,,,,,,,,,,,,,11.86 (0.2),,,,,"6.88m (0.8) 22' 7""","13.36m 43' 10""",,,,,"2.18m 7' 1.75""",,,,,,,,,,,,,,,,,,,,,,,,,,,,,,,,,,,,,,,,,,,,,,,,,,,,,,,,,,,,,,,,,,,,,,,,,,,,,,,,,,,,,,,,,,,,,,,,,,,,,,,,,
8583938,Ciara O'Shea,NORTH CAROLINA,f,,,4:44.22,16:37.0,19:51.0,,4:24.50,15:49.67,,,,,9:14.75,,,,,,,,,,33:00.20,,,,,,,,,,,,,,,,,,,,,,,,,,,,,,,,,,,,,,,,,,,,,,,,,,,,,,,,,,,,,,,,,,,,,,,,,,,,,,,,,,,,,,,,,,,,,,,,,,,,,,,,,,,,,
9237308,Marion Clark,KENNESAW STATE,m,,,,,,,,,,,,,,,,,21.98,,47.37,,,,,8.53,,51.49,,,,,,,,,,,,,,,,,,,,,,,,,,,,,,,,,,,,,,,,,,,,,,,,,,,,,,,,,,,,,,,,,,,,,,,,,,,,,,,,,,,,,,,,,,,,,,,,,,,,,,,,,,
5962970,Christina Aragon,STANFORD,,,2:05.67,4:34.76,,19:28.6,,4:09.59,,,,,,9:01.86,,,,,,,,,,,,,,,,,,,,,,,,,,,,,,,,,,,,,,,,,,,,,,,,,,,,,,,,,,,,,,,,,,,,,,,,,,,,,,,,,,,,,,,,,,,,,,,,,,,,,,,,,,,,,,,,,,,,,,,
8705674,Tashina Alase,SOUTHERN,f,,3:09.01,,,,,,,,,,,,,7.54,11.68 (-2.4),23.62 (0.8),,1:04.49,,"5.02m 16' 5.75""","11.23m (0.8) 36' 10.25""",,8.04,12.64 (1.0),1:05.73,"1.65m 5' 5""","6.85m 22' 5.75""",2635,,,,,,,,,,,,,,,,,,,,,,,,,,,,,,,,,,,,,,,,,,,,,,,,,,,,,,,,,,,,,,,,,,,,,,,,,,,,,,,,,,,,,,,,,,,,,,,,,,,,,,,
9007489,Soso Anosike,OHIO STATE,m,,,,,,,5:13.63,,,,,2:55.01,,,7.17,10.98 (0.6),22.62,35.69,50.96,"43.56m 142' 11""","7.17m (2.1) 23' 6.25""",,,8.39,,57.32,"2.05m 6' 8.75""","10.50m 34' 5.5""",,4699,"3.70m 12' 1.5""",14.65 (0.8),"31.29m 102' 8""",,,6524,,,,,,,,,,,,,,,,,,,,,,,,,,,,,,,,,,,,,,,,,,,,,,,,,,,,,,,,,,,,,,,,,,,,,,,,,,,,,,,,,,,,,,,,,,,,,,,,
9224174,Lawi Ngetich,ARIZONA,m,,1:46.50,3:55.91,,,,3:38.14,,,23:41.5,30:48.7,,8:08.59,,,,,,,,,,,,,,,,,,,,,,,,,,,,,,,,,,,,,,,,,,,,,,,,,,,,,,,,,,,,,,,,,,,,,,,,,,,,,,,,,,,,,,,,,,,,,,,,,,,,,,,,,,,,,,,,,,,,,,,
7037704,Charisma Taylor,TENNESSEE,,,,,,,,,,,,,,,,7.65,,24.31 (1.4),,,,"6.64m 21' 9.5""","14.88m 48' 10""",,7.91,12.80 (4.4),,,,,,,,,,,,,,,,,,,,,,,,,,,,,,,,,,,,,,,,,,,,,,,,,,,,,,,,,,,,,,,,,,,,,,,,,,,,,,,,,,,,,,,,,,,,,,,,,,,,,,,,,,,
9328921,John Caleb,MINNESOTA,m,,,,,,,,,,,,,,,,10.00 (2.0),20.29 (3.2),,,,,,,,,,,,,,,,,,,,,,,,,,,,,,,,,,,,,,,,,,,,,,,,,,,,,,,,,,,,,,,,,,,,,,,,,,,,,,,,,,,,,,,,,,,,,,,,,,,,,,,,,,,,,,,,,,,
7023317,Cameron Crump,MISS STATE,,,,,,,,,,,,,,,,6.71,10.19 (2.3),20.40 (1.6),34.18,,,"8.39m 27' 6.5""",,,,,,,,,,,,,,,,,,,,,,,,,,,,,,,,,,,,,,,,,,,,,,,,,,,,,,,,,,,,,,,,,,,,,,,,,,,,,,,,,,,,,,,,,,,,,,,,,,,,,,,,,,,,,,,
8610850,Ava Criniti,NORTHWESTERN,f,,,4:57.00,,19:54.8,,,15:51.38,,,,,9:17.24,10:13.1,,,,,,,,,33:19.10,,,,,,,,,,,,,,,,,,,,,,,,,,,,,,,,,,,,,,,,,,,,,,,,,,,,,,,,,14:38.5,,,,,,,,,,,,,,,,,,,,,,,,,,,,,,,,,,,,,,,,,,,,,,,,,,,,
8705463,Olivia Powell,OHIO STATE,f,,,,,,,,,,,,,,,7.79,,25.53,,,,,,,8.19,13.27 (4.9),1:00.72,,,,,,,,,,,,,,,,,,,,,,,,,,,,,,,,,,,,,,,,,,,,,,,,,,,,,,,,,,,,,,,,,,,,,,,,,,,,,,,,,,,,,,,,,,,,,,,,,,,,,,,,,,
7979273,Lucciana Robertson,BINGHAMTON,f,,2:51.18,,,,,,,,,,,,,,,,,,,,,,,,,"1.75m 5' 8.75""",,,,,,,,,,,,,,,,,,,,,,,,,,,,,,,,,,,,,,,,,,,,,,,,,,,,,,,,,,,,,,,,,,,,,,,,,,,,,,,,,,,,,,,,,,,,,,,,,,,,,,,,,
9163717,Phoebe Benun,YALE,f,,,4:51.49,18:49.4,20:34.8,,,16:22.98,10:17.12,,,,9:21.66,,,,,,,,,,,,,,,,,,,,,,,,,,,,,,,,,,,,,,,,,,,,,,,,,,,,,,,,,,,,,,,,,,,,,,,,,,,,,,,,,,,,,,,,,,,,,,,,,,,,,,,,,,,,,,,,,,,,,,,
8812422,Tory Lanham,KANSAS CITY,m,,,,,,,,,,,,,,,6.73,10.25 (3.6),20.33 (1.2),33.47,47.14,,,,,,,,,,,,,,,,,,,,,,,,,,,,,,,,,,,,,,,,,,,,,,,,,,,,,,,,,,,,,,,,,,,,,,,,,,,,,,,,,,,,,,,,,,,,,,,,,,,,,,,,,,,,,,,,,
8235189,Alon Rogow,GEORGIA,m,,,,,,,,,,,,,,,,,,,,,,,,,,,,,,,"5.30m 17' 4.5""",,,,,,,,,,,,,,,,,,,,,,,,,,,,,,,,,,,,,,,,,,,,,,,,,,,,,,,,,,,,,,,,,,,,,,,,,,,,,,,,,,,,,,,,,,,,,,,,,,,,,
7888807,Creed Thompson,BYU,m,,,4:05.38,,,,,13:19.24,,22:15.4,29:01.5,,7:48.08,,,,,,,,,,28:04.15,,,,,,,,,,,,,,,,,,,,,19:33.2,,,,,,,,,,,,,,,,,,,,,,,,,,,,,,,,,,,,,22:08.6,23:12.1,,,,,,,,,,,,,,,,,,,,,,,,,,,,,,,,,,,,,,,,,,,,,,,,,,
8020116,Aysha Shaheed,TEXAS A&M,f,,,,,,,,,,,,,,,7.28,11.22 (4.7),23.23 (2.9),,,,,,,,,,,,,,,,,,,,,,,,,,,,,,,,,,,,,,,,,,,,,,,,,,,,,,,,,,,,,,,,,,,,,,,,,,,,,,,,,,,,,,,,,,,,,,,,,,,,,,,,,,,,,,,,,,,
6972494,Omotade Ojora,USC,,,,,,,,,,,,,,,,,,21.45 (1.0),,,,,,,7.53,,55.36,,,,,,13.29 (1.8),,,,,,,,,,,,,,,,,,,,,,,,,,,,,,,,,,,,,,,,,,,,,,,,,,,,,,,,,,,,,,,,,,,,,,,,,,,,,,,,,,,,,,,,,,,,,,,,,,,,
8325711,Ella Hopper,UTAH VALLEY,f,,,,,,,,,,,,,,,7.60,11.91 (3.5),23.75 (2.4),38.53,53.67,,,,,,,57.73,,,,,,,,,,,,,,,,,,,,,7.18,,,,,,,,,,,,,,,,,,,,,,,,,,,,,,,,,,,,,,,,,,,,,,,,,,,,,,,,,,,,,,,,,,,,,,,,,,,,,,,,,,,,,
8316972,Ezinne Abba,TEXAS,,,,,,,,,,,,,,,,7.15,10.93 (3.4),22.47 (1.1),,59.15,,,,,,,,,,,,,,,,,,,,,,,,,,,,,,,,,,,,,,,,,,,,,,,,,,,,,,,,,,,,,,,,,,,,,,,,,,,,,,,,,,,,,,,,,,,,,,,,,,,,,,,,,,,,,,,,,
8675815,Jasauna Dennis,SOUTH CAROLINA,m,,,,,,,,,,,,,,,,10.30 (3.1),21.03,32.93,45.63,,,,,,,,,,,,,,,,,,,,,,,,,,,,,,,,,,,,,,,,,,,,,,,,,,,,,,,,,,,,,,,,,,,,,,,,,,,,,,,,,,,,,,,,,,,,,,,,,,,,,,,,,,,,,,,,,
8668724,Anna Becker,BOSTON COLLEGE,f,,,,,,,,,,,,,,,7.83,12.52 (2.5),24.37 (2.5),39.19,55.00,,,,,,,,,,,,,,,,,,,,,,,,,,,,,,,,,,,,,,,,,,,,,,,,,,,,,,,,,,,,,,,,,,,,,,,,,,,,,,,,,,,,,,,,,,,,,,,,,,,,,,,,,,,,,,,,,
8363937,Sean Dixon-Bodie,FLORIDA,,,,,,,,,,,,,,,,,,,,,,"8.00m (2.2) 26' 3""","16.89m (2.6) 55' 5""",,,,,,,,,,,,,,,,,,,,,,,,,,,,,,,,,,,,,,,,,,,,,,,,,,,,,,,,,,,,,,,,,,,,,,,,,,,,,,,,,,,,,,,,,,,,,,,,,,,,,,,,,,,,,,
8847878,Mackenzie Kirk,UCLA,f,,,,,,,,,,,,,,,,,,,,,"5.53m (1.2) 18' 1.75""","13.17m 43' 2.5""",,,,,,,,,,,,,,,,,,,,,,,,,,,,,,,,,,,,,,,,,,,,,,,,,,,,,,,,,,,,,,,,,,,,,,,,,,,,,,,,,,,,,,,,,,,,,,,,,,,,,,,,,,,,,,
9264068,Madison Linscomb,GEORGIA SOUTHERN,f,,2:21.97,,,,,,,,,,,,,,,25.61 (0.6),,,"43.95m 144' 2""","5.60m 18' 4.5""",,,9.03,14.33 (1.8),1:02.64,"1.44m 4' 8.75""","11.34m 37' 2.5""",,5095,,,,,,,,,,,,,,,,,,,,,,,,,,,,,,,,,,,,,,,,,,,,,,,,,,,,,,,,,,,,,,,,,,,,,,,,,,,,,,,,,,,,,,,,,,,,,,,,,,,,,,
8647437,Nina Ndubuisi,GEORGIA,f,,,,,,,,,,,,,,,,,,,,,,,,,,,,"18.91m 62' 0.5""",,,,,"54.63m 179' 3""",,,,,,,,,,,,,,,,,,,,,,,,,,,,,,,,,,,,,,,,,,,,,,,,,,,,,,,,,,,,,,,,,,,,,,,,,,,,,,,,,,,,,,,,,,,,,,,,,,,
8321247,Atticus Soehren,PENN,m,,,,,,,,,,,,,,,,,,,,"67.47m 221' 4""",,,,,,,,,,,,,,,,,,,,,,,,,,,,,,,,,,,,,,,,,,,,,,,,,,,,,,,,,,,,,,,,,,,,,,,,,,,,,,,,,,,,,,,,,,,,,,,,,,,,,,,,,,,,,,,,
8700724,Ty Hampton,RICE,m,,,,,,,,,,,,,,,,,,,,"75.54m 247' 10""",,,,,,,,,,,,,,,,,,,,,,,,,,,,,,,,,,,,,,,,,,,,,,,,,,,,,,,,,,,,,,,,,,,,,,,,,,,,,,,,,,,,,,,,,,,,,,,,,,,,,,,,,,,,,,,,
8324045,Nicholas Givan,GEORGETOWN,m,1:19.75,,,,,,,,,,,,,,,,21.64 (1.1),34.54,47.78,,,,,,,50.17,,,,,,,,,,,,1:05.05,,,,,,,,,,,,,,,,,,,,,,,,,,,,,,,,,,,,,,,,,,,,,,,,,,,,,,,,,,,,,,,,,,,,,,,,,,,,,,,,,,,,,,,,,,,,,,
8666940,Nyaluet Diew,UTSA,f,,,,,,,,,,,,,,,,,,,,,,,,,,,,"16.30m 53' 5.75""",,,,,"45.54m 149' 5""","51.75m 169' 9""","17.71m 58' 1.25""",,,,,,,,,,,,,,,,,,,,,,,,,,,,,,,,,,,,,,,,,,,,,,,,,,,,,,,,,,,,,,,,,,,,,,,,,,,,,,,,,,,,,,,,,,,,,,,,,
6533126,Jalen Tate,TENNESSEE,,,,,,,,,,,,,,,,,,,,,,"7.79m 25' 6.75""","16.38m 53' 9""",,,,,,,,,,,,,,,,,,,,,,,,,,,,,,,,,,,,,,,,,,,,,,,,,,,,,,,,,,,,,,,,,,,,,,,,,,,,,,,,,,,,,,,,,,,,,,,,,,,,,,,,,,,,,,
8986593,Mark Bryant,BYU,m,,,,,,,,,,,,,,,,,,,,,,,,,,,,"17.71m 58' 1.25""",,,,,"58.08m 190' 7""","50.05m 164' 2""",,,,,,,,,,,,,,,,,,,,,,,,,,,,,,,,,,,,,,,,,,,,,,,,,,,,,,,,,,,,,,,,,,,,,,,,,,,,,,,,,,,,,,,,,,,,,,,,,,
8350187,Miles Higgins,UNCW,m,,,,,,,,,,,,,,,,,,,,"67.26m 220' 8""",,,,,,,,,,,,,,,,,,,,,,,,,,,,,,,,,,,,,,,,,,,,,,,,,,,,,,,,,,,,,,,,,,,,,,,,,,,,,,,,,,,,,,,,,,,,,,,,,,,,,,,,,,,,,,,,
8365733,Johnathan Crawford,TEXAS TECH,m,,,,,,,,,,,,,,,6.93,10.47 (2.0),20.30 (3.2),33.24,45.63,,,,,,,,,,,,,,,,,,,,,,,,,,,,,,,,,,,,,,,,,,,,,,,,,,,,,,,,,,,,,,,,,,,,,,,,,,,,,,,,,,,,,,,,,,,,,,,,,,,,,,,,,,,,,,,,,
8465108,Mackenzie Kuehl,NORTH TEXAS,f,,,,,,,,,,,,,,,,,,,,"50.30m 165' 0""",,,,,,,,,,,,,"32.28m 105' 11""",,,,,,,,,,,,,,,,,,,,,,,,,,,,,,,,,,,,,,,,,,,,,,,,,,,,,,,,,,,,,,,,,,,,,,,,,,,,,,,,,,,,,,,,,,,,,,,,,,,
9247071,Conor Kelly,TEXAS,m,,,,,,,,,,,,,,,,,21.41 (3.4),33.93,47.64,,,,,,,,,,,,,,,,,,,,,,,,,,,,,,,,,,,,,,,,,,,,,,,,,,,,,,,,,,,,,,,,,,,,,,,,,,,,,,,,,,,,,,,,,,,,,,,,,,,,,,,,,,,,,,,,,
8584785,Dheeraj Gurusamy,CAL POLY,m,,,,,18:10.6,,,14:08.88,8:47.60,24:22.6,30:24.2,,,,,,,,,,,,,,,,,,,,,,,,,,,,,,,,,,,,,,,,,,,,,,,6:18.16,,,,,,,,,,,,,,,,,,,,,,,,,,,,,,,,,,,,,,,,,,,,,,,,,,,,,,,,,,,,,,,,,,,,,,,,,,
8614669,Ailish Hawkins,UCLA,f,,,4:56.57,,20:52.0,,4:27.10,16:45.40,10:10.63,,,,9:26.56,,,,,,,,,,,,,,,,,,,,,,,,,,,,,,,,,,,,,,,,,,,,,,,,,,,,,,,,,,,,,,,,,,,,,,,,,,,,,,,,,,,,,,,,,,,,,,,,,,,,,,,,,,,,,,,,,,,,,,,
9023142,Pavlos Tzamtzis,MINNESOTA,m,,,,,,,,,,,,,,,,,,,,,,,,,,,,,,,,,"47.81m 156' 10""","66.15m 217' 0""","16.17m 53' 0.75""",,,,,,,,,,,,,,,,,,,,,,,,,,,,,,,,,,,,,,,,,,,,,,,,,,,,,,,,,,,,,,,,,,,,,,,,,,,,,,,,,,,,,,,,,,,,,,,,,
9266239,Jabari Armstrong,WICHITA STATE,m,,,,,,,,,,,,,,,,,22.33,,,,,,,7.89,,54.29,,,,,,13.75 (4.9),,,,,,,,,,,,,,,,,,,,,,,,,,,,,,,,,,,,,,,,,,,,,,,,,,,,,,,,,,,,,,,,,,,,,,,,,,,,,,,,,,,,,,,,,,,,,,,,,,,,
8229329,Anton Martinez,MIAMI (OHIO),m,,2:02.48,4:21.64,15:21.0,18:58.0,,3:49.67,15:02.61,8:47.22,24:56.9,32:08.4,,8:27.87,,,,,,,,,,,,,,,,,,,,,,,,,,,,,,,,,,,,,,,,,,,,,,,,,,,,,,,,,,,,,,,,,,,,,,,,,,,,,,,,,,,,,,,,,,,,,,,,,,,,,,,,,,,,,,,,,,,,,,,
8611938,Amit Koma,BOISE STATE,f,,,,16:46.9,20:06.4,,4:43.65,16:24.52,,,,,9:30.07,,,,,,,,,,33:39.15,,,,,,,,,,,,,,,,,,,,,,18:08.2,,,,,,,,,,,,,,,,,,,,,,,,,,,,,,,,,,,,,,,,,,,,,,,,,,,,,,,,,,,,,,,,,,,,,,,,,,,,,,,,,,,,,,,
8321882,John Paredes,ARIZONA,m,,,,,,,,,,,,,,,6.71,10.59 (1.0),20.77 (1.8),,,,,,,7.67,,,,,,,,13.41 (1.8),,,,,,,,,,,,,,,,,,,,,,,,,,,,,,,,,,,,,,,,,,,,,,,,,,,,,,,,,,,,,,,,,,,,,,,,,,,,,,,,,,,,,,,,,,,,,,,,,,,,
8620336,Noah Jenkins,BYU,m,,,4:11.75,,19:01.4,,3:57.50,13:30.22,,23:06.1,29:08.5,,7:49.71,,,,,,,,,,28:53.45,,,,,,,,,,,,,,24:55.6,,,,,,,,,24:34.1,,,,,,,,,,,,,,,,,,,,,,,,,,,,,,,,,,,,,19:55.0,24:37.2,,,,,,,,,,,,,,,,,,,,,,,,,,,,,,,,,,,,,,,,,,,,,,,,
9006522,Ana-Liese Torian,AUBURN,,,,,,,,,,,,,,,,,,,,,,,,,7.91,12.81 (-0.2),,,,,,,,,,,,,,,,,,,,,,,,,,,,,,,,,,,,,,,,,,,,,,,,,,,,,,,,,,,,,,,,,,,,,,,,,,,,,,,,,,,,,,,,,,,,,,,,,,,,,,,,,,,
8584947,Osaretin Usenbor,LOUISIANA TECH,f,1:35.45,,,,,,,,,,,,,,,,24.70,39.32,52.67,,,,,,,,,,,,,,,,,,,,,,,,,,,,,,,,,,,,,,,,,,,,,,,,,,,,,,,,,,,,,,,,,,,,,,,,,,,,,,,,,,,,,,,,,,,,,,,,,,,,,,,,,,,,,,,,,
9235876,Jordan Morgan,LITTLE ROCK,f,,,,,,,,,,,,,,,,,,,,,"5.49m (3.5) 18' 0.25""","12.89m (1.4) 42' 3.5""",,,15.18,,,,,,,,,,,,,,,,,,,,,,,,,,,,,,,,,,,,,,,,,,,,,,,,,,,,,,,,,,,,,,,,,,,,,,,,,,,,,,,,,,,,,,,,,,,,,,,,,,,,,,,,,,,
8268058,Taylor Lovell,BYU,f,,2:13.42,4:31.53,16:45.1,19:35.4,15:36.0,4:17.31,15:15.46,9:26.99,,,,9:07.46,,,,,,,,,,,,,,,,,,,,,,,,,,,,,,,,,,,,,,,,,,,,,,,,,,,,,,,,,,,,18:34.8,,,,,,,,,,,,19:11.2,,,,,,,,,,,,,,,,,,,,,,,,,,,,,,,,,,,,,,,,,,,,,,,
8355014,Lexi Evans,CAL POLY,f,,,,,,,,,,,,,,,,,,,,,,,,,,,,,,,"4.51m 14' 9.5""",,,,,,,,,,,,,,,,,,,,,,,,,,,,,,,,,,,,,,,,,,,,,,,,,,,,,,,,,,,,,,,,,,,,,,,,,,,,,,,,,,,,,,,,,,,,,,,,,,,,,
9170496,Charlotte Dillon,GONZAGA,f,,,,,20:31.7,,,16:16.24,,,,,9:37.66,,,,,,,,,,33:32.93,,,,,,,,,,,,,,,,,,,,,,,,,,,,,,,,13:55.0,,,,,,,,,,,,,,,,,,,,,,,,,,,,,,,,,,,,,,,,,,,,,,,,,,,,,,,,,,,,,,,,,,,,,,,,,,,,,
6988330,Amanda Fassold,ARKANSAS,,,,,,,,,,,,,,,,,,,,,,"5.39m (0.4) 17' 8.25""",,,,,,,,,,"4.55m 14' 11""",,,,,,,,,,,,,,,,,,,,,,,,,,,,,,,,,,,,,,,,,,,,,,,,,,,,,,,,,,,,,,,,,,,,,,,,,,,,,,,,,,,,,,,,,,,,,,,,,,,,,
8322980,Mariella Schweitzer,DARTMOUTH,f,,2:30.54,,,,,,,,,,,,,7.75,,24.74,39.62,58.22,,"6.29m 20' 7.75""",,,8.43,13.64 (1.6),1:00.40,"1.45m 4' 9""","7.71m 25' 3.5""",3255,,,,,,,,,1:20.60,,,,,,,,,,,,,,,,,,,,,,,,,,,,,,,,,,,,,,,,,,,,,,,,,,,,,,,,,,,,,,,,,,,,,,,,,,,,,,,,,,,,,,,,,,,,,,
7389217,Taylor Roe,OKLAHOMA STATE,,,2:08.78,4:33.56,17:34.6,19:33.5,,4:13.99,15:12.71,10:19.59,,,,8:51.60,11:03.6,,,,,,,,,32:17.45,,,,,,,,,,,,,,,,,,,,,,,,,,,,,,,,,,,,,,,,,,,,,,,,,,,,,,,,,,,,,,,,,,,,,,,,,,,,,,,,,,,,,,,,,,,,,,,,,,,,,,,,,,,,,
7966997,Nikolas Curtiss,IOWA,,,,,,,,,,,,,,,,,,,,,,,,,,,,,"20.04m 65' 9""",,,,,"45.77m 150' 2""","58.62m 192' 4""","19.31m 63' 4.25""",,,,,,,,,,,,,,,,,,,,,,,,,,,,,,,,,,,,,,,,,,,,,,,,,,,,,,,,,,,,,,,,,,,,,,,,,,,,,,,,,,,,,,,,,,,,,,,,,
8974484,Josie Page,INDIANA,f,,,,,,,,,,,,,,,,,,,,,,,,,,,"1.81m 5' 11.25""",,,,,,,,,,,,,,,,,,,,,,,,,,,,,,,,,,,,,,,,,,,,,,,,,,,,,,,,,,,,,,,,,,,,,,,,,,,,,,,,,,,,,,,,,,,,,,,,,,,,,,,,,
9019268,Titus Kimaru,TEXAS TECH,m,,,4:01.18,13:52.7,,,3:42.07,13:42.24,8:18.26,22:36.1,29:07.2,,7:53.19,,,,,,,,,,,,,,,,,,,,,,,,,,,,,,,,,,,,,,,,,,,,,,,,,,,,,,,,,,,,,,,,,,,,,,,,,,,,,,,,,,,,,,,,,,,,,,,,,,,,,,,,,,,,,,,,,,,,,,,
8321210,Ellie Roan,BOSTON UNIVERSITY,f,,,,,,,,,,,,,,,,,,,,,,,,,,,,"15.70m 51' 6.25""",,,,,"49.04m 160' 11""","64.22m 210' 8""","21.45m 70' 4.5""",,,,,,,,,,,,,,,,,,,,,,,,,,,,,,,,,,,,,,,,,,,,,,,,,,,,,,,,,,,,,,,,,,,,,,,,,,,,,,,,,,,,,,,,,,,,,,,,,
9008183,Jonas Gran,EAST TEXAS A&M,m,,,,,,,4:41.09,,,,,2:41.56,,,7.21,10.93 (3.1),22.25,,48.55,"62.14m 203' 10""","7.06m (0.5) 23' 2""",,,9.00,,,"1.81m 5' 11.25""","13.14m 43' 1.5""",,5045,"4.45m 14' 7.25""",15.97 (2.8),"39.70m 130' 3""",,,7302,,,,,,,,,,,,,,,,,,,,,,,,,,,,,,,,,,,,,,,,,,,,,,,,,,,,,,,,,,,,,,,,,,,,,,,,,,,,,,,,,,,,,,,,,,,,,,,,
9011658,Tommaso Franze,INCARNATE WORD,m,,2:07.49,,,,,4:40.90,,,,,2:47.25,,,7.25,11.14 (4.2),,,51.05,"52.77m 173' 1""","7.23m (2.1) 23' 8.75""",,,8.61,,,"1.89m 6' 2.25""","12.07m 39' 7.25""",,5239,"5.02m 16' 5.5""",15.33 (0.9),"36.03m 118' 2""",,,7263,,,,,,,,,,,,,,,,,,,,,,,,,,,,,,,,,,,,,,,,,,,,,,,,,,,,,,,,,,,,,,,,,,,,,,,,,,,,,,,,,,,,,,,,,,,,,,,,
8590142,Kaleb Sharp,NEBRASKA,m,1:18.93,1:47.39,4:07.09,,19:49.5,,3:46.60,,,25:36.1,35:59.5,,,,,,,,49.37,,,,,,,,,,,,,,,,,,,,,,,,,,,,,,,,,,,,,,,,,,,,,,,,,,,,,,,,,,,,,,,,,,,,,,,,,,,,,,,,,,,,,,,,,,,,,,,,,,,,,,,,,,,,,,,,,
8317288,Shea Greene,PRINCETON,f,,,,,,,,,,,,,,,,,,,,"56.91m 186' 8""",,,,,,,,,,,,,,,,,,,,,,,,,,,,,,,,,,,,,,,,,,,,,,,,,,,,,,,,,,,,,,,,,,,,,,,,,,,,,,,,,,,,,,,,,,,,,,,,,,,,,,,,,,,,,,,,
8318487,Parker Feuerborn,SE MISSOURI,,,,,,,,,,,,,,,,,,,,,"53.17m 174' 5""",,,,,,,,"15.88m 52' 1.25""",,,,,"47.76m 156' 8""","71.65m 235' 1""","23.38m 76' 8.5""",,,,,,,,,,,,,,,,,,,,,,,,,,,,,,,,,,,,,,,,,,,,,,,,,,,,,,,,,,,,,,,,,,,,,,,,,,,,,,,,,,,,,,,,,,,,,,,,,
8331640,Daylin Williams,IOWA STATE,m,,,,,,,,,,,,,,,6.91,10.48 (3.3),20.83 (1.4),,,,,,,7.65,,1:07.02,,,,,,13.42 (3.4),,,,,,,,,,,,,,,,,,,,,,,,,,,,,,,,,,,,,,,,,,,,,,,,,,,,,,16.46,,,,,,,,,,,,,,,,,,,,,,,,,,,,,,,,,,,,,,,,,,,,,,
8692829,Mason Kooi,NEBRASKA,m,,,,,,,,,,,,,,,,,,,,,,,,,,,"2.23m 7' 3.75""",,,,,,,,,,,,,,,,,,,,,,,,,,,,,,,,,,,,,,,,,,,,,,,,,,,,,,,,,,,,,,,,,,,,,,,,,,,,,,,,,,,,,,,,,,,,,,,,,,,,,,,,,
7371023,Cam Jones,IOWA STATE,,,,,,,,,,,,,,,,,,,,,,,,,,,,,"20.05m 65' 9.5""",,,,,"54.97m 180' 4""","64.57m 211' 10""","23.27m 76' 4.25""",,,,,,,,,,,,,,,,,,,,,,,,,,,,,,,,,,,,,,,,,,,,,,,,,,,,,,,,,,,,,,,,,,,,,,,,,,,,,,,,,,,,,,,,,,,,,,,,,
9251058,Ryder Bickett,NORTH DAKOTA STATE,m,,,,,,,,,,,,,,,,,,,,"67.54m 221' 7""",,,,,,,,,,,,,,,,,,,,,,,,,,,,,,,,,,,,,,,,,,,,,,,,,,,,,,,,,,,,,,,,,,,,,,,,,,,,,,,,,,,,,,,,,,,,,,,,,,,,,,,,,,,,,,,,
8345782,Avery Clark,OHIO STATE,f,1:31.33,,,,,,,,,,,,,,,,,,57.55,,,,,,,57.71,"1.53m 5' 0.25""",,,,,,,,,,,,,,1:22.39,,,,,,,,,,,,,,,,,,,,,,,,,,,,,,,,,,,,,,,,,,,,,,,,,,,,,,,,,,,,,,,,,,,,,,,,,,,,,,,,,,,,,,,,,,,
6569698,Cooper Campbell,OKLAHOMA,,,,,,,,,,,,,,,,,,,,,,,,,,,,,"19.95m 65' 5.5""",,,,,"45.61m 149' 8""","47.41m 155' 6""","15.49m 50' 10""",,,,,,,,,,,,,,,,,,,,,,,,,,,,,,,,,,,,,,,,,,,,,,,,,,,,,,,,,,,,,,,,,,,,,,,,,,,,,,,,,,,,,,,,,,,,,,,,,
8247127,Lilly Walters,ALABAMA,f,,,4:47.08,16:51.6,20:11.7,,4:25.50,16:32.92,10:06.33,,,,9:19.52,,,,,,,,,,,,,,,,,,,,,,,,,,21:01.1,21:18.0,,,,,,,,,,,,,,,,,,,,,,,,,,,,,,,,,,,20:08.5,,,,20:14.0,,,,,,,,,,,,,,,,,,,,,,,,,,,,,,,,,,,,,,,,,,,,,,,,,,,,,
8324291,Tevijon Williams,ARKANSAS,m,,,,,,,,,,,,,,,6.73,10.16 (-0.1),20.33 (0.4),,49.40,,,,,,,,,,,,,,,,,,,,,,,,,,,,,,,,,,,,,,,,,,,,,,,,,,,,,,,,,,,,,,,,,,,,,,,,,,,,,,,,,,,,,,,,,,,,,,,,,,,,,,,,,,,,,,,,,
9178730,Aayden Simmons,BOISE STATE,m,,,,,,,,,,,,,,,,,,,,,"7.86m (1.1) 25' 9.5""","15.35m (3.0) 50' 4.5""",,,,,"2.15m 7' 0.5""",,,,,,,,,,,,,,,,,,,,,,,,,,,,,,,,,,,,,,,,,,,,,,,,,,,,,,,,,,,,,,,,,,,,,,,,,,,,,,,,,,,,,,,,,,,,,,,,,,,,,,,,,
8591929,Matt Castronuovo,GEORGIA TECH,m,,,4:13.23,,,,3:49.63,14:24.30,8:48.08,24:18.3,30:53.0,,8:09.91,,,,,,,,,,,,,,,,,,,,,,,,,,,,,,24:39.1,19:33.7,,,,,,,,,,,,,,,,,,,,,,,,,,,,,,,,,,,,,,,,,,,,,,,,,,,,,,,,,,,,,,,,,,,,,,,,,,,,,,,,,,,,,,,,
8323104,Ryan Henry,PENN STATE,m,,,,,,,,,,,,,,,,,,,,,,,,,,,,"19.94m 65' 5""",,,,,"53.35m 175' 0""","54.71m 179' 6""","16.02m 52' 6.75""",,,,,,,,,,,,,,,,,,,,,,,,,,,,,,,,,,,,,,,,,,,,,,,,,,,,,,,,,,,,,,,,,,,,,,,,,,,,,,,,,,,,,,,,,,,,,,,,,
7665645,Christian Johnson,DUKE,,,,,,,,,,,,,,,,,,,,,"49.99m 164' 0""",,,,,,,,"15.08m 49' 5.75""",,,,,"50.17m 164' 7""","70.87m 232' 6""","22.93m 75' 2.75""",,,,,,,,,,,,,,,,,,,,,,,,,,,,,,,,,,,,,,,,,,,,,,,,,,,,,,,,,,,,,,,,,,,,,,,,,,,,,,,,,,,,,,,,,,,,,,,,,
8611980,Abbas Ali,BAYLOR,m,,,,,,,,,,,,,,,,,20.71 (2.6),33.75,46.77,,,,,,,,,,,,,,,,,,,,,,1:12.79,,,,,,,,,,,,,,,,,,,,,,,,,,,,,,,,,,,,,,,,,,,,,,,,,,,,,,,,,,,,,,,,,,,,,,,,,,,,,,,,,,,,,,,,,,,
8327517,Alba Cuns Iglesias,LOUISVILLE,f,,,,,,,,,,,,,,,,,,,,,"6.31m (2.3) 20' 8.5""","13.36m (2.2) 43' 10""",,,,,,,,,,,,,,,,,,,,,,,,,,,,,,,,,,,,,,,,,,,,,,,,,,,,,,,,,,,,,,,,,,,,,,,,,,,,,,,,,,,,,,,,,,,,,,,,,,,,,,,,,,,,,,
8682653,Mia Boule,MIAMI (OHIO),f,,,,,,,,,,,,,,,,13.14 (-0.7),,,,,,,,,,,,,,,"4.22m 13' 10""",,,,,,,,,,,,,,,,,,,,,,,,,,,,,,,,,,,,,,,,,,,,,,,,,,,,,,,,,,,,,,,,,,,,,,,,,,,,,,,,,,,,,,,,,,,,,,,,,,,,,
7733717,Isaiah Holmes,MIAMI (FLA.),,,,,,,,,,,,,2:54.05,,,6.97,,,,,,"8.03m 26' 4.25""","15.43m (-2.4) 50' 7.5""",,8.31,,,"2.21m 7' 3""","11.45m 37' 6.75""",,5517,"4.30m 14' 1.25""",,,,,,,,,,,,,,,,,,,,,,,,,,,,,,,,,,,,,,,,,,,,,,,,,,,,,,,,,,,,,,,,,,,,,,,,,,,,,,,,,,,,,,,,,,,,,,,,,,,,,
8689859,Aly Francolini,OLE MISS,f,,,,,,,,,,,,,,,,,,,,,,,,,,,,,,,"4.06m 13' 3.75""",,,,,,,,,,,,,,,,,,,,,,,,,,,,,,,,,,,,,,,,,,,,,,,,,,,,,,,,,,,,,,,,,,,,,,,,,,,,,,,,,,,,,,,,,,,,,,,,,,,,,
8233289,Ali Weimer,MINNESOTA,f,,,4:46.16,17:26.0,19:25.0,,4:32.10,15:31.13,,,,,9:08.00,,,,,,,,,,32:42.31,,,,,,,,,,,,,,,,,,,,,,,,,,,,,,,,,,,,,,,,,,,,,,,,,,,,,,,,,,,,,,,,,,,,,,,,,,,,,,,,,,,,,,,,,,,,,,,,,,,,,,,,,,,,,
7546465,Bryson Deberry,UT-ARLINGTON,,,,,,,,,,,,,,,,,,,,,,"7.58m (0.9) 24' 10.5""",,,,,,"2.21m 7' 3""",,,,,,,,,,,,,,,,,,,,,,,,,,,,,,,,,,,,,,,,,,,,,,,,,,,,,,,,,,,,,,,,,,,,,,,,,,,,,,,,,,,,,,,,,,,,,,,,,,,,,,,,,
8337002,Astley Davis,CINCINNATI,,,,,,,,,,,,,,,,7.08,10.76 (2.1),23.25 (0.2),,,,"7.52m (0.8) 24' 8.25""","16.28m 53' 5""",,,,,"1.98m 6' 6""",,,,,,,,,,,,,,,,,,,,,,,,,,,,,,,,,,,,,,,,,,,,,,,,,,,,,,,,,,,,,,,,,,,,,,,,,,,,,,,,,,,,,,,,,,,,,,,,,,,,,,,,,
6992947,Sophia Rivera,MISSOURI,,,,,,,,,,,,,,,,,,,,,"57.67m 189' 2""",,,,,,,,"16.10m 52' 10""",,,,,"55.75m 182' 11""",,,,,,,,,,,,,,,,,,,,,,,,,,,,,,,,,,,,,,,,,,,,,,,,,,,,,,,,,,,,,,,,,,,,,,,,,,,,,,,,,,,,,,,,,,,,,,,,,,,
9226470,Boh Ritchie,PENN STATE,f,1:28.21,2:01.60,,,,,,,,,,,,,,,,,,,,,,,,,,,,,,,,,,,,,,,,,,,,,,,,,,,,,,,,,,,,,,,,,,,,,,,,,,,,,,,,,,,,,,,,,,,,,,,,,,,,,,,,,,,,,,,,,,,,,,,,,,,,,,,,,,
8319500,Camden Beatty,CINCINNATI,m,1:18.85,1:55.28,,,,,,,,,,,,,,,22.44,,48.21,,,,,8.62,,50.13,,,,,,,,,,,,1:05.28,,,1:10.01,,,,,,,,,,,,,,,,,,,,,,,,,,,,,,,,,,,,,,,,,,,,,,,,,,,,,,,,,,,,,,,,,,,,,,,,,,,,,,,,,,,,,,,,,,,
8281304,Julia Sue-Kam-Ling,JACKSONVILLE,f,,,,,,,,,,,,,,,7.90,12.04 (2.4),25.00 (1.7),45.90,1:02.02,,"6.28m (1.9) 20' 7.25""",,,,,,,,,,,,,,,,,,,,,,,,,,7.77,,,,,,,,,,,,,,,,,,,,,,,,,,,,,,,,,,,,,,,,,,,,,,,,,,,,,,,,,,,,,,,,,,,,,,,,,,,,,,,,,,,,,
7778495,Jordan Davis,GEORGIA,m,,,,,,,,,,,,,,,,,,,,"84.45m 277' 1""",,,,,,,,,,,,,,,,,,,,,,,,,,,,,,,,,,,,,,,,,,,,,,,,,,,,,,,,,,,,,,,,,,,4.89,,,,,,,,,,,,,,,,,,,,,,,,,,,,,,,,,,,,,,,,,,,,,
8330102,Asher Robbins,PRINCETON,m,,,,,,,,,,,,,,,,,,,,,,,,,,,,,,,,,,"67.50m 221' 5""","21.11m 69' 3.25""",,,,,,,,,,,,,,,,,,,,,,,,,,,,,,,,,,,,,,,,,,,,,,,,,,,,,,,,,,,,,,,,,,,,,,,,,,,,,,,,,,,,,,,,,,,,,,,,,
8705588,Jayden Douglas,TCU,m,,,,,,,,,,,,,,,,,21.07,,46.87,,,,,7.93,,49.32,,,,,,14.59 (-0.6),,,,,,,,,,,,,,,,,,,,,,,,,,,,,,,,,,,,,,,,,,,,,,,,,,,,,,,,,,,,,,,,,,,,,,,,,,,,,,,,,,,,,,,,,,,,,,,,,,,,
8679031,Xavier Donaldson,PRINCETON,m,,,,,,,,,,,,,,,,,21.01 (5.5),33.75,46.32,,,,,,,,,,,,,,,,,,,,,,,,,,,,,,,,,,,,,,,,,,,,,,,,,,,,,,,,,,,,,,,,,,,,,,,,,,,,,,,,,,,,,,,,,,,,,,,,,,,,,,,,,,,,,,,,,
8997005,Marie Warneke,UCLA,f,,2:02.93,,,,,,,,,,,,,,,,,56.48,,,,,,,,,,,,,,,,,,,,,,,,,,,,,,,,,,,,,,,,,,,,,,,,,,,,,,,,,,,,,,,,,,,,,,,,,,,,,,,,,,,,,,,,,,,,,,,,,,,,,,,,,,,,,,,,,
8696190,Isabell-Mary Luik,FIU,f,,2:33.90,,,,,,,,,,,,,,,,,,"51.83m 170' 0""","5.88m (1.1) 19' 3.5""","11.12m (1.8) 36' 5.75""",,9.08,15.50 (1.2),,"1.74m 5' 8.5""","10.15m 33' 3.75""",3714,,,,,,,,,,,,,,,,,,,,,,,,,,,,,,,,,,,,,,,,,,,,,,,,,,,,,,,,,,,,,,,,,,,,,,,,,,,,,,,,,,,,,,,,,,,,,,,,,,,,,,,
8680414,Grayson Brashear,KENTUCKY,m,,,,,,,,,,,,,,,,,,,,,,,,,,,,"18.91m 62' 0.5""",,,,,"54.63m 179' 3""",,"19.40m 63' 7.75""",,,,,,,,,,,,,,,,,,,,,,,,,,,,,,,,,,,,,,,,,,,,,,,,,,,,,,,,,,,,,,,,,,,,,,,,,,,,,,,,,,,,,,,,,,,,,,,,,
6429872,Barry Keane,BUTLER,,,,4:11.50,,18:55.1,,,13:21.57,,23:06.0,29:18.0,,7:56.46,,,,,,,,,,28:04.66,,,,,,,,,,,,,,23:30.2,,,,,,,,,,,,,,,25:13.6,,,,,,,,,,,,,,,,,,,,,,,,,,,,,,,,,,,,,,,,,,,,,,,,,,,,,,,,,,,,,,,,,,,,,,,,,,,,,,,,
8690802,Claire Petersen,UTAH STATE,f,,,,,,,,,,,,,,,7.72,12.04 (2.2),24.85,,56.01,,,,,8.48,13.44 (1.8),59.25,,,,,,,,,,,,,,,,,,,,,7.29,,,8.21,,,,,,,,,,,,,,,,,,,,,,,,,,,,,,,,,,,,,,48.26,,,,,,,,,,,,,,,,,,,,,,,,,,,,,,,,,,,,,,,,,,,,
7984341,Makanakaishe Charamba,AUBURN,,,,,,,,,,,,,,,,6.72,10.02 (5.4),19.79 (2.4),33.52,,,,,,,,,,,,,,,,,,,,,,,,,,,,,,,,,,,,,,,,,,,,,,,,,,,,,,,,,,,,,,,,,,,,,,,,,,,,,,,,,,,,,,,,,,,,,,,,,,,,,,,,,,,,,,,,,,
7496235,Zach Davis,TEXAS A&M,,,,,,,,,,,,,,,,,11.99 (-1.8),,,,,,,,,,,,,,,"5.43m 17' 9.75""",,,,,,,,,,,,,,,,,,,,,,,,,,,,,,,,,,,,,,,,,,,,,,,,,,,,,,,,,,,,,,,,,,,,,,,,,,,,,,,,,,,,,,,,,,,,,,,,,,,,,
8719817,Davis Wenthe,LAMAR,m,1:19.80,,,,,,,,,,,,,,,,,,48.38,,,,,,,50.40,,,,,,,,,,,,,,,1:13.68,,,,,,,,,,,,,,,,,,,,,,,,,,,,,,,,,,,,,,,,,,,,,,,,,,,,,,,,,,,,,,,,,,,,,,,,,,,,,,,,,,,,,,,,,,,
9206746,Brooke Strauss,CONNECTICUT,f,,,4:40.74,17:12.4,20:22.4,,4:14.36,,,,,2:50.27,9:07.11,,,,,,,,,,,,,,,,,,,,,,,,,,,,,,,,,,,,,,,,,,,,,,,,,,,,,,,,,,,,,,,,,,,,,,,,,,,,,,,,,,,,,,,,,,,,,,,,,,,,,,,,,,,,,,,,,,,,,,,
8664746,Jordan Koskondy,ILLINOIS,f,,,,,,,,,,,,,,,,,,,,,,,,,,,,,,,,,,"67.54m 221' 7""","23.59m 77' 4.75""",,,,,,,,,,,,,,,,,,,,,,,,,,,,,,,,,,,,,,,,,,,,,,,,,,,,,,,,,,,,,,,,,,,,,,,,,,,,,,,,,,,,,,,,,,,,,,,,,
8587412,Conner Rutherford,GEORGIA,m,,1:55.31,4:03.84,15:17.0,18:00.0,,3:46.13,14:00.89,,23:37.3,29:42.3,,8:01.76,,,,,,,,,,28:51.92,,,,,,,,,,,,,,,,,,,,,19:28.4,,,,,,,,,,,,,,,,,,,,,,,,,,,,,,,,,,,,,,,,24:48.5,,,,,,,,,,,,,,,,,,,,,,,,,,,,,,,,,,,,,,,,,,,,,,,,
7718451,Ackera Nugent,ARKANSAS,,,,,,,,,,,,,,,,7.20,11.09 (1.6),23.10 (1.2),,,,,,,7.72,12.25 (3.8),,,,,,,,,,,,,,,,,,,,,,,,,,,,,,,,,,,,,,,,,,,,,,,,,,,,,,,,,,,,,,,,,,,,,,,,,,,,,,,,,,,,,,,,,,,,,,,,,,,,,,,,,,,
8892759,Niamh Motley,MONTANA STATE,f,,2:16.23,5:07.18,18:27.4,21:49.2,,4:30.01,17:06.74,10:15.52,,,,,,,,,,,,,,,,,,,,,,,,,,,,,,,,,,,,,,,,,,,,,,,,,,,,,,,,,,,,,,,,,,,,,,,,,,,,,,,,,,,,,,,,,,,,,,,,,,,,,,,,,,,,,,,,,,,,,,,,,,,
8731311,Brian Kiprotich,BOISE STATE,m,,,,,,,3:51.41,13:48.30,,23:17.8,29:51.7,,8:19.27,,,,,,,,,,28:43.38,,,,,,,,,,,,,,,,,,,,,,15:14.5,,,,,,,,,,,,,,,,,,,,,,,,,,,,,,,,,,,,,,,,,,,,,,,,,,,,,,,,,,,,,,,,,,,,,,,,,,,,,,,,,,,,,,,
7513080,Rayniah Jones,UCF,,,,,,,,,,,,,,,,7.21,10.94 (2.4),22.64 (1.4),42.00,,,,,,7.90,12.59 (-0.5),1:00.71,,,,,,,,,,,,,,,,,,,,,,41.32,,,,,,,,,,,,,,,,,,,,,,,,,,,,,,,,,,,,,,,,,,,,,,,,,,,,,,,,,,,,,,,,,,,,,,,,,,,,,,,,,,,,
6985778,Mckenzie Long,OLE MISS,,,,,,,,,,,,,,,,7.10,10.80 (3.5),21.83 (1.0),37.38,55.29,,,,,,,,,,,,,,,,,,,,,,,,,,,,,,,,,,,,,,,,,,,,,,,,,,,,,,,,,,,,,,,,,,,,,,,,,,,,,,,,,,,,,,,,,,,,,,,,,,,,,,,,,,,,,,,,,
9178726,Chase Lawyer,BOISE STATE,m,,,,,,,,,,,,,,,,,21.93,,,,,,,7.92,,52.79,,,,,,13.89 (2.1),,,,,,,,,,,,,,,,,,,,,,,,,,,,,,,,,,,,,,,,,,,,,,,,,,,,,,,,,,,,,,,,,,,,,,,,,,,,,,,,,,,,,,,,,,,,,,,,,,,,
9226489,Bryce Thompson,PENN STATE,m,,,,,,,,,,,,,,,,,,,,,,,,,,,,"18.81m 61' 8.5""",,,,,,,,,,,,,,,,,,,,,,,,,,,,,,,,,,,,,,,,,,,,,,,,,,,,,,,,,,,,,,,,,,,,,,,,,,,,,,,,,,,,,,,,,,,,,,,,,,,,,,,,
9175544,Reese Brownlee,KANSAS STATE,f,,,,,,,,,,,,,,,,,,,,,,,,,,57.77,,,,,,,,,,,,,,,,,,,,,,,,,,,,,,,,,,,,,,,,,,,,,,,,,,,,,,,,,,,,,,,,,,,,,,,,,,,,,,,,,,,,,,,,,,,,,,,,,,,,,,,,,,
9226466,Marie-Eloise Leclair,PENN STATE,f,,,,,,,,,,,,,,,7.30,11.08 (4.8),22.75 (2.7),,53.82,,,,,,,,,,,,,,,,,,,,,,,,,,,,,,,,,,,,,,,,,,,,,,,,,,,,,,,,,,,,,,,,,,,,,,,,,,,,,,,,,,,,,,,,,,,,,,,,,,,,,,,,,,,,,,,,,
7481266,Destiny Masters,WICHITA STATE,,,2:25.62,,,,,,,,,,,,,7.56,,25.09 (+0.0),,1:11.49,"47.46m 155' 8""","6.10m (2.7) 20' 0.25""",,,8.32,13.80 (1.5),,"1.86m 6' 1.25""","13.86m 45' 5.75""",4338,5763,,,,,,,,,,,,,,,,,,,,,,,,,,,,,,,,,,,,,,,,,,,,,,,,,,,,,,,,,,,,,,,,,,,,,,,,,,,,,,,,,,,,,,,,,,,,,,,,,,,,,,
7697085,Wayne Pinnock,ARKANSAS,,,,,,,,,,,,,,,,6.62,,,,,,"8.44m (5.8) 27' 8.25""","15.92m (+0.0) 52' 2.75""",,,,,,,,,,,,,,,,,,,,,,,,,,,,,,,,,,,,,,,,,,,,,,,,,,,,,,,,,,,,,,,,,,,,,,,,,,,,,,,,,,,,,,,,,,,,,,,,,,,,,,,,,,,,,,
8928539,Steve Hines,UALBANY,m,,1:46.98,4:18.32,,20:15.3,,3:57.96,,,26:52.5,,2:26.66,,,,,,,49.67,,,,,,,,,,,,,,,,,,,,,,,,,,,,,,,,,,,,,,,,,,,,,,,,,,,,,,,,,,,,,,,,,,,,,,,,,,,,,,,,,,,,,,,,,,,,,,,,,,,,,,,,,,,,,,,,,
8341368,Logan Kelley,OLE MISS,m,,,,,,,,,,,,,,,,,,,,,,,,,,,,,,,"5.46m 17' 11""",,,,,,,,,,,,,,,,,,,,,,,,,,,,,,,,,,,,,,,,,,,,,,,,,,,,,,,,,,,,,,,,,,,,,,,,,,,,,,,,,,,,,,,,,,,,,,,,,,,,,
8981352,Maeva Tahou,CHARLESTON SOUTHERN,f,,,,,,,,,,,,,,,7.72,11.52 (2.0),23.51 (2.4),,,,"6.51m (1.4) 21' 4.25""","13.34m (0.5) 43' 9.25""",,8.26,13.17 (0.2),,,,,,,,,,,,,,,,,,,,,,,,,,,,,,,,,,,,,,,,,,,,,,,,,,,,,,,,,,,,,,,,,,,,,,,,,,,,,,,,,,,,,,,,,,,,,,,,,,,,,,,,,,,
8362408,Abel Jordan,CAL ST. FULLERTON,m,,,,,,,,,,,,,,,6.57,10.08 (3.3),,,,,,,,7.59,,,,,,,,13.51 (1.2),,,,,,,,,,,,,,,,,,,,,,,,,,,,,,,,,,,,,,,,,,,,,,,,,,,,,,,,,,,,,,,,,,,,,,,,,,,,,,,,,,,,,,,,,,,,,,,,,,,,
9234725,Eva Lowder,GRAND CANYON,f,,,,,,,,,,,,,,,,,,,,,,,,,,,,,,,"4.40m 14' 5.25""",,,,,,,,,,,,,,,,,,,,,,,,,,,,,,,,,,,,,,,,,,,,,,,,,,,,,,,,,,,,,,,,,,,,,,,,,,,,,,,,,,,,,,,,,,,,,,,,,,,,,
8679066,Angela Mcauslan-Kelly,PRINCETON,f,,,,,,,,,,,,,,,,,,,,,,,,,,,,,,,,,"31.42m 103' 1""","66.13m 216' 11""","20.25m 66' 5.25""",,,,,,,,,,,,,,,,,,,,,,,,,,,,,,,,,,,,,,,,,,,,,,,,,,,,,,,,,,,,,,,,,,,,,,,,,,,,,,,,,,,,,,,,,,,,,,,,,
9273304,Amelliah Birdow,TEXAS,f,,,,,,,,,,,,,,,,,23.26 (0.5),,53.06,,,,,,,54.79,,,,,,,,,,,,,,,1:19.02,,,,,,,,,,,,,,,,,,,,,,,,,,,,,,,,,,,,,,,,,,,,,,,,,,,,,,,,,,,,,,,,,,,,,,,,,,,,,,,,,,,,,,,,,,,
8684050,Mickaila Haisley,HARVARD,f,,,,,,,,,,,,,,,7.49,11.40 (1.4),23.72 (+0.0),,,,,,,,,,,,,,,,,,,,,,,,,,,,,,,,,,,,,,,,,,,,,,,,,,,,,,,,,,,,,,,,,,,,,,,,,,,,,,,,,,,,,,,,,,,,,,,,,,,,,,,,,,,,,,,,,,,
9248404,Gabriel Grebet,INCARNATE WORD,m,,,,,,,4:53.59,,,,,2:50.00,,,6.94,10.98 (-0.4),,,49.08,"46.24m 151' 8""","7.31m 23' 11.75""",,,7.90,,,"1.99m 6' 6.25""","11.84m 38' 10.25""",,5563,"4.45m 14' 7.25""",14.32 (0.7),"38.66m 126' 10""",,,7226,,,,,,,,,,,,,,,,,,,,,,,,,,,,,,,,,,,,,,,,,,,,,,,,,,,,,,,,,,,,,,,,,,,,,,,,,,,,,,,,,,,,,,,,,,,,,,,,
8321314,Julia Jackson,DUKE,f,,,,,,,,,,,,,,,7.51,11.61 (2.5),23.69 (2.1),37.91,52.36,,,,,,,,,,,,,,,,,,,1:11.04,,,,,,,,,,,,,,,,,,,,,,,,,,,,,,,,,,,,,,,,,,,,,,,,,,,,,,,,,,,,,,,,,,,,,,,,,,,,,,,,,,,,,,,,,,,,,,
9250937,Austin Shaffer,COLORADO ST.,m,,,,,,,,,,,,,,,,,,,,"63.97m 209' 10""",,,,,,,,,,,"3.20m 10' 6""",,,,,,,,,,,,,,,,,,,,,,,,,,,,,,,,,,,,,,,,,,,,,,,,,,,,,,,,,,,,,,,,,,,,,,,,,,,,,,,,,,,,,,,,,,,,,,,,,,,,,
9263304,Jonathan Simms,GEORGIA,m,,,,,,,,,,,,,,,,,20.37 (2.2),,44.02,,,,,,,,,,,,,,,,,,,,,,,,,,,,,,,,,,,,,,,,,,,,,,,,,,,,,,,,,,,,,,,,,,,,,,,,,,,,,,,,,,,,,,,,,,,,,,,,,,,,,,,,,,,,,,,,,
6086448,Mckenna Keegan,VILLANOVA,,1:33.36,2:01.25,,,,,4:18.94,,,,,2:48.37,,,,,26.04 (0.8),,53.28,,,,,,,,,,,,,,,,,,,1:13.36,,,,,,,,,,,,,,,,,,,,,,,,,,,,,,,,,,,,,,,,,,,,,,,,,,,,,,,,,,,,,,,,,,,,,,,,,,,,,,,,,,,,,,,,,,,,,,
8329661,Taylor Schoonveld,INDIANA,f,,,,,,,,,,,,,,,,,,,,,,,,,,,"1.78m 5' 10""",,,,,,,,,,,,,,,,,,,,,,,,,,,,,,,,,,,,,,,,,,,,,,,,,,,,,,,,,,,,,,,,,,,,,,,,,,,,,,,,,,,,,,,,,,,,,,,,,,,,,,,,,
9013624,Chesni Scott,OKLAHOMA,f,,,,,,,,,,,,,,,,,,,,,,,,,,,,"10.01m 32' 10.25""",,,,,"55.85m 183' 3""","56.25m 184' 6""","18.48m 60' 7.75""",,,,,,,,,,,,,,,,,,,,,,,,,,,,,,,,,,,,,,,,,,,,,,,,,,,,,,,,,,,,,,,,,,,,,,,,,,,,,,,,,,,,,,,,,,,,,,,,,
8893236,Oisin Spillane,ST. MARY'S (CAL.),m,,,4:13.82,,,,3:53.04,14:06.58,8:41.87,23:58.4,30:48.0,,8:14.94,,,,,,,,,,,,,,,,,,,,,,,,,,,,,,,,,,,,,,,,,,,,,,,,,,,,,,,,,,,,,,,,,,,,,,,,,,,,,,,,,,,,,,,,,,,,,,,,,,,,,,,,,,,,,,,,,,,,,,,
7730603,Tyson Williams,FLORIDA STATE,m,,,,,,,,,,,,,,,,,,,,,,,,7.60,,,,,,,,13.53 (1.3),,,,,,,,,,,,,,,,,,,,,,,,,,,,,,,,,,,,,,,,,,,,,,,,,,,,,,,,,,,,,,,,,,,,,,,,,,,,,,,,,,,,,,,,,,,,,,,,,,,,
9262000,Athaleyha Hinckson,LSU,f,,,,,,,,,,,,,,,7.16,11.10 (-0.9),23.03 (-0.8),,,,,,,,,,,,,,,,,,,,,,,,,,,,,,,,,,,,,,,,,,,,,,,,,,,,,,,,,,,,,,,,,,,,,,,,,,,,,,,,,,,,,,,,,,,,,,,,,,,,,,,,,,,,,,,,,,,
7999877,Ella Escobar,CHARLOTTE,f,,,,,,,,,,,,,,,7.42,11.70 (1.3),24.02 (3.0),39.31,54.46,,,,,,,,,,,,,,,,,,,,,,,,,,,,,,,,,,,,,,,,,,,,,,,,,,,,,,,,,,,,,,,,,,,,,,,,,,,,,,,,,,,,,,,,,,,,,,,,,,,,,,,,,,,,,,,,,
9273241,Leila Champion,SAN JOSE ST.,f,,,,,,,,,,,,,,,7.65,,24.78,,,,,,,,,,,,,,,,,,,,,,,,,,,,,,,,,,,,,,,,,,,,,,,,,,,,,,,,,,,,,,,,,,,,,,,,,,,,,,,,,,,,,,,,,,,,,,,,,,,,,,,,,,,,,,,,,,,
9250521,Keyanna O'Tey,MICHIGAN,f,,,,,,,,,,,,,,,7.38,11.30 (2.3),23.00 (0.3),39.14,,,,,,,,,,,,,,,,,,,,,,,,,,,,,,,,,,,,,,,,,,,,,,,,,,,,,,,,,,,,,,,,,,,,,,,,,,,,,,,,,,,,,,,,,,,,,,,,,,,,,,,,,,,,,,,,,,
6995056,Sami Oblad,BYU,,1:26.89,2:03.97,,,,,,,,,,,,,7.55,11.73 (1.6),23.35 (1.5),37.88,50.49,,"4.78m 15' 8.25""",,,9.56,,,"1.61m 5' 3.25""","8.34m 27' 4.5""",,,,,,,,,,,,,1:19.89,,,,,,,,,,,,,,,,,,,,,,,,,,,,,,,,,,,,,,,,,,,,,,,,,,,,,,,,,,,,,,,,,,,,,,,,,,,,,,,,,,,,,,,,,,,
8705619,Serina Ramirez,TCU,f,,,,,,,,,,,,,,,,,,,,,,,,,,,,"15.37m 50' 5.25""",,,,,"50.43m 165' 5""",,"15.56m 51' 0.75""",,,,,,,,,,,,,,,,,,,,,,,,,,,,,,,,,,,,,,,,,,,,,,,,,,,,,,,,,,,,,,,,,,,,,,,,,,,,,,,,,,,,,,,,,,,,,,,,,
9247067,Shaiquan Dunn,TEXAS,m,,,,,,,,,,,,,,,,,,,,,,,,,,,,"18.81m 61' 8.5""",,,,,"59.30m 194' 7""",,,,,,,,,,,,,,,,,,,,,,,,,,,,,,,,,,,,,,,,,,,,,,,,,,,,,,,,,,,,,,,,,,,,,,,,,,,,,,,,,,,,,,,,,,,,,,,,,,,
9198525,Ethan Edgeworth,TENNESSEE,m,,,4:03.64,,,,3:46.28,13:36.14,,23:45.4,30:25.6,,7:51.24,,,,,,,,,,,,,,,,,,,,,,,,,,,,,,,19:33.7,,,,,,,,,,,,,,,,,,,,,,,,,,,,,,,,,,,,,,,,,,,,,,,,,,,,,,,,,,,,,,,,,,,,,,,,,,,,,,,,,,,,,,,,
9237365,Ebony Whyte,KENNESAW STATE,f,,,,,,,,,,,,,,,7.53,11.41 (1.2),24.08 (-0.2),,,,,,,,,,,,,,,,,,,,,,,,,,,,,,,,,,,,,,,,,,,,,,,,,,,,,,,,,,,,,,,,,,,,,,,,,,,,,,,,,,,,,,,,,,,,,,,,,,,,,,,,,,,,,,,,,,,
9261856,Daneil Wright,FLORIDA,m,,,,,,,,,,,,,,,,,,,47.44,,,,,,,50.76,,,,,,,,,,,,,,,,,,,,,,,,,,,,,,,,,,,,,,,,,,,,,,,,,,,,,,,,,,,,,,,,,,,,,,,,,,,,,,,,,,,,,,,,,,,,,,,,,,,,,,,,,,
9280510,Keenan Kuntz,IDAHO,m,,,,,,,,,,,,,,,6.59,10.18 (2.5),20.58 (1.9),35.75,,,,,,,,,,,,,,,,,,,,,,,,,,,,,,,,,,,,,,,,,,,,,,,,,,,,,,,,,,,,,,,,,,,,,,,,,,,,,,,,,,,,,,,,,,,,,,,,,,,,,,,,,,,,,,,,,,
8982895,Ramiah Elliott,TEXAS,f,,,,,,,,,,,,,,,,,23.17,37.28,52.42,,,,,,,,,,,,,,,,,,,,,,,,,,,,,,,,,,,,,,,,,,,,,,,,,,,,,,,,,,,,,,,,,,,,,,,,,,,,,,,,,,,,,,,,,,,,,,,,,,,,,,,,,,,,,,,,,
8605982,Kole Mathison,COLORADO,m,,,4:00.74,,18:01.6,,3:40.83,13:42.54,8:30.36,23:43.3,31:04.2,,7:52.66,,,,,,,,,,,,,,,,,,,,,,,,,,,,,,,,,,,,,,,,,,,,,,,,,,,,,,,,,,,,,,,,,,,,,,,,,,,,,,,,,,,,,,,,,,,,,,,,,,,,,,,,,,,,,,,,,,,,,,,
8720042,Hanna Kiess,NEW MEXICO,f,1:36.74,,,26:25.4,,,,,,,,,,,7.74,,24.02 (+0.0),39.29,54.53,,,,,,,57.70,,,,,,,,,,,,,,,,,,,,,,,,,,,,,,,,,,,,,,,,,,,,,,,,,,,,,,,,,,,,,,,,,,,,,,,,,,,,,,,,,,,,,,,,,,,,,,,,,,,,,,,,,,
9191211,Abigael Chemnagei,LSU,f,,,4:48.55,,19:48.5,,4:23.30,15:50.87,,,,,9:03.04,10:01.0,,,,,,,,,32:45.75,,,,,,,,,,,,,,,,,,,,,,,,,,,,,,,,,,,,,,,,,,,,,,,,,,,,,,,,,,,,,,,,,,,,,,,,,,,,,,,,,,,,,,,,,,,,,,,,,,,,,,,,,,,,,
7725397,Thomas Kitchell,NORTH CAROLINA,,,,,,,,,,,,,,,,,,,,,,,,,,,,,"20.74m 68' 0.5""",,,,,"58.28m 191' 2""","60.59m 198' 9""","21.02m 68' 11.75""",,,,,,,,,,,,,,,,,,,,,,,,,,,,,,,,,,,,,,,,,,,,,,,,,,,,,,,,,,,,,,,,,,,,,,,,,,,,,,,,,,,,,,,,,,,,,,,,,
9012259,Iradi Blasco,NICHOLLS STATE,f,,,,,,,,,,,,,,,,,,,,"35.22m 115' 7""",,,,,,,"1.75m 5' 8.75""",,,,,,,,,,,,,,,,,,,,,,,,,,,,,,,,,,,,,,,,,,,,,,,,,,,,,,,,,,,,,,,,,,,,,,,,,,,,,,,,,,,,,,,,,,,,,,,,,,,,,,,,,
8975811,Isaiah Johnson,SC STATE,m,,,,,,,4:42.26,,,29:48.8,,2:52.67,,,7.08,10.93 (2.6),,,50.73,"53.59m 175' 10""","6.76m (-2.3) 22' 2.25""",,,9.30,,,"1.83m 6' 0""","11.72m 38' 5.5""",,4498,"4.10m 13' 5.25""",16.91 (2.6),"37.97m 124' 7""",,,6617,,,,,,,,,,,,,,,,,,,,,,,,,,,,,,,,,,,,,,,,,,,,,,,,,,,,,,,,,,,,,,,,,,,,,,,,,,,,,,,,,,,,,,,,,,,,,,,,
8283682,Agur Dwol,OKLAHOMA,f,,,,,,,,,,,,,,,,,,,,,"6.27m (0.2) 20' 7""","14.02m (4.1) 46' 0""",,,,,,,,,,,,,,,,,,,,,,,,,,,,,,,,,,,,,,,,,,,,,,,,,,,,,,,,,,,,,,,,,,,,,,,,,,,,,,,,,,,,,,,,,,,,,,,,,,,,,,,,,,,,,,
8326202,Wil Jaques,LEHIGH,m,,,,,,,,,,,,,,,7.58,,,,,"68.23m 223' 10""",,,,,,,"1.83m 6' 0""","14.74m 48' 4.5""",,,,,"44.51m 146' 0""",,"14.12m 46' 4""",,,,,,,,,,,,,,,,,,,,,,,,,,,,,,,,,,,,,,,,,,,,,,,,,,,,,,,,,,,,,,,,,,,,,,,,,,,,,,,,,,,,,,,,,,,,,,,,,
7989190,Tyler Carrel,INDIANA,m,,,,,,,,,,,,,,,,,,,,,,,,,,,,,,,"5.65m 18' 6.5""",,,,,,,,,,,,,,,,,,,,,,,,,,,,,,,,,,,,,,,,,,,,,,,,,,,,,,,,,,,,,,,,,,,,,,,,,,,,,,,,,,,,,,,,,,,,,,,,,,,,,
7044237,James Smith Ii,TEXAS A&M,,1:16.78,,,,,,,,,,,,,,,,,,46.94,"41.52m 136' 3""",,,,,,49.30,,,,,,,,,,,,,,,1:09.69,,,,,,,,,,,,,,,,,,,,,,,,,,,,,,,,,,,,,,,,,,,,,,,,,,,,,,,,,,,,,,,,,,,,,,,,,,,,,,,,,,,,,,,,,,,
8676662,Elijah Wolinski,UMASS AMHERST,m,,,,,,,4:47.69,,,,,2:45.80,,,7.38,11.41 (0.3),,,49.83,"53.28m 174' 10""","6.93m 22' 9""",,,8.40,,56.47,"1.90m 6' 2.75""","11.02m 36' 2""",,5012,"4.40m 14' 5.25""",14.83 (2.5),"34.88m 114' 5""",,,6727,,,,,,,,,,,,,,,,,,,,,,,,,,,,,,,,,,,,,,,,,,,,,,,,,,,,,,,,,,,,,,,,,,,,,,,,,,,,,,,,,,,,,,,,,,,,,,,,
8970032,Alleah Krote,TCU,f,,,,,,,,,,,,,,,,,,,,,"5.99m (-1.2) 19' 8""","12.85m (+0.0) 42' 2""",,8.52,,,,,,,,,,,,,,,,,,,,,,,,,,,,,,,,,,,,,,,,,,,,,,,,,,,,,,,,,,,,,,,,,,,,,,,,,,,,,,,,,,,,,,,,,,,,,,,,,,,,,,,,,,,,
8990636,Avia Jones,TENNESSEE,f,,,,,,,,,,,,,,,7.31,11.19 (0.9),23.36 (2.7),39.43,,,,,,,,,,,,,,,,,,,,,,,,,,,,,,,,,,,,,,,,,,,,,,,,,,,,,,,,,,,,,,,,,,,,,,,,,,,,,,,,,,,,,,,,,,,,,,,,,,,,,,,,,,,,,,,,,,
8712641,Tyler Azcano,FLORIDA STATE,m,,,,,,,,,,,,,,,6.60,10.20 (2.2),,,,,,,,,,,,,,,,,,,,,,,,,,,,,,,,,,,,,,,,,,,,,,,,,,,,,,,,,,,,,,,,,,,,,,,,,,,,,,,,,,,,,,,,,,,,,,,,,,,,,,,,,,,,,,,,,,,,
8037334,Mattison Plummer,ILLINOIS STATE,f,,2:08.82,4:41.12,,,,4:23.92,16:28.42,10:07.06,,,2:48.55,9:27.60,,,,,,,,,,,,,,,,,,,,,,,,,,,,,,,,,,,,,,,,,,,,,,,,,,,,,,,,,,,,,,,,,,,,,,,,,,,,,,,,,,,,,,,,,,,,,,,,,,,,,,,,,,,,,,,,,,,,,,,
8269253,Lucy Henkel,COLUMBIA,f,,2:04.11,4:53.83,18:47.4,22:06.2,,4:23.60,,,,,2:42.81,,,,,,,,,,,,,,,,,,,,,,,,,,1:15.88,,,,,,,,,,,,,,,,,,,,,,,,,,,,,,,,,,,,,,,,,,,,,,,,,,,14:51.3,,,,,,,,,,,,,,,,,,,,,,,,,,,,,,,,,,,,,,,,,,,
8983919,Monica Wanjiku,MISSOURI,f,,,,,19:17.4,,4:17.15,15:23.44,,,,,8:59.03,,,,,,,,,,32:21.97,,,,,,,,,,,,,,,,,,,,,,,,,,,,,,,,,,,,,,,,,,,,,,,,,,,,,,,,,,,,,,,,,,,,,,,,,,,,,,,,,,,,,,,,,,,,,,,,,,,,,,,,,,,,,
7785806,Liam O'Hara,DUKE,m,1:24.46,,,,,,,,,,,,,,6.90,10.50 (1.9),21.66,35.21,49.95,,,,,,,50.89,,,,,,,,,,,,,,,,,,,,,,,,,,,,,,,,,,,,,,,,,,,,,,,,,,,,,,,,,,,,,,,,,,,,,,,,,,,,,,,,,,,,,,,,,,,,,,,,,,,,,,,,,,
9252901,Braylin Byrd,TEXAS TECH,m,,,,,,,,,,,,,,,6.76,10.36 (1.2),21.23 (2.6),,,,,,,,,,,,,,,,,,,,,,,,,,,,,,,,,,,,,,,,,,,,,,,,,,,,,,,,,,,,,,,,,,,,,,,,,,,,,,,,,,,,,,,,,,,,,,,,,,,,,,,,,,,,,,,,,,,
8319376,Brooke Probst,MURRAY STATE,f,,,,,,,,,,,,,,,,13.44 (-0.3),,,,,,,,,,,"1.76m 5' 9.25""",,,,,,,,,,,,,,,,,,,,,,,,,,,,,,,,,,,,,,,,,,,,,,,,,,,,,,,,,,,,,,,,,,,,,,,,,,,,,,,,,,,,,,,,,,,,,,,,,,,,,,,,,
8590108,Ali Bainbridge,NEBRASKA,f,,2:18.09,4:43.59,17:37.4,19:46.2,,4:26.46,15:54.16,,,,,9:16.55,,,,,,,,,,33:06.73,,,,,,,,,,,,,,,,,,,,,,,,,,,,,,,,,,,,,,,,,,,,,,,,,,,,,,,,,,,,,,,,,,,,,,,,,,,,,,,,,,,,,,,,,,,,,,,,,,,,,,,,,,,,,
9281023,Stephen Maroro,KANSAS,m,,,4:04.53,,,,3:43.64,13:36.91,,,,,8:11.60,,,,,,,,,,28:08.51,,,,,,,,,,,,,,,,,,,,,,,,,,,,,,,,,,,,,,,,,,,,,,,,,,,,,,,,,,,,,,,,,,,,,,,,,,,,,,,,,,,,,,,,,,,,,,,,,,,,,,,,,,,,,
8989801,John Teachman,DAVIDSON,m,,,,,,,,,,,,,,,,,,,,"64.79m 212' 7""",,,,,,,,,,,,,,,,,,,,,,,,,,,,,,,,,,,,,,,,,,,,,,,,,,,,,,,,,,,,,,,,,,,,,,,,,,,,,,,,,,,,,,,,,,,,,,,,,,,,,,,,,,,,,,,,
7730608,Caisa-Marie Lindfors,FLORIDA STATE,,,,,,,,,,,,,,,,,,,,,,,,,,,,,"16.51m 54' 2""",,,,,"60.80m 199' 6""",,,,,,,,,,,,,,,,,,,,,,,,,,,,,,,,,,,,,,,,,,,,,,,,,,,,,,,,,,,,,,,,,,,,,,,,,,,,,,,,,,,,,,,,,,,,,,,,,,,
9245378,Jada Stanford,HOUSTON,f,,,,,,,,,,,,,,,,,24.17 (6.3),,53.74,,,,,,,,,,,,,,,,,,,,,,,,,,,,,,,,,,,,,,,,,,,,,,,,,,,,,,,,,,,,,,,,,,,,,,,,,,,,,,,,,,,,,,,,,,,,,,,,,,,,,,,,,,,,,,,,,
9264976,Valentino Rudolph,SOUTHERN MISS.,m,,,,,,,,,,,,,,,6.78,10.39 (2.6),20.62 (0.6),33.65,47.40,,,,,,,,,,,,,,,,,,,,,,,,,,,,,,,,,,,,,,,,,,,,,,,,,,,,,,,,,,,,,,,,,,,,,,,,,,,,,,,,,,,,,,,,,,,,,,,,,,,,,,,,,,,,,,,,,
6547850,Quivell Jordan-Bacot,HOUSTON,,,,,,,,,,,,,,,,6.97,10.67 (2.3),21.78,,47.33,,,,,7.84,,48.72,,,,,,13.64 (0.4),,,,,,,,,,,,,,,,37.26,,,,,,,,,,,,,,,,,,,,,,,,,,,,,,,,,,,,,,,,,,,,,,,,,,,,,,,,,,,,,,,,,,,,,,,,,,,,,,,,,,,,
8930769,Makiah Parker,CSU BAKERSFIELD,f,,,,,,,,,,,,,,,7.43,11.35 (1.6),23.26 (2.5),40.91,58.18,,,,,,,,,,,,,,,,,,,,,,,,,,,,,,,,,,,,,,,,,,,,,,,,,,,,,,,,,,,,,,,,,,,,,,,,,,,,,,,,,,,,,,,,,,,,,,,,,,,,,,,,,,,,,,,,,
8591349,Ella Cronhardt,MISSOURI STATE,f,,2:09.22,4:50.52,17:33.8,21:13.6,,4:22.89,17:35.26,10:20.98,,,2:53.40,10:06.67,,,,,,,,,,,,,,,,,,,,,,,,,,,,,,,,,,,,,,,,,,,,,,,,,,,,,,,,,,,,,,,,,,,,,,,,,,,,,18:30.4,,,,,,,,,,,,,,,,,,,,,,,,,,,,,,,,,,,,,,,,,,
9237944,Alivia Rivera-Norman,LIBERTY,f,,,,,,,,,,,,,,,,,,,,,,,,8.42,13.32 (1.0),1:00.76,,,,,,,,,,,,,,,,,,,,,,,,,,,,,,,,,,,,,,,,,,,,,,,,,,,,,,,,,,,,,,,,,,,,,,,,,,,,,,,,,,,,,,,,,,,,,,,,,,,,,,,,,,
8693321,Cesar Salazar,UC SAN DIEGO,m,,,,,,,,,,,,,,,,,,,,,,,,,,,,"18.07m 59' 3.5""",,,,,,"49.77m 163' 3""",,,,,,,,,,,,,,,,,,,,,,,,,,,,,,,,,,,,,,,,,,,,,,,,,,,,,,,,,,,,,,,,,,,,,,,,,,,,,,,,,,,,,,,,,,,,,,,,,,
8908215,Solomon Holden-Betts,WYOMING,m,,1:50.92,4:09.70,15:00.4,19:41.8,,3:54.16,,8:43.66,24:37.9,,,8:17.26,,8.47,12.43 (+0.0),,,,,,,,,,,,,,,,,,,,,,,,,,,,,,,,,,,,,,,,,,,,,,,,,,,,,,,,,,,,,,,,,,,,,,,,,,,,,,,,,,,,,,,,,,,,,,,,,,,,,,,,,,,,,,,,,,,,
8906122,Jais Ward,FURMAN,f,,2:08.72,4:40.61,17:44.5,21:17.4,,4:26.51,,10:18.21,,,,9:40.41,,,,,,58.95,,,,,,,,,,,,,,,,,,,,,,,,,23:21.6,,,,,,,,,,,,,,,,,,,,,,,,,,,,,,,,,,,,,,,,,,,,,,,,,,,,,,,,,,,,,,,,,,,,,,,,,,,,,,,,,,,,,,,,
8695426,Isabella Gonzalez-Velasquez,INCARNATE WORD,f,,2:17.94,,,,,,,,,,,,,,,25.48 (2.8),,,"31.85m 104' 6""","5.65m (2.7) 18' 6.5""",,,8.84,14.10 (2.3),1:00.43,"1.76m 5' 9.25""","10.46m 34' 4""",3751,5137,,,,,,,,,,,,,,,,,,,,,,,,,,,,,,,,,,,,,,,,,,,,,,,,,,,,,,,,,,,,,,,,,,,,,,,,,,,,,,,,,,,,,,,,,,,,,,,,,,,,,,
8269195,George Blaha,COLUMBIA,m,,,4:11.82,,,,3:58.71,14:04.35,,24:14.9,31:10.6,,8:11.25,,,,,,,,,,29:09.11,,,,,,,,,,,,,,25:43.2,,,,,,,,,,,,,,,26:53.2,,,,,,,,,,,,,,,,,,,,,,,,,,,,,,,,,,,,,,,,,,,,,,,,,,,,,,,,,,,,,,,,,,,,,,,,,,,,,,,,
9283767,Asia Thomas,ARKANSAS,f,,,,,,,,,,,,,,,7.33,11.33 (2.9),23.12 (2.7),37.75,53.44,,,,,,,,,,,,,,,,,,,,,,,,,,,,,,,,,,,,,,,,,,,,,,,,,,,,,,,,,,,,,,,,,,,,,,,,,,,,,,,,,,,,,,,,,,,,,,,,,,,,,,,,,,,,,,,,,
8009909,Sarah Marvin,VANDERBILT,f,,,,,,,,,,,,,,,,,,,,,,,,,,,,"15.94m 52' 3.75""",,,,,"47.43m 155' 7""",,,,,,,,,,,,,,,,,,,,,,,,,,,,,,,,,,,,,,,,,,,,,,,,,,,,,,,,,,,,,,,,,,,,,,,,,,,,,,,,,,,,,,,,,,,,,,,,,,,
9239370,Abby Deveau,WASHINGTON,f,,,4:58.22,,,,,15:59.73,,,,,9:27.16,,,,,,,,,,33:18.23,,,,,,,,,,,,,,,,,,,,,,,,,,,,,,,,,,,,,,,,,,,,,,,,,,,,,,,,,,,,,,,,,,,,,,,,,,,,,,,,,,,,,,,,,,,,,,,,,,,,,,,,,,,,,
8893817,Theodor Schucht,BOSTON COLLEGE,m,,,4:00.18,,,,3:43.31,13:36.47,,23:26.2,29:41.3,,7:49.03,,,,,,,,,,31:02.93,,,,,,,,,,,,,,,,,,,,,,,,,,,,,,,,,,,,,,,,,,,,,,,,,,,,,,,,,,,,,,,,,,,,,,,,,,,,,,,,,,,,,,,,,,,,,,,,,,,,,,,,,,,,,
8320762,Robby Manse,ARMY WEST POINT,m,,,,,,,,,,,,,,,,,,,,,,,,,,,,"18.56m 60' 10.75""",,,,,"49.40m 162' 1""","64.03m 210' 1""","20.61m 67' 7.5""",,,,,,,,,,,,,,,,,,,,,,,,,,,,,,,,,,,,,,,,,,,,,,,,,,,,,,,,,,,,,,,,,,,,,,,,,,,,,,,,,,,,,,,,,,,,,,,,,
9234542,Josia Katroli,RHODE ISLAND,m,,,,,,,,,,,,,,,7.23,,,,,,"6.75m (0.6) 22' 1.75""",,,,,,"2.12m 6' 11.5""",,,,,,,,,,,,,,,,,,,,,,,,,,,,,,,,,,,,,,,,,,,,,,,,,,,,,,,,,,,,,,,,,,,,,,,,,,,,,,,,,,,,,,,,,,,,,,,,,,,,,,,,,
8329810,John Colquitt,INDIANA,m,,,,,,,,,,,,,,,7.01,,21.67 (1.7),35.30,,,,,,7.94,,49.46,,,,,,14.19 (3.1),,,,,,,,,,,,,,,,,,,,,,,,,,,,,,,,,,,,,,,,,,,,,,,,,,,,,,,,,,,,,,,,,,,,,,,,,,,,,,,,,,,,,,,,,,,,,,,,,,,,
8679344,Gracelyn Leiseth,FLORIDA,f,,,,,,,,,,,,,,,,,,,,,,,,,,,,"18.31m 60' 1""",,,,,"56.89m 186' 8""",,,,,,,,,,,,,,,,,,,,,,,,,,,,,,,,,,,,,,,,,,,,,,,,,,,,,,,,,,,,,,,,,,,,,,,,,,,,,,,,,,,,,,,,,,,,,,,,,,,
8328647,Aiden Guarneri,BRYANT,m,,,,,,,,,,,,,,,,,,,,"66.57m 218' 5""",,,,,,,,,,,,,,,,,,,,,,,,,,,,,,,,,,,,,,,,,,,,,,,,,,,,,,,,,,,,,,,,,,,,,,,,,,,,,,,,,,,,,,,,,,,,,,,,,,,,,,,,,,,,,,,,
8331466,Wade Shomper,BUCKNELL,m,,,,,,,,,,,,,,,,,,,,,,,,,,,,"18.94m 62' 1.75""",,,,,"49.62m 162' 9""","43.69m 143' 4""","17.42m 57' 2""",,,,,,,,,,,,,,,,,,,,,,,,,,,,,,,,,,,,,,,,,,,,,,,,,,,,,,,,,,,,,,,,,,,,,,,,,,,,,,,,,,,,,,,,,,,,,,,,,
8996998,Jana Van Schalkwyk,UCLA,,,,,,,,,,,,,,,,,,,,,"57.07m 187' 3""",,,,,,,,,,,,,,,,,,,,,,,,,,,,,,,,,,,,,,,,,,,,,,,,,,,,,,,,,,,,,,,,,,,,,,,,,,,,,,,,,,,,,,,,,,,,,,,,,,,,,,,,,,,,,,,,
8895886,Ava Kurczewski,WESTERN MICHIGAN,f,1:37.74,2:10.29,4:48.22,18:19.7,21:51.4,,4:27.59,16:47.84,10:08.12,,,,9:35.68,,,,,,,,,,,,,,,,,,,,,,,,,,,,,,,,,,,,,,,,,,,,,,,,,,,,,,,,,,,,,,,,,,,,,,,,,,,,,,,,,,,,,,,,,,,,,,,,,,,,,,,,,,,,,,,,,,,,,,,
8974358,Sade Gray,CLEMSON,f,,,,,,,,,,,,,,,7.38,11.57 (2.3),23.44 (0.9),38.37,,,,,,,,,,,,,,,,,,,,,,,,,,,,,,,,,,,,,,,,,,,,,,,,,,,,,,,,,,,,,,,,,,,,,,,,,,,,,,,,,,,,,,,,,,,,,,,,,,,,,,,,,,,,,,,,,,
8492191,Solomon Hammond,COPPIN STATE,m,,,,,,,,,,,,,,,6.65,10.07 (1.7),20.80 (1.9),34.37,48.35,,,,,,,,,,,,,,,,,,,,,,,,,,,,,,,,,,,,,,,,,,,,,,,,,,,,,,,,,,,,,,,,,,,,,,,,,,,,,,,,,,,,,,,,,,,,,,,,,,,,,,,,,,,,,,,,,
9264649,Ana Bulat,FLORIDA STATE,f,,,,,,,,,,,,,,,,,,,,,,"12.86m (7.0) 42' 2.25""",,,,,,,,,,,,,,,,,,,,,,,,,,,,,,,,,,,,,,,,,,,,,,,,,,,,,,,,,,,,,,,,,,,,,,,,,,,,,,,,,,,,,,,,,,,,,,,,,,,,,,,,,,,,,,
8973167,Kalen Goodman,OKLAHOMA STATE,f,1:32.84,2:09.54,,,,,,,,,,,,,,,25.27 (-0.6),,,,,,,,,57.79,,,,,,,,,,,,,,,1:18.88,,,,,,,,,,,,,,,,,,,,,,,,,,,,,,,,,,,,,,,,,,,,,,,,,,,,,,,,,,,,,,,,,,,,,,,,,,,,,,,,,,,,,,,,,,,
8986998,Isa Van Puffelen,BUFFALO,f,,2:17.28,,,,,,,,,,,,,,,25.07 (1.0),,,"30.21m 99' 1""","5.66m 18' 7""",,,9.27,14.45 (3.4),1:02.96,"1.67m 5' 5.75""","10.90m 35' 9.25""",3623,5161,,,,,,,,,,,,,,,,,,,,,,,,,,,,,,,,,,,,,,,,,,,,,,,,,,,,,,,,,,,,,,,,,,,,,,,,,,,,,,,,,,,,,,,,,,,,,,,,,,,,,,
8979614,Chinedum Ike,KENNESAW STATE,m,,,,,,,,,,,,,,,,,,,,,"6.51m 21' 4.25""","15.69m (3.6) 51' 5.75""",,,,,,,,,,,,,,,,,,,,,,,,,,,,,,,,,,,,,,,,,,,,,,,,,,,,,,,,,,,,,,,,,,,,,,,,,,,,,,,,,,,,,,,,,,,,,,,,,,,,,,,,,,,,,,
7727876,Jamar Marshall Jr.,HOUSTON,,,,,,,,,,,,,,,,6.91,,,,,,,,,7.54,,50.09,,,,,,13.13 (5.2),,,,,,,,,1:14.18,,,,,,,,,,,,,,,,,,,,,,,,,,,,,,,,,,,,,,,,,,,,,,,,,,,,,,,,,,,,,,,,,,,,,,,,,,,,,,,,,,,,,,,,,,,
7500561,Ruth Usoro,TEXAS TECH,,,,,,,,,,,,,,,,7.43,11.59 (4.2),23.07 (3.3),,,,"6.82m 22' 4.5""","14.50m (2.0) 47' 7""",,,,,,,,,,,,,,,,,,,,,,,,,,,,,,,,,,,,,,,,,,,,,,,,,,,,,,,,,,,,,,,,,,,,,,,,,,,,,,,,,,,,,,,,,,,,,,,,,,,,,,,,,,,,,,
8321718,Holly Duax,IOWA,f,,,,,,,,,,,,,,,7.35,11.29 (2.2),23.11 (2.4),,,,,,,,,,,,,,,,,,,,,,,,,,,,,,,,,,,,,,,,,,,,,,,,,,,,,,,,,,,,,,,,,,,,,,,,,,,,,,,,,,,,,,,,,,,,,,,,,,,,,,,,,,,,,,,,,,,
9274537,Brandon Pottinger,CLEMSON,m,,,,,,,,,,,,,,,,,,,,,,,,,,,"2.15m 7' 0.5""",,,,,,,,,,,,,,,,,,,,,,,,,,,,,,,,,,,,,,,,,,,,,,,,,,,,,,,,,,,,,,,,,,,,,,,,,,,,,,,,,,,,,,,,,,,,,,,,,,,,,,,,,
8359929,Matthew Sophia,LSU,m,,,,,,,,,,,,,,,,10.49 (1.6),21.27 (2.1),,,,,,,7.63,,,,,,,,13.28 (0.8),,,,,,,,,,,,,,,,,,,,,,,,,,,,,,,,,,,,,,,,,,,,,,,,,,,,,,,,,,,,,,,,,,,,,,,,,,,,,,,,,,,,,,,,,,,,,,,,,,,,
8972058,Benjamin Markham,PENN,m,1:21.69,1:48.99,,,,,,,,,,,,,,,,,47.92,,,,,,,,,,,,,,,,,,,1:02.00,,,,,,,,,,,,,,,,,,,,,,,,,,,,,,,,,,,,,,,,,,,,,,,,,,,,,,,,,,,,,,,,,,,,,,,,,,,,,,,,,,,,,,,,,,,,,,
8363992,Favour Ashe,OREGON,,,,,,,,,,,,,,,,6.51,9.79 (3.0),20.59 (5.1),33.82,,,,,,,,,,,,,,,,,,,,,,,,,,,,,,,,,,,,,,,,,,,,,,,,,,,,,,,,,,,,,,,,,,,,,,,,,,,,,,,,,,,,,,,,,,,,,,,,,,,,,,,,,,,,,,,,,,
8995033,Diego Aguirre,UTAH STATE,m,,,,,,,,,,,,,,,6.73,10.55 (1.3),20.90 (1.5),33.78,46.84,,,,,,,,,,,,,,,,,,,,,,,,,,,,6.36,,,,,,,,,,,,,,,,,,,,,,,,,,,,,,,,,,,,,,,,,,,,,,,,,,,,,,,,,,,,,,,,,,,,,,,,,,,,,,,,,,,,,
8676320,Tuane Silver,OKLAHOMA,,,,,,,,,,,,,,,,,,,,,,,,,,,,,"17.11m 56' 1.75""",,,,,"42.71m 140' 1""",,,,,,,,,,,,,,,,,,,,,,,,,,,,,,,,,,,,,,,,,,,,,,,,,,,,,,,,,,,,,,,,,,,,,,,,,,,,,,,,,,,,,,,,,,,,,,,,,,,
8701485,Shakiel Dacres,EAST CAROLINA,m,,,,,,,,,,,,,,,,,,,,,,,,,,,,"17.34m 56' 10.75""",,,,,"58.51m 191' 11""",,"14.86m 48' 9""",,,,,,,,,,,,,,,,,,,,,,,,,,,,,,,,,,,,,,,,,,,,,,,,,,,,,,,,,,,,,,,,,,,,,,,,,,,,,,,,,,,,,,,,,,,,,,,,,
6985909,Demisha Roswell,TEXAS TECH,,,,,,,,,,,,,,,,7.24,11.99 (3.8),23.62 (1.8),,,,,,,7.92,12.44 (1.5),,,,,,,,,,,,,,,,,,,,,,,,,,,,,,,,,,,,,,,,,,,,,,,,,,,,,,,,,,,,,,,,,,,,,,,,,,,,,,,,,,,,,,,,,,,,,,,,,,,,,,,,,,,
8990374,Clarke Byram,TENNESSEE,m,,,,,,,,,,,,,,,,,,,,,,,,,,,,,,,"5.61m 18' 4.75""",,,,,,,,,,,,,,,,,,,,,,,,,,,,,,,,,,,,,,,,,,,,,,,,,,,,,,,,,,,,,,,,,,,,,,,,,,,,,,,,,,,,,,,,,,,,,,,,,,,,,
8336198,Diarra Sow,MINNESOTA,f,,,,,,,,,,,,,,,,13.06 (0.8),,,,,"5.99m (2.7) 19' 8""","13.57m (2.6) 44' 6.25""",,,,,,,,,,,,,,,,,,,,,,,,,,,,,,,,,,,,,,,,,,,,,,,,,,,,,,,,,,,,,,,,,,,,,,,,,,,,,,,,,,,,,,,,,,,,,,,,,,,,,,,,,,,,,,
9011645,Chisom Nwafor,KANSAS STATE,f,,,,,,,,,,,,,,,,12.23 (1.1),,,,,"6.51m 21' 4.25""",,,,,,,,,,,,,,,,,,,,,,,,,,,,,,,,,,,,,,,,,,,,,,,,,,,,,,,,,,,,,,,,,,,,,,,,,,,,,,,,,,,,,,,,,,,,,,,,,,,,,,,,,,,,,,,
8014116,Decio Andrade,MIAMI (FLA.),,,,,,,,,,,,,,,,,,,,,,,,,,,,,,,,,,"47.16m 154' 9""","73.77m 242' 0""","22.54m 73' 11.5""",,,,,,,,,,,,,,,,,,,,,,,,,,,,,,,,,,,,,,,,,,,,,,,,,,,,,,,,,,,,,,,,,,,,,,,,,,,,,,,,,,,,,,,,,,,,,,,,,
9329696,Addie Engel,NORTHERN ARIZONA,f,,,,,,,,15:52.77,,,,,,,,,,,,,,,33:26.05,,,,,,,,,,,,,,,,,,,,,,,,,,,,,,,,,,,,,,,,,,,,,,,,,,,,,,,,,,,,,,,,,,,,,,,,,,,,,,,,,,,,,,,,,,,,,,,,,,,,,,,,,,,,,
6540291,Gabriela Leon,LOUISVILLE,,,,,,,,,,,,,,,,,,,,,,"6.41m (4.5) 21' 0.5""",,,,,,,,,,"4.61m 15' 1.5""",,,,,,,,,,,,,,,,,,,,,,,,,,,,,,,,,,,,,,,,,,,,,,,,,,,,,,,,,,,,,,,,,,,,,,,,,,,,,,,,,,,,,,,,,,,,,,,,,,,,,
9251696,Kamari Brown,IOWA STATE,f,,,,,,,,,,,,,,,,,,,,,,,,,,,,"15.12m 49' 7.25""",,,,,,"57.56m 188' 10""","19.88m 65' 2.75""",,,,,,,,,,,,,,,,,,,,,,,,,,,,,,,,,,,,,,,,,,,,,,,,,,,,,,,,,,,,,,,,,,,,,,,,,,,,,,,,,,,,,,,,,,,,,,,,,
7904836,Patrick Kiprop,ARKANSAS,,,,4:01.96,,,,,13:11.67,,21:57.1,28:38.8,,7:43.29,,,,,,,,,,28:00.58,,,,,,,,,,,,,,,,,,,,,19:28.1,,,,,,,,,,,,,,,,,,,,,,,,,,,,,,,,,,,,,,,,,,,,,,,,,,,,,,,,,,,,,,,,,,,,,,,,,,,,,,,,,,,,,,,,
8329847,Gustavo Alfonso,COLORADO,m,,,,,,,,,,,,,,,,,32.03,,,"65.86m 216' 1""",,,,,,,,"12.91m 42' 4.25""",,,,,,,,,,,,,,,,,,,,,,,,,,,,,,,,,,,,,,,,,,,,,,,,,,,,,,,,,,,,,,,,,,,,,,,,,,,,,,,,,,,,,,,,,,,,,,,,,,,,,,,,
8296433,Jalen Booth-Mitchell,N. CAROLINA A&T,m,,,,,,,,,,,,,,,6.76,10.27 (1.7),20.55 (2.3),35.97,,,,,,,,,,,,,,,,,,,,,,,,,,,,,,,,,,,,,,,,,,,,,,,,,,,,,,,,,,,,,,,,,,,,,,,,,,,,,,,,,,,,,,,,,,,,,,,,,,,,,,,,,,,,,,,,,,
9275849,Kya Crooke,ARIZONA,f,,,,,,,,,,,,,,,,,,,,,,,,,,,"1.87m 6' 1.5""",,,,,,,,,,,,,,,,,,,,,,,,,,,,,,,,,,,,,,,,,,,,,,,,,,,,,,,,,,,,,,,,,,,,,,,,,,,,,,,,,,,,,,,,,,,,,,,,,,,,,,,,,
7499348,Tye Hunt,YOUNGSTOWN ST.,,,,,,,,,,,,,,,,6.75,10.64 (2.3),,,,,"8.08m 26' 6.25""",,,,,,,,,,,,,,,,,,,,,,,,,,,,,,,,,,,,,,,,,,,,,,,,,,,,,,,,,,,,,,,,,,,,,,,,,,,,,,,,,,,,,,,,,,,,,,,,,,,,,,,,,,,,,,,
8232893,Marco Langon,VILLANOVA,m,,,3:54.60,,19:23.2,,3:32.79,13:05.21,,22:46.2,29:08.8,,7:34.00,,,,,,,,,,,,,,,,,,,,,,,,,,,,,,,,,,,,,,25:21.9,,,,,,,,,,,,,,,,,,,,,,,,,,,,,,,,,,,,,,,,,,,,,,,,,,,,,,,,,,,,,,,,,,,,,,,,,,,,,,,,,
9226482,Nolan Carey,PENN STATE,m,,,,,,,,,,,,,,,,,,,,"74.72m 245' 2""",,,,,,,,,,,,,,,,,,,,,,,,,,,,,,,,,,,,,,,,,,,,,,,,,,,,,,,,,,,,,,,,,,,,,,,,,,,,,,,,,,,,,,,,,,,,,,,,,,,,,,,,,,,,,,,,
8626617,Olivia Martin,PRINCETON,f,,2:04.76,4:41.71,17:51.0,20:41.2,,4:19.13,,,,,2:51.32,9:39.76,,,,,,,,,,,,,,,,,,,,,,,,,,,,,,,,,,,,,,,,,,14:14.0,,,,,,,,,,,,,,,,,,,,,,,,,,,,,,,,,,,,,,,,,,,,,,,,,,,,,,,,,,,,,,,,,,,,,,,,,,,,,
8329144,Peter Djan,VIRGINIA,m,,,,,,,,,,,,,,,6.73,10.31 (3.0),21.90 (-0.2),,,,,,,7.77,,,,,,,,13.80 (1.2),,,,,,,,,,,,,,,,,,,,,,,,,,,,,,,,,,,,,,,,,,,,,,,,,,,,,,,,,,,,,,,,,,,,,,,,,,,,,,,,,,,,,,,,,,,,,,,,,,,,
7716014,Tesia Thomas,KANSAS STATE,f,,,,,,,,,,,,,,,,,,,,,"6.32m 20' 9""","13.08m (2.2) 42' 11""",,,,,,,,,,,,,,,,,,,,,,,,,,,,,,,,,,,,,,,,,,,,,,,,,,,,,,,,,,,,,,,,,,,,,,,,,,,,,,,,,,,,,,,,,,,,,,,,,,,,,,,,,,,,,,
8235205,Ella Rush,GEORGIA,f,,2:14.75,,,,,,,,,,,,,,,24.50 (0.1),,,"35.20m 115' 6""","6.32m (-0.8) 20' 9""",,,8.65,13.77 (2.4),,"1.69m 5' 6.5""","12.63m 41' 5.25""",4217,5797,,,,,,,,,,,,,,,,,,,,,,,,,,,,,,,,,,,,,,,,,,,,,,,,,,,,,,,,,,,,,,,,,,,,,,,,,,,,,,,,,,,,,,,,,,,,,,,,,,,,,,
9251415,Kayveonna Jackson,UNLV,f,,,,,,,,,,,,,,,7.28,11.25 (4.8),23.59 (3.0),,,,,,,,,,,,,,,,,,,,,,,,,,,,,,,,,,,,,,,,,,,,,,,,,,,,,,,,,,,,,,,,,,,,,,,,,,,,,,,,,,,,,,,,,,,,,,,,,,,,,,,,,,,,,,,,,,,
8240755,Roisin Treacy,LOYOLA (ILL.),f,,,4:47.63,17:45.6,20:18.2,,4:26.10,16:43.54,10:08.67,,,,9:16.96,,,,,,,,,,,,,,,,,,,,,,,,,,,,,,,,,,,,,,,,,,,,,,,,,,,,,,,,,,,,,,,,,,,,,,,,,,,,,,,,,,,,,,,,,,,,,,,,,,,,,,,,,,,,,,,,,,,,,,,
9251100,Layne Studer,VIRGINIA TECH,m,,,,,,,,,,,,,,,,,,,,,,,,,,,,,,,"5.25m 17' 2.75""",,,,,,,,,,,,,,,,,,,,,,,,,,,,,,,,,,,,,,,,,,,,,,,,,,,,,,,,,,,,,,,,,,,,,,,,,,,,,,,,,,,,,,,,,,,,,,,,,,,,,
8962371,Paige Boyd,GARDNER-WEBB,f,,,,,,,,,,,,,,,,,26.69 (1.4),,,,"4.68m (+0.0) 15' 4.25""",,,9.88,,1:13.96,"1.76m 5' 9.25""",,,,,,,,,,,,,,,,,,,,,,,,,,,,,,,,,,,,,,,,,,,,,,,,,,,,,,,,,,,,,,,,,,,,,,,,,,,,,,,,,,,,,,,,,,,,,,,,,,,,,,,,,
9277032,Diamonasia Taylor,ALABAMA,f,,,,,,,,,,,,,,,,,,,,,,,,,,,"1.82m 5' 11.5""",,,,,,,,,,,,,,,,,,,,,,,,,,,,,,,,,,,,,,,,,,,,,,,,,,,,,,,,,,,,,,,,,,,,,,,,,,,,,,,,,,,,,,,,,,,,,,,,,,,,,,,,,
9240341,Tristen Harris,SOUTH CAROLINA,f,,,,,,,,,,,,,,,7.29,11.41 (1.4),23.78,,,,"6.49m (0.9) 21' 3.5""",,,,,,,,,,,,,,,,,,,,,,,,,,,,,,,,,,,,,,,,,,,,,,,,,,,,,,,,,,,,,,,,,,,,,,,,,,,,,,,,,,,,,,,,,,,,,,,,,,,,,,,,,,,,,,,
7891945,Kylie Finger,WISCONSIN,f,,2:13.54,4:40.57,18:13.9,19:57.4,,4:11.69,15:38.23,,,,2:56.05,9:00.60,,,,,,,,,,,,,,,,,,,,,,,,,,,,,,,,,,,,,,,,,,,,,,,,,,,,,,,,,,,,,,,,,,,,,,,,,,,,,,,,,,,,,,,,,,,,,,,,,,,,,,,,,,,,,,,,,,,,,,,
8977173,Cora Kunze,NORTHEASTERN,f,,,,,,,,,,,,,,,7.91,12.04 (2.0),24.63 (1.4),40.81,56.77,,,,,,,,,,,,,,,,,,,,,,,,,,,,,,,,,,,,,,,,,,,,,,,,,,,,,,,,,,,,,,,,,,,,,,,,,,,,,,,,,,,,,,,,,,,,,,,,,,,,,,,,,,,,,,,,,
8699147,Madison Whyte,USC,f,,,,,,,,,,,,,,,7.31,,21.78 (6.0),36.33,49.64,,,,,,,,,,,,,,,,,,,,,,,,,,,,,,,,,,,,,,,,,,,,,,,,,,,,,,,,,,,,,,,,,,,,,,,,,,,,,,,,,,,,,,,,,,,,,,,,,,,,,,,,,,,,,,,,,
9177964,Kelvin Cheruiyot,FLORIDA,m,,,,,,,,13:15.57,,22:44.6,28:51.1,,7:47.45,,,,,,,,,,28:25.28,,,,,,,,,,,,,,,,,,,,,,,,,,,,,,,,,,,,,,,,,,,,,,,,,,,,,,,,,,,,,,,,,,,,,,,,,,,,,,,,,,,,,,,,,,,,,,,,,,,,,,,,,,,,,
7897757,Peter Visser,WEBER STATE,m,,1:58.12,3:59.83,14:30.3,23:37.7,,3:44.41,13:34.40,8:35.74,23:17.6,29:02.3,,7:53.99,,,,,,,,,,,,,,,,,,,,,,,,24:10.5,,,,,,,19:41.0,,,,,,,,,,,,,,,,,,,,,,,,,,,,,,,,,,,,,,24:01.4,20:51.1,,,,,,,,23:51.5,,,,,,,,,,,,,,,,,,,,,,,,,,,,,,,,,,,,,,,,,
9246000,Ashvin Balaramana,TCU,m,,,,,,,,,,,,,,,,,,,,,,,,,,,"2.13m 6' 11.75""",,,,,,,,,,,,,,,,,,,,,,,,,,,,,,,,,,,,,,,,,,,,,,,,,,,,,,,,,,,,,,,,,,,,,,,,,,,,,,,,,,,,,,,,,,,,,,,,,,,,,,,,,
8009677,Iker Sanchez Lopez,NEW MEXICO,m,,1:50.70,4:00.77,14:35.5,,,3:42.99,13:29.11,,23:13.2,29:20.1,,7:45.01,,,,,,,,,,,,,,,"5.53m 18' 1.75""",,,,,,,,,,,,,,,,,,,,,,,,,,,,,,,,,,,,,,,,,,,,,,,,,,,,,,,,,,,,,,,,,,,,,,,,,,,,,,,,,,,,,,,,,,,,,,,,,,,,,,,,
9011653,Taylor Mayo,KANSAS STATE,f,,,,,,,,,,,,,,,,,,,,,"5.83m (1.4) 19' 1.5""","13.22m (3.1) 43' 4.5""",,,,,,,,,,,,,,,,,,,,,,,,,,,,,,,,,,,,,,,,,,,,,,,,,,,,,,,,,,,,,,,,,,,,,,,,,,,,,,,,,,,,,,,,,,,,,,,,,,,,,,,,,,,,,,
9279606,Brian Tinega,TEXAS TECH,m,,,,,,,,,,,,,,,,,20.87 (0.5),,45.25,,,,,,,,,,,,,,,,,,,,,,,,,,,,,,,,,,,,,,,,,,,,,,,,,,,,,,,,,,,,,,,,,,,,,,,,,,,,,,,,,,,,,,,,,,,,,,,,,,,,,,,,,,,,,,,,,
8368624,Kayla Pinkard,FLORIDA STATE,f,,,,,,,,,,,,,,,,,,,,,"5.68m 18' 7.75""","13.66m (1.5) 44' 9.75""",,,,,,,,,,,,,,,,,,,,,,,,,,,,,,,,,,,,,,,,,,,,,,,,,,,,,,,,,,,,,,,,,,,,,,,,,,,,,,,,,,,,,,,,,,,,,,,,,,,,,,,,,,,,,,
8671559,Gloria Guerrier,YALE,f,,,,,,,,,,,,,,,8.01,,24.91 (0.8),,54.19,,,,,,,58.72,,,,,,,,,,,,1:12.21,,,,,,,,,,,,,,,,,,,,,,,,,,,,,,,,,,,,,,,,,,,,,,,,,,,,,,,,,,,,,,,,,,,,,,,,,,,,,,,,,,,,,,,,,,,,,,
9022133,Rae-Anne Serville,ARKANSAS,f,,,,,,,,,,,,,,,,,24.60,,54.72,,,,,,14.47 (3.2),56.99,,,,,,,,,,,,,,,,,,,,,,,,,,,,,,,,,,,,,,,,,,,,,,,,,,,,,,,,,,,,,,,,,,,,,,,,,,,,,,,,,,,,,,,,,,,,,,,,,,,,,,,,,,
7735918,Matt Strangio,PORTLAND,,,1:51.48,3:55.53,,17:41.5,,3:36.95,13:23.28,,22:35.7,28:53.2,,7:39.02,,,,,,,,,,,,,,,,,,,,,,,,,,,,,,,,,,,,,,,,,,,,,,,,,,,,,,,,,,,,,,,,,,,,,,,,,,,,,,,,,,,,,,,,,,,,,,,,,,,,,,,,,,,,,,,,,,,,,,,
8317283,Maisha Atkinson,PRINCETON,f,,,,,,,,,,,,,,,7.77,11.76 (1.9),23.57 (1.8),38.94,52.39,,,,,,,,,,,,,,,,,,,1:09.96,,,,,,,,,,,,,,,,,,,,,,,,,,,,,,,,,,,,,,,,,,,,,,,,,,,,,,,,,,,,,,,,,,,,,,,,,,,,,,,,,,,,,,,,,,,,,,
8253495,Emma Dunmire,UC SAN DIEGO,f,,2:22.13,5:08.75,18:01.9,20:36.5,,4:32.23,18:25.30,10:21.14,,,,,,,,,,,,,,,,,,,,,,,,,,,,,,,,,,,,,,,,,,,,,,10:00.7,,,,,,,,,,,,,,,,,,,,,,,,,,,,,,,,,,,,,,,,,,,,,,,,,,,,,,,,,,,,,,,,,,,,,,,,,,,,,
6583863,Beatrice Llano,ARIZONA STATE,,,,,,,,,,,,,,,,,,,,,,,,,,,,,,,,,,,"72.10m 236' 6""","20.24m 66' 5""",,,,,,,,,,,,,,,,,,,,,,,,,,,,,,,,,,,,,,,,,,,,,,,,,,,,,,,,,,,,,,,,,,,,,,,,,,,,,,,,,,,,,,,,,,,,,,,,,
8984008,Easton Hatleberg,MONTANA STATE,m,,,,,,,,,,,,,,,,,,,,"58.85m 193' 1""",,,,,,,,"18.71m 61' 4.75""",,,,,"47.60m 156' 2""","62.58m 205' 4""","18.30m 60' 0.5""",,,,,,,,,,,,,,,,,,,,,,,,,,,,,,,,,,,,,,,,,,,,,,,,,,,,,,,,,,,,,,,,,,,,,,,,,,,,,,,,,,,,,,,,,,,,,,,,,
7979940,Janae Profit,VIRGINIA,f,,,,,,,,,,,,,,,,,,,,,,,,,,,,"16.28m 53' 5""",,,,,"54.00m 177' 2""","43.45m 142' 7""","15.64m 51' 3.75""",,,,,,,,,,,,,,,,,,,,,,,,,,,,,,,,,,,,,,,,,,,,,,,,,,,,,,,,,,,,,,,,,,,,,,,,,,,,,,,,,,,,,,,,,,,,,,,,,
9001080,Darius Rodgers,HOUSTON,m,,,,,,,,,,,,,,,6.94,10.61 (2.1),21.63 (0.9),,,,,,,,,,,,,,,,,,,,,,,,,,,,,,,,,,,,,,,,,,,,,,,,,,,,,,,,,,,,,,,,,,,,,,,,,,,,,,,,,,,,,,,,,,,,,,,,,,,,,,,,,,,,,,,,,,,
9199684,Raekwon Weatherspoon,BOISE STATE,m,,,,,,,,,,,,,,,6.66,10.57 (2.7),,,,,"7.98m (2.7) 26' 2.25""","13.37m 43' 10.5""",,,,,,,,,,,,,,,,,,,,,,,,,,,,,,,,,,,,,,,,,,,,,,,,,,,,,,,,,,,,,,,,,,,,,,,,,,,,,,,,,,,,,,,,,,,,,,,,,,,,,,,,,,,,,,
8320689,Grenisha Thomas,CHARLESTON SOUTHERN,f,,,,,,,,,,,,,,,7.51,11.54 (2.0),24.25,,56.47,,"5.52m 18' 1.5""",,,8.41,13.45 (1.0),57.98,,,,,,,,,,,,,,,,,,,,,,,,,,,,,,,,,,,,,,,,,,,,,,,,,,,,,,,,,,,,,,,,,,,,,,,,,,,,,,,,,,,,,,,,,,,,,,,,,,,,,,,,,,
8972222,Tarique Wright,OLE MISS,m,,,,,,,,,,,,,,,6.73,10.39 (1.9),21.16 (2.6),35.52,48.26,,,,,,,,,,,,,,,,,,,,,,,,,,,,,,,,,,,,,,,,,,,,,,,,,,,,,,,,,,,,,,,,,,,,,,,,,,,,,,,,,,,,,,,,,,,,,,,,,,,,,,,,,,,,,,,,,
7725762,Yusuf Bizimana,TEXAS,,1:15.79,1:45.74,3:57.81,,,,3:42.20,14:12.70,,25:33.4,,2:18.10,,,,,22.84,,48.11,,,,,,,,,,,,,,,,,,,1:02.91,,,1:08.00,,,,,,,,,,,,,,,,,,,,,,,,,,,,,,,,,,,,,,,,,,,,,,,,,,,,,,,,,,,,,,,,,,,,,,,,,,,,,,,,,,,,,,,,,,,
8382354,Fatoumata Kabo,UTSA,f,,,,,,,,,,,,,,,7.69,11.68 (2.5),24.21,,53.11,,,,,,,57.39,,,,,,,,,,,,,,,,,,,,,,,,,,,,,,,,,,,,,,,,,,,,,,,,,,,,,,,,,,,,,,,,,,,,,,,,,,,,,,,,,,,,,,,,,,,,,,,,,,,,,,,,,,
8701610,Sean Gribble,TEXAS TECH,m,,,,,,,,,,,,,,,,,,,,,,,,,,,,,,,"5.65m 18' 6.5""",,,,,,,,,,,,,,,,,,,,,,,,,,,,,,,,,,,,,,,,,,,,,,,,,,,,,,,,,,,,,,,,,,,,,,,,,,,,,,,,,,,,,,,,,,,,,,,,,,,,,
8793281,Josh Richardson,COASTAL CAROLINA,m,,,,,,,,,,,,,,,,,,,,,,,,,,,"2.11m 6' 11""",,,,,,,,,,,,,,,,,,,,,,,,,,,,,,,,,,,,,,,,,,,,,,,,,,,,,,,,,,,,,,,,,,,,,,,,,,,,,,,,,,,,,,,,,,,,,,,,,,,,,,,,,
7978717,Sydney Johnson,UCLA,f,,2:17.49,,,,,,,,,,,,,7.98,,23.86 (1.1),,,"33.03m 108' 4""","6.79m (2.4) 22' 3.5""",,,8.65,13.97 (-1.3),,"1.73m 5' 8""","12.23m 40' 1.5""",4171,5820,,,,,,,,,,,,,,,,,,,,,,,,,,,,,,,,,,,,,,,,,,,,,,,,,,,,,,,,,,,,,,,,,,,,,,,,,,,,,,,,,,,,,,,,,,,,,,,,,,,,,,
8673358,Roman Kuleshov,LOUISVILLE,m,,,,,,,,,,,,,,,,,,,,,"7.90m (2.3) 25' 11""","16.57m (2.4) 54' 4.5""",,,,,,,,,,,,,,,,,,,,,,,,,,,,,,,,,,,,,,,,,,,,,,,,,,,,,,,,,,,,,,,,,,,,,,,,,,,,,,,,,,,,,,,,,,,,,,,,,,,,,,,,,,,,,,
9006600,Anna Mager,SAN DIEGO ST.,f,1:31.51,2:16.45,,,,,,,,,,,,,8.11,12.28 (1.3),24.39 (1.8),40.00,54.50,,,,,8.93,,57.98,,,,,,,,,,,,,,,,,,,,,,,,,,,,,,,,,,,,,,,,,,,,,,,,,,,,,,,,,,,,,,,,,,,,,,,,,,,,,,,,,,,,,,,,,,,,,,,,,,,,,,,,,,
8360078,Anne Murphy,KENTUCKY,f,,,,,,,,,,,,,,,,,,,,,"5.19m 17' 0.5""","11.39m (2.6) 37' 4.5""",,,,,,,,,"4.17m 13' 8.25""",,,,,,,,,,,,,,,,,,,,,,,,,,,,,,,,,,,,,,,,,,,,,,,,,,,,,,,,,,,,,,,,,,,,,,,,,,,,,,,,,,,,,,,,,,,,,,,,,,,,,
9279190,Francisco Calhau,ULM,m,,,,,,,,,,,,,,,,,,,,,,,,,,,,,,,,,,"66.42m 217' 11""","18.99m 62' 3.75""",,,,,,,,,,,,,,,,,,,,,,,,,,,,,,,,,,,,,,,,,,,,,,,,,,,,,,,,,,,,,,,,,,,,,,,,,,,,,,,,,,,,,,,,,,,,,,,,,
9261959,Isaac Lewis,LSU,m,1:20.96,,,,,,,,,,,,,,,,21.55,33.52,46.96,,,,,,,49.51,,,,,,,,,,,,1:05.37,,,,,,,,,,,,,,,,,,,,,,,,,,,,,,,,,,,,,,,,,,,,,,,,,,,,,,,,,,,,,,,,,,,,,,,,,,,,,,,,,,,,,,,,,,,,,,
8320236,Alma Evuna Eki,PITTSBURGH,f,,,,,,,,,,,,,,,7.44,11.85 (0.7),24.00 (1.0),39.59,55.97,,,,,,,,,,,,,,,,,,,,,,,,,,,,,,,,,,,,,,,,,,,,,,,,,,,,,,,,,,,,,,,,,,,,,,,,,,,,,,,,,,,,,,,,,,,,,,,,,,,,,,,,,,,,,,,,,
8020799,Rori Denness-Lamont,LONG BEACH ST.,f,,,,,,,,,,,,,,,,,,,,"53.89m 176' 10""",,,,,,,,,,,,,,,,,,,,,,,,,,,,,,,,,,,,,,,,,,,,,,,,,,,,,,,,,,,,,,,,,,,,,,,,,,,,,,,,,,,,,,,,,,,,,,,,,,,,,,,,,,,,,,,,
8702529,Josiyah Taylor,TEXAS TECH,m,,,,,,,,,,,,,,,6.72,10.12 (3.0),20.44 (1.3),,48.11,,,,,,,,,,,,,,,,,,,,,,,,,,,,,,,,,,,,,,,,,,,,,,,,,,,,,,,,,,,,,,,,,,,,,,,,,,,,,,,,,,,,,,,,,,,,,,,,,,,,,,,,,,,,,,,,,
9272226,Brenden Vanderpool,ILLINOIS,m,,,,,,,,,,,,,,,,,,,,,,,,,,,,,,,"5.53m 18' 1.75""",,,,,,,,,,,,,,,,,,,,,,,,,,,,,,,,,,,,,,,,,,,,,,,,,,,,,,,,,,,,,,,,,,,,,,,,,,,,,,,,,,,,,,,,,,,,,,,,,,,,,
8669755,Aji Mbye,SAN DIEGO ST.,f,,,,,,,,,,,,,,,7.32,11.42 (1.2),23.30 (3.0),,55.38,,,,,,,,,,,,,,,,,,,,,,,,,,,,,,,,,,,,,,,,,,,,,,,,,,,,,,,,,,,,,,,,,,,,,,,,,,,,,,,,,,,,,,,,,,,,,,,,,,,,,,,,,,,,,,,,,
7891400,Samantha Hastie,MICHIGAN,f,,2:05.65,4:40.45,17:48.3,20:35.4,,4:12.59,,,,,,9:31.32,,,,,,,,,,,,,,,,,,,,,,,,,,,,,,,,,,,,,,,,,,,,,,,,,,,,,,,,,,,,,,,,,,,,,,,,,,,,,,,,,,,,,,,,,,,,,,,,,,,,,,,,,,,,,,,,,,,,,,,
7721664,Johnathan Jones,LITTLE ROCK,,,,,,,,,,,,,,,,,,,,,,,,,,,,"2.17m 7' 1.5""",,,,,,,,,,,,,,,,,,,,,,,,,,,,,,,,,,,,,,,,,,,,,,,,,,,,,,,,,,,,,,,,,,,,,,,,,,,,,,,,,,,,,,,,,,,,,,,,,,,,,,,,,
8107788,Samirah Moody,USC,,,,,,,,,,,,,,,,7.07,10.93 (1.4),22.50 (1.9),,,,,,,,,,,,,,,,,,,,,,,,,,,,,,,,,,,,,,,,,,,,,,,,,,,,,,,,,,,,,,,,,,,,,,,,,,,,,,,,,,,,,,,,,,,,,,,,,,,,,,,,,,,,,,,,,,,
8669305,Max Grangier,INDIANA,m,,,,,,,4:17.11,,,,,2:34.87,,,7.26,10.91 (3.3),23.09,,49.40,"53.16m 174' 5""","7.02m (0.2) 23' 0.5""",,,8.74,,54.04,"1.82m 5' 11.5""","12.37m 40' 7""",3556,5025,"4.30m 14' 1.25""",15.71 (3.0),"37.05m 121' 7""",,,7080,,,,,,,,,,,,39.14,,,,,,,,,,,,,,,,,,,,,,,,,,,,,,,,,,,,,,,,,,,,,,,,,,,,,,,,,,,,,,,,,,,,,,,,,,,,,,,,,,,,
8987331,Simone Johnson,SAN JOSE ST.,,,,,,,,,,,,,,,,,,,,,,"6.35m 20' 10""","13.78m 45' 2.5""",,,,,,,,,,,,,,,,,,,,,,,,,,,,,,,,,,,,,,,,,,,,,,,,,,,,,,,,,,,,,,,,,,,,,,,,,,,,,,,,,,,,,,,,,,,,,,,,,,,,,,,,,,,,,,
8318967,Eva Bruce,UCF,f,,2:15.53,,,,,,,,,,,,,7.88,,23.75 (2.6),,,"32.72m 107' 4""","5.91m (1.0) 19' 4.75""",,,8.69,13.62 (0.1),,"1.64m 5' 4.5""","11.54m 37' 10.5""",3755,5616,,,,,,,,,,,,,,,,,,,,,,,,,,,,,,,,,,,,,,,,,,,,,,,,,,,,,,,,,,,,,,,,,,,,,,,,,,,,,,,,,,,,,,,,,,,,,,,,,,,,,,
8705468,Zamesha Myle,HIGH POINT,f,,,,,,,,,,,,,,,7.51,11.46 (2.0),23.11 (2.4),,,,"6.10m (0.4) 20' 0.25""","13.24m (1.9) 43' 5.25""",,,,,,,,,,,,,,,,,,,,,,,,,,,,,,,,,,,,,,,,,,,,,,,,,,,,,,,,,,,,,,,,,,,,,,,,,,,,,,,,,,,,,,,,,,,,,,,,,,,,,,,,,,,,,,
8673925,Conner Mozee,SOUTHERN MISS.,m,,,,,,,,,,,,,,,,,,,,,,,,,,,,"11.38m 37' 4""",,,,,"56.38m 185' 0""","55.31m 181' 5""","19.59m 64' 3.25""",,,,,,,,,,,,,,,,,,,,,,,,,,,,,,,,,,,,,,,,,,,,,,,,,,,,,,,,,,,,,,,,,,,,,,,,,,,,,,,,,,,,,,,,,,,,,,,,,
9246954,Jeanne Le Goff,TEXAS,f,,2:21.50,,,,,,,,,,,,,,,,,,,"5.95m (0.4) 19' 6.25""","13.56m (2.4) 44' 6""",,9.00,,,"1.76m 5' 9.25""","7.37m 24' 2.25""",3591,,,,,,,,,,,,,,,,,,,,,,,,,,,,,,,,,,,,,,,,,,,,,,,,,,,,,,,,,,,,,,,,,,,,,,,,,,,,,,,,,,,,,,,,,,,,,,,,,,,,,,,
7982660,Jenna Fee Feyerabend,SAN DIEGO ST.,f,,2:16.38,,,,,,,,,,,,,,,25.35 (2.1),,,"44.40m 145' 8""","6.02m (1.1) 19' 9""",,,8.63,14.00 (1.9),,"1.76m 5' 9.25""","14.11m 46' 3.5""",4263,5905,,,,,,,,,,,,,,,,,,,,,,,,,,,,,,,,,,,,,,,,,,,,,,,,,,,,,,,,,,,,,,,,,,,,,,,,,,,,,,,,,,,,,,,,,,,,,,,,,,,,,,
7733874,Meredith Engle,LIBERTY,f,,2:14.64,,,,,,,,,,,,,,,25.55 (0.3),,59.60,"41.54m 136' 3""","5.78m (2.1) 18' 11.75""","11.87m 38' 11.5""",,8.73,14.25 (1.8),1:09.29,"1.74m 5' 8.5""","14.21m 46' 7.5""",4196,5414,,,,,,,,,,,,,,,,,,,,,,,,,,,,,,,,,,,,,,,,,,,,,,,,,,,,,,,,,,,,,,,,,,,,,,,,,,,,,,,,,,,,,,,,,,,,,,,,,,,,,,
8976959,Jordan Wenger,ORAL ROBERTS,m,,,,,,,,,,,,,,,,,,,,,"7.14m (3.5) 23' 5.25""",,,,,,"2.21m 7' 3""",,,,,,,,,,,,,,,,,,,,,,,,,,,,,,,,,,,,,,,,,,,,,,,,,,,,,,,,,,,,,,,,,,,,,,,,,,,,,,,,,,,,,,,,,,,,,,,,,,,,,,,,,
9246057,Luke Tewalt,OREGON,m,,,,,,,,13:19.82,,,,,,,,,,,,,,,28:00.52,,,,,,,,,,,,,,,,,,,,,,,,,,,,,,,,,,,,,,,,,,,,,,,,,,,,,,,,,,,,,,,,,,,,,,,,,,,,,,,,,,,,,,,,,,,,,,,,,,,,,,,,,,,,,
7958876,Chrystal Herpin,TEXAS,,,,,,,,,,,,,,,,,,,,,,,,,,,,,"18.18m 59' 7.75""",,,,,"55.66m 182' 7""",,,,,,,,,,,,,,,,,,,,,,,,,,,,,,,,,,,,,,,,,,,,,,,,,,,,,,,,,,,,,,,,,,,,,,,,,,,,,,,,,,,,,,,,,,,,,,,,,,,
8618587,Thomas Termote,NEW MEXICO,m,,,4:07.56,15:10.7,,,3:48.78,13:38.99,,24:27.4,31:09.3,,8:20.23,,,,,,,"24.98m 81' 11""",,,28:00.72,,,,,"5.67m 18' 7.25""",,,,,,,,,,,,,,,,,,,,,,,,,,,,,,,,,,,,,,,,,,,,,,,,,,,,,,,,,,,,,,,,,,,,,,,,,,,,,,,,,,,,,,,,,,,,,,,,,,,,,,,,
8343523,Max Thomas,USC,,,,,,,,,,,,,,,,6.53,9.92 (2.4),20.02 (0.9),,48.18,,,,,,,,,,,,,,,,,,,,,,,,,,,,,,,,,,,,,,,,,,,,,,,,,,,,,,,,,,,,,,,,,,,,,,,,,,,,,,,,,,,,,,,,,,,,,,,,,,,,,,,,,,,,,,,,,
8613261,Luke Birdseye,TULSA,m,,,4:06.38,15:11.0,,,3:47.45,13:40.10,8:47.16,23:47.7,30:38.5,,7:52.94,,,,,,,,,,,,,,,,,,,,,,,,,,,,,,,,,,,,,,,,,,,,,,,,,,,,,,,,,,,,,,,,,,,,,,,,,,,,,,,,,,,,,,,,,,,,,,,,,,,,,,,,,,,,,,,,,,,,,,,
9172418,Joseph Socarras,PENN,m,,1:46.28,4:01.50,,,,,,,,,2:20.13,,,,,,,,,,,,,,,,,,,,,,,,,,,,,,,,,,,,,,,,,,,,,,,,,,,,,,,,,,,,,,,,,,,,,,,,,,,,,,,,,,,,,,,,,,,,,,,,,,,,,,,,,,,,,,,,,,,,,,,,
8647596,Denis Kipngetich,OKLAHOMA STATE,m,,,4:00.50,,,,3:43.39,13:12.91,,22:29.2,28:44.3,,7:42.04,,,,,,,,,,27:38.36,,,,,,,,,,,,,,,,,,,,,,,,,,,,,,,,,,,,,,,,,,,,,,,,,,,,,,,,,,,,,,,,,,,,,,,,,,,,,,,,,,,,,,,,,,,,,,,,,,,,,,,,,,,,,
7499759,Nissi Kabongo,TEXAS A&M,,,2:11.03,5:32.87,,,,,,,,,,,,,,24.58 (1.4),,53.45,,,,,,,56.81,"1.87m 6' 1.5""",,,,,,,,,,,,,,,,,,,,,,,,,,,,,,,,,,,,,,,,,,,,,,,,,,,,,,,,,,,,,,,,,,,,,,,,,,,,,,,,,,,,,,,,,,,,,,,,,,,,,,,,,
8967974,Jake Nicholson,LIBERTY,m,,,,,,,4:39.11,,,,,2:41.66,,,7.13,11.02 (2.1),,,49.41,"56.58m 185' 7""","6.80m (0.9) 22' 3.75""",,,8.65,,,"1.92m 6' 3.5""","13.60m 44' 7.5""",,5084,"4.40m 14' 5.25""",15.59 (1.1),"39.51m 129' 7""",,,7282,,,,,,,,,,,,,,,,,,,,,,,,,,,,,,,,,,,,,,,,,,,,,,,,,,,,,,,,,,,,,,,,,,,,,,,,,,,,,,,,,,,,,,,,,,,,,,,,
8997389,Josie Donelson,VANDERBILT,f,,,,,,,,,,,,,,,,,24.32 (0.6),,52.61,,,,,,,,,,,,,,,,,,,,,,,,,,,,,,,,,,,,,,,,,,,,,,,,,,,,,,,,,,,,,,,,,,,,,,,,,,,,,,,,,,,,,,,,,,,,,,,,,,,,,,,,,,,,,,,,,
8668056,Dalton Debeau,MICHIGAN STATE,m,,,,,,,,,,,,,,,,,,,,,,,,,,,,"15.59m 51' 1.75""",,,,,"59.29m 194' 6""","57.87m 189' 10""","20.08m 65' 10.5""",,,,,,,,,,,,,,,,,,,,,,,,,,,,,,,,,,,,,,,,,,,,,,,,,,,,,,,,,,,,,,,,,,,,,,,,,,,,,,,,,,,,,,,,,,,,,,,,,
9014685,Uduak Pius Udosoh,EASTERN MICHIGAN,f,,,,,,,,,,,,,,,,11.98 (1.5),24.27 (1.0),,53.56,,,,,,,,,,,,,,,,,,,,,,,,,,,,,,,,,,,,,,,,,,,,,,,,,,,,,,,,,,,,,,,,,,,,,,,,,,,,,,,,,,,,,,,,,,,,,,,,,,,,,,,,,,,,,,,,,
9167860,Gabby Schmidt,PROVIDENCE,f,,,,,20:15.6,,,15:55.97,,,,,9:20.84,,,,,,,,,,33:43.63,,,,,,,,,,,,,,,,,,,,,,,,,,,,,,,,14:07.9,,,,,,,,,,,,,,,,,,,,,,,,,,,,,,,,,,,,,,,,,,,,,,,,,,,,,,,,,,,,,,,,,,,,,,,,,,,,,
8707639,Kailah Mckenzie,UC IRVINE,f,,,,,,,,,,,,,,,8.11,,,,,,"6.33m (1.4) 20' 9.25""","12.28m (1.4) 40' 3.5""",,8.64,14.20 (0.7),,"1.77m 5' 9.75""",,,,,,,,,,,,,,,,,,,,,,,,,,,,,,,,,,,,,,,,,,,,,,,,,,,,,,,,,,,,,,,,,,,,,,,,,,,,,,,,,,,,,,,,,,,,,,,,,,,,,,,,,
7975934,Sarah Schmitt,TENNESSEE,,,,,,,,,,,,,,,,,,,,,,,,,,,,,,,,"4.46m 14' 7.5""",,,,,,,,,,,,,,,,,,,,,,,,,,,,,,,,,,,,,,,,,,,,,,,,,,,,,,,,,,,,,,,,,,,,,,,,,,,,,,,,,,,,,,,,,,,,,,,,,,,,,
8708523,Kingsley Ayebide,EAST TEXAS A&M,m,,,,,,,,,,,,,,,6.70,10.55 (-1.5),21.56 (1.1),,,,,,,,,,,,,,,,,,,,,,,,,,,,,,,,,,,,,,,,,,,,,,,,,,,,,,,,,,,,,,,,,,,,,,,,,,,,,,,,,,,,,,,,,,,,,,,,,,,,,,,,,,,,,,,,,,,
7170365,Dana Baker,DUKE,,,,,,,,,,,,,,,,,,,,,"54.22m 177' 11""",,,,,,,,,,,,,,,,,,,,,,,,,,,,,,,,,,,,,,,,,,,,,,,,,,,,,,,,,,,,,,,,,,,,,,,,,,,,,,,,,,,,,,,,,,,,,,,,,,,,,,,,,,,,,,,,
8973171,Rylee Jenkins,OKLAHOMA STATE,f,,,,,,,,,,,,,,,,,,,,,,,,,,,,,,,,,"47.71m 156' 6""","63.56m 208' 6""","19.18m 62' 11.25""",,,,,,,,,,,,,,,,,,,,,,,,,,,,,,,,,,,,,,,,,,,,,,,,,,,,,,,,,,,,,,,,,,,,,,,,,,,,,,,,,,,,,,,,,,,,,,,,,
9267970,Melissa Casiraghi,VCU,f,,,,,,,,,,,,,,,,,,,,,,,,,,,,"11.98m 39' 3.75""",,,,,"35.39m 116' 1""","60.62m 198' 11""","18.39m 60' 4""",,,,,,,,,,,,,,,,,,,,,,,,,,,,,,,,,,,,,,,,,,,,,,,,,,,,,,,,,,,,,,,,,,,,,,,,,,,,,,,,,,,,,,,,,,,,,,,,,
8690777,Javin Richards,UTAH STATE,m,1:35.08,,,,,,4:52.88,,,,,2:52.41,,,6.88,10.57 (4.9),21.44 (5.8),,47.60,"50.55m 165' 10""","6.93m 22' 9""",,,8.09,,57.44,"1.89m 6' 2.25""","13.03m 42' 9""",,5536,"5.30m 17' 4.5""",14.79 (0.9),"35.03m 114' 11""",,,7322,,,,,,,,,,,,,,8.42,,,,,,,,,,,,,,,,,,,,,,,,,,,,,,,,,,,,,,,,,,,,,,,,,,,,,,,,,,,,,,,,,,,,,,,,,,,,,,,,,,
8321889,Maribel Caicedo,WASHINGTON ST.,,,,,,,,,,,,,,,,7.44,11.78 (-0.7),23.52 (1.8),,,,,,,7.99,12.38 (3.1),,,,,,,,,,,,,,,,,,,,,,,,,,,,,,,,,,,,,,,,,,,,,,,,,,,,,,,,,,,,,,,,,,,,,,,,,,,,,,,,,,,,,,,,,,,,,,,,,,,,,,,,,,,
9257095,Denzel Simusialela,KENTUCKY,m,,,,,,,,,,,,,,,6.64,10.04 (-0.2),19.98 (0.5),,,,,,,,,,,,,,,,,,,,,,,,,,,,,,,,,,,,,,,,,,,,,,,,,,,,,,,,,,,,,,,,,,,,,,,,,,,,,,,,,,,,,,,,,,,,,,,,,,,,,,,,,,,,,,,,,,,
6587031,Makenna Barton,WASHINGTON,,,,,,,,,,,,,,,,,,,,,,,,,,,,,,,,"4.20m 13' 9.25""",,,,,,,,,,,,,,,,,,,,,,,,,,,,,,,,,,,,,,,,,,,,,,,,,,,,,,,,,,,,,,,,,,,,,,,,,,,,,,,,,,,,,,,,,,,,,,,,,,,,,
9258730,Cassie Callis,VIRGINIA,f,,2:21.52,,,,,,,,,,,,,,,25.26 (1.4),,,"39.06m 128' 2""","5.87m (1.7) 19' 3.25""",,,8.67,14.23 (3.5),,"1.57m 5' 1.75""","12.23m 40' 1.5""",3748,5300,,,,,,,,,,,,,,,,,,,,,,,,,,,,,,,,,,,,,,,,,,,,,,,,,,,,,,,,,,,,,,,,,,,,,,,,,,,,,,,,,,,,,,,,,,,,,,,,,,,,,,
8990509,Cailey Moton,NORTH DAKOTA,f,,,,,,,,,,,,,,,,,,,,,,,,,,,,"12.22m 40' 1.25""",,,,,"43.83m 143' 9""","59.27m 194' 5""","18.84m 61' 9.75""",,,,,,,,,,,,,,,,,,,,,,,,,,,,,,,,,,,,,,,,,,,,,,,,,,,,,,,,,,,,,,,,,,,,,,,,,,,,,,,,,,,,,,,,,,,,,,,,,
9010783,Trenton Howard,FLORIDA,m,,,,,,,,,,,,,,,6.79,10.17 (1.4),20.66 (1.3),,,,,,,,,,,,,,,,,,,,,,,,,,,,,,,,,,,,,,,,,,,,,,,,,,,,,,,,,,,,,,,,,,,,,,,,,,,,,,,,,,,,,,,,,,,,,,,,,,,,,,,,,,,,,,,,,,,
9255102,Nilijah Darden,HOWARD,f,,,,,,,,,,,,,,,7.47,11.41 (0.7),23.29 (2.9),41.12,,,,,,,,,,,,,,,,,,,,,,,,,,,,,,,,,,,,,,,,,,,,,,,,,,,,,,,,,,,,,,,,,,,,,,,,,,,,,,,,,,,,,,,,,,,,,,,,,,,,,,,,,,,,,,,,,,
9282232,Kaden Stewart,ILLINOIS STATE,m,,,,,,,,,,,,,,,,,,,,,,,,,,,"2.11m 6' 11""",,,,,,,,,,,,,,,,,,,,,,,,,,,,,,,,,,,,,,,,,,,,,,,,,,,,,,,,,,,,,,,,,,,,,,,,,,,,,,,,,,,,,,,,,,,,,,,,,,,,,,,,,
8358314,Nyla Baker,UC IRVINE,f,,,,,,,,,,,,,,,,,,,,,,,,,,,,"15.78m 51' 9.25""",,,,,"55.01m 180' 6""",,"13.05m 42' 9.75""",,,,,,,,,,,,,,,,,,,,,,,,,,,,,,,,,,,,,,,,,,,,,,,,,,,,,,,,,,,,,,,,,,,,,,,,,,,,,,,,,,,,,,,,,,,,,,,,,
8360392,Kennedy Johnson,UC SANTA BARBARA,f,,,,,,,,,,,,,,,,,,,,,"5.78m (1.2) 18' 11.75""","12.79m (0.3) 41' 11.5""",,,,,,,,,,,,,,,,,,,,,,,,,,,,,,,,,,,,,,,,,,,,,,,,,,,,,,,,,,,,,,,,,,,,,,,,,,,,,,,,,,,,,,,,,,,,,,,,,,,,,,,,,,,,,,
9254857,Gilbert Stein,SAMFORD,m,,,,,,,4:38.38,,,,,2:50.67,,,7.36,11.49 (+0.0),,,49.49,"45.05m 147' 10""","6.53m (0.8) 21' 5.25""",,,8.51,,,"1.88m 6' 2""","12.80m 42' 0""",,4850,"3.65m 11' 11.75""",14.98 (-0.2),"37.58m 123' 3""",,,6739,,,,,,,,,,,,,,,,,,,,,,,,,,,,,,,,,,,,,,,,,,,,,,,,,,,,,,,,,,,,,,,,,,,,,,,,,,,,,,,,,,,,,,,,,,,,,,,,
7758157,Zayin Roe,SOUTH FLORIDA,f,,,,,,,,,,,,,,,,,,,,,"5.64m (2.5) 18' 6""","13.02m (2.5) 42' 8.75""",,,,,,,,,,,,,,,,,,,,,,,,,,,,,,,,,,,,,,,,,,,,,,,,,,,,,,,,,,,,,,,,,,,,,,,,,,,,,,,,,,,,,,,,,,,,,,,,,,,,,,,,,,,,,,
8592508,Camden Law,MICHIGAN,m,1:18.90,1:45.86,3:59.74,15:54.8,,,3:42.15,,,,,,,,,,,,,,,,,,,,,,,,,,,,,,,,,,,,,,,,,,,,,,,,,15:20.2,,,,,,,,,,,,,,,,,,,,,,,,,,,,,,,,,,,,,,,,,,,,,,,,,,,,,,,,,,,,,,,,,,,,,,,,,,,,
7731977,Dedrick Vanover,FLORIDA,,,,,,,,,,,,,,,,6.60,10.03 (3.2),20.43 (1.7),,,,,,,,,,,,,,,,,,,,,,,,,,,,,,,,,,,,,,,,,,,,,,,,,,,,,,,,,,,,,,,,,,,,,,,,,,,,,,,,,,,,,,,,,,,,,,,,,,,,,,,,,,,,,,,,,,,
8944445,Moses Lekokei,MIDDLE TENNESSEE,m,,,4:09.44,,,,,13:55.33,,23:25.6,29:53.5,,8:09.54,,,,,,,,,,28:55.10,,,,,,,,,,,,,,,,,,,,,,,,,,,,,,,,,,,,,,,,,,,,,,,,,,,,,,,,,,,,,,,,,,,,,,,,,,,,,,,,,,,,,,,,,,,,,,,,,,,,,,,,,,,,,
9240402,Joseph Goodenow,PRINCETON,m,,,,,,,,,,,,,,,,,,,,,,,,,,,,"16.79m 55' 1""",,,,,"57.32m 188' 1""",,"15.71m 51' 6.5""",,,,,,,,,,,,,,,,,,,,,,,,,,,,,,,,,,,,,,,,,,,,,,,,,,,,,,,,,,,,,,,,,,,,,,,,,,,,,,,,,,,,,,,,,,,,,,,,,
7725172,Carter Morton,NORTHERN IOWA,m,,,,,,,4:47.39,,,,,2:42.63,,,6.95,10.98 (1.9),23.00 (-1.9),,49.55,"59.36m 194' 9""","7.72m (1.7) 25' 4""","15.04m (+0.0) 49' 4.25""",,8.19,,,"2.15m 7' 0.5""","13.37m 43' 10.5""",,6054,"5.20m 17' 0.75""",14.79 (1.4),"38.57m 126' 6""",,,7782,,,,,,,,,,,,,,,,,,,,,,,,,,,,,,,,,,,,,,,,,,,,,,,,,,,,,,,,,,,,,,,,,,,,,,,,,,,,,,,,,,,,,,,,,,,,,,,,
8709430,Connor Warzecha,TEXAS STATE,m,,,,,,,,,,,,,,,,,,,,"67.81m 222' 6""",,,,,,,,,,,,,,,,,,,,,,,,,,,,,,,,,,,,,,,,,,,,,,,,,,,,,,,,,,,,,,,,,,,,,,,,,,,,,,,,,,,,,,,,,,,,,,,,,,,,,,,,,,,,,,,,
9008262,Oleg Ananev,TEXAS A&M,m,,,,,,,,,,,,,,,,,,,,,,,,,,,,,,,"5.60m 18' 4.5""",,,,,,,,,,,,,,,,,,,,,,,,,,,,,,,,,,,,,,,,,,,,,,,,,,,,,,,,,,,,,,,,,,,,,,,,,,,,,,,,,,,,,,,,,,,,,,,,,,,,,
8324609,Ashley Schroeder,WASHINGTON,f,,,,,,,,,,,,,,,,,,,,"54.72m 179' 6""",,,,,,,,,,,,,,,,,,,,,,,,,,,,,,,,,,,,,,,,,,,,,,,,,,,,,,,,,,,,,,,,,,,,,,,,,,,,,,,,,,,,,,,,,,,,,,,,,,,,,,,,,,,,,,,,
8311547,Zoe Turner,HOWARD,f,,,,,,,,,,,,,,,7.71,11.97 (1.2),23.90 (1.9),38.29,53.15,,,,,,,,,,,,,,,,,,,,,,,,,,,,,,,,,,,,,,,,,,,,,,,,,,,,,,,,,,,,,,,,,,,,,,,,,,,,,,,,,,,,,,,,,,,,,,,,,,,,,,,,,,,,,,,,,
8678538,Amandine Estival,TARLETON STATE,f,,,,,,,,,,,,,,,7.50,11.45 (3.2),23.31 (3.7),39.58,55.03,,,,,,,,,,,,,,,,,,,,,,,,,,,,,,,,,,,,,,,,,,,,,,,,,,,,,,,,,,,,,,,,,,,,,,,,,,,,,,,,,,,,,,,,,,,,,,,,,,,,,,,,,,,,,,,,,
9254292,Riley Brazier,RUTGERS,f,,,,,,,,,,,,,,,,,,,,"50.58m 165' 11""",,,,,,,,,,,,,,,,,,,,,,,,,,,,,,,,,,,,,,,,,,,,,,,,,,,,,,,,,,,,,,,,,,,,,,,,,,,,,,,,,,,,,,,,,,,,,,,,,,,,,,,,,,,,,,,,
9000202,Josiah Johnson,NORTHERN ARIZONA,m,,,,,,,,,,,,,,,6.83,,21.02 (-0.2),,47.21,,,,,7.97,,49.07,,,,,,14.08 (0.6),,,,,,,,,,,,,,,,,,,,,,,,,,,,,,,,,,,,,,,,,,,,,,,,,,,,,,,,,,,,,,,,,,,,,,,,,,,,,,,,,,,,,,,,,,,,,,,,,,,,
8323066,Javier Toro,CSU BAKERSFIELD,m,,,,,,,,,,,,,,,,,,,,,,,,,,,,"17.42m 57' 2""",,,,,,"65.76m 215' 9""",,,,,,,,,,,,,,,,,,,,,,,,,,,,,,,,,,,,,,,,,,,,,,,,,,,,,,,,,,,,,,,,,,,,,,,,,,,,,,,,,,,,,,,,,,,,,,,,,,
7893942,Chloe Scrimgeour,GEORGETOWN,,,2:20.05,4:34.67,16:19.7,19:23.3,,4:17.19,15:05.40,,,,2:55.13,8:50.46,,,,,,,,,,31:41.68,,,,,,,,,,,,,,,,,,,,,,,,,,,,,,,,,,,,,,,,,,,,,,,,,,,,,,,,,,,,,,,,,,,,,,,,,,,,,,,,,,,,,,,,,,,,,,,,,,,,,,,,,,,,,
8328780,Carson Lienau,NORTHERN IOWA,m,,,,,,,,,,,,,,,,,,,,,,,,,,,,"18.66m 61' 2.75""",,,,,"53.74m 176' 4""","50.57m 165' 11""","19.01m 62' 4.5""",,,,,,,,,,,,,,,,,,,,,,,,,,,,,,,,,,,,,,,,,,,,,,,,,,,,,,,,,,,,,,,,,,,,,,,,,,,,,,,,,,,,,,,,,,,,,,,,,
8687533,Ashton Torns,MIAMI (FLA.),m,,,,,,,,,,,,,,,6.74,10.35 (2.7),21.14 (2.6),,,,"7.48m (1.0) 24' 6.5""",,,,,,,,,,,,,,,,,,,,,,,,,,,,,,,,,,,,,,,,,,,,,,,,,,,,,,,,,,,,,,,,,,,,,,,,,,,,,,,,,,,,,,,,,,,,,,,,,,,,,,,,,,,,,,,
8995265,Ashley Callahan,LOUISVILLE,f,,,,,,,,,,,,,,,,,,,,,,,,,,,,,,,"4.60m 15' 1""",,,,,,,,,,,,,,,,,,,,,,,,,,,,,,,,,,,,,,,,,,,,,,,,,,,,,,,,,,,,,,,,,,,,,,,,,,,,,,,,,,,,,,,,,,,,,,,,,,,,,
8997258,Pauline Bikembo,FLORIDA,f,,2:17.46,,,,,,,,,,,,,,,24.44 (0.7),,,"45.74m 150' 1""","6.33m 20' 9.25""",,,8.46,13.86 (-0.5),,"1.79m 5' 10.5""","12.36m 40' 6.75""",4331,5722,,,,,,,,,,,,,,,,,,,,,,,,,,,,,,,,,,,,,,,,,,,,,,,,,,,,,,,,,,,,,,,,,,,,,,,,,,,,,,,,,,,,,,,,,,,,,,,,,,,,,,
9018327,Kason O'Riley,TEXAS STATE,,,,,,,,,,,,,,,,,,,,,,,,,,,,"2.25m 7' 4.5""",,,,,,,,,,,,,,,,,,,,,,,,,,,,,,,,,,,,,,,,,,,,,,,,,,,,,,,,,,,,,,,,,,,,,,,,,,,,,,,,,,,,,,,,,,,,,,,,,,,,,,,,,
8622394,Micah Lawson,RUTGERS,m,,1:52.44,4:05.99,,17:55.1,,3:49.48,14:04.53,8:49.58,23:59.5,30:19.5,,8:07.83,,,,,,,,,,,,,,,,,,,,,,,,,,,,,,,,,,,,,,,,,,,,,,,,,,,,,,,,,17:39.5,,,,,,,,,,,,,,,,,,,,,,17:02.6,,,,,,,,,,,,,,,,,,,,,,,,,,,,,,,,,,,,,,,,
6988878,Brandon Hicklin,LSU,,,,,,,,,,,,,,,,6.64,9.96 (4.4),21.68 (0.3),35.14,,,"8.18m (1.0) 26' 10""","14.66m (1.0) 48' 1.25""",,,,,,,,,,,,,,,,,,,,,,,,,,,,,,,,,,,,,,,,,,,,,,,,,,,,,,,,,,,,,,,,,,,,,,,,,,,,,,,,,,,,,,,,,,,,,,,,,,,,,,,,,,,,,,
9025009,Vlad Turcu,OREGON,m,,,,,,,,,,,,,,,,,,,,"68.87m 225' 11""",,,,,,,,,,,,,,,,,,,,,,,,,,,,,,,,,,,,,,,,,,,,,,,,,,,,,,,,,,,,,,,,,,,,,,,,,,,,,,,,,,,,,,,,,,,,,,,,,,,,,,,,,,,,,,,,
8634240,Riyon Rankin,GEORGIA,m,,,,,,,,,,,,,,,,,,,,,,,,,,,"2.29m 7' 6""",,,,,,,,,,,,,,,,,,,,,,,,,,,,,,,,,,,,,,,,,,,,,,,,,,,,,,,,,,,,,,,,,,,,,,,,,,,,,,,,,,,,,,,,,,,,,,,,,,,,,,,,,
9253042,Titus Jeffrey,MONTANA,m,,,,,,,,,,,,,,,,,,,,,,,,,,,,"16.78m 55' 0.75""",,,,,"55.54m 182' 3""","46.53m 152' 8""","14.84m 48' 8.25""",,,,,,,,,,,,,,,,,,,,,,,,,,,,,,,,,,,,,,,,,,,,,,,,,,,,,,,,,,,,,,,,,,,,,,,,,,,,,,,,,,,,,,,,,,,,,,,,,
7469576,Ty Hampton,OREGON,,,,,,,,,,,,,,,,,,,,,"77.08m 252' 11""",,,,,,,,,,,,,,,,,,,,,,,,,,,,,,,,,,,,,,,,,,,,,,,,,,,,,,,,,,,,,,,,,,,,,,,,,,,,,,,,,,,,,,,,,,,,,,,,,,,,,,,,,,,,,,,,
8002781,Mekenze Kelley,TEXAS TECH,f,,,,,,,,,,,,,,,7.53,11.29 (3.1),22.78 (1.9),37.13,51.98,,,,,,,,,,,,,,,,,,,,,,,,,,,,,,,,,,,,,,,,,,,,,,,,,,,,,,,,,,,,,,,,,,,,,,,,,,,,,,,,,,,,,,,,,,,,,,,,,,,,,,,,,,,,,,,,,
9253412,Marshall Potter,CONNECTICUT,m,,,,,,,,,,,,,,,,,,,,,,,,,,,,"18.11m 59' 5""",,,,,"52.15m 171' 1""","62.61m 205' 5""","18.87m 61' 11""",,,,,,,,,,,,,,,,,,,,,,,,,,,,,,,,,,,,,,,,,,,,,,,,,,,,,,,,,,,,,,,,,,,,,,,,,,,,,,,,,,,,,,,,,,,,,,,,,
8998904,Kelly Ufodiama,EAST CAROLINA,f,,,,,,,,,,,,,,,7.14,11.04 (5.1),22.53 (0.1),,,,,,,,,,,,,,,,,,,,,,,,,,,,,,,,,,,,,,,,,,,,,,,,,,,,,,,,,,,,,,,,,,,,,,,,,,,,,,,,,,,,,,,,,,,,,,,,,,,,,,,,,,,,,,,,,,,
7982027,Sean Wray,HOWARD,m,,,,,,,,,,,,,,,7.18,,,,,,"7.67m (0.9) 25' 2""","15.44m (0.1) 50' 8""",,,,,,,,,,,,,,,,,,,,,,,,,,,,,,,,,,,,,,,,,,,,,,,,,,,,,,,,,,,,,,,,,,,,,,,,,,,,,,,,,,,,,,,,,,,,,,,,,,,,,,,,,,,,,,
9007482,Bobbi Olive,OHIO STATE,f,,,,,,,,,,,,,,,7.34,11.46 (3.8),24.03,,,,,,,,,,,,,,,,,,,,,,,,,,,,,,,,,,,,,,,,,,,,,,,,,,,,,,,,,,,,,,,,,,,,,,,,,,,,,,,,,,,,,,,,,,,,,,,,,,,,,,,,,,,,,,,,,,,
8987576,Jaden Shelton,PITTSBURGH,m,,,,,,,,,,,,,,,6.74,10.72 (1.5),21.51 (1.2),,,,,,,7.68,,,,,,,,13.63 (1.1),,,,,,,,,,,,,,,,,,,,,,,,,,,,,,,,,,,,,,,,,,,,,,,,,,,,,,,,,,,,,,,,,,,,,,,,,,,,,,,,,,,,,,,,,,,,,,,,,,,,
8619640,Mikayla Cheney,ARMY WEST POINT,f,,2:06.63,4:40.71,18:14.5,20:14.6,,4:13.04,16:26.96,,,,2:47.11,9:28.96,,,,,,,,,,,,,,,,,,,,,,,,,,,,,,,,,,,,,,,,,,,,,,,,,,,,,,,,,,,,,,,,,,,,,,,,,,,,,,,,,,,,,,,,,,,,,,,,,,,,,,,,,,,,,,,,,,,,,,,
8963761,Amaya Bien-Aime,FIU,f,,,,,,,,,,,,,,,,,28.06 (-1.6),51.68,1:06.90,,"5.56m (-1.3) 18' 3""",,,,,,"1.82m 5' 11.5""",,,,,,,,,,,,,,,,,,,,,,,,,,,,,,,,,,,,,,,,,,,,,,,,,,,,,,,,,,,20.85,,,,,,,,,,,,,,,,,,,,,,,,,,,,,,,,,,,,,,,,,,,,,,
8691776,Samuel Ogazi,ALABAMA,m,,,,,,,,,,,,,,,,,20.54 (+0.0),34.11,43.82,,,,,,,,,,,,,,,,,,,,,,,,,,,,,,,,,,,,,,,,,,,,,,,,,,,,,,,,,,,,,,,,,,,,,,,,,,,,,,,,,,,,,,,,,,,,,,,,,,,,,,,,,,,,,,,,,
7919013,Graham Blanks,HARVARD,,,,3:56.63,,17:39.3,,,12:59.89,,22:14.6,28:37.2,2:23.16,7:44.76,,,,,,,,,,28:15.90,,,,,,,,,,,,,,,,,,,,,,,,,,,,,,,,,,,,,,,,,,,,,,,,,,,,,,,,,,,,,,,,,,,,,,,,,,,,,,,,,,,,,,,,,,,,,,,,,,,,,,,,,,,,,
8620038,Pierre Attiogbe,CORNELL,m,,,3:52.44,15:28.1,,,3:36.69,13:37.70,,23:06.9,30:08.6,2:21.52,7:51.84,,,,,,,,,,,,,,,,,,,,,,,,,,,,,,,,,,,,,,,,,,,,,,,,,,,,,,,,,,,,,,,,,,,,,,,,,,,,,,,,,,,,,,,,,,,,,,,,,,,,,,,,,,,,,,,,,,,,,,,
8365128,Kevin Grubbs,MISS STATE,m,,,,,,,,,,,,,,,,,,,,,,,,,,,,"60' 11.5"" 18.58m",,,,,"199' 11"" 60.93m",,,,,,,,,,,,,,,,,,,,,,,,,,,,,,,,,,,,,,,,,,,,,,,,,,,,,,,,,,,,,,,,,,,,,,,,,,,,,,,,,,,,,,,,,,,,,,,,,,,
8601765,Ondrej Gajdos,TEXAS A&M,m,,1:47.64,3:58.69,,,,3:43.36,,,23:54.0,,2:23.30,,,,,,,,,,,,,,,,,,,,,,,,,,,,,,,,,,,,,,,,,,,,,,,,,,,,,,,,,,,,,,,,,,,,,,,,,,,,,,,,,,,,,,,,,,,,,,,,,,,,,,,,,,,,,,,,,,,,,,,,
8676208,Cherokee Chambers,ARMY WEST POINT,f,1:33.45,2:02.93,,19:38.1,,,,,,,,,,,,,25.84 (1.8),42.22,55.93,,,,,,,,,,,,,,,,,,,1:12.99,,,,,,,,,,,,,,,,,,,,,,,,,,,,,,,,,,,,,,,,,,,,,,,,,,,,,,,,,,,,,,,,,,,,,,,,,,,,,,,,,,,,,,,,,,,,,,
9237568,Colin O'Malley,DUKE,m,,,,,,,,,,,,,,,6.92,10.53 (2.3),21.29 (0.1),,,,,,,,,,,,,,,,,,,,,,,,,,,,,,,,,,,,,,,,,,,,,,,,,,,,,,,,,,,,,,,,,,,,,,,,,,,,,,,,,,,,,,,,,,,,,,,,,,,,,,,,,,,,,,,,,,,
8936392,Nicholas Kipchirchir,VIRGINIA TECH,m,,,,,17:43.5,,,13:32.47,,22:41.9,29:43.6,,8:03.53,,,,,,,,,,28:22.51,,,,,,,,,,,,,,,,,,,,,,,,,,,,,,,,,,,,,,,,,,,,,,,,,,,,,,,,,,,,,,,,,,,,,,,,,,,,,,,,,,,,,,,,,,,,,,,,,,,,,,,,,,,,,
7917518,Katelyn Stewart-Barnett,MICHIGAN STATE,f,,2:07.15,4:34.64,17:31.3,20:13.8,,4:12.65,,9:33.21,,,,9:31.10,,,,,,,,,,,,,,,,,,,,,,,,,,,,,,,,,,,,,,,,,,,,,,,,,,,,,,,,,,,,,,,,,,,,,,,,,,,,,,,,,,,,,,,,,,,,,,,,,,,,,,,,,,,,,,,,,,,,,,,
8246879,Matthew Newell,NAVY,m,,1:50.90,3:59.33,16:27.9,19:35.1,,3:40.61,14:50.69,,23:49.8,30:28.6,2:23.44,,,,,,,,,,,,,,,,,,,,,,,,,,,,,,,,,,,,,,,,,,,,,,,,,,,,,,,,,,,,,,,,,,,,,,,,,,,,,,,,,24:23.3,,,,,,,,,,,,,,,,,,,,,,,,,,,,,,,,,,,,,,,
8675424,Morgan Graham,MARYLAND,f,,,,,,,,,,,,,,,,,,,,,,,,,,,,,,,,,"55.49m 182' 1""","62.27m 204' 3""","18.95m 62' 2.25""",,,,,,,,,,,,,,,,,,,,,,,,,,,,,,,,,,,,,,,,,,,,,,,,,,,,,,,,,,,,,,,,,,,,,,,,,,,,,,,,,,,,,,,,,,,,,,,,,
7974466,Johnny Brackins,USC,,,,,,,,,,,,,,,,6.81,,21.10 (2.0),,46.40,,"8.30m (4.0) 27' 2.75""","15.69m 51' 5.75""",,7.43,,49.04,,,,,,13.37 (0.2),,,,,,,,,,,,,,,,,,,,,,,,,,,,,,,,,,,,,,,,,,,,,,,,,,,,,,,,,,,,,,,,,,,,,,,,,,,,,,,,,,,,,,,,,,,,,,,,,,,,
7989903,Apalos Edwards,KANSAS STATE,,,,,,,,,,,,,,,,,,,,,,"7.52m 24' 8.25""","16.84m 55' 3""",,,,,,,,,,,,,,,,,,,,,,,,,,,,,,,,,,,,,,,,,,,,,,,,,,,,,,,,,,,,,,,,,,,,,,,,,,,,,,,,,,,,,,,,,,,,,,,,,,,,,,,,,,,,,,
7888089,Paul Talens,GONZAGA,m,,,4:11.15,,18:42.6,,3:49.30,14:26.78,8:47.19,23:56.2,29:58.4,,8:27.77,,,,,,,,,,,,,,,,,,,,,,,,,,,,,,,,,,,,,,,,,,,,,5:52.60,,,,,,,,,,,,,,,,,,,,,,,,,,,,,,,,,,,,,,,,,,,,,,,,,,,,,,,,,,,,,,,,,,,,,,,,,,
6583377,Lauren Hoffman,DUKE,,1:31.68,,,,,,,,,,,,,,8.30,,24.26,38.45,53.76,,,,,8.54,13.72 (2.5),55.47,,,,,,,,,,,,1:11.97,,,,,,,,,,,,,,,,,,,,,,,,,,,,,,,,,,,,,,,,,,,,,,,,,,,,,,,,,,,,,,,,,,,,,,,,,,,,,,,,,,,,,,,,,,,,,,
8246603,Tenly Kuhn,BAYLOR,f,,,,,,,,,,,,,,,,,,,,,,,,,,,,,,,"4.53m 14' 10.25""",,,,,,,,,,,,,,,,,,,,,,,,,,,,,,,,,,,,,,,,,,,,,,,,,,,,,,,,,,,,,,,,,,,,,,,,,,,,,,,,,,,,,,,,,,,,,,,,,,,,,
9097995,Princesse Hyman,LSU,f,,,,,,,,,,,,,,,,,,,,,,,,,,,,"14.06m 46' 1.5""",,,,,"59.90m 196' 6""",,,,,,,,,,,,,,,,,,,,,,,,,,,,,,,,,,,,,,,,,,,,,,,,,,,,,,,,,,,,,,,,,,,,,,,,,,,,,,,,,,,,,,,,,,,,,,,,,,,
8716141,Taylor Fingers,OKLAHOMA,f,,,,,,,,,,,,,,,,,,,,,"6.04m (1.4) 19' 9.75""","13.11m (4.7) 43' 0.25""",,,,,,,,,,,,,,,,,,,,,,,,,,,,,,,,,,,,,,,,,,,,,,,,,,,,,,,,,,,,,,,,,,,,,,,,,,,,,,,,,,,,,,,,,,,,,,,,,,,,,,,,,,,,,,
8672532,Maya Clark,CHARLESTON SOUTHERN,f,1:32.38,2:22.63,,,,,,,,,,,,,,,24.23 (2.4),42.39,53.63,,,,,,,1:04.67,,,,,,,,,,,,,,,,,,,,,,,,,,,,,,,,,,,,,,,,,,,,,,,,,,,,,,,,,,,,,,,,,,,,,,,,,,,,,,,,,,,,,,,,,,,,,,,,,,,,,,,,,,
8765896,Lilly Urban,NEVADA,f,,2:33.75,,,,,,,,,,,,,,,26.67 (2.6),,,"56.89m 186' 8""","5.51m (0.7) 18' 1""",,,9.41,15.35 (+0.0),,"1.53m 5' 0.25""","11.04m 36' 2.75""",3200,5051,,,,,,,,,,,,,,,,,,,,,,,,,,,,,,,,,,,,,,,,,,,,,,,,,,,,,,,,,,,,,,,,,,,,,,,,,,,,,,,,,,,,,,,,,,,,,,,,,,,,,,
8011545,Aasia Laurencin,MICHIGAN,,,,,,,,,,,,,,,,7.48,11.80 (-0.4),24.10 (0.9),,,,,,,7.97,12.67 (2.6),,,,,,,,,,,,,,,,,,,,,,,,,,,,,,,,,,,,,,,,,,,,,,,,,,,,,,,,,,,,,,,,,,,,,,,,,,,,,,,,,,,,,,,,,,,,,,,,,,,,,,,,,,,
6992937,Arianna Fisher,MISSOURI,,,,,,,,,,,,,,,,7.61,11.76 (0.5),,,,,"5.55m 18' 2.5""","14.06m 46' 1.5""",,,,,,,,,,,,,,,,,,,,,,,,,,,,,,,,,,,,,,,,,,,,,,,,,,,,,,,,,,,,,,,,,,,,,,,,,,,,,,,,,,,,,,,,,,,,,,,,,,,,,,,,,,,,,,
9271922,Grace Cunningham,ARIZONA STATE,f,,,,,,,,,,,,,,,,,,,,,,,,,,,"1.79m 5' 10.5""",,,,,,,,,,,,,,,,,,,,,,,,,,,,,,,,,,,,,,,,,,,,,,,,,,,,,,,,,,,,,,,,,,,,,,,,,,,,,,,,,,,,,,,,,,,,,,,,,,,,,,,,,
9279807,Muhammed Ahmed,WASHINGTON ST.,m,,,4:19.85,,,,4:01.47,13:59.87,,,,,8:22.25,,,,,,,,,,28:49.08,,,,,,,,,,,,,,,,,,,,,,,,,,,,,,,,,,,,,,,,,,,,,,,,,,,,,,,,,,,,,,,,,,,,,,,,,,,,,,,,,,,,,,,,,,,,,,,,,,,,,,,,,,,,,
7483728,Robbie Grace,WAKE FOREST,,,,,,,,,,,,,,,,8.21,,26.00 (0.8),,,"35.55m 116' 7""","6.38m (2.0) 20' 11.25""","11.91m 39' 1""",,,,,,,,,,,,,,,,,,,,,,,,,,,,,,,,,,,,,,,,,,,,,,,,,,,,,,,,,,,,,,,,,,,,,,,,,,,,,,,,,,,,,,,,,,,,,,,,,,,,,,,,,,,,,,
7930954,Michaela Rose,LSU,,1:25.75,1:58.12,4:38.64,16:41.4,19:55.2,,4:10.38,,,,,,,9:34.3,,,,,53.16,,,,,,,57.62,,,,,,,,,,,,,,,1:16.76,,,,,,,,,,,,,,,,,,,,,,,,,,,,,,,,,,,,,,,,,,,,,,,,,,,,,,,,,,,,,,,,,,,,,,,,,,,,,,,,,,,,,,,,,,,
6993760,Zach Bradford,TEXAS TECH,,,,,,,,,,,,,,,,,,,,,,,"32' 7"" 9.93m",,,,,,,,,"5.91m 19' 4.75""",,,,,,,,,,,,,,,,,,,,,,,,,,,,,,,,,,,,,,,,,,,,,,,,,,,,,,,,,,,,,,,,,,,,,,,,,,,,,,,,,,,,,,,,,,,,,,,,,,,,,
8906548,Anthony Fasthorse,OREGON,m,,,4:07.38,,,,3:40.29,13:45.68,,24:35.8,,,7:55.71,,,,,,,,,,,,,,,,,,,,,,,,,,,,,,,,,,,,,,,,,,,,,,,,,,,,,,,,,,,,,,,,,,,,,,,,,,,,,,,,,,,,,,,,,,,,,,,,,,,,,,,,,,,,,,,,,,,,,,,
9098226,Charles Sexton,PRINCETON,m,,,,,,,,,,,,,,,6.68,10.31 (1.8),20.93 (0.8),,,,,,,,,,,,,,,,,,,,,,,,,,,,,,,,,,,,,,,,,,,,,,,,,,,,,,,,,,,,,,,,,,,,,,,,,,,,,,,,,,,,,,,,,,,,,,,,,,,,,,,,,,,,,,,,,,,
7993231,Fanny Arendt,TEXAS TECH,f,,2:00.91,,,,,,,,,,2:49.67,,,,,,,52.84,,,,,,,,,,,,,,,,,,,,,,1:22.00,,,,,,,,,,,,,,,,,,,,,,,,,,,,,,,,,,,,,,,,,,,,,,,,,,,,,,,,,,,,,,,,,,,,,,,,,,,,,,,,,,,,,,,,,,,
8656082,Shaun Thomas,HIGH POINT,m,,,,,,,,,,,,,,,,,,,,,,,,,,,"2.15m 7' 0.5""",,,,,,,,,,,,,,,,,,,,,,,,,,,,,,,,,,,,,,,,,,,,,,,,,,,,,,,,,,,,,,,,,,,,,,,,,,,,,,,,,,,,,,,,,,,,,,,,,,,,,,,,,
7787694,Omamuyovwi Erhire,TEXAS TECH,,,,,,,,,,,,,,,,,,,,,,,"16.37m (2.1) 53' 8.5""",,,,,"2.23m 7' 3.75""",,,,,,,,,,,,,,,,,,,,,,,,,,,,,,,,,,,,,,,,,,,,,,,,,,,,,,,,,,,,,,,,,,,,,,,,,,,,,,,,,,,,,,,,,,,,,,,,,,,,,,,,,
8320758,Canyon Hall,ARMY WEST POINT,m,,,,,,,4:54.13,,,,,2:54.08,,,7.23,11.09 (1.9),24.86 (1.4),,52.49,"52.43m 172' 0""","6.81m (1.4) 22' 4.25""",,,8.32,,,"1.74m 5' 8.5""","15.05m 49' 4.5""",3547,5065,"4.60m 15' 1""",15.00 (1.4),"43.36m 142' 3""",,,6892,,,,,,,,,,,,,,,,,,,,,,,,,,,,,,,,,,,,,,,,,,,,,,,,,,,,,,,,,,,,,,,,,,,,,,,,,,,,,,,,,,,,,,,,,,,,,,,,
8715628,Bryson Miller,EAST CAROLINA,m,,,,,,,,,,,,,,,6.80,10.29 (4.2),20.88 (-0.1),,45.71,,,,,,,,,,,,,,,,,,,,,,,,,,,,,,,,,,,,,,,,,,,,,,,,,,,,,,,,,,,,,,,,,,,,,,,,,,,,,,,,,,,,,,,,,,,,,,,,,,,,,,,,,,,,,,,,,
7482569,Megan Albamonti,ALABAMA,,,,,,,,,,,,,,,,,,,,,"55.78m 183' 0""",,,,,,,,,,,,,,,,,,,,,,,,,,,,,,,,,,,,,,,,,,,,,,,,,,,,,,,,,,,,,,,,,,,,,,,,,,,,,,,,,,,,,,,,,,,,,,,,,,,,,,,,,,,,,,,,
9265577,Kaliyah Poston,UT-RIO GRANDE VALLEY,f,,,,,,,,,,,,,,,7.54,11.60 (0.8),23.34 (1.8),,,,,,,,,,,,,,,,,,,,,,,,,,,,,,,,,,,,,,,,,,,,,,,,,,,,,,,,,,,,,,,,,,,,,,,,,,,,,,,,,,,,,,,,,,,,,,,,,,,,,,,,,,,,,,,,,,,
7520143,Chastity Pickett,CAMPBELL,,,2:30.59,,,,,,,,,,,,,7.42,,23.33 (3.4),,55.17,,,,,8.21,12.94 (1.9),55.70,,,,,,,,,,,,,,,,,,,,,,,,,,,,,,,,,,,,,,,,,,,,,,,,,,,,,,,,,,,,,,,,,,,,,,,,,,,,,,,,,,,,,,,,,,,,,,,,,,,,,,,,,,
9273636,Aiden Sheffield,TEXAS STATE,m,,,,,,,,,,,,,,,6.84,10.39 (4.4),21.20 (2.4),,49.22,,,,,,,,,,,,,,,,,,,,,,,,,,,,,,,,,,,,,,,,,,,,,,,,,,,,,,,,,,,,,,,,,,,,,,,,,,,,,,,,,,,,,,,,,,,,,,,,,,,,,,,,,,,,,,,,,
9293462,Nick Busienei,ARKANSAS,m,,,,,,,3:42.59,13:21.80,,,,,7:49.54,,,,,,,,,,,,,,,,,,,,,,,,,,,,,,,,,,,,,,,,,,,,,,,,,,,,,,,,,,,,,,,,,,,,,,,,,,,,,,,,,,,,,,,,,,,,,,,,,,,,,,,,,,,,,,,,,,,,,,,
8673509,Kai Graves-Blanks,OREGON,m,,,,,,,,,,,,,,,6.86,10.63 (0.8),20.59 (-1.1),,,,,,,7.62,,,,,,,,13.28 (1.8),,,,,,,,,,,,,,,,,,,,,,,,,,,,,,,,,,,,,,,,,,,,,,,,,,,,,,,,,,,,,,,,,,,,,,,,,,,,,,,,,,,,,,,,,,,,,,,,,,,,
8343519,Chrstyn John,USC,,,,,,,,,,,,,,,,6.46,10.06 (2.4),,,,,"8.37m (4.2) 27' 5.5""","15.02m (1.6) 49' 3.5""",,,,,,,,,,,,,,,,,,,,,,,,,,,,,,,,,,,,,,,,,,,,,,,,,,,,,,,,,,,,,,,,,,,,,,,,,,,,,,,,,,,,,,,,,,,,,,,,,,,,,,,,,,,,,,
8368649,Ivan Lytovchenko,MANHATTAN,m,,,,,,,,,,,,,,,,,,,,,"7.16m (+0.0) 23' 6""","13.91m 45' 7.75""",,,,,"2.11m 6' 11""",,,,,,,,,,,,,,,,,,,,,,,,,,,,,,,,,,,,,,,,,,,,,,,,,,,,,,,,,,,,,,,,,,,,,,,,,,,,,,,,,,,,,,,,,,,,,,,,,,,,,,,,,
9250506,Aurelien Radja,WAKE FOREST,m,,,,,,,,13:29.86,,,,,7:45.86,,,,,,,,,,,,,,,,,,,,,,,,,,,,,,,,,,,,,,,,,,,,,,,,,,,,,,,,,,,,,,,,,,,,,,,,,,,,,,,,,,,,,,,,,,,,,,,,,,,,,,,,,,,,,,,,,,,,,,,
7496245,Connor Schulman,TEXAS A&M,,,,,,,,,,,,,,,,6.86,10.72 (-0.6),21.78 (0.1),,,,,,,7.59,,,,,,,,13.33 (1.1),,,,,,,,,,,,,,,,,,,,,,,,,,,,,,,,,,,,,,,,,,,,,,,,,,,,,,,,,,,,,,,,,,,,,,,,,,,,,,,,,,,,,,,,,,,,,,,,,,,,
9277225,Eliska Zahradnickova,NORTHWESTERN ST.,f,,,,,,,,,,,,,,,,,,,,,,,,,,,,"14.61m 47' 11.25""",,,,,"52.69m 172' 10""",,,,,,,,,,,,,,,,,,,,,,,,,,,,,,,,,,,,,,,,,,,,,,,,,,,,,,,,,,,,,,,,,,,,,,,,,,,,,,,,,,,,,,,,,,,,,,,,,,,
7487907,Carey Mcleod,ARKANSAS,,,,,,,,,,,,,,,,6.78,,,,,,"8.40m 27' 6.75""","17.17m 56' 4""",,,,,,,,,,,,,,,,,,,,,,,,,,,,,,,,,,,,,,,,,,,,,,,,,,,,,,,,,,,,,,,,,,,,,,,,,,,,,,,,,,,,,,,,,,,,,,,,,,,,,,,,,,,,,,
9242491,Elizabeth Bailey,VANDERBILT,f,,,,,,,,,,,,,,,,,,,,"54.22m 177' 11""",,,,,,,,"13.32m 43' 8.5""",,,,,"38.74m 127' 1""",,,,,,,,,,,,,,,,,,,,,,,,,,,,,,,,,,,,,,,,,,,,,,,,,,,,,,,,,,,,,,,,,,,,,,,,,,,,,,,,,,,,,,,,,,,,,,,,,,,
7893796,Evan Sanni-Thomas,TULSA,m,,,,,,,,,,,,,,,7.14,10.93 (0.4),21.04 (+0.0),33.40,46.12,,,,,,,,,,,,,,,,,,,,,,1:10.20,,,,,,,,,,,,,,,,,,,,,,,,,,,,,,,,,,,,,,,,,,,,,,,,,,,,,,,,,,,,,,,,,,,,,,,,,,,,,,,,,,,,,,,,,,,
9014596,Saira Prince,ARKANSAS,f,,,,,,,,,,,,,,,,,23.90,37.56,52.62,,,,,8.13,13.20 (3.2),55.16,,,,,,,,,,,,,,,,,,,,,,39.63,,,,,,,,,,,,,,,,,,,,,,,,,,,,,,,,,,,,,,,,,,,,,,,,,,,,,,,,,,,,,,,,,,,,,,,,,,,,,,,,,,,,
6547485,Taran Taylor,WICHITA STATE,,,,,,,,,,,,,,,,,10.99,23.05,,,"78.76m 258' 5""",,,,,,,"5' 2"" 1.57m",,,,,,,,,,,,,,,,,,,,,,,,,,,,,,,,,,,,,,,,,,,,,,,,,,,,,,,,,,,,,,,,,,,,,,,,,,,,,,,,,,,,,,,,,,,,,,,,,,,,,,,,,
8246880,Jackson Nguyen,NAVY,m,,,,16:22.7,19:07.9,,,13:59.65,,23:33.8,30:07.8,,8:05.93,,,,,,,,,,29:06.68,,,,,,,,,,,,,,,,,,,,,,,,,,,,,25:26.1,,,,,,,,,,,,,,,,,,,,,,,,,,,,,,,,,,,,,,,,,23:54.1,26:00.7,,,,,,,,,,,,,,,,,,,,,,,,,,,,,,,,,,,,,,
7974470,Laurenz Colbert,BAYLOR,m,,,,,,,,,,,,,,,6.60,10.09 (2.6),20.18 (-0.1),,,,,,,,,,,,,,,,,,,,,,,,,,,,,,,,,,,,,,,,,,,,,,,,,,,,,,,,,,,,,,,,,,,,,,,,,,,,,,,,,,,,,,,,,,,,,,,,,,,,,,,,,,,,,,,,,,,
9366613,Trinity Shadd-Ceres,CREIGHTON,f,,,,,,,,,,,,,,,,,,,,,"6.44m (1.1) 21' 1.5""",,,,,,,,,,,,,,,,,,,,,,,,,,,,,,,,,,,,,,,,,,,,,,,,,,,,,,,,,,,,,,,,,,,,,,,,,,,,,,,,,,,,,,,,,,,,,,,,,,,,,,,,,,,,,,,
7690419,Rhasidat Adeleke,TEXAS,,,,,,,,,,,,,,,,7.17,11.27 (2.4),22.34 (1.8),36.87,49.20,,,,,,,,,,,,,,,,,,,,,,,,,,,,,,,,,,,,,,,,,,,,,,,,,,,,,,,,,,,,,,,,,,,,,,,,,,,,,,,,,,,,,,,,,,,,,,,,,,,,,,,,,,,,,,,,,
9242887,Ty'Yanah Adams,FLORIDA A&M,f,,,,,,,,,,,,,,,7.55,,,,,,,,,8.26,13.07 (1.0),,,,,,,,,,,,,,,,,,,,,,,,,,,,,,,,,,,,,,,,,,,,,,,,,,,,,,,,,,,,,,,,,,,,,,,,,,,,,,,,,,,,,,,,,,,,,,,,,,,,,,,,,,,
8312003,Katie Chapman,OKLAHOMA STATE,f,,2:29.35,,,,,,,,,,,,,,11.99 (0.9),24.56 (2.6),,,"39.92m 131' 0""","5.92m (1.3) 19' 5.25""",,,8.45,13.47 (2.6),,"1.67m 5' 5.75""","13.48m 44' 2.75""",3799,5586,,,,,,,,,,,,,,,,,,,,,,,,,,,,,,,,,,,,,,,,,,,,,,,,,,,,,,,,,,,,,,,,,,,,,,,,,,,,,,,,,,,,,,,,,,,,,,,,,,,,,,
9006114,Gregory Lapit,ALABAMA,m,,,,,,,,,,,,,,,,,,,47.25,,,,,,,,,,,,,,,,,,,,,,,,,,,,,,,,,,,,,,,,,,,,,,,,,,,,,,,,,,,,,,,,,,,,,,,,,,,,,,,,,,,,,,,,,,,,,,,,,,,,,,,,,,,,,,,,,
9252184,Otenidi Omot,MARSHALL,m,,,,,,,,,,,,,,,,,,,,,,"15.64m (2.8) 51' 3.75""",,,,,"2.05m 6' 8.75""",,,,,,,,,,,,,,,,,,,,,,,,,,,,,,,,,,,,,,,,,,,,,,,,,,,,,,,,,,,,,,,,,,,,,,,,,,,,,,,,,,,,,,,,,,,,,,,,,,,,,,,,,
8980499,Tahir Hines,GEORGIA TECH,m,,,,,,,,,,,,,,,,,,,,,,,,,,,,"13.87m 45' 6.25""",,,,,"47.27m 155' 1""","64.50m 211' 7""","19.80m 64' 11.5""",,,,,,,,,,,,,,,,,,,,,,,,,,,,,,,,,,,,,,,,,,,,,,,,,,,,,,,,,,,,,,,,,,,,,,,,,,,,,,,,,,,,,,,,,,,,,,,,,
9098375,Tuomas Nã¤Rhi,MISS STATE,m,,,,,,,,,,,,,,,,,,,,"74.89m 245' 8""",,,,,,,,,,,,,,"53.10m 174' 2""",,,,,,,,,,,,,,,,,,,,,,,,,,,,,,,,,,,,,,,,,,,,,,,,,,,,,,,,,,,,,,,,,,,,,,,,,,,,,,,,,,,,,,,,,,,,,,,,,,
7722926,Navasky Anderson,MISS STATE,,,1:45.02,4:05.63,,,,3:46.82,,,,,,,,,,,,49.59,,,,,,,,,,,,,,,,,,,1:06.10,,,,,,,,,,,,,,,,,,,,,,,,,,,,,,,,,,,,,,,,,,,,,,,,,,,,,,,,,,,,,,,,,,,,,,,,,,,,,,,,,,,,,,,,,,,,,,
6533951,Kaleb Siekmeier,MINNESOTA,,,,,,,,,,,,,,,,,,,,,"42.63m 139' 10""",,,,,,,,"15.93m 52' 3.25""",,,,,"59.99m 196' 10""","64.44m 211' 5""","22.22m 72' 11""",,,,,,,,,,,,,,,,,,,,,,,,,,,,,,,,,,,,,,,,,,,,,,,,,,,,,,,,,,,,,,,,,,,,,,,,,,,,,,,,,,,,,,,,,,,,,,,,,
9281633,Adeyah Brewster,LSU,f,,,,,,,,,,,,,,,7.57,11.43 (5.5),,,,,"6.20m (0.9) 20' 4.25""",,,8.18,12.86 (0.4),,,,,,,,,,,,,,,,,,,,,,,,,,,,,,,,,,,,,,,,,,,,,,,,,,,,,,,,,,,,,,,,,,,,,,,,,,,,,,,,,,,,,,,,,,,,,,,,,,,,,,,,,,,
6574473,Madi Malone,AUBURN,,,,,,,,,,,,,,,,,,,,,,,,,,,,,,,,,,"42.07m 138' 0""","72.37m 237' 5""","23.32m 76' 6.25""",,,,,,,,,,,,,,,,,,,,,,,,,,,,,,,,,,,,,,,,,,,,,,,,,,,,,,,,,,,,,,,,,,,,,,,,,,,,,,,,,,,,,,,,,,,,,,,,,
7487638,Charity Hufnagel,KENTUCKY,,,2:16.73,,,,,,,,,,,,,,,24.54 (2.2),,,"36.74m 120' 6""","5.96m (0.9) 19' 6.75""",,,8.67,13.74 (1.1),,"1.93m 6' 4""","13.43m 44' 0.75""",4315,5914,,,,,,,,,,,,,,,,,,,,,,,,,,,,,,,,,,,,,,,,,,,,,,,,,,,,,,,,,,,,,,,,,,,,,,,,,,,,,,,,,,,,,,,,,,,,,,,,,,,,,,
8209604,Jake Schaefer,WISCONSIN,m,,,,,,,,,,,,,,,,,,,,,,,,,,,,,,,,,"57.21m 187' 8""",,"18.10m 59' 4.75""",,,,,,,,,,,,,,,,,,,,,,,,,,,,,,,,,,,,,,,,,,,,,,,,,,,,,,,,,,,,,,,,,,,,,,,,,,,,,,,,,,,,,,,,,,,,,,,,,
7537813,Phillip Lemonious,ARKANSAS,,,,,,,,,,,,,,,,,,21.51,,,,,,,7.54,,58.44,,,,,,13.24 (1.8),,,,,,,,,,,,,,,,,,,,,,,,,,,,,,,,,,,,,,,,,,,,,,,,,,,,,,,,,,,,,,,,,,,,,,,,,,,,,,,,,,,,,,,,,,,,,,,,,,,,
9019961,Sharvis Simmonds,CLEMSON,m,,,,,,,,,,,,,,,,,,34.62,,,,,,7.65,,53.02,,,,,,13.37 (0.7),,,,,,,,,,,,,,,,,,,,,,,,,,,,,,,,,,,,,,,,,,,,,,,,,,,,,,,,,,,,,,,,,,,,,,,,,,,,,,,,,,,,,,,,,,,,,,,,,,,,
8710083,Ines Lopez,ARIZONA STATE,f,,,,,,,,,,,,,,,,,,,,,,,,,,,,"16.51m 54' 2""",,,,,"60.57m 198' 9""",,"17.75m 58' 3""",,,,,,,,,,,,,,,,,,,,,,,,,,,,,,,,,,,,,,,,,,,,,,,,,,,,,,,,,,,,,,,,,,,,,,,,,,,,,,,,,,,,,,,,,,,,,,,,,
8037877,Eddie Kurjak,GEORGIA,,,,,,,,,,,,,,,,,,,,,,"7.33m 24' 0.75""","15.28m 50' 1.75""",,,,,"2.20m 7' 2.5""",,,,,,,,,,,,,,,,,,,,,,,,,,,,,,,,,,,,,,,,,,,,,,,,,,,,,,,,,,,,,,,,,,,,,,,,,,,,,,,,,,,,,,,,,,,,,,,,,,,,,,,,,
8989207,Serena Blackwood,MURRAY STATE,f,,,,,,,,,,,,,,,7.35,11.27 (3.7),23.41 (4.2),,,,,,,,,,,,,,,,,,,,,,,,,,,,,,,,,,,,,,,,,,,,,,,,,,,,,,,,,,,,,,,,,,,,,,,,,,,,,,,,,,,,,,,,,,,,,,,,,,,,,,,,,,,,,,,,,,,
9007990,Sultan Bakare,RICE,m,,,,,,,,,,,,,,,,,,,,,,,,,,,,"18.27m 59' 11.25""",,,,,"44.46m 145' 10""","64.24m 210' 9""","21.53m 70' 7.75""",,,,,,,,,,,,,,,,,,,,,,,,,,,,,,,,,,,,,,,,,,,,,,,,,,,,,,,,,,,,,,,,,,,,,,,,,,,,,,,,,,,,,,,,,,,,,,,,,
8022726,Jenneil Jacobie,EAST TEXAS A&M,f,,,,,,,,,,,,,,,,,,,,,,,,,,,"1.87m 6' 1.5""",,,,,,,,,,,,,,,,,,,,,,,,,,,,,,,,,,,,,,,,,,,,,,,,,,,,,,,,,,,,,,,,,,,,,,,,,,,,,,,,,,,,,,,,,,,,,,,,,,,,,,,,,
6997735,Sakari Famous,MCNEESE STATE,,,,,,,,,,,,,,,,,13.15 (1.5),,,,,,,,,,,"1.84m 6' 0.5""",,,,,,,,,,,,,,,,,,,,,,,,,,,,,,,,,,,,,,,,,,,,,,,,,,,,,,,,,,,,,,,,,,,,,,,,,,,,,,,,,,,,,,,,,,,,,,,,,,,,,,,,,
8975420,Kendall Ward,GEORGIA TECH,f,,,,,,,,,,,,,,,,,24.91 (-0.3),,,,,,,,,,"1.79m 5' 10.5""",,,,,,,,,,,,,,,,,,,,,,,,,,,,,,,,,,,,,,,,,,,,,,,,,,,,,,,,,,,,,,,,,,,,,,,,,,,,,,,,,,,,,,,,,,,,,,,,,,,,,,,,,
9299346,Catalina Teran,UC IRVINE,f,,,,,,,,,,,,,,,,11.64 (0.3),23.61 (1.4),,55.32,,,,,,,,,,,,,,,,,,,,,,,,,,,,,,,,,,,,,,,,,,,,,,,,,,,,,,,,,,,,,,,,,,,,,,,,,,,,,,,,,,,,,,,,,,,,,,,,,,,,,,,,,,,,,,,,,
8242343,Carter Fitzgerald,PENN STATE,m,1:16.53,1:47.25,,,,,,,,,,,,,,,,,47.09,,,,,,,,,,,,,,,,,,,1:01.97,,,,,,,,,,,,,,,,,,,,,,,,,,,,,,,,,,,,,,,,,,,,,,,,,,,,,,,,,,,,,,,,,,,,,,,,,,,,,,,,,,,,,,,,,,,,,,
8029490,Jerome Campbell,ARKANSAS,m,,,,,,,,,,,,,,,6.64,10.12 (1.1),20.71 (+0.0),34.42,,,"6.22m 20' 5""",,,7.48,,,,,,,,13.23 (1.7),,,,,,,,,,,,,,,,,,,,,,,,,,,,,,,,,,,,,,,,,,,,,,,,,,,,,,,,,,,,,,,,,,,,,,,,,,,,,,,,,,,,,,,,,,,,,,,,,,,,
8364543,Akari Isaac,FLORIDA,f,,,,,,,,,,,,,,,,,,,,,,,,,,,,,,,,,"56.77m 186' 3""",,,,,,,,,,,,,,,,,,,,,,,,,,,,,,,,,,,,,,,,,,,,,,,,,,,,,,,,,,,,,,,,,,,,,,,,,,,,,,,,,,,,,,,,,,,,,,,,,,,
9247040,Enazajah Young,UMBC,f,,,,,,,,,,,,,,,7.51,11.74 (2.3),,,,,,,,8.31,13.35 (2.0),,,,,,,,,,,,,,,,,,,,,,,,,,,,,,,,,,,,,,,,,,,,,,,,,,,,,,,,,,,,,,,,,,,,,,,,,,,,,,,,,,,,,,,,,,,,,,,,,,,,,,,,,,,
8987649,Faith Dennis,PITTSBURGH,f,,,,,,,,,,,,,,,7.49,11.66 (1.6),24.13 (3.4),39.12,,,,,,,,,,,,,,,,,,,,,,,,,,,,,,,,,,,,,,,,,,,,,,,,,,,,,,,,,,,,,,,,,,,,,,,,,,,,,,,,,,,,,,,,,,,,,,,,,,,,,,,,,,,,,,,,,,
9251340,Hannah Pfiffner,OKLAHOMA,f,,,,,,,,,,,,,,,,,,,,,,,,,,,"1.87m 6' 1.5""",,,,,,,,,,,,,,,,,,,,,,,,,,,,,,,,,,,,,,,,,,,,,,,,,,,,,,,,,,,,,,,,,,,,,,,,,,,,,,,,,,,,,,,,,,,,,,,,,,,,,,,,,
7815743,Maggi Congdon,NORTHERN ARIZONA,,1:27.37,2:00.27,4:27.77,,,,4:05.73,16:02.61,,,,,9:15.67,,,,,,53.73,,,,,,,,,,,,,,,,,,,,,,,,,,,,,,,,,,,,,,,,,,,,,,,,,,,,,,,,,,,,,,,,,,,,,,,,,,,,,,,,,,,,,,,,,,,,,,,,,,,,,,,,,,,,,,,,,
8330963,Nolan Recker,YALE,m,,,,,,,,,,,,,,,,,,,,"30.47m 100' 0""",,,,,,,,"15.97m 52' 4.75""",,,,,"52.87m 173' 5""","62.59m 205' 4""","21.04m 69' 0.5""",,,,,,,,,,,,,,,,,,,,,,,,,,,,,,,,,,,,,,,,,,,,,,,,,,,,,,,,,,,,,,,,,,,,,,,,,,,,,,,,,,,,,,,,,,,,,,,,,
8325798,Caelyn Harris,ALABAMA,f,,,,,,,,,,,,,,,7.73,12.02 (3.6),,,,,"6.54m (2.2) 21' 5.5""",,,,,,,,,,,,,,,,,,,,,,,,,,,,,,,,,,,,,,,,,,,,,,,,,,,,,,,,,,,,,,,,,,,,,,,,,,,,,,,,,,,,,,,,,,,,,,,,,,,,,,,,,,,,,,,
8268086,James Corrigan,BYU,m,,,4:01.14,,,,3:41.71,13:25.46,8:16.41,22:29.7,29:19.8,,8:02.04,,,,,,,,,,,,,,,,,,,,,,,,,,,,,,,19:39.8,,,,,,,,,,,,,,,,,,,,,,,,,,,,,,,,,,,,,,,,,,,,,,,,,,,,,,,,,,,,,,,,,,,,,,,,,,,,,,,,,,,,,,,,
8674331,Stafon Roach,ULM,m,,,,,,,,,,,,,,,,,,,,,"7.53m 24' 8.5""","16.23m (3.0) 53' 3""",,,,,,,,,,,,,,,,,,,,,,,,,,,,,,,,,,,,,,,,,,,,,,,,,,,,,,,,,,,,,,,,,,,,,,,,,,,,,,,,,,,,,,,,,,,,,,,,,,,,,,,,,,,,,,
7728613,Javonte Harding,TENNESSEE,,,,,,,,,,,,,,,,6.64,9.98 (5.5),19.98 (0.6),34.10,,,,,,,,,,,,,,,,,,,,,,,,,,,,,,,,,,,,,,,,,,,,,,,,,,,,,,,,,,,,,,,,,,,,,,,,,,,,,,,,,,,,,,,,,,,,,,,,,,,,,,,,,,,,,,,,,,
9262070,Malia Campbell,FLORIDA,f,,,,,,,,,,,,,,,,,24.10 (1.4),,53.13,,,,,,,,,,,,,,,,,,,,,,,,,,,,,,,,,,,,,,,,,,,,,,,,,,,,,,,,,,,,,,,,,,,,,,,,,,,,,,,,,,,,,,,,,,,,,,,,,,,,,,,,,,,,,,,,,
8679503,Peace Omonzane,BOSTON UNIVERSITY,f,,,,,,,,,,,,,,,7.70,,,,,,"6.44m (1.0) 21' 1.5""","13.24m 43' 5.25""",,,,,,,,,,,,,,,,,,,,,,,,,,,,,,,,,,,,,,,,,,,,,,,,,,,,,,,,,,,,,,,,,,,,,,,,,,,,,,,,,,,,,,,,,,,,,,,,,,,,,,,,,,,,,,
8722776,Isabella Vally,UC SANTA BARBARA,f,,2:23.77,,,,,,,,,,,,,8.11,12.92 (1.3),24.94 (0.5),,59.18,"39.55m 129' 9""","5.71m (+0.0) 18' 9""",,,9.56,14.33 (1.9),,"1.58m 5' 2.25""","12.83m 42' 1.25""",3357,5268,,,,,,,,,,,,,,,,,,,,,,,,,,,,,,,,,,,,,,,,,,,,,,,,,,,,,,,,,,,,,,,,,,,,,,,,,,,,,,,,,,,,,,,,,,,,,,,,,,,,,,
8671076,Koi Wedderburn,SOUTHERN,m,,,,,,,,,,,,,,,7.37,11.35 (2.7),,,,,"7.69m (1.5) 25' 2.75""","14.30m (1.0) 46' 11""",,,,,,,,,,,,,,,,,,,,,,,,,,,,,,,,,,,,,,,,,,,,,,,,,,,,,,,,,,,,,,,,,,,,,,,,,,,,,,,,,,,,,,,,,,,,,,,,,,,,,,,,,,,,,,
7888162,Sophie Novak,NOTRE DAME,f,,2:03.14,4:26.09,16:23.9,20:01.1,,4:08.90,,9:24.95,,,,8:51.94,,,,,,,,,,,,,,,,,,,,,,,,,,,,,,,,,,,,,,,,,,,,,,,,,,,,,,,,,,,,,,,,,,,,,,,,,,,,,,,,,,,,,,,,,,,,,,,,,,,,,,,,,,,,,,,,,,,,,,,
7481168,Gabija Galvydyte,OKLAHOMA STATE,,1:28.48,2:00.11,4:32.84,18:45.3,20:12.5,,4:10.53,,,,,2:46.80,,,,,,,54.84,,,,,,,,,,,,,,,,,,,,,,1:22.59,,,,,,,,,,,,,,,,,,,,,,,,,,,,,,,,,,,,,,,,,,,,,,,,,,,,,,,,,,,,,,,,,,,,,,,,,,,,,,,,,,,,,,,,,,,
8269228,Ruby Krasnow,MAINE,f,,,4:57.05,17:44.5,21:03.0,,4:58.47,15:59.16,,,,,9:25.28,11:55.8,,,,,,,,,33:45.66,,,,,,,,,,,,,,,,,,,,,,18:33.9,,,,,,,,,,,,,,,,,,,,,,,,,,,,,,,,,,,,,,,,,,,,,,,,,,,,,,,,,,,,,,,,,,,,,,,,,,,,,,,,,,,,,,,
8987472,Demetria Henderson,EASTERN MICHIGAN,f,1:33.91,2:12.01,,,,,,,,,,,,,,13.77,25.47 (0.6),42.88,55.76,,"4.83m 15' 10.25""",,,,,,,,,,,,,,,,,,,,,,,,,,,,,,,,,,,,,,,,,,,,,,,,,,,,,,,,,,,,,,,,,,,,,,,,,,,,,,,,,,,,,,,,,,,,,,,,,,,,,,,,,,,,,,,
9020972,Mathew Kosgei,NEW MEXICO,,,,4:03.57,,,,3:44.68,13:37.11,8:22.13,23:07.1,29:13.8,,8:04.87,,,,,,,,,,,,,56.70,,,,,,,,,,,,,,,,,,,,,,,,,,,,,,,,,,,,,,,,,,,,,,,,,,,,,,,,,,,,,,,,,,,,,,,,,,,,,,,,,,,,,,,,,,,,,,,,,,,,,,,,,,
7945053,Bryn Woodall,FURMAN,m,,1:50.27,3:58.06,,,,3:39.91,14:00.11,,23:20.7,30:33.1,2:22.75,7:52.63,,,,,,,,,,,,,,,,,,,,,,,,,,,,,,,19:19.3,,,,,,,,,,,,,,,,,,,,,,,,,,,,,,,,,,,,,,,,,,,,,,,,,,,,,,,,,,,,,,,,,,,,,,,,,,,,,,,,,,,,,,,,
7983335,Dimitrios Pavlidis,KANSAS,,,,,,,,,,,,,,,,,,,,,,,,,,,,,"16.03m 52' 7.25""",,,,,"64.90m 212' 11""",,,,,,,,,,,,,,,,,,,,,,,,,,,,,,,,,,,,,,,,,,,,,,,,,,,,,,,,,,,,,,,,,,,,,,,,,,,,,,,,,,,,,,,,,,,,,,,,,,,
7981308,Daniel Falode,TEXAS A&M,m,,,,,,,,,,,,,,,,,,,,,,"16.39m (0.6) 53' 9.25""",,,,,,,,,,,,,,,,,,,,,,,,,,,,,,,,,,,,,,,,,,,,,,,,,,,,,,,,,,,,,,,,,,,,,,,,,,,,,,,,,,,,,,,,,,,,,,,,,,,,,,,,,,,,,,
8012328,Marshall Rasmussen,UTAH STATE,m,,,,,,,,,,,,,,,,,,,,,,"13.05m 42' 9.75""",,,,,,,,,"5.23m 17' 1.75""",,,,,,,,,,,,,,,,,,,,,,,,,,,,,,,,,,,,,,,,,,,,,,,,,,,,,,,,,,,,,,,,,,,,,,,,,,,,,,,,,,,,,,,,,,,,,,,,,,,,,
7480903,Haley Herberg,WASHINGTON,,,,4:38.08,17:04.2,19:02.5,16:42.5,4:18.65,15:31.14,,,,,9:11.49,,,,,,,,,,32:34.67,,,,,,,,,,,,,,,,,,,,,,,,,,,,,,,,,,,,,,,,,,,,,,,,,,,,,,,,,,,,,,,,,,,,,,,,,,,,,,,,,,,,,,,,,,,,,,,,,,,,,,,,,,,,,
8333973,Nimrit Ahuja,BROWN,f,,2:15.06,4:43.98,18:07.8,20:25.4,,4:32.50,16:03.52,10:03.23,,,2:59.88,9:22.72,,,,,,,,,,,,,,,,,,,,,,,,,,,,,,,,,,,,,,,,,,,,,,,,,,,,,,,,,,,,,,,,,,,,,,,,,,,,,,,,,,,,,,,,,,,,,,,,,,,,,,,,,,,,,,,,,,,,,,,
7996567,Emma Wapshare,VERMONT,f,,,,,,,,,,,,,,,,,,,,"50.83m 166' 9""",,,,,,,,"11.62m 38' 1.5""",,,,,,,,,,,,,,,,,,,,,,,,,,,,,,,,,,,,,,,,,,,,,,,,,,,,,,,,,,,,,,,,,,,,,,,,,,,,,,,,,,,,,,,,,,,,,,,,,,,,,,,,
9000644,Doris Quainoo,SOUTH FLORIDA,f,,,,,,,,,,,,,,,7.44,11.51 (1.6),24.40 (+0.0),,,,,,,8.23,13.08 (4.2),1:02.98,,,,,,,,,,,,,,,,,,,,,,,,8.10,,,,,,,,,,,,,,,,,,,,,,,,,,,,,,,,,,,,,,,,,,,,,,,,,,,,,,,,,,,,,,,,,,,,,,,,,,,,,,,,,,
8713752,Zuriel Reed,AUBURN,f,,,,,,,,,,,,,,,,,,,52.69,,,,,,,56.73,,,,,,,,,,,,,,,,,,,,,,,,,,,,,,,,,,,,,,,,,,,,,,,,,,,,,,,,,,,,,,,,,,,,,,,,,,,,,,,,,,,,,,,,,,,,,,,,,,,,,,,,,,
9253404,Thomas Bannon,CONNECTICUT,m,,,,,,,,,,,,,,,,,,,,"69.84m 229' 2""",,,,,,,,,,,,,,"31.40m 103' 0""",,,,,,,,,,,,,,,,,,,,,,,,,,,,,,,,,,,,,,,,,,,,,,,,,,,,,,,,,,,,,,,,,,,,,,,,,,,,,,,,,,,,,,,,,,,,,,,,,,
9237315,Gage Voyles,KENNESAW STATE,m,,,,,,,,,,,,,,,,,,,,,,,,,,,"2.27m 7' 5.25""",,,,,,,,,,,,,,,,,,,,,,,,,,,,,,,,,,,,,,,,,,,,,,,,,,,,,,,,,,,,,,,,,,,,,,,,,,,,,,,,,,,,,,,,,,,,,,,,,,,,,,,,,
8971434,Zach Love,RUTGERS,m,,,,,,,,,,,,,,,,,,,,,"7.84m (1.8) 25' 8.75""",,,,,,,,,,,,,,,,,,,,,,,,,,,,,,,,,,,,,,,,,,,,,,,,,,,,,,,,,,,,,,,,,,,,,,,,,,,,,,,,,,,,,,,,,,,,,,,,,,,,,,,,,,,,,,,
9195737,Anastasia Chepkorir,WEST VIRGINIA,f,,,,16:55.0,20:10.5,,,16:38.87,,,,,9:21.67,,,,,,,,,,33:33.16,,,,,,,,,,,,,,,,,,,,,,,,,,,,,,,,,,,,,,,,,,,,,,,,,,,,,,,,,,,,,,,,,,,,,,,,,,,,,,,,,,,,,,,,,,,,,,,,,,,,,,,,,,,,,
8720874,Antrea Mita,HOUSTON,m,,,,,,,,,,,,,,,,,,,,,,,,,,,"2.26m 7' 5""",,,,,,,,,,,,,,,,,,,,,,,,,,,,,,,,,,,,,,,,,,,,,,,,,,,,,,,,,,,,,,,,,,,,,,,,,,,,,,,,,,,,,,,,,,,,,,,,,,,,,,,,,
8978245,Richelle Stanley,KANSAS,f,,,,,,,,,,,,,,,7.87,,,,,,"6.29m (2.2) 20' 7.75""","12.33m 40' 5.5""",,,,,,,,,,,,,,,,,,,,,,,,,,,,,,,,,,,,,,,,,,,,,,,,,,,,,,,,,,,,,,,,,,,,,,,,,,,,,,,,,,,,,,,,,,,,,,,,,,,,,,,,,,,,,,
9279515,Aixa Corbacho,VIRGINIA,f,,,,,,,,,,,,,,,,,,,,,,,,,,,,,,,,,,"61.00m 200' 1""",,,,,,,,,,,,,,,,,,,,,,,,,,,,,,,,,,,,,,,,,,,,,,,,,,,,,,,,,,,,,,,,,,,,,,,,,,,,,,,,,,,,,,,,,,,,,,,,,,
9261851,Temoso Masikane,FLORIDA,m,,,,,,,,,,,,,,,6.79,,,,,,"8.11m 26' 7.25""","16.35m 53' 7.75""",,,,,,,,,,,,,,,,,,,,,,,,,,,,,,,,,,,,,,,,,,,,,,,,,,,,,,,,,,,,,,,,,,,,,,,,,,,,,,,,,,,,,,,,,,,,,,,,,,,,,,,,,,,,,,
7973950,Blair Anderson,OKLAHOMA STATE,,,,,,,,,,,,,,,,,,,,,,"8.02m (2.4) 26' 3.75""",,,,,,,,,,,,,,,,,,,,,,,,,,,,,,,,,,,,,,,,,,,,,,,,,,,,,,,,,,,,,,,,,,,,,,,,,,,,,,,,,,,,,,,,,,,,,,,,,,,,,,,,,,,,,,,
7992416,Jada Atkinson,OKLAHOMA,f,,,,,,,,,,,,,,,7.64,11.85 (1.6),23.69 (-0.3),40.16,54.02,,,,,,,,,,,,,,,,,,,,,,1:25.98,,,,,,,,,,,,,,,,,,,,,,,,,,,,,,,,,,,,,,,,,,,,,,,,,,,,,,,,,,,,,,,,,,,,,,,,,,,,,,,,,,,,,,,,,,,
8670885,Savannah Blair,NORTHEASTERN,f,,,,,,,,,,,,,,,7.41,11.35 (3.8),23.09 (3.5),39.66,56.96,,,,,,,,,,,,,,,,,,,,,,,,,,,,,,,,,,,,,,,,,,,,,,,,,,,,,,,,,,,,,,,,,,,,,,,,,,,,,,,,,,,,,,,,,,,,,,,,,,,,,,,,,,,,,,,,,
8671797,Jake Stafford,UCLA,m,,,,,,,,,,,,,,,,,,,,"52.69m 172' 10""",,,,,,,"1.96m 6' 5""","15.08m 49' 5.75""",,,,,"56.86m 186' 6""","63.94m 209' 9""","19.36m 63' 6.25""",,,,,,,,,,,,,,,,,,,,,,,,,,,,,,,,,,,,,,,,,,,,,,,,,,,,,,,,,,,,,,,,,,,,,,,,,,,,,,,,,,,,,,,,,,,,,,,,,
8364830,Desean Boyce,TEXAS TECH,m,1:27.75,,,,,,,,,,,,,,,,20.90,,44.85,,,,,,,,,,,,,,,,,,,,,,1:11.94,,,,,,,,,,,,,,,,,,,,,,,,,,,,,,,,,,,,,,,,,,,,,,,,,,,,,,,,,,,,,,,,,,,,,,,,,,,,,,,,,,,,,,,,,,,
9008346,Charli Koseoglu,ARIZONA,f,,2:22.52,,,,,,,,,,,,,7.73,12.04 (0.5),24.15 (3.4),,59.42,"40.91m 134' 3""","5.41m (-1.2) 17' 9""",,,,14.64 (0.7),,"1.58m 5' 2.25""","11.99m 39' 4""",,5370,,,,,,,,,,,,,,,,,,,,,,,,,,,,,,,,,,,,,,,,,,,,,,,,,,,,,,,,,,,,,,,,,,,,,,,,,,,,,,,,,,,,,,,,,,,,,,,,,,,,,,
8326340,Lokesh Sathyanathan,TARLETON STATE,,,,,,,,,,,,,,,,,10.70 (0.9),22.68,,,,"8.21m 26' 11.25""",,,,,,,"9.13m 29' 11.5""",,,,,,,,,,,,,,,,,,,,,,,,,,,,,,,,,,,,,,,,,,,,,,,,,,,,,,,,,,,,,,,,,,,,,,,,,,,,,,,,,,,,,,,,,,,,,,,,,,,,,,,,
8974704,Jake Machiniak,MICHIGAN,m,,,,,,,,,,,,,,,6.81,10.28 (2.8),20.55 (2.9),35.75,,,,,,,,,,,,,,,,,,,,,,,,,,,,,,,,,,,,,,,,,,,,,,,,,,,,,,,,,,,,,,,,,,,,,,,,,,,,,,,,,,,,,,,,,,,,,,,,,,,,,,,,,,,,,,,,,,
8711348,Keontae' Gaines,NORTHWESTERN ST.,m,,,,,,,,,,,,,,,6.62,10.22 (2.2),20.57 (1.7),,,,,,,,,,,,,,,,,,,,,,,,,,,,,,,,,,,,,,,,,,,,,,,,,,,,,,,,,,,,,,,,,,,,,,,,,,,,,,,,,,,,,,,,,,,,,,,,,,,,,,,,,,,,,,,,,,,
7511452,Amber Anning,ARKANSAS,,,2:05.05,,,,,,,,,,,,,7.45,11.49 (0.2),22.47 (7.3),,49.51,,,,,,,,,,,,,,,,,,,,,,,,,,,,,,,,,,,,,,,,,,,,,,,,,,,,,,,,,,,,,,,,,,,,,,,,,,,,,,,,,,,,,,,,,,,,,,,,,,,,,,,,,,,,,,,,,
8601929,Brandon Kampsen,SOUTH DAKOTA ST.,m,,1:47.90,4:01.58,,18:26.4,,3:46.00,,,24:47.0,32:53.9,,,,,,,,,,,,,,,,,,,,,,,,,,,,,,,,,18:41.8,,,,,,,,,,,,,,,,,,,,,,,,,,,,,,,,,,,,,,,,,,,,,,,,,,,,,,,,,,,,,,,,,,,,,,,,,,,,,,,,,,,,,,,,
9264645,Justin Woulard,FLORIDA STATE,m,,,,,,,,,,,,,,,,10.62 (-0.1),,,,,"7.49m 24' 7""","14.64m 48' 0.5""",,,,,,,,,,,,,,,,,,,,,,,,,,,,,,,,,,,,,,,,,,,,,,,,,,,,,,,,,,,,,,,,,,,,,,,,,,,,,,,,,,,,,,,,,,,,,,,,,,,,,,,,,,,,,,
8974354,Mary Ella Brooks,CLEMSON,f,,,,,,,,,,,,,,,,,,,,,,,,,,,,,,,,,,"58.88m 193' 2""","19.76m 64' 10""",,,,,,,,,,,,,,,,,,,,,,,,,,,,,,,,,,,,,,,,,,,,,,,,,,,,,,,,,,,,,,,,,,,,,,,,,,,,,,,,,,,,,,,,,,,,,,,,,
8976369,Anthony Woods,ALABAMA STATE,m,,,,,,,,,,,,,,,7.19,11.27 (1.6),,,,,"7.63m (0.8) 25' 0.5""","16.04m (2.0) 52' 7.5""",,,,,,,,,,,,,,,,,,,,,,,,,,,,,,,,,,,,,,,,,,,,,,,,,,,,,,,,,,,,,,,,,,,,,,,,,,,,,,,,,,,,,,,,,,,,,,,,,,,,,,,,,,,,,,
7979848,Praise Aniamaka,PURDUE,m,,,,,,,,,,,,,,,7.36,,,,,,"6.86m (2.3) 22' 6.25""","16.73m (3.6) 54' 10.75""",,,,,,,,,,,,,,,,,,,,,,,,,,,,,,,,,,,,,,,,,,,,,,,,,,,,,,,,,,,,,,,,,,,,,,,,,,,,,,,,,,,,,,,,,,,,,,,,,,,,,,,,,,,,,,
8994229,Tyler Collins,NORTH CAROLINA,f,,,,,,,,,,,,,,,,,,,,,,,,,,,"1.75m 5' 8.75""",,,,,,,,,,,,,,,,,,,,,,,,,,,,,,,,,,,,,,,,,,,,,,,,,,,,,,,,,,,,,,,,,,,,,,,,,,,,,,,,,,,,,,,,,,,,,,,,,,,,,,,,,
8983915,Marlena Tresnjo,MISSOURI,f,,,,,,,,,,,,,,,,,,,,,,,,,,,"1.83m 6' 0""",,,,,,,,,,,,,,,,,,,,,,,,,,,,,,,,,,,,,,,,,,,,,,,,,,,,,,,,,,,,,,,,,,,,,,,,,,,,,,,,,,,,,,,,,,,,,,,,,,,,,,,,,
9263303,Sidi Njie,GEORGIA,m,,,,,,,,,,,,,,,,,,32.10,44.24,,,,,,,,,,,,,,,,,,,,,,,,,,,,,,,,,,,,,,,,,,,,,,,,,,,,,,,,,,,,,,,,,,,,,,,,,,,,,,,,,,,,,,,,,,,,,,,,,,,,,,,,,,,,,,,,,
7909863,Abby Kendrick,BOISE STATE,f,,,5:05.63,17:09.3,20:01.1,,4:33.52,16:20.30,10:02.65,,,,9:46.71,,,,,,,,,,,,,,,,,,,,,,,,,,,,,,,,19:07.4,,,,,,,,,,,,,,,,,,,,,,,,,,,,,,,,,,,,,,,,,,,,,,,,,,,,,,,,,,,,,,,,,,,,,,,,,,,,,,,,,,,,,,,
8680444,Hannah Douglas,KENTUCKY,f,,,,,,,,,,,,,,,7.46,11.53 (3.3),23.04 (0.7),37.42,50.81,,,,,,,,,,,,,,,,,,,,,,,,,,,,,,,,,,,,,,,,,,,,,,,,,,,,,,,,,,,,,,,,,,,,,,,,,,,,,,,,,,,,,,,,,,,,,,,,,,,,,,,,,,,,,,,,,
8709451,Isley Gutierrez,SOUTHERN UTAH,m,,,,,,,,,,,,,,,7.09,10.81 (5.1),22.68,,,,,,,8.00,,,"2.02m 6' 7.5""",,,,,13.88 (2.7),,,,,,,,,,,,,,,,,,,,,,,,,,,,,,,,,,,,,,,,,,,,,,,,,,,,,,,,,,,,,,,,,,,,,,,,,,,,,,,,,,,,,,,,,,,,,,,,,,,,
8693638,Adam Dugger,NORTH DAKOTA STATE,m,,,,,,,,,,,,,,,,,,,,,"7.44m (-0.5) 24' 5""","15.82m (3.7) 51' 11""",,,,,,,,,,,,,,,,,,,,,,,,,,,,,,,,,,,,,,,,,,,,,,,,,,,,,,,,,,,,,,,,,,,,,,,,,,,,,,,,,,,,,,,,,,,,,,,,,,,,,,,,,,,,,,
7888816,Reagan Doman,UTAH VALLEY,f,,,4:48.80,,,,4:27.72,16:05.15,,,,,9:39.39,,,,,,,,,,33:24.35,,,,,,,,,,,,,,,,,,,,,,,,,,,,,,,,,,,,,,,,,,,,,,,,,,,,,,,,,,,,,,,,,,,,,,,,18:21.4,,,,,,,,,,,,,,,,,,,,,,,,,,,,,,,,,,,,,
9013623,Tyley Dotson,OKLAHOMA,f,,,,,,,,,,,,,,,,,,,,,,,,,,,,"16.26m 53' 4.25""",,,,,"39.66m 130' 1""","40.17m 131' 9""","17.67m 57' 11.75""",,,,,,,,,,,,,,,,,,,,,,,,,,,,,,,,,,,,,,,,,,,,,,,,,,,,,,,,,,,,,,,,,,,,,,,,,,,,,,,,,,,,,,,,,,,,,,,,,
8678365,Dylan Curtis,SOUTH DAKOTA,m,,,,,,,,,,,,,,,,,,,,,,,,,,,,,,,"5.27m 17' 3.5""",,,,,,,,,,,,,,,,,,,,,,,,,,,,,,,,,,,,,,,,,,,,,,,,,,,,,,,,,,,,,,,,,,,,,,,,,,,,,,,,,,,,,,,,,,,,,,,,,,,,,
8328974,Bianca Staples,BOWLING GREEN,f,,,,,,,,,,,,,,,8.08,12.42 (1.9),25.61,,,,"5.58m 18' 3.75""","12.86m (1.3) 42' 2.25""",,,,,"1.74m 5' 8.5""",,,,,,,,,,,,,,,,,,,,,,,,,,,,,,,,,,,,,,,,,,,,,,,,,,,,,,,,,,,,,,,,,,,,,,,,,,,,,,,,,,,,,,,,,,,,,,,,,,,,,,,,,
8268858,Kaden Kluth,AMERICAN,m,1:20.94,1:48.93,4:00.31,,18:11.3,,3:39.43,,,23:55.4,31:16.9,2:20.16,7:57.51,,,,26.17 (-1.5),,49.91,,,,,,,,,,,,,,,,,,,1:05.34,,,,,,,,,,,,,,25:53.6,,,,,,,,,,,,,,,,,,,,,,,,,,,,,,,,,,,,,,,,,25:23.9,26:03.2,,,,,,,,,,,,,,,,,,,,,,,,,,,,,,,,,,,,,,
7036942,Natricia Hooper,FLORIDA,,,,,,,,,,,,,,,,,,,,,,,"14.18m (2.7) 46' 6.25""",,,,,,,,,,,,,,,,,,,,,,,,,,,,,,,,,,,,,,,,,,,,,,,,,,,,,,,,,,,,,,,,,,,,,,,,,,,,,,,,,,,,,,,,,,,,,,,,,,,,,,,,,,,,,,
9245724,Uriah Harris,WILLIAM & MARY,m,,,,,,,,,,,,,,,,,,,,,,,,,,,,"17.97m 58' 11.5""",,,,,"55.83m 183' 2""","52.02m 170' 8""","19.14m 62' 9.5""",,,,,,,,,,,,,,,,,,,,,,,,,,,,,,,,,,,,,,,,,,,,,,,,,,,,,,,,,,,,,,,,,,,,,,,,,,,,,,,,,,,,,,,,,,,,,,,,,
8324404,Amarianna Lofton,PURDUE,f,,,,,,,,,,,,,,,7.97,,25.35,45.85,,,"5.54m 18' 2.25""",,,8.67,14.05 (5.3),1:10.92,"1.83m 6' 0""",,,,,,,,,,,,,,,,,,,,,,,,,,,,,,,,,,,,,,,,,,,,,,,,,,,,,,,,,,,,,,,,,,,,,,,,,,,,,,,,,,,,,,,,,,,,,,,,,,,,,,,,,
8308091,David Mvundura,TARLETON STATE,m,,,,,,,,,,,,,,,6.66,10.07 (5.1),20.40 (4.0),,52.03,,,,,,,,,,,,,,,,,,,,,,,,,,,,,,,,,,,,,,,,,,,,,,,,,,,,,,,,,,,,,,,,,,,,,,,,,,,,,,,,,,,,,,,,,,,,,,,,,,,,,,,,,,,,,,,,,
7974391,Marie Forbes,CLEMSON,,,,,,,,,,,,,,,,,,,,,,,,,,,,,"12.91m 42' 4.25""",,,,,"58.31m 191' 4""","67.03m 219' 11""","22.63m 74' 3""",,,,,,,,,,,,,,,,,,,,,,,,,,,,,,,,,,,,,,,,,,,,,,,,,,,,,,,,,,,,,,,,,,,,,,,,,,,,,,,,,,,,,,,,,,,,,,,,,
9195347,Adisa Rhoda,MISS STATE,f,,2:01.56,,,,,,,,,,,,,,,,,54.08,,,,,,,,,,,,,,,,,,,,,,,,,,,,,,,,,,,,,,,,,,,,,,,,,,,,,,,,,,,,,,,,,,,,,,,,,,,,,,,,,,,,,,,,,,,,,,,,,,,,,,,,,,,,,,,,,
9175543,Zoey Brinker,KANSAS STATE,f,,2:18.37,,,,,,,,,,,,,,,24.44 (4.6),,55.98,"28.98m 95' 1""","5.99m 19' 8""",,,9.01,14.21 (4.1),,"1.85m 6' 0.75""","10.83m 35' 6.5""",4091,5569,,,,,,,,,,,,,,,,,,,,,,,,,,,,,,,,,,,,,,,,,,,,,,,,,,,,,,,,,,,,,,,,,,,,,,,,,,,,,,,,,,,,,,,,,,,,,,,,,,,,,,
8015971,Makenna Wilson,NORTHERN IOWA,,,,,,,,,,,,,,,,,,,,,,,,,,,,,"16.45m 53' 11.75""",,,,,"50.04m 164' 2""","66.69m 218' 9""","19.82m 65' 0.5""",,,,,,,,,,,,,,,,,,,,,,,,,,,,,,,,,,,,,,,,,,,,,,,,,,,,,,,,,,,,,,,,,,,,,,,,,,,,,,,,,,,,,,,,,,,,,,,,,
8696251,Chanan Mathis,EAST CAROLINA,m,,,,,,,,,,,,,,,,10.68 (4.2),21.19 (-0.1),35.00,46.37,,,,,,,,,,,,,,,,,,,1:06.02,,,,,,,,,,,,,,,,,,,,,,,,,,,,,,,,,,,,,,,,,,,,,,,,,,,,,,,,,,,,,,,,,,,,,,,,,,,,,,,,,,,,,,,,,,,,,,
8634276,Kelsie Murrell-Ross,GEORGIA,f,,,,,,,,,,,,,,,,,,,,,,,,,,,,"18.33m 60' 1.75""",,,,,"48.78m 160' 0""","43.80m 143' 8""","18.63m 61' 1.5""",,,,,,,,,,,,,,,,,,,,,,,,,,,,,,,,,,,,,,,,,,,,,,,,,,,,,,,,,,,,,,,,,,,,,,,,,,,,,,,,,,,,,,,,,,,,,,,,,
8666906,Menachem Chen,ARKANSAS STATE,m,,,,,,,,,,,,,,,,,,,,,,,,,,,,"19.41m 63' 8.25""",,,,,"57.59m 188' 11""","48.99m 160' 9""","16.16m 53' 0.25""",,,,,,,,,,,,,,,,,,,,,,,,,,,,,,,,,,,,,,,,,,,,,,,,,,,,,,,,,,,,,,,,,,,,,,,,,,,,,,,,,,,,,,,,,,,,,,,,,
8988932,Peter Northrup,CORNELL,m,,,,,,,,,,,,,,,,,,,,,,,,,,,,"18.45m 60' 6.5""",,,,,"41.99m 137' 9""","65.65m 215' 5""","20.71m 67' 11.5""",,,,,,,,,,,,,,,,,,,,,,,,,,,,,,,,,,,,,,,,,,,,,,,,,,,,,,,,,,,,,,,,,,,,,,,,,,,,,,,,,,,,,,,,,,,,,,,,,
7978648,Kris Emig,UCLA,,,,,,,,,,,,,,,,,,,,,,,,,,,,,"13.49m 44' 3.25""",,,,,,"71.03m 233' 0""","19.56m 64' 2.25""",,,,,,,,,,,,,,,,,,,,,,,,,,,,,,,,,,,,,,,,,,,,,,,,,,,,,,,,,,,,,,,,,,,,,,,,,,,,,,,,,,,,,,,,,,,,,,,,,
8367318,Zachaeus Beard,NORTHWESTERN ST.,,,,,,,,,,,,,,,,6.54,10.00 (3.9),20.48 (0.1),,,,"5.62m (+0.0) 18' 5.25""",,,,,,,,,,,,,,,,,,,,,,,,,,,,,,,,,,,,,,,,,,,,,,,,,,,,,,,,,,,,,,,,,,,,,,,,,,,,,,,,,,,,,,,,,,,,,,,,,,,,,,,,,,,,,,,
8674487,Paige Laffoon,UCF,f,,2:24.87,,,,,,,,,,,,,,,24.89 (1.8),,,"34.68m 113' 9""","5.87m (1.9) 19' 3.25""",,,8.61,14.05 (1.7),,"1.70m 5' 7""","11.54m 37' 10.5""",3712,5228,,,,,,,,,,,,,,,,,,,,,,,,,,,,,,,,,,,,,,,,,,,,,,,,,,,,,,,,,,,,,,,,,,,,,,,,,,,,,,,,,,,,,,,,,,,,,,,,,,,,,,
8979862,Marissa Palmer,PURDUE,f,,,,,,,,,,,,,,,7.46,11.38 (0.4),22.83 (6.0),40.33,,,,,,,,,,,,,,,,,,,,,,,,,,,,,,,,,,,,,,,,,,,,,,,,,,,,,,,,,,,,,,,,,,,,,,,,,,,,,,,,,,,,,,,,,,,,,,,,,,,,,,,,,,,,,,,,,,
9163478,Edwin Klanke,GEORGETOWN,m,,1:47.98,3:59.11,,19:21.4,,3:39.98,,,24:11.1,31:31.7,2:22.63,8:13.63,,,,,,,,,,,,,,,,,,,,,,,,,,,,,,,20:26.5,,,,,,,,27:21.7,,,,,,,,,,,,,,,,,,,,,,,,,,,,,,,,,,,,,,,,,,,,,,,,,,,,,,,,,,,,,,,,,,,,,,,,,,,,,,,,
7888791,Max Davis,BYU,m,,,4:00.99,,,,3:54.96,14:24.64,8:46.04,23:29.0,29:53.8,,7:57.66,,,,,,,,,,,,,,,,,,,,,,,,,,,,,,,,,,,,,,,,,,,,,,,,,,,,,,,,,,,,,,,,,,,,,,,,,,,,,,,,,,,,,,,,,,,,,,,,,,,,,,,,,,,,,,,,,,,,,,,
8011524,Savannah Sutherland,MICHIGAN,,1:30.15,,,,,,,,,,,,,,7.34,,23.26,,51.23,,,,,8.63,13.91 (1.8),52.46,,,,,,,,,,,,,,,,,,,,,,,,,,,,,,,,,,,,,,,,,,,,,,,,,,,,,,,,,,,,,,,,,,,,,,,,,,,,,,,,,,,,,,,,,,,,,,,,,,,,,,,,,,
8320105,Ashton Barkdull,KANSAS,,,,,,,,,,,,,,,,,,,,,,,,,,,,,,,,"5.81m 19' 0.75""",,,,,,,,,,,,,,,,,,,,,,,,,,,,,,,,,,,,,,,,,,,,,,,,,,,,,,,,,,,,,,,,,,,,,,,,,,,,,,,,,,,,,,,,,,,,,,,,,,,,,
8696197,Luca Keszthelyi,FIU,f,,,,,,,,,,,,,,,,,,,,,,,,,,,"1.81m 5' 11.25""",,,,,,,,,,,,,,,,,,,,,,,,,,,,,,,,,,,,,,,,,,,,,,,,,,,,,,,,,,,,,,,,,,,,,,,,,,,,,,,,,,,,,,,,,,,,,,,,,,,,,,,,,
8679036,Kavon Miller,PRINCETON,m,,,,,,,,,,,,,,,,10.65 (0.6),21.31 (1.4),,46.81,,,,,,,,,,,,,,,,,,,,,,,,,,,,,,,,,,,,,,,,,,,,,,,,,,,,,,,,,,,,,,,,,,,,,,,,,,,,,,,,,,,,,,,,,,,,,,,,,,,,,,,,,,,,,,,,,
8675916,Dallas Hodge,SOUTHERN ILLINOIS,m,,,,,,,,,,,,,,,,,,,,,,,,,,,,"13.68m 44' 10.75""",,,,,"48.78m 160' 0""","63.32m 207' 9""","19.18m 62' 11.25""",,,,,,,,,,,,,,,,,,,,,,,,,,,,,,,,,,,,,,,,,,,,,,,,,,,,,,,,,,,,,,,,,,,,,,,,,,,,,,,,,,,,,,,,,,,,,,,,,
8972054,David Davitt,PENN,m,1:20.45,1:57.64,,,,,,,,,,,,,,,,,47.14,,,,,,,,,,,,,,,,,,,1:03.35,,,,,,,,,,,,,,,,,,,,,,,,,,,,,,,,,,,,,,,,,,,,,,,,,,,,,,,,,,,,,,,,,,,,,,,,,,,,,,,,,,,,,,,,,,,,,,
9235867,Jeremiah Patton,LITTLE ROCK,m,,,,,,,,,,,,,,,6.68,10.25 (1.1),20.57 (3.7),34.80,,,"6.06m 19' 10.75""",,,,,,,,,,,,,,,,,,,,,,,,,,,,,,,,,,,,,,,,,,,,,,,,,,,,,,,,,,,,,,,,,,,,,,,,,,,,,,,,,,,,,,,,,,,,,,,,,,,,,,,,,,,,,,,
8667182,Kwame Smith,SOUTHERN ILLINOIS,m,,,,,,,,,,,,,,,7.08,10.95 (+0.0),20.72 (5.2),34.75,46.09,,,,,,,,,,,,,,,,,,,,,,,,,,,,,,,,,,,,,,,,,,,,,,,,,,,,,,,,,,,,,,,,,,,,,,,,,,,,,,,,,,,,,,,,,,,,,,,,,,,,,,,,,,,,,,,,,
8666639,Nick Martin,RHODE ISLAND,m,,1:57.02,3:59.07,,,,3:51.68,13:55.10,8:47.25,,,2:30.40,7:57.63,,,,,,,,,,,,,,,,,,,,,,,,,,,,,,,,,,,,,,,,,,,,,,,,,,,,,,,,,,,,,,,,,,,,,,,,,,,,,,,,,,,,,,,,,,,,,,,,,,,,,,,,,,,,,,,,,,,,,,,
6991550,Lucy Corbett,MONTANA STATE,,,2:43.95,,,,,,,,,,,,,,,,,,,"5.96m (-0.4) 19' 6.75""",,,9.54,,,"1.89m 6' 2.25""","8.31m 27' 3.25""",2920,,,,,,,,,,,,,,,,,,,,,,,,,,,,,,,,,,,,,,,,,,,,,,,,,,,,,,,,,,,,,,,,,,,,,,,,,,,,,,,,,,,,,,,,,,,,,,,,,,,,,,,
9007288,Baleigh Cashion,CENTRAL ARKANSAS,f,,,,,,,,,,,,,,,7.81,12.00 (2.2),24.54 (1.2),,,,,,,,,,,,,,,,,,,,,,,,,,,,,,,,,,,,,,,,,,,,,,,,,,,,,,,,,,,,,,,,,,,,,,,,,,,,,,,,,,,,,,,,,,,,,,,,,,,,,,,,,,,,,,,,,,,
9007322,Nathan Uptagrafft,CENTRAL ARKANSAS,m,,,,,,,4:54.49,,,,,3:01.07,,,7.18,11.30 (-0.7),,36.34,50.98,"45.68m 149' 10""","6.95m 22' 9.75""",,,8.29,,,"1.91m 6' 3.25""","12.60m 41' 4.25""",,5288,"4.72m 15' 5.75""",14.87 (1.1),"45.86m 150' 5""",,,7033,,,,,,,,,,,,,,,,,,,,,,,,,,,,,,,,,,,,,,,,,,,,,,,,,,,,,,,,,,,,,,,,,,,,,,,,,,,,,,,,,,,,,,,,,,,,,,,,
9287840,Joseph Oduro,RUTGERS,m,,,,,,,,,,,,,,,,,,,,,,"15.76m 51' 8.5""",,,,,,,,,,,,,,,,,,,,,,,,,,,,,,,,,,,,,,,,,,,,,,,,,,,,,,,,,,,,,,,,,,,,,,,,,,,,,,,,,,,,,,,,,,,,,,,,,,,,,,,,,,,,,,
8672380,Joshua Mooney,CONNECTICUT,m,,,,,,,4:44.15,,,,,2:49.60,,,6.90,10.73 (0.7),,,49.22,"71.45m 234' 5""","7.12m (2.2) 23' 4.5""",,,7.90,,,"1.94m 6' 4.25""","14.00m 45' 11.25""",,5717,"4.71m 15' 5.5""",14.00 (0.8),"44.47m 145' 11""",,,8033,,,,,,,,,,,,,,,,,,,,,,,,,,,,,,,,,,,,,,,,,,,,,,,,,,,,,,,,,,,,,,,,,,,,,,,,,,,,,,,,,,,,,,,,,,,,,,,,
9258842,Anders Felts,VIRGINIA,m,,,,,,,,,,,,,,,,,,,48.01,,,,,8.50,,51.10,,,,,,,,,,,,,,,,,,,,,,,,,,,,,,,,,,,,,,,,,,,,,,,,,,,,,,,,,,,,,,,,,,,,,,,,,,,,,,,,,,,,,,,,,,,,,,,,,,,,,,,,,,
8312832,Michael Palmer,RIDER,m,,,,,,,,,,,,,,,7.72,,,,,,"6.67m (0.3) 21' 10.75""","15.08m (+0.0) 49' 5.75""",,,,,"2.11m 6' 11""",,,,,,,,,,,,,,,,,,,,,,,,,,,,,,,,,,,,,,,,,,,,,,,,,,,,,,,,,,,,,,,,,,,,,,,,,,,,,,,,,,,,,,,,,,,,,,,,,,,,,,,,,
8022881,Moad Zahafi,TEXAS TECH,,,1:43.69,,,,,3:39.59,,,,,2:19.99,,,,,,,,,,,,,,,,,,,,,,,,,,,,,1:08.29,,,,,,,,,,,,,,,,,,,,,,,,,,,,,,,,,,,,,,,,,,,,,,,,,,,,,,,,,,,,,,,,,,,,,,,,,,,,,,,,,,,,,,,,,,,
7538504,Mirta Kulisic,NEBRASKA,,,,,,,,,,,,,,,,,,,,,"53.80m 176' 6""",,,,,,,,,,,,,,,,,,,,,,,,,,,,,,,,,,,,,,,,,,,,,,,,,,,,,,,,,,,,,,,,,,,,,,,,,,,,,,,,,,,,,,,,,,,,,,,,,,,,,,,,,,,,,,,,
7995557,Jak Urlacher,MINNESOTA,,,,,,,,,,,,,,,,,,,,,,,,,,,,,,,,"5.51m 18' 1""",,,,,,,,,,,,,,,,,,,,,,,,,,,,,,,,,,,,,,,,,,,,,,,,,,,,,,,,,,,,,,,,,,,,,,,,,,,,,,,,,,,,,,,,,,,,,,,,,,,,,
9009629,Maureen Cherotich,OKLAHOMA STATE,f,,,4:51.41,,19:26.7,,4:17.86,15:32.69,,,,,9:02.74,10:41.0,,,,,,,,,34:19.14,,,,,,,,,,,,,,,,,,,,,,,,,,,,,,,,,,,,,,,,,,,,,,,,,,,,,,,,,,,,,,,,,,,,,,,,,,,,,,,,,,,,,,,,,,,,,,,,,,,,,,,,,,,,,
9241730,Anaya Jones,NORTHEASTERN,f,,,,,,,,,,,,,,,7.55,12.19 (-0.3),24.90 (-0.2),40.78,,,,,,,,,,,,,,,,,,,,,,,,,,,,,,,,,,,,,,,,,,,,,,,,,,,,,,,,,,,,,,,,,,,,,,,,,,,,,,,,,,,,,,,,,,,,,,,,,,,,,,,,,,,,,,,,,,
8970086,Rionna Wallace,CSU BAKERSFIELD,f,,,,,,,,,,,,,,,7.61,11.62 (1.5),23.53 (4.4),,59.85,,"5.09m 16' 8.5""",,,,,,,,,,,,,,,,,,,,,,,,,,,,,,,,,,,,,,,,,,,,,,,,,,,,,,,,,,,,,,,,,,,,,,,,,,,,,,,,,,,,,,,,,,,,,,,,,,,,,,,,,,,,,,,
9006319,Lucy May Sleeman,FLORIDA STATE,f,,,,,,,,,,,,,,,7.26,11.14 (4.1),23.11 (3.0),,,,,,,,,,,,,,,,,,,,,,,,,,,,,,,,,,,,,,,,,,,,,,,,,,,,,,,,,,,,,,,,,,,,,,,,,,,,,,,,,,,,,,,,,,,,,,,,,,,,,,,,,,,,,,,,,,,
8639002,Lovina Ewusi,TEXAS TECH,f,,,,24:55.1,32:03.5,,,,,,,,,,,11.60 (1.6),23.52 (4.1),37.86,53.13,,,,,8.54,13.68 (1.3),55.75,,,,,,,,,,,,,,,1:21.04,,,,,,,,,,,,,,,,,,,,,,,,,,,,,,,,,,,,,,,,,,,,,,,,,,,,,,,,,,,,,,,,,,,,,,,,,,,,,,,,,,,,,,,,,,,
7534618,Jeremiah Willis,LOUISVILLE,,,,,,,,,,,,,,,,6.82,10.49 (2.5),,,,,"8.06m (3.0) 26' 5.5""","15.59m 51' 1.75""",,,,,,,,,,,,,,,,,,,,,,,,,,,,,,,,,,,,,,,,,,,,,,,,,,,,,,,,,,,,,,,,,,,,,,,,,,,,,,,,,,,,,,,,,,,,,,,,,,,,,,,,,,,,,,
7975596,Tyler Konopka,PRINCETON,m,,,,,,,,,,,,,,,,,,,,,,,,,,,,"18.77m 61' 7""",,,,,"52.98m 173' 10""",,,,,,,,,,,,,,,,,,,,,,,,,,,,,,,,,,,,,,,,,,,,,,,,,,,,,,,,,,,,,,,,,,,,,,,,,,,,,,,,,,,,,,,,,,,,,,,,,,,
8978273,Braelyn Baker,DUKE,f,1:33.84,,,,,,,,,,,,,,7.44,11.32 (1.2),22.68 (2.1),36.68,50.80,,,,,,,55.76,,,,,,,,,,,,,,,,,,,,,,,,,,,,,,,,,,,,,,,,,,,,,,,,,,,,,,,,,,,,,,,,,,,,,,,,,,,,,,,,,,,,,,,,,,,,,,,,,,,,,,,,,,
9009146,Roy Morris,NORTHWESTERN ST.,m,,,,,,,,,,,,,,,7.05,10.86 (1.2),,,,,"7.80m (0.2) 25' 7.25""",,,,,,,,,,,,,,,,,,,,,,,,,,,,,,,,,,,,,,,,,,,,,,,,,,,,,,,,,,,,,,,,,,,,,,,,,,,,,,,,,,,,,,,,,,,,,,,,,,,,,,,,,,,,,,,
8681078,Sydney Brewster,MONTANA STATE,f,,,,,,,,,,,,,,,,,,,,,,,,,,,,"17.27m 56' 8""",,,,,"51.36m 168' 6""","54.18m 177' 9""","19.26m 63' 2.25""",,,,,,,,,,,,,,,,,,,,,,,,,,,,,,,,,,,,,,,,,,,,,,,,,,,,,,,,,,,,,,,,,,,,,,,,,,,,,,,,,,,,,,,,,,,,,,,,,
7721238,Payden Montana,OKLAHOMA,,,,,,,,,,,,,,,,,,,,,,,,,,,,,"17.88m 58' 8""",,,,,"52.32m 171' 8""",,"16.01m 52' 6.5""",,,,,,,,,,,,,,,,,,,,,,,,,,,,,,,,,,,,,,,,,,,,,,,,,,,,,,,,,,,,,,,,,,,,,,,,,,,,,,,,,,,,,,,,,,,,,,,,,
8683550,Angeline Amefia,PURDUE,f,1:36.28,2:16.75,,,,,,,,,,,,,,,24.50 (2.1),41.37,57.27,"27.97m 91' 9""","6.06m (1.3) 19' 10.75""",,,8.40,13.79 (-1.5),1:02.25,"1.67m 5' 5.75""","11.20m 36' 9""",4114,5449,,,,,,,,,,,,,,,,,,,,,,,,,,,,,,,,,,,,,,,,,,,,,,,,,,,,,,,,,,,,,,,,,,,,,,,,,,,,,,,,,,,,,,,,,,,,,,,,,,,,,,
8894673,Matthew Burnett,BRADLEY,m,,1:47.37,,,,,3:49.16,,,26:08.3,,,,,,,,,,,,,,,,,,,,,,,,,,,,,,,,,,,,,,,,,,,,,,,,,,,,,,,,,,,,,,,,,,,,,,,,,,,,,,,,,,,,,,,,,,,,,,,,,,,,,,,,,,,,,,,,,,,,,,,,,,
8587815,Matan Ivri,WISCONSIN,m,,,3:57.89,15:49.7,18:16.6,,3:38.13,13:23.11,,22:59.7,29:34.8,,7:43.88,,,,,,,,,,,,,,,,,,,,,,,,,,,,,,,,,,,,,,,,,,,,,,,,,,,,,,,,,,,,,,,,,,,,,,,,,,,,,,,,,,,,,,,,,,,,,,,,,,,,,,,,,,,,,,,,,,,,,,,
6097136,Kaila Butler,BOWLING GREEN,,,,,,,,,,,,,,,,,,,,,,,,,,,,,,,,,,,"69.35m 227' 6""","20.53m 67' 4.25""",,,,,,,,,,,,,,,,,,,,,,,,,,,,,,,,,,,,,,,,,,,,,,,,,,,,,,,,,,,,,,,,,,,,,,,,,,,,,,,,,,,,,,,,,,,,,,,,,
9242736,Chris Paige,UCLA,m,,,,,,,,,,,,,,,7.21,,,35.31,47.56,,"6.66m 21' 10.25""",,,8.34,,50.47,"1.75m 5' 8.75""",,,,,,,,,,,1:06.08,,,,,,,,,,,,,,,,,,,,,,,,,,,,,,,,,,,,,,,,,,,,,,,,,,,,,,,,,,,,,,,,,,,,,,,,,,,,,,,,,,,,,,,,,,,,,,
9000222,Nicolas Martinez,NORTHERN ARIZONA,m,,,,,,,,,,,,,,,,,21.88,,47.39,,,,,8.54,,50.83,,,,,,,,,,,,,,,,,,,,,,,,,,,,,,,,,,,,,,,,,,,,,,,,,,,,,,,,,,,,,,,,,,,,,,,,,,,,,,,,,,,,,,,,,,,,,,,,,,,,,,,,,,
7815149,Ian Kibiwot,LOUISVILLE,,,,4:06.77,,,,3:48.92,13:41.10,,22:50.3,29:28.0,,7:59.60,,,,,,,,,,28:11.65,,,,,,,,,,,,,,,,,,,,,20:00.3,,,,,,,,,,,,,,,,,,,,,,,,,,,,,,,,,,,,,,,,,,,,,,,,,,,,,,,,,,,,,,,,,,,,,,,,,,,,,,,,,,,,,,,,
9261955,Grant Buckmiller,LSU,m,1:19.42,,,,,,,,,,,,,,,,20.69 (2.2),,44.87,,,,,,,,,,,,,,,,,,,1:05.88,,,,,,,,,,,,,,,,,,,,,,,,,,,,,,,,,,,,,,,,,,,,,,,,,,,,,,,,,,,,,,,,,,,,,,,,,,,,,,,,,,,,,,,,,,,,,,
8672396,Archie Noakes,WISCONSIN,m,,,3:56.76,15:48.8,,,3:41.42,13:31.88,,23:58.4,29:55.0,,7:51.25,,,,,,,,,,,,,,,,,,,,,,,,,,,,,,,,,,,,,,,,,,,,,,,,,,,,,,,,,,,,,,,,,,,,,,,,,,,,,,,,,,,,,,,,,,,,,,,,,,,,,,,,,,,,,,,,,,,,,,,
8351050,Amare Hall,KENT STATE,m,,,,,,,,,,,,,,,7.17,11.12 (-1.3),,,,,"7.77m (2.3) 25' 6""","14.12m 46' 4""",,,,,"1.90m 6' 2.75""",,,,,,,,,,,,,,,,,,,,,,,,,,,,,,,,,,,,,,,,,,,,,,,,,,,,,,,,,,,,,,,,,,,,,,,,,,,,,,,,,,,,,,,,,,,,,,,,,,,,,,,,,
9224299,Owan Logorodi,ARKANSAS,m,,1:47.78,4:08.02,,,,3:43.75,,,25:46.0,,2:23.04,,,,,,,,,,,,,,,,,,,,,,,,,,,,,,,,,,,,,,,,,,,,,,,,,,,,,,,,,,,,,,,,,,,,,,,,,,,,,,,,,,,,,,,,,,,,,,,,,,,,,,,,,,,,,,,,,,,,,,,,
7886849,Camden Marshall,INDIANA,m,1:17.14,1:45.48,3:55.96,,,,3:39.51,,,23:35.0,30:43.9,2:21.64,8:22.05,,,,,,,,,,,,,,,,,,,,,,,,,,,,,,,,,,,,,,,,,,,,,,,,,,,,,,,,,,,,,,,,,,,,,,,,,,,,,,,,,,,,,,,,,,,,,,,,,,,,,,,,,,,,,,,,,,,,,,,
9254031,Cora Williams,INDIANA STATE,f,,,,,,,,,,,,,,,,,,,,,,,,,,,,"14.48m 47' 6.25""",,,,,,"58.81m 192' 11""","18.67m 61' 3""",,,,,,,,,,,,,,,,,,,,,,,,,,,,,,,,,,,,,,,,,,,,,,,,,,,,,,,,,,,,,,,,,,,,,,,,,,,,,,,,,,,,,,,,,,,,,,,,,
8333695,Kaylee Clark,MISS STATE,f,,,,,,,,,,,,,,,,,,,,"52.49m 172' 2""",,,,,,,,,,,,,,,,,,,,,,,,,,,,,,,,,,,,,,,,,,,,,,,,,,,,,,,,,,,,,,,,,,,,,,,,,,,,,,,,,,,,,,,,,,,,,,,,,,,,,,,,,,,,,,,,
8617296,Gwenno Goode,LA SALLE,f,,2:21.34,4:56.24,,19:51.1,18:54.2,4:19.01,15:59.52,9:56.80,,,,9:18.98,,,,,,,,,,,,,,,,,,,,,,,,,,,,,,,,,,,,,,,,,,14:25.2,,,,,,,,,,,,,,,,,,,,,,,,,,,,,,,,,,,,,,,,,,,,,,,,,,,,,,,,,,,,,,,,,,,,,,,,,,,,,
8669889,Nicolas Simmons,NAVY,m,,,,,,,4:37.74,,,,,2:43.95,,,6.95,10.72 (1.3),22.87 (0.5),35.41,49.08,"52.91m 173' 7""","7.39m (2.7) 24' 3""","14.27m 46' 10""",,8.73,,,"1.81m 5' 11.25""","14.21m 46' 7.5""",,5174,"4.30m 14' 1.25""",15.45 (0.3),"45.80m 150' 3""",,,7413,,1:06.56,,,,,,,,,,,,,,,,,,,,,,,,,,,,,,,,,,,,,,,,,,,,,,,,,,,,,,,,,,,,,,,,,,,,,,,,,,,,,,,,,,,,,,,,,,,,,,
8359933,Shani'A Bellamy,LSU,,,,,,,,,,,,,,,,7.49,11.42 (3.2),23.53 (3.1),39.50,53.89,,"5.34m 17' 6.25""",,,8.21,12.77 (1.8),55.58,,,,,,,,,,,,,,,1:22.81,,,,,,,,,,,,,,,,,,,,,,,,,,,,,,,,,,,,,,,,,,,,,,,,,,,,,,,,,,,,,,,,,,,,,,,,,,,,,,,,,,,,,,,,,,,
8320113,Anthony Meacham,KANSAS,m,,,,,,,,,,,,,,,,,,,,,,,,,,,,,,,"5.81m 19' 0.75""",,,,,,,,,,,,,,,,,,,,,,,,,,,,,,,,,,,,,,,,,,,,,,,,,,,,,,,,,,,,,,,,,,,,,,,,,,,,,,,,,,,,,,,,,,,,,,,,,,,,,
9228605,Itsaso Madariaga Huegun,FIU,f,,2:22.23,,,,,,,,,,,,,,,24.79 (1.7),,,"35.98m 118' 0""","5.80m 19' 0.5""",,,8.75,14.19 (2.0),,"1.65m 5' 5""","12.45m 40' 10.25""",3911,5269,,,,,,,,,,,,,,,,,,,,,,,,,,,,,,,,,,,,,,,,,,,,,,,,,,,,,,,,,,,,,,,,,,,,,,,,,,,,,,,,,,,,,,,,,,,,,,,,,,,,,,
8673138,Garrett Taylor,ILLINOIS STATE,m,,,,,,,,,,,,,,,,,,,,,,,,,,,,"18.33m 60' 1.75""",,,,,"56.57m 185' 7""","44.62m 146' 5""","13.53m 44' 4.75""",,,,,,,,,,,,,,,,,,,,,,,,,,,,,,,,,,,,,,,,,,,,,,,,,,,,,,,,,,,,,,,,,,,,,,,,,,,,,,,,,,,,,,,,,,,,,,,,,
9020102,Joshua Abraham,NEW MEXICO,m,,1:48.19,3:57.78,15:03.7,,,3:39.55,14:13.46,,23:38.4,31:26.8,,7:54.36,,,,,,,"26.34m 86' 5""",,,,,,,,,,,,,,,,,,,,,,,,,,,,,,,,,,,,,,,,,,,,,,,,,,,,,,,,,,,,,,,,,,,,,,,,,,,,,,,,,,,,,,,,,,,,,,,,,,,,,,,,,,,,,,,,
9387722,Michael Lunsford,OKLAHOMA STATE,m,,,,,,,,,,,,,,,,,,,,,,,,,,,,"18.01m 59' 1.25""",,,,,,,,,,,,,,,,,,,,,,,,,,,,,,,,,,,,,,,,,,,,,,,,,,,,,,,,,,,,,,,,,,,,,,,,,,,,,,,,,,,,,,,,,,,,,,,,,,,,,,,,
8233518,Will Sumner,GEORGIA,,1:15.32,1:44.26,,,,,,,,,,2:25.33,,,,,,34.44,46.71,,,,,,,,,,,,,,,,,,,,,,,,,,,,,,,,,,,,,,,,,,,,,,,,,,,,,,,,,,,,,,,,,,,,,,,,,,,,,,,,,,,,,,,,,,,,,,,,,,,,,,,,,,,,,,,,,
7734256,Auhmad Robinson,TEXAS A&M,,,2:11.89,,,,,,,,,,,,,,,20.21 (2.4),32.06,44.61,,,,,,,,,,,,,,,,,,,,,,,,,,,,,,,,,,,,,,,,,,,,,,,,,,,,,,,,,,,,,,,,,,,,,,,,,,,,,,,,,,,,,,,,,,,,,,,,,,,,,,,,,,,,,,,,,
7388051,Isabel Van Camp,ARKANSAS,,1:39.20,2:09.34,4:38.88,15:58.0,19:05.5,,4:16.48,15:35.64,,,,2:48.66,9:01.34,,,,,,,,,,34:18.83,,,,,,,,,,,,,,,,,,,,,,,,,,,,,,,,,,,,,,,,,,,,,,,,,,,,,,,,,,,,,,,,,,,,,,,,,,,,,,,,,,,,,,,,,,,,,,,,,,,,,,,,,,,,,
8986740,Marcia Sey,HOWARD,f,,,,,,,,,,,,,,,7.44,11.26 (3.7),24.22,39.56,59.45,,,,,8.10,12.76 (2.6),,,,,,,,,,,,,,,,,,,,,,,,,,,,,,,,,,,,,,,,,,,,,,,,,,,,,,,,,,,,,,,,,,,,,,,,,,,,,,,,,,,,,,,,,,,,,,,,,,,,,,,,,,,
7894462,Rob Mcmanus,MONTANA STATE,m,,1:54.65,3:59.98,15:07.3,,,3:40.14,13:40.04,8:25.83,23:31.8,29:51.6,,7:54.78,,,,,,,,,,,,,,,,,,,,,,,,24:07.2,,,,,,,,14:53.2,24:38.2,,,,,,,,,,,,,,,,,,,,,,,,,,,,,,,,,,,,,,,,,,,,,24:19.5,,,,,,,,,,,,,,,,,,,,,,,,,,,,,,,,,,,,,,,,,
7980313,Tess Stapleton,STANFORD,f,,,,,,,,,,,,,,,,,23.33 (4.6),,,,"6.31m (2.9) 20' 8.5""",,,8.22,13.47 (1.6),55.54,,,,,,,,,,,,,,,,,,,,,,,,,,,,,,,,,,,,,,,,,,,,,,,,,,,,,,,,,,,,,,,,,,,,,,,,,,,,,,,,,,,,,,,,,,,,,,,,,,,,,,,,,,
8232309,Bryce Gilmore,WAKE FOREST,m,,,3:59.00,,18:34.7,,3:40.32,13:48.82,,23:42.2,30:25.6,,7:50.89,,,,,,,,,,,,,,,,,,,,,,,,27:05.3,,,,,,,,,,,,,,,,,,,,,,,,,,,,,,,,,,,,,,,,,,,,,,,,,,,,,,,,,,,,,,,,,,,,,,,,,,,,,,,,,,,,,,,,,,,,,,,
8672379,Diarmuid O'Connor,CONNECTICUT,m,,,,,,,4:22.52,,,,,2:36.44,,,7.07,10.80 (3.3),,,48.39,"54.73m 179' 7""","7.23m (2.0) 23' 8.75""",,,8.28,,,"1.96m 6' 5""","14.76m 48' 5.25""",,5690,"4.51m 14' 9.5""",14.81 (0.8),"42.05m 137' 11""",,,7658,,,,,,,,,,,,,,,,,,,,,,,,,,,,,,,,,,,,,,,,,,,,,,,,,,,,,,,,,,,,,,,,,,,,,,,,,,,,,,,,,,,,,,,,,,,,,,,,
8584556,Tj Warnick,WEBER STATE,m,,1:54.56,4:09.38,,24:31.7,,3:44.59,,8:51.99,25:36.0,,,8:44.19,,,,,,,,,,,,,,,,,,,,,,,,,,,,,,,,,,,,,,,,,,,,,,,,,,,,,,,,,,,,,,,,,,,,,,21:32.9,,,,,,,,,,,,,,,,,,,,,,,,,,,,,,,,,,,,,,,,,,,,,,,,,
8705608,Irene Jepkemboi,TCU,f,,,,,,,,,,,,,,,,,,,,"60.31m 197' 10""",,,,,,,,,,,,,,,,,,,,,,,,,,,,,,,,,,,,,,,,,,,,,,,,,,,,,,,,,,,,,,,,,,,,,,,,,,,,,,,,,,,,,,,,,,,,,,,,,,,,,,,,,,,,,,,,
8584782,Chris Caudillo,CAL POLY,m,,,3:56.05,,,,3:35.13,13:35.05,,23:48.7,31:02.0,,8:24.45,,,,,,,,,,,,,,,,,,,,,,,,,,,,,,,,,,,,,,,,,,,,,,,,,,,,,,,,,,,,,,,,,,,,,,,,,,,,,,,,,,,,,,,,,,,,,,,,,,,,,,,,,,,,,,,,,,,,,,,
9247076,David Jarolimek,TEXAS,m,,,,,,,,,,,,,,,,,,,,,,,,,,,,,,,,,"56.48m 185' 4""",,"16.59m 54' 5.25""",,,,,,,,,,,,,,,,,,,,,,,,,,,,,,,,,,,,,,,,,,,,,,,,,,,,,,,,,,,,,,,,,,,,,,,,,,,,,,,,,,,,,,,,,,,,,,,,,
7967006,Kalen Walker,IOWA,m,,,,,,,,,,,,,,,6.50,9.94 (1.1),20.92 (1.0),,,,,,,,,,,,,,,,,,,,,,,,,,,,,,,,,,,,,,,,,,,,,,,,,,,,,,,,,,,,,,,,,,,,,,,,,,,,,,,,,,,,,,,,,,,,,,,,,,,,,,,,,,,,,,,,,,,
8326706,Michael Parks,BUFFALO,m,,,,,,,,,,,,,,,7.12,10.73 (2.6),,,,,,,,7.83,,1:02.03,"1.86m 6' 1.25""",,,,,13.72 (2.8),,,,,,,,,,,,,,,,,,,,,,,,,,,,,,,,,,,,,,,,,,,,,,,,,,,,,,,,,,,,,,,,,,,,,,,,,,,,,,,,,,,,,,,,,,,,,,,,,,,,
8704019,Canaan Wharry,HOUSTON,m,,,,,,,,,,,,,,,,,,,,,,,,,,,,"15.69m 51' 5.75""",,,,,"58.81m 192' 11""","59.58m 195' 6""","19.94m 65' 5""",,,,,,,,,,,,,,,,,,,,,,,,,,,,,,,,,,,,,,,,,,,,,,,,,,,,,,,,,,,,,,,,,,,,,,,,,,,,,,,,,,,,,,,,,,,,,,,,,
8609549,Habtom Samuel,NEW MEXICO,m,,,3:57.09,,,,3:38.60,13:03.47,,22:32.0,28:33.9,,7:37.44,,,,,,,,,,27:30.51,,,,,,,,,,,,,,,,,,,,,,,,,,,,,,,,,,,,,,,,,,,,,,,,,,,,,,,,,,,,,,,,,,,,,,,,,8:11.47,,,,,,,,,,,,,,,,,,,,,,,,,,,,,,,,,,,,
8320778,Kiana Emerson,ARMY WEST POINT,f,,,,,,,,,,,,,,,,,,,,,,,,,,,,"10.22m 33' 6.5""",,,,,"44.31m 145' 4""","58.89m 193' 2""","17.44m 57' 2.75""",,,,,,,,,,,,,,,,,,,,,,,,,,,,,,,,,,,,,,,,,,,,,,,,,,,,,,,,,,,,,,,,,,,,,,,,,,,,,,,,,,,,,,,,,,,,,,,,,
8601483,Lily Mather,TEXAS TECH,f,,2:07.96,4:39.21,17:36.4,20:04.1,,4:24.39,16:44.19,10:16.18,,,2:45.99,9:39.57,,,,,,,,,,,,,,,,,,,,,,,,,,,,,,,,,,,,,,,,,,,,,,,,,,,,,,,,,,,,,,,,,,,,,,,,,,,,,,,,,,,,,,,,,,,,,,,,,,,,,,,,,,,,,,,,,,,,,,,
8932037,Rosemary Shay,VILLANOVA,f,,2:06.36,4:35.31,17:43.8,20:23.2,,4:13.98,,,,,,9:07.18,,,,,,,,,,,,,,,,,,,,,,,,,,,,,,,,,,,,,,,,,,,,,,,,,,,,,,,,,,,,,,,,,,,,,,,,,,,,,,,,,,,,,,,,,,,,,,,,,,,,,,,,,,,,,,,,,,,,,,,
9262292,Emma Randecker,NORTHERN IOWA,f,,,,,,,,,,,,,,,7.65,11.72 (1.5),23.19 (4.2),39.65,53.77,,,,,,,,,,,,,,,,,,,,,,,,,,,,,,,,,,,,,,,,,,,,,,,,,,,,,,,,,,,,,,,,,,,,,,,,,,,,,,,,,,,,,,,,,,,,,,,,,,,,,,,,,,,,,,,,,
7491670,Victoria Gorlova,TEXAS TECH,,,,,,,,,,,,,,,,7.75,12.14 (0.3),24.42 (3.6),,,,"6.58m (0.8) 21' 7.25""","13.99m (1.8) 45' 10.75""",,,,,,,,,,,,,,,,,,,,,,,,,,,,,,,,,,,,,,,,,,,,,,,,,,,,,,,,,,,,,,,,,,,,,,,,,,,,,,,,,,,,,,,,,,,,,,,,,,,,,,,,,,,,,,
8981314,Ava Goetz,NEBRASKA,f,,2:23.86,,,,,,,,,,,,,,,25.87 (3.1),,,"30.98m 101' 8""","5.97m (0.7) 19' 7""",,,9.17,13.94 (2.8),,"1.80m 5' 10.75""","10.59m 34' 9""",3724,5265,,,,,,,,,,,,,,,,,,,,,,,,,,,,,,,,,,,,,,,,,,,,,,,,,,,,,,,,,,,,,,,,,,,,,,,,,,,,,,,,,,,,,,,,,,,,,,,,,,,,,,
8983329,Estel Valeanu,VIRGINIA,,,,,,,,,,,,,,,,,,,,,,,,,,,,,"16.50m 54' 1.75""",,,,,"58.22m 191' 0""","58.97m 193' 6""","18.32m 60' 1.25""",,,,,,,,,,,,,,,,,,,,,,,,,,,,,,,,,,,,,,,,,,,,,,,,,,,,,,,,,,,,,,,,,,,,,,,,,,,,,,,,,,,,,,,,,,,,,,,,,
8667710,Joel Iheakolam,MIDDLE TENNESSEE,m,,,,,,,,,,,,,,,,,23.51,,,,"7.22m 23' 8.25""","15.52m (1.9) 50' 11""",,,,,,,,,,,,,,,,,,,,,,,,,,,,,,,,,,,,,,,,,,,,,,,,,,,,,,,,,,,,,,,,,,,,,,,,,,,,,,,,,,,,,,,,,,,,,,,,,,,,,,,,,,,,,,
8612240,Dean Casey,COLORADO,m,,,4:14.77,15:16.2,,,,13:33.78,,22:52.9,29:15.6,,,,,,,,,,,,28:17.16,,,,,,,,,,,,,,,,,,,,,,,,,,,,,,,,,,,,,,,,,,,,,,,,,,,,,,,,,,,,,,,,,,,,,,,,,,,,,,,,,,,,,,,,,,,,,,,,,,,,,,,,,,,,,
8712122,Zaid Latif,TEXAS TECH,m,,,,,,,,,,,,,,,,,,,,,"8.06m (0.7) 26' 5.5""",,,,,,,,,,,,,,,,,,,,,,,,,,,,,,,,,,,,,,,,,,,,,,,,,,,,,,,,,,,,,,,,,,,,,,,,,,,,,,,,,,,,,,,,,,,,,,,,,,,,,,,,,,,,,,,
9264653,Micayah Holland,FLORIDA STATE,f,,,,,,,,,,,,,,,7.23,11.30 (1.9),23.48,38.30,,,,,,,,,,,,,,,,,,,,,,,,,,,,,,,,,,,,,,,,,,,,,,,,,,,,,,,,,,,,,,,,,,,,,,,,,,,,,,,,,,,,,,,,,,,,,,,,,,,,,,,,,,,,,,,,,,
8326213,Abby Klebe,LEHIGH,f,,2:03.96,4:44.06,,,,4:22.32,,,,,2:49.22,,,,,,,56.33,,,,,,,,,,,,,,,,,,,1:14.71,,,,,,,,,,,,,,,,,,,,,,,,,,,,,,,,,,,,,,,,,,,,,,,,,,,,,,,,,,,,,,,,,,,,,,,,,,,,,,,,,,,,,,,,,,,,,,
7511444,Jalani Davis,OLE MISS,,,,,,,,,,,,,,,,,,,,,,,,,,,,,"18.61m 61' 0.75""",,,,,"57.54m 188' 9""","69.86m 229' 2""","25.09m 82' 3.75""",,,,,,,,,,,,,,,,,,,,,,,,,,,,,,,,,,,,,,,,,,,,,,,,,,,,,,,,,,,,,,,,,,,,,,,,,,,,,,,,,,,,,,,,,,,,,,,,,
8969989,Preston Kuznof,TCU,m,,,,,,,,,,,,,,,,,,,,"75.10m 246' 5""",,,,,,,,,,,,,,,,,,,,,,,,,,,,,,,,,,,,,,,,,,,,,,,,,,,,,,,,,,,,,,,,,,,,,,,,,,,,,,,,,,,,,,,,,,,,,,,,,,,,,,,,,,,,,,,,
9242761,Gabriella Taylor,UCLA,f,,,,,,,,,,,,,,,,,24.47 (0.3),39.04,53.24,,,,,,,,,,,,,,,,,,,,,,,,,,,,,,,,,,,,,,,,,,,,,,,,,,,,,,,,,,,,,,,,,,,,,,,,,,,,,,,,,,,,,,,,,,,,,,,,,,,,,,,,,,,,,,,,,
7537576,Jacob Lemmon,FLORIDA,,,,,,,,,,,,,,,,,,,,,,,,,,,,,"16.47m 54' 0.5""",,,,,"61.80m 202' 9""","66.15m 217' 0""","22.18m 72' 9.25""",,,,,,,,,,,,,,,,,,,,,,,,,,,,,,,,,,,,,,,,,,,,,,,,,,,,,,,,,,,,,,,,,,,,,,,,,,,,,,,,,,,,,,,,,,,,,,,,,
9006122,Christopher Young,ALABAMA,m,,,,,,,,,,,,,,,,,,,,,,,,,,,,"19.27m 63' 2.75""",,,,,"61.36m 201' 4""",,"18.66m 61' 2.75""",,,,,,,,,,,,,,,,,,,,,,,,,,,,,,,,,,,,,,,,,,,,,,,,,,,,,,,,,,,,,,,,,,,,,,,,,,,,,,,,,,,,,,,,,,,,,,,,,
7976928,Cade Gray,TENNESSEE,m,,,,,,,,,,,,,,,6.89,11.17 (3.5),23.44,,,,"7.97m 26' 1.75""","14.26m (3.3) 46' 9.5""",,,,,"1.92m 6' 3.5""",,,,"5.73m 18' 9.5""",,,,,,,,,,,,,,,,,,,,,,,,,,,,,,,,,,,,,,,,,,,,,,,,,,,,,,,,,,,,,,,,,,,,,,,,,,,,,,,,,,,,,,,,,,,,,,,,,,,,,
6476063,Ed Trippas,PRINCETON,,,,4:01.00,,,,3:48.61,14:22.34,8:20.29,23:26.3,29:51.1,,7:55.23,,,,,,,,,,,,,,,,,,,,,,,,26:40.5,,,,,,,,,,,,,,,,,,,,,5:28.14,,,,,27:31.3,,,,,,,,,,,,,,,,,,,,,,,,,,,,,,,,,,,,,,,,,,,,,,,,,,,,,,,,,,,,,,,,,,,,,
6983486,Ryan Brown,ARKANSAS,,,,,,,,,,,,,,,,6.97,,,,,,"8.12m 26' 7.75""","16.43m (0.5) 53' 11""",,8.25,,,,,,,,14.57 (2.3),,,,,,,,,,,,,,,,,,,,,,,,,,,,,,,,,,,,,,,,,,,,,,,,,,,,,,,,,,,,,,,,,,,,,,,,,,,,,,,,,,,,,,,,,,,,,,,,,,,,
8924225,Amanda Ngandu-Ntumba,CINCINNATI,,,,,,,,,,,,,,,,,,,,,,,,,,,,,"16.85m 55' 3.5""",,,,,"60.77m 199' 4""",,,,,,,,,,,,,,,,,,,,,,,,,,,,,,,,,,,,,,,,,,,,,,,,,,,,,,,,,,,,,,,,,,,,,,,,,,,,,,,,,,,,,,,,,,,,,,,,,,,
8680452,Jahqueen Mcclellan,KENTUCKY,f,,,,,,,,,,,,,,,,,24.01 (5.0),39.12,53.21,,,,,,,,,,,,,,,,,,,,,,,,,,,,,,,,,,,,,,,,,,,,,,,,,,,,,,,,,,,,,,,,,,,,,,,,,,,,,,,,,,,,,,,,,,,,,,,,,,,,,,,,,,,,,,,,,
9263315,Tianna Springer,GEORGIA,f,,,,,,,,,,,,,,,,,,,51.69,,,,,,,,,,,,,,,,,,,,,,,,,,,,,,,,,,,,,,,,,,,,,,,,,,,,,,,,,,,,,,,,,,,,,,,,,,,,,,,,,,,,,,,,,,,,,,,,,,,,,,,,,,,,,,,,,
8673883,Jaqueline Zacharias,ELON,f,,,,,,,,,,,,,,,,,,,,"48.16m 158' 0""",,,,,,,,"10.06m 33' 0.25""",,,,,"37.29m 122' 4""","36.05m 118' 3""","11.03m 36' 2.25""",,,,,,,,,,,,,,,,,,,,,,,,,,,,,,,,,,,,,,,,,,,,,,,,,,,,,,,,,,,,,,,,,,,,,,,,,,,,,,,,,,,,,,,,,,,,,,,,,
8290396,Cashieve Blair,ST. PETER'S,m,,,,,,,,,,37:55.1,,,,,6.79,10.71 (-0.9),20.34 (1.7),33.79,45.85,,,,,,,,,,,,,,,,,,,1:03.67,,,,,,,,,,,,,,,,,,22:38.0,,,,,,,,,,,,,,,,,,,,,,,,,,,,,,,,,,,,,,,,,,,,,,,,,,,,,,,,,,,,,,,,,,,,,,,,,,,,
9334840,Logan Lyght,UC IRVINE,m,,,,,,,,,,,,,,,,10.60 (2.4),21.32 (0.3),,,,,,,,,,,,,,,13.92 (3.3),,,,,,,,,,,,,,,,,,,,,,,,,,,,,,,,,,,,,,,,,,,,,,,,,,,,,,,,,,,,,,,,,,,,,,,,,,,,,,,,,,,,,,,,,,,,,,,,,,,,
9172414,Vinay Raman,PENN,m,,1:47.43,4:05.58,,,,3:43.44,,,25:47.5,,2:22.21,8:24.39,,,,,,,,,,,,,,,,,,,,,,,,,,,,,,,19:55.3,,,,,,,,,,,,,,,,,,,,,,,,,,,,,,,,,,,,,,,,,,,,,,,,17:59.0,,,,,,,,,,,,,,,,,,,,,,,,,,,,,,,,,,,,,,,,
8590112,Berlyn Schutz,NEBRASKA,f,,2:03.11,4:27.30,16:20.8,20:06.2,,4:08.88,15:39.38,,,,,9:06.41,,,,,,,,,,,,,,,,,,,,,,,,,,,,,,,,,,,,,,,,,,,,,,,,,,,,,,,,,,,,,,,,,,,,,,,,,,,,,,,,,,,,,,,,,,,,,,,,,,,,,,,,,,,,,,,,,,,,,,,
8697682,Darwin Jimenez,IOWA,m,,,,,,,,,,,,,,,6.52,9.93 (5.6),20.69 (0.7),,,,,,,,,,,,,,,,,,,,,,,,,,,,,,,,,,,,,,,,,,,,,,,,,,,,,,,,,,,,,,,,,,,,,,,,,,,,,,,,,,,,,,,,,,,,,,,,,,,,,,,,,,,,,,,,,,,
7538545,Micaylon Moore,NEBRASKA,,,,,,,,,,,,,,,,6.98,,21.70 (1.0),,,,"7.86m (0.5) 25' 9.5""","16.52m 54' 2.5""",,,,,,,,,,,,,,,,,,,,,,,,,,,,,,,,,,,,,,,,,,,,,,,,,,,,,,,,,,,,,,,,,,,,,,,,,,,,,,,,,,,,,,,,,,,,,,,,,,,,,,,,,,,,,,
8700723,Jack Greaves,RICE,m,,,,,,,,,,,,,,,,,,,,"74.22m 243' 6""",,,,,,,,,,,,,,,,,,,,,,,,,,,,,,,,,,,,,,,,,,,,,,,,,,,,,,,,,,,,,,,,,,,,,,,,,,,,,,,,,,,,,,,,,,,,,,,,,,,,,,,,,,,,,,,,
8647430,Carleta Bernard,TEXAS,f,,,,,,,,,,,,,,,7.19,11.01 (2.5),22.68 (2.9),38.82,,,,,,,,,,,,,,,,,,,,,,,,,,,,,,,,,,,,,,,,,,,,,,,,,,,,,,,,,,,,,,,,,,,,,,,,,,,,,,,,,,,,,,,,,,,,,,,,,,,,,,,,,,,,,,,,,,
7533309,Alexis Brown,BAYLOR,,,,,,,,,,,,,,,,7.14,11.08 (1.8),24.28,,,,"7.03m (0.4) 23' 0.75""",,,,,,,,,,,,,,,,,,,,,,,,,,,,,,,,,,,,,,,,,,,,,,,,,,,,,,,,,,,,,,,,,,,,,,,,,,,,,,,,,,,,,,,,,,,,,,,,,,,,,,,,,,,,,,,
8318087,Rasunek Tyler-Thompson,ALABAMA STATE,f,,,,,,,,,,,,,,,7.47,11.39 (1.5),24.49 (0.8),,,,"5.10m 16' 8.75""",,,8.21,13.08 (1.0),,,,,,,,,,,,,,,,,,,,,,,,,,,,,,,,,,,,,,,,,,,,,,,,,,,,,,,,,,,,,,,,,,,,,,,,,,,,,,,,,,,,,,,,,,,,,,,,,,,,,,,,,,,
9281890,Julius Malone,HOUSTON CHRISTIAN,m,,,,,,,,,,,,,,,,,,,,,,,,,,,"2.17m 7' 1.5""",,,,,,,,,,,,,,,,,,,,,,,,,,,,,,,,,,,,,,,,,,,,,,,,,,,,,,,,,,,,,,,,,,,,,,,,,,,,,,,,,,,,,,,,,,,,,,,,,,,,,,,,,
8671715,Emmaculate Jemutai,KANSAS,f,,1:59.88,4:34.25,18:09.6,19:49.1,,4:08.60,,,,,2:46.96,,,,,,,,,,,,,,,,,,,,,,,,,,,,,,,,,,,,,,,,,,,,,,,,,,,,,,,,,,,,,,,,,,,,,,,,,,,,,,,,,,,,,,,,,,,,,,,,,,,,,,,,,,,,,,,,,,,,,,,,
8696284,Blanca Pereira,VCU,f,,,,,,,,,,,,,,,,,,,,,,,,,,,,"8.96m 29' 4.75""",,,,,,"63.70m 209' 0""","17.44m 57' 2.75""",,,,,,,,,,,,,,,,,,,,,,,,,,,,,,,,,,,,,,,,,,,,,,,,,,,,,,,,,,,,,,,,,,,,,,,,,,,,,,,,,,,,,,,,,,,,,,,,,
8599124,Emmett Gerres,MINNESOTA,m,,1:52.26,4:17.45,15:50.1,,,3:43.29,14:03.02,8:32.56,24:05.9,31:25.4,,8:21.82,,,,,,,,,,,,,,,,,,,,,,,,,,,,,,,,,,,,,,,,,,,,,,,,,,,,,,,,,,,,,,,,,,,,,,,,,,,,,,,,,,,,,,,,,,,,,,,,,,,,,,,,,,,,,,,,,,,,,,,
8974339,Ayomide Oyetunji,CLEMSON,m,,,,,,,,,,,,,,,6.76,10.24 (2.8),20.98,34.25,,,,,,,,,,,,,,,,,,,,,,,,,,,,,,,,,,,,,,,,,,,,,,,,,,,,,,,,,,,,,,,,,,,,,,,,,,,,,,,,,,,,,,,,,,,,,,,,,,,,,,,,,,,,,,,,,,
8374918,Mats Swanson,LSU,m,1:18.26,1:48.71,,,,,,,,,,2:31.25,,,,,21.56 (2.5),33.60,46.73,,,,,,,,,,,,,,,,,,,,,,1:11.48,,,,,,,,,,,,,,,,,,,,,,,,,,,,,,,,,,,,,,,,,,,,,,,,,,,,,,,,,,,,,,,,,,,,,,,,,,,,,,,,,,,,,,,,,,,
8339934,Javonya Valcourt,TENNESSEE,f,,,,,,,,,,,,,,,,,23.20 (2.4),36.46,50.26,,,,,,,,,,,,,,,,,,,,,,,,,,,,,,,,,,,,,,,,,,,,,,,,,,,,,,,,,,,,,,,,,,,,,,,,,,,,,,,,,,,,,,,,,,,,,,,,,,,,,,,,,,,,,,,,,
9251136,Jet Van Der Heijden,COLORADO ST.,f,,,,,,,,,,,,,,,,,,,,"49.60m 162' 9""",,,,,,,,"10.30m 33' 9.5""",,,,,"51.58m 169' 3""","46.40m 152' 3""","12.49m 40' 11.75""",,,,,,,,,,,,,,,,,,,,,,,,,,,,,,,,,,,,,,,,,,,,,,,,,,,,,,,,,,,,,,,,,,,,,,,,,,,,,,,,,,,,,,,,,,,,,,,,,
7891565,Emily Bryce,WEST VIRGINIA,f,,2:13.80,4:49.60,16:43.3,19:57.9,,4:32.07,15:52.63,10:59.97,,,,9:26.62,,,,,,,,,,33:03.35,,,,,,,,,,,,,,,,,,,,,,,,,,,,,,,,,,,,,,,,,,,,,,,,,,,,,,,,,,,,,,,,,,,,,,,,,,,,,,,,,,,,,,,,,,,,,,,,,,,,,,,,,,,,,
6592751,Samantha Lenton,MEMPHIS,,,,,,,,,,,,,,,,,,,,,,,,,,,,,"15.65m 51' 4.25""",,,,,"58.95m 193' 5""","61.57m 202' 0""","20.19m 66' 3""",,,,,,,,,,,,,,,,,,,,,,,,,,,,,,,,,,,,,,,,,,,,,,,,,,,,,,,,,,,,,,,,,,,,,,,,,,,,,,,,,,,,,,,,,,,,,,,,,
9175579,Mattix Dacunha,KANSAS STATE,m,,,,,,,4:48.64,,,,,2:41.60,,,6.87,10.58 (4.7),22.27 (-0.1),,48.83,"46.90m 153' 10""","7.14m 23' 5.25""",,,7.88,,,"2.01m 6' 7""","12.07m 39' 7.25""",,5533,"3.95m 12' 11.5""",14.09 (2.4),"37.54m 123' 2""",,,7199,,,,,,,,,,,,,,,,,,,,,,,,,,,,,,,,,,,,,,,,,,,,,,,,,,,,,,,,,,,,,,,,,,,,,,,,,,,,,,,,,,,,,,,,,,,,,,,,
8626621,Anna Mcnatt,PRINCETON,f,,2:17.83,4:39.49,18:03.2,19:41.6,,4:20.35,15:54.01,,,,,9:03.94,,,,,,,,,,33:47.64,,,,,,,,,,,,,,,,,,,,,,,,,,,,,,,,14:09.1,,,,,,,,,,,,,,,,,,,,,,,,,,,,,,,,,,,,,,,,,,,,,,,,,,,,,,,,,,,,,,,,,,,,,,,,,,,,,
8599962,Xavier Branker,NC STATE,m,,,,,,,,,,,,,,,,,22.35,34.42,47.50,,,,,7.97,,49.69,,,,,,14.08 (-1.2),,,,,,,,,,,,,,,,,,,,,,,,,,,,,,,,,,,,,,,,,,,,,,,,,,,,,,,,,,,,,,,,,,,,,,,,,,,,,,,,,,,,,,,,,,,,,,,,,,,,
8328299,Tyrice Taylor,ARKANSAS,m,1:18.37,1:44.35,,,,,4:04.59,,,,,,,,,,,,46.29,,,,,,,,,,,,,,,,,,,,,,1:09.34,,,,,,,,,,,,,,,,,,,,,,,,,,,,,,,,,,,,,,,,,,,,,,,,,,,,,,,,,,,,,,,,,,,,,,,,,,,,,,,,,,,,,,,,,,,
8676195,Kyren Washington,OKLAHOMA,m,,,,,,,,,,,,,,,,,,,,,,,,,,,"2.25m 7' 4.5""",,,,,,,,,,,,,,,,,,,,,,,,,,,,,,,,,,,,,,,,,,,,,,,,,,,,,,,,,,,,,,,,,,,,,,,,,,,,,,,,,,,,,,,,,,,,,,,,,,,,,,,,,
8354291,Aaliyah Mccormick,OREGON,f,,,,,,,,,,,,,,,7.44,,24.07 (0.5),,,,,,,7.86,12.43 (4.9),,,,,,,,,,,,,,,,,,,,,,,,,,,,,,,,,,,,,,,,,,,,,,,,,,,,,,,,,,,,,,,,,,,,,,,,,,,,,,,,,,,,,,,,,,,,,,,,,,,,,,,,,,,
7980295,Kaiah Fisher,BYU,f,,,,,,,,,,,,,,,,,,,,,,,,,,,,"15.49m 50' 10""",,,,,"55.09m 180' 9""","41.61m 136' 6""","16.67m 54' 8.25""",,,,,,,,,,,,,,,,,,,,,,,,,,,,,,,,,,,,,,,,,,,,,,,,,,,,,,,,,,,,,,,,,,,,,,,,,,,,,,,,,,,,,,,,,,,,,,,,,
8008553,Sydney Carr,VCU,f,,,,,,,,,,,,,,,,,,,,,"5.22m (+0.0) 17' 1.5""","12.73m (1.8) 41' 9.25""",,,,,,,,,,,,,,,,,,,,,,,,,,,,,,,,,,,,,,,,,,,,,,,,,,,,,,,,,,,,,,,,,,,,,,,,,,,,,,,,,,,,,,,,,,,,,,,,,,,,,,,,,,,,,,
8594983,Adisu Guadia,OKLAHOMA STATE,m,,,,,,,,13:27.23,,22:55.3,28:49.7,,7:59.07,,,,,,,,,,27:59.23,,,,,,,,,,,,,,,,,,,,,,,,,,,,,,,,,,,,,,,,,,,,,,,,,,,,,,,,,,,,,,,,,,,,,,,,,,,,,,,,,,,,,,,,,,,,,,,,,,,,,,,,,,,,,
8616014,Nate Boutin,LOYOLA (ILL.),m,,,4:07.86,,,,3:46.98,14:23.62,8:45.43,24:04.0,31:57.1,,8:02.16,,,,,,,,,,,,,,,,,,,,,,,,25:22.0,,,,,,,,,,,,,,,,,,,,,,,,,,,,,,,,,,,,,,,,,,,,,,,,,,,,,,,,,,,,,,,,,,,,,,,,,,,,,,,,,,,,,,,,,,,,,,,
7730239,Mabinty Kebe,WESTERN MICHIGAN,f,,,,,,,,,,,,,,,,,25.12,40.21,56.36,,,,,8.46,13.59 (2.9),57.46,,,,,,,,,,,,,,,,,,,,,,,,,,,,,,,,,,,,,,,,,,,,,,,,,,,,,,,,,,,,,,,,,,,,,,,,,,,,,,,,,,,,,,,,,,,,,,,,,,,,,,,,,,
9261646,Michael Kpomassy,UTEP,m,,,,,,,,,,,,,,,,,,,,,,,,,,,,"17.94m 58' 10.25""",,,,,,,,,,,,,,,,,,,,,,,,,,,,,,,,,,,,,,,,,,,,,,,,,,,,,,,,,,,,,,,,,,,,,,,,,,,,,,,,,,,,,,,,,,,,,,,,,,,,,,,,
8995140,Sydney Freeman,HOUSTON,f,,,,,,,,,,,,,,,,,,,,,,,,,,,,"15.87m 52' 1""",,,,,"36.66m 120' 3""",,,,,,,,,,,,,,,,,,,,,,,,,,,,,,,,,,,,,,,,,,,,,,,,,,,,,,,,,,,,,,,,,,,,,,,,,,,,,,,,,,,,,,,,,,,,,,,,,,,
7905591,Simone Plourde,UTAH,,,2:05.53,4:36.12,,19:29.7,,4:08.70,15:21.19,,,,,8:53.95,,,,,,,,,,,,,,,,,,,,,,,,,,,,,,,,,,,,,,,,,,,,,,,,,,,,,,,,,,,,,,,,,,,,,,,,,,,,,,,,,,,,,,,,,,,,,,,,,,,,,,,,,,,,,,,,,,,,,,,
8989026,Kaleb Tesmer,WICHITA STATE,m,,,,,,,,,,,,,,,,,,,,,"7.08m (2.3) 23' 2.75""",,,,,,"2.11m 6' 11""",,,,,,,,,,,,,,,,,,,,,,,,,,,,,,,,,,,,,,,,,,,,,,,,,,,,,,,,,,,,,,,,,,,,,,,,,,,,,,,,,,,,,,,,,,,,,,,,,,,,,,,,,
9006509,Seth Allen,AUBURN,m,,,,,,,,,,,,,,,,,,,,,,,,,,,,,,,,,"61.63m 202' 2""","51.99m 170' 7""","20.19m 66' 3""",,,,,,,,,,,,,,,,,,,,,,,,,,,,,,,,,,,,,,,,,,,,,,,,,,,,,,,,,,,,,,,,,,,,,,,,,,,,,,,,,,,,,,,,,,,,,,,,,
9278488,Cordial Vann,USC,m,,,,,,,,,,,,,,,6.60,,,,,,"7.57m (1.0) 24' 10""",,,,,,,,,,,,,,,,,,,,,,,,,,,,,,,,,,,,,,,,,,,,,,,,,,,,,,,,,,,,,,,,,,,,,,,,,,,,,,,,,,,,,,,,,,,,,,,,,,,,,,,,,,,,,,,
8983978,Chelsea Amoah,UTAH,f,,,,,,,,,,,,,,,7.42,11.52 (-0.1),22.69 (1.9),,58.50,,,,,,,,,,,,,,,,,,,,,,,,,,,,,,,,,,,,,,,,,,,,,,,,,,,,,,,,,,,,,,,,,,,,,,,,,,,,,,,,,,,,,,,,,,,,,,,,,,,,,,,,,,,,,,,,,
9286292,Olivia Hildebrand,NORTH TEXAS,f,,,,,,,,,,,,,,,,,,,,,,,,,,,,"13.67m 44' 10.25""",,,,,"52.20m 171' 3""","50.48m 165' 7""","16.89m 55' 5""",,,,,,,,,,,,,,,,,,,,,,,,,,,,,,,,,,,,,,,,,,,,,,,,,,,,,,,,,,,,,,,,,,,,,,,,,,,,,,,,,,,,,,,,,,,,,,,,,
9272251,Jane Roosimagi,ILLINOIS,f,,,,,,,,,,,,,,,,,,,,"52.65m 172' 9""",,,,,,,,,,,,,,,,,,,,,,,,,,,,,,,,,,,,,,,,,,,,,,,,,,,,,,,,,,,,,,,,,,,,,,,,,,,,,,,,,,,,,,,,,,,,,,,,,,,,,,,,,,,,,,,,
9245122,Jalen Cadet,TARLETON STATE,m,,,,,,,5:39.64,,,,,3:18.49,,,6.94,10.32 (5.1),20.86 (3.9),,50.30,"54.12m 177' 7""","7.72m 25' 4""",,,8.63,,,"2.03m 6' 7.75""","12.41m 40' 8.75""",,4792,"3.78m 12' 4.75""",15.91 (2.2),"32.38m 106' 3""",,,6240,,,,,,,,,,,,,,,,,,,,,,,,,,,,,,,,,,,,,,,,,,,,,,,,,,,,,,,,,,,,,,,,,,,,,,,,,,,,,,,,,,,,,,,,,,,,,,,,
9281629,Jada Edwards,BAYLOR,f,,,,,,,,,,,,,,,7.50,11.72 (0.3),23.62 (0.8),,53.55,,,,,,,,,,,,,,,,,,,,,,,,,,,,,,,,,,,,,,,,,,,,,,,,,,,,,,,,,,,,,,,,,,,,,,,,,,,,,,,,,,,,,,,,,,,,,,,,,,,,,,,,,,,,,,,,,
9290891,Basel Abosina,FLORIDA,m,,,,,,,,,,,,,,,,,,,,,,,,,,,,,,,,,,"68.64m 225' 2""",,,,,,,,,,,,,,,,,,,,,,,,,,,,,,,,,,,,,,,,,,,,,,,,,,,,,,,,,,,,,,,,,,,,,,,,,,,,,,,,,,,,,,,,,,,,,,,,,,
7977180,Kelsi Oldroyd,UTAH VALLEY,,,,,,,,,,,,,,,,8.07,12.80 (0.2),,,,"57.72m 189' 4""","6.16m (3.2) 20' 2.5""",,,,,,,,,,,,,,,,,,,,,,,,,,,,,,,,,,,,,,,,,,,,,,,,,,,,,,,,,,,,,,,,,,,,,,,,,,,,,,,,,,,,,,,,,,,,,,,,,,,,,,,,,,,,,,,
8688388,Arianna Williams,IOWA,f,1:32.18,,,,,,,,,,,,,,,,,,53.85,,,,,,,,,,,,,,,,,,,,,,,,,,,,,,,,,,,,,,,,,,,,,,,,,,,,,,,,,,,,,,,,,,,,,,,,,,,,,,,,,,,,,,,,,,,,,,,,,,,,,,,,,,,,,,,,,
8322769,Tristan Mcgarrah,PENN STATE,m,,,,,,,,,,,,,,,,,,,,,,,,,,,,,,,"5.20m 17' 0.75""",,,,,,,,,,,,,,,,,,,,,,,,,,,,,,,,,,,,,,,,,,,,,,,,,,,,,,,,,,,,,,,,,,,,,,,,,,,,,,,,,,,,,,,,,,,,,,,,,,,,,
8708915,Zyan Greene,PURDUE,m,,,,,,,,,,,,,,,7.06,10.65 (3.2),21.20 (3.0),,45.55,,,,,,,,,,,,,,,,,,,,,,,,,,,,,,,,,,,,,,,,,,,,,,,,,,,,,,,,,,,,,,,,,,,,,,,,,,,,,,,,,,,,,,,,,,,,,,,,,,,,,,,,,,,,,,,,,
8603168,Nick Sloff,PENN STATE,m,,,3:54.90,,17:55.1,,3:39.56,13:45.36,,23:22.2,29:37.0,2:19.06,7:42.68,,,,,,,,,,,,,,,,,,,,,,,,,,,,,,,,,,,,,,,25:28.4,,,,,,,,,,,,,,,,,,,,,,,,,,,,,,,,,,,,,,,,,,,,,,,,,,,,,,,,,,,,,,,,,,,,,,,,,,,,,,,,
7727682,Alyssa Hansen,WEBER STATE,f,,,,,,,,,,,,,,,,,,,,"48.10m 157' 10""",,,,,,,,,,,,,"38.50m 126' 4""","57.58m 188' 11""","17.88m 58' 8""",,,,,,,,,,,,,,,,,,,,,,,,,,,,,,,,,,,,,,,,,,,,,,,,,,,,,,,,,,,,,,,,,,,,,,,,,,,,,,,,,,,,,,,,,,,,,,,,,
8242359,Claire Daniels,PENN STATE,f,,,4:48.73,,19:54.7,,4:28.61,16:13.69,,,,,9:15.35,,,,,,,,,,33:18.60,,,,,,,,,,,,,,,,,,,,,,,,,,,,,,,,14:14.5,,,,,,,,,,,,,,,,,,,,,,,,,,,,,,,,,,,,,,,,,,,,,,,,,,,,,,,,,,,,,,,,,,,,,,,,,,,,,
8669667,Ryan Matulonis,PENN,m,1:17.83,1:50.48,,,,,,,,,,,,,,11.12 (-1.8),21.37,34.29,46.37,,,,,7.95,,49.25,,,,,,14.20 (4.0),,,,,,1:01.17,,,,,,,,,,,,,,,,,,,,,,,,,,,,,,,,,,,,,,,,,,,,,,,,,,,,,,,,,,,,,,,,,,,,,,,,,,,,,,,,,,,,,,,,,,,,,,
7993397,Oskar Edlund,TEXAS TECH,,1:17.55,,,,,,,,,,,,,,,,,,46.94,,,,,,,48.70,,,,,,,,,,,,,,,1:08.52,,,,,,,,,,,,,,,,,,,,,,,,,,,,,,,,,,,,,,,,,,,,,,,,,,,,,,,,,,,,,,,,,,,,,,,,,,,,,,,,,,,,,,,,,,,
9287591,Vincent Gwachi,ARIZONA,m,,1:49.03,3:59.82,,,,3:39.76,14:04.16,,,,,,,,,,,,,,,,,,,,,,,,,,,,,,,,,,,,,,,,,,,,,,,,,,,,,,,,,,,,,,,,,,,,,,,,,,,,,,,,,,,,,,,,,,,,,,,,,,,,,,,,,,,,,,,,,,,,,,,,,,,,
7808096,Chris White,NOTRE DAME,m,,,,,,,,,,,,,,,,,,,,"70.37m 230' 10""",,,,,,,,,,,,,,,,,,,,,,,,,,,,,,,,,,,,,,,,,,,,,,,,,,,,,,,,,,,,,,,,,,,,,,,,,,,,,,,,,,,,,,,,,,,,,,,,,,,,,,,,,,,,,,,,
7981579,Kayli Williams,GEORGIA STATE,f,,2:51.32,,,,,,,,,,,,,7.96,,25.60 (-0.8),43.62,1:00.46,"13.81m 45' 4""","4.85m (-3.9) 15' 11""",,,8.33,13.35 (0.7),1:01.53,"1.24m 4' 0.75""","6.98m 22' 11""",,3438,,,,,,,,,,,,,,,,,,,,,,,,,,,,,,,,,,,,,,,,,,,,,,,,,,,,,,,,,,,,,,,,,,,,,,,,,,,,,,,,,,,,,,,,,,,,,,,,,,,,,,
7722603,Dallin Shurts,BYU,,,,,,,,,,,,,,,,,,,,,,,,,,,,,,,,,,"63.26m 207' 6""",,,,,,,,,,,,,,,,,,,,,,,,,,,,,,,,,,,,,,,,,,,,,,,,,,,,,,,,,,,,,,,,,,,,,,,,,,,,,,,,,,,,,,,,,,,,,,,,,,,
9003249,Chris Johnson,NORTH TEXAS,m,,,,,,,,,,,,,,,,,21.16 (1.7),34.18,46.56,,,,,,,,,,,,,,,,,,,,,,,,,,,,,,,,,,,,,,,,,,,,,,,,,,,,,,,,,,,,,,,,,,,,,,,,,,,,,,,,,,,,,,,,,,,,,,,,,,,,,,,,,,,,,,,,,
8996691,Sanaa Frederick,GEORGIA,f,,,,,,,,,,,,,,,7.36,11.38 (0.6),23.11 (1.6),,,,,,,,,,,,,,,,,,,,,,,,,,,,,,,,,,,,,,,,,,,,,,,,,,,,,,,,,,,,,,,,,,,,,,,,,,,,,,,,,,,,,,,,,,,,,,,,,,,,,,,,,,,,,,,,,,,
6588921,Jillian Shippee,NORTH CAROLINA,,,,,,,,,,,,,,,,,,,,,,,,,,,,,"13.30m 43' 7.75""",,,,,,"70.07m 229' 11""","22.16m 72' 8.5""",,,,,,,,,,,,,,,,,,,,,,,,,,,,,,,,,,,,,,,,,,,,,,,,,,,,,,,,,,,,,,,,,,,,,,,,,,,,,,,,,,,,,,,,,,,,,,,,,
8979360,Anna Willis,SOUTH DAKOTA,f,,,,,,,,,,,,,,,,,,,,,,,,,,,,,,,"4.63m 15' 2.25""",,,,,,,,,,,,,,,,,,,,,,,,,,,,,,,,,,,,,,,,,,,,,,,,,,,,,,,,,,,,,,,,,,,,,,,,,,,,,,,,,,,,,,,,,,,,,,,,,,,,,
9000465,Royaltee Brown,BAYLOR,f,,,,,,,,,,,,,,,7.24,11.30 (2.8),22.93 (1.8),,,,,,,,,,,,,,,,,,,,,,,,,,,,,,,,,,,,,,,,,,,,,,,,,,,,,,,,,,,,,,,,,,,,,,,,,,,,,,,,,,,,,,,,,,,,,,,,,,,,,,,,,,,,,,,,,,,
8321329,Lauren Tolbert,DUKE,f,1:28.15,1:59.39,,,,,,,,,,2:50.67,,,,,23.34 (1.0),37.48,51.30,,,,,,,,,,,,,,,,,,,1:10.49,,,,,,,,,,,,,,,,,,,,,,,,,,,,,,,,,,,,,,,,,,,,,,,,,,,,,,,,,,,,,,,,,,,,,,,,,,,,,,,,,,,,,,,,,,,,,,
8983885,Chelsea Wetzel,KENTUCKY,f,,,,,,,,,,,,,,,,,,,,,,,,,,,,,,,"4.20m 13' 9.25""",,,,,,,,,,,,,,,,,,,,,,,,,,,,,,,,,,,,,,,,,,,,,,,,,,,,,,,,,,,,,,,,,,,,,,,,,,,,,,,,,,,,,,,,,,,,,,,,,,,,,
8339349,Aiden Hayes,TEXAS STATE,m,,,,,,,,,,,,,,,,,,,,,,,,,,,"2.25m 7' 4.5""",,,,,,,,,,,,,,,,,,,,,,,,,,,,,,,,,,,,,,,,,,,,,,,,,,,,,,,,,,,,,,,,,,,,,,,,,,,,,,,,,,,,,,,,,,,,,,,,,,,,,,,,,
8273668,Jayden Nats,AIR FORCE,m,,,4:21.21,,,,4:03.08,13:46.11,,23:11.1,29:13.0,,7:59.59,,,,,,,,,,27:59.31,,,,,,,,,,,,,,26:33.0,,,,,,,21:18.0,,,,,,,,,,,,,,,,,,,,,,,,,,,,,,,,,,,,,,,,,,,,,,,,,,,,,,,,,,,,,,,,,,,,,,,,,,,,,,,,,,,,,,,,
8667045,Kellen Kimes,LIBERTY,m,,,,,,,,,,,,,,,,,,,,,,,,,,,,,,,,,"44.21m 145' 0""","67.56m 221' 8""","21.55m 70' 8.5""",,,,,,,,,,,,,,,,,,,,,,,,,,,,,,,,,,,,,,,,,,,,,,,,,,,,,,,,,,,,,,,,,,,,,,,,,,,,,,,,,,,,,,,,,,,,,,,,,
9271191,Kelsey Singleton,SOUTH FLORIDA,m,,2:07.68,,,,,,,,,,,,,,,20.89 (0.4),,45.43,,,,,,,,,,,,,,,,,,,,,,,,,,,,,,,,,,,,,,,,,,,,,,,,,,,,,,,,,,,,,,,,,,,,,,,,,,,,,,,,,,,,,,,,,,,,,,,,,,,,,,,,,,,,,,,,,
8336229,Ramy Ayoub,MINNESOTA,m,1:19.16,1:46.62,,,,,,,,,,,,,,,,,46.57,,,,,,,,,,,,,,,,,,,,,,,,,,,,,,,,,,,,,,,,,,,,,,,,,,,,,,,,,,,,,,,,,,,,,,,,,,,,,,,,,,,,,,,,,,,,,,,,,,,,,,,,,,,,,,,,,
8984086,Leroy Horton,HARVARD,m,,,,,,,,,,,,,,,6.75,10.38 (2.4),21.29 (1.0),,,,,,,,,,,,,,,,,,,,,,,,,,,,,,,,,,,,,,,,,,,,,,,,,,,,,,,,,,,,,,,,,,,,,,,,,,,,,,,,,,,,,,,,,,,,,,,,,,,,,,,,,,,,,,,,,,,
8982502,Brennan Delany,BINGHAMTON,m,,,,,,,5:09.22,,,,,3:00.98,,,6.82,10.90 (3.1),22.47 (0.8),,50.98,"57.46m 188' 6""","7.28m 23' 10.75""","13.63m (2.4) 44' 8.75""",,8.05,,,"2.02m 6' 7.5""","13.08m 42' 11""",,5776,"4.92m 16' 1.75""",14.29 (1.4),"35.66m 117' 0""",,,7181,,,,,,,,,,,,,,,,,,,,,,,,,,,,,,,,,,,,,,,,,,,,,,,,,,,,,,,,,,,,,,,,,,,,,,,,,,,,,,,,,,,,,,,,,,,,,,,,
9272247,Grace Kombetto,ILLINOIS,f,1:32.15,2:02.00,,,,,4:45.74,,,,,2:51.11,,,,,,,54.24,,,,,,,59.60,,,,,,,,,,,,,,,,,,,,,,,,,,,,,,,,,,,,,,,,,,,,,,,,,,,,,,,,,,,,,,,,,,,,,,,,,,,,,,,,,,,,,,,,,,,,,,,,,,,,,,,,,,
8240667,Julian Franjieh,SYRACUSE,m,,,4:12.49,14:59.1,19:13.5,,3:54.99,14:02.91,8:43.47,24:14.6,,,8:09.47,,,12.97 (2.7),,,,,,,,,,,,,,,,,,,,,,,,,,,,,,,,,,,,25:34.0,,,,,,,,,,,,,,,,,,,,,,,,,,,,,,,,,,,,,,,,,,,,,,,,,,,,,,,,,,,,,,,,,,,,,,,,,,,,,,,,
8669671,Alex Sadikov,PENN,m,,,,,,,,,,,,,,,,,22.26,34.97,47.48,,,,,,,50.21,,,,,,,,,,,,1:04.92,,,,,,,,,,,,,,,,,,,,,,,,,,,,,,,,,,,,,,,,,,,,,,,,,,,,,,,,,,,,,,,,,,,,,,,,,,,,,,,,,,,,,,,,,,,,,,
8841211,Blake Wynne,OKLAHOMA STATE,m,1:18.85,,,,,,,,,,,,,,,,,,46.90,,"7.33m 24' 0.75""",,,,,,,,,,,,,,,,,,,,1:09.64,,,,,,,,,,,,,,,,,,,,,,,,,,,,,,,,,,,,,,,,,,,,,,,,,,,,,,,,,,,,,,,,,,,,,,,,,,,,,,,,,,,,,,,,,,,
8259503,Sophie Baumann,OLE MISS,f,,2:10.31,4:37.45,17:26.5,19:53.0,,4:16.73,15:54.69,,,,2:46.78,9:18.13,,,,,,,,,,,,,,,,,,,,,,,,,,,,,,,,,,,,,,,,,,,,,,,,,,,,,,,,,,,,,,,,,,,,,,,,,,,,,,,,,,,,,,,,,,,,,,,,,,,,,,,,,,,,,,,,,,,,,,,
6985354,Kennedy Blackmon,OKLAHOMA,,,,,,,,,,,,,,,,7.22,10.87 (2.3),22.52 (1.1),38.64,54.82,,,,,,,,,,,,,,,,,,,,,,,,,,,,,,,,,,,,,,,,,,,,,,,,,,,,,,,,,,,,,,,,,,,,,,,,,,,,,,,,,,,,,,,,,,,,,,,,,,,,,,,,,,,,,,,,,
8255520,Tess Roman,MICHIGAN STATE,f,,2:18.27,,,,,,,,,,,,,,,25.66 (3.1),,,"50.43m 165' 5""","5.48m 17' 11.75""",,,9.07,14.56 (5.6),,"1.69m 5' 6.5""","12.63m 41' 5.25""",3823,5499,,,,,,,,,,,1:29.04,,,,,,,,,,,,,,,,,,,,,,,,,,,,,,,,,,,,,,,,,,,,,,,,,,,,,,,,,,,,,,,,,,,,,,,,,,,,,,,,,,,,,,,,,,,
8004248,Isabella Rigby,CAL POLY,f,,,,,,,,,,,,,,,,,,,,,,,,,,,,"13.66m 44' 9.75""",,,,,"51.50m 168' 11""",,,,,,,,,,,,,,,,,,,,,,,,,,,,,,,,,,,,,,,,,,,,,,,,,,,,,,,,,,,,,,,,,,,,,,,,,,,,,,,,,,,,,,,,,,,,,,,,,,,
7027105,Elizabeth White,SOUTHERN UTAH,,,,,,,,,,,,,,,,7.94,11.98 (3.4),25.81 (1.4),,,,"6.34m (+0.0) 20' 9.75""",,,,,,,,,,,,,,,,,,,,,,,,,,,,,,,,,,,,,,,,,,,,,,,,,,,,,,,,,,,,,,,,,,,,,,,,,,,,,,,,,,,,,,,,,,,,,,,,,,,,,,,,,,,,,,,
9020616,Julia Johannesdottir,RICE,f,,2:30.36,,,,,,,,,,,,,7.83,12.35 (1.0),24.10 (4.0),,,"41.75m 137' 0""","5.94m (2.5) 19' 6""",,,8.18,13.02 (1.0),,"1.63m 5' 4.25""","12.74m 41' 9.75""",3829,5617,,,,,,,,,,,,,,,,,,,,,,,,,,,,,,,,,,,,,,,,,,,,,,,,,,,,,,,,,,,,,,,,,,,,,,,,,,,,,,,,,,,,,,,,,,,,,,,,,,,,,,
8715798,Melody Jebiwot,TOLEDO,f,,,,17:48.5,20:10.2,,4:36.19,16:03.46,,,,,9:14.76,,,,,,,,,,33:28.53,,,,,,,,,,,,,,,,,,,,,,,,,,,,,,,,,,,,,,,,,,,,,,,,,,,,,,,,,,,,,,,,,,,,,,,,,,,,,,,,,,,,,,,,,,,,,,,,,,,,,,,,,,,,,
9000473,Logan Todorovich,BAYLOR,f,,2:21.77,,,,,,,,,,,,,,,24.19 (2.3),,,"41.31m 135' 6""","6.27m (-0.8) 20' 7""",,,8.55,13.92 (1.8),,"1.76m 5' 9.25""","11.47m 37' 7.75""",3927,5830,,,,,,,,,,,,,,,,,,,,,,,,,,,,,,,,,,,,,,,,,,,,,,,,,,,,,,,,,,,,,,,,,,,,,,,,,,,,,,,,,,,,,,,,,,,,,,,,,,,,,,
8999122,Cassandra Atkins,OREGON,f,,,,,,,,,,,,,,,7.92,,,,,,"6.21m (+0.0) 20' 4.5""","13.73m (1.4) 45' 0.5""",,,,,,,,,,,,,,,,,,,,,,,,,,,,,,,,,,,,,,,,,,,,,,,,,,,,,,,,,,,,,,,,,,,,,,,,,,,,,,,,,,,,,,,,,,,,,,,,,,,,,,,,,,,,,,
7910678,Ryan Rieckmann,CINCINNATI,,,,,,,,,,,,,3:18.80,,,7.10,11.13 (3.5),22.62,,,"71.51m 234' 7""","6.71m 22' 0.25""",,,9.38,,,"1.78m 5' 10""","10.64m 34' 11""",,4222,"2.86m 9' 4.5""",16.40 (0.6),"23.59m 77' 5""",,,,,,,,,,,,,,,,,,,,,,,,,,,,,,,,,,,,,,,,,,,,,,,,,,,,,,,,,,,,,,,,,,,,,,,,,,,,,,,,,,,,,,,,,,,,,,,,,,,
8363459,Ethan Ellis,LAMAR,m,,,,,,,,,,,,,,,,,22.41,,47.78,,,,,8.40,,50.76,,,,,,14.74 (3.5),,,,,,,,,1:15.42,,,,,,,,,,,,,,,,,,,,,,,,,,,,,,,,,,,,,,,,,,,,,,,,,,,,,,,,,,,,,,,,,,,,,,,,,,,,,,,,,,,,,,,,,,,
8996687,Skylynn Townsend,GEORGIA,f,,,,,,,,,,,,,,,,,,,,,"6.22m 20' 5""","13.67m (2.5) 44' 10.25""",,,,,,,,,,,,,,,,,,,,,,,,,,,,,,,,,,,,,,,,,,,,,,,,,,,,,,,,,,,,,,,,,,,,,,,,,,,,,,,,,,,,,,,,,,,,,,,,,,,,,,,,,,,,,,
8584868,Veronica Hargrave,INDIANA,f,1:27.12,1:59.79,,,,,,,,,,2:49.55,,,,,,,,,,,,,,,,,,,,,,,,,,,,,,,,,,,,,,,,,,,,,,,,,,,,,,,,,,,,,,,,,,,,,,,,,,,,,,,,,,,,,,,,,,,,,,,,,,,,,,,,,,,,,,,,,,,,,,,,
9252188,Trashaun Smith,MARSHALL,m,,,,,,,,,,,,,,,,,,,,,"7.14m 23' 5.25""","15.56m 51' 0.75""",,,,,"2.11m 6' 11""",,,,,,,,,,,,,,,,,,,,,,,,,,,,,,,,,,,,,,,,,,,,,,,,,,,,,,,,,,,,,,,,,,,,,,,,,,,,,,,,,,,,,,,,,,,,,,,,,,,,,,,,,
9280757,Sandy Sakyi,EAST TEXAS A&M,f,,,,,,,,,,,,,,,,12.26 (4.1),,,,,,,,,13.30 (2.0),,,,,,,,,,,,,,,,,,,,,,,,,,,,,,,,,,,,,,,,,,,,,,,,,,,,,,,,,,,,,,,,,,,,,,,,,,,,,,,,,,,,,,,,,,,,,,,,,,,,,,,,,,,
8995044,Kason Reed,STEPHEN F. AUSTIN,m,,,,,,,,,,,,,,,,,,,,,,,,,,,,"17.93m 58' 10""",,,,,"49.04m 160' 11""","56.83m 186' 5""","18.55m 60' 10.5""",,,,,,,,,,,,,,,,,,,,,,,,,,,,,,,,,,,,,,,,,,,,,,,,,,,,,,,,,,,,,,,,,,,,,,,,,,,,,,,,,,,,,,,,,,,,,,,,,
9014826,Charlie Staddon,UTSA,m,,,,,,,,,,,,,,,7.41,,,35.24,,,,,,8.08,,53.41,,,,,,13.78 (1.8),,,,,,,,,,,,,,,,,,,,,,,,,,,,,,,,,,,,,,,,,,,,,,,,,,,,,,,,,,,,,,,,,,,,,,,,,,,,,,,,,,,,,,,,,,,,,,,,,,,,
8015635,Cole Riddle,MEMPHIS,,,,,,,,,,,,,,,,,,,,,,"6.55m (+0.0) 21' 6""",,,,,,,,,,"5.64m 18' 6""",,,,,,,,,,,,,,,,,,,,,,,,,,,,,,,,,,,,,,,,,,,,,,,,,,,,,,,,,,,,,,,,,,,,,,,,,,,,,,,,,,,,,,,,,,,,,,,,,,,,,
7974885,Richard Johnson,OKLAHOMA,,,,,,,,,,,,,,,,6.88,,20.79 (3.0),33.27,44.80,,,,,,,,,,,,,,,,,,,,,,,,,,,,,,,,,,,,,,,,,,,,,,,,,,,,,,,,,,,,,,,,,,,,,,,,,,,,,,,,,,,,,,,,,,,,,,,,,,,,,,,,,,,,,,,,,
6476059,Sam Ellis,WASHINGTON,,1:21.20,1:46.77,3:56.87,,,,3:37.60,,,24:41.6,,2:22.26,,,,,,,,,,,,,,,,,,,,,,,,,26:31.9,1:05.30,,,,,,,,,,,,,,,,,,,,,,,,,,,,,,,,,,,,,,,,,,,,,,,,,,,,,,,,,,,,,,,,,,,,,,,,,,,,,,,,,,,,,,,,,,,,,,
9275701,Dillon Leacock,MISSOURI,m,1:19.66,,,,,,,,,,,2:45.21,,,,,22.07 (7.7),36.12,47.61,,,,,8.09,,50.62,,,,,,14.54 (-1.2),,,,,,1:05.63,,,1:10.49,,,,,,,,,,,,,,,,,,,,,,,,,,,,,,,,,,,,,,,,,,,,,,,,,,,,,,,,,,,,,,,,,,,,,,,,,,,,,,,,,,,,,,,,,,,
7733842,Gabriel Willis,LIBERTY,m,,,,,,,4:35.88,,,,,2:57.12,,,7.03,10.74 (2.1),,,50.47,"57.02m 187' 1""","7.12m (1.6) 23' 4.5""",,,8.29,,,"2.13m 6' 11.75""","13.12m 43' 0.5""",,5421,"4.65m 15' 3""",14.59 (0.8),"35.98m 118' 0""",,,7550,,,,,,,,,,,,,,,,,,,,,,,,,,,,,,,,,,,,,,,,,,,,,,,,,,,,,,,,,,,,,,,,,,,,,,,,,,,,,,,,,,,,,,,,,,,,,,,,
9246962,Abigail Wolfe,TEXAS,f,,,,,,,,,,,,,,,7.32,11.01 (2.8),22.94 (0.5),38.17,,,,,,,,,,,,,,,,,,,,,,,,,,,,,,,,,,,,,,,,,,,,,,,,,,,,,,,,,,,,,,,,,,,,,,,,,,,,,,,,,,,,,,,,,,,,,,,,,,,,,,,,,,,,,,,,,,
7692582,Stephanie Moss,DUKE,f,,2:05.06,4:29.99,,19:35.4,,4:11.96,15:35.80,,,,2:47.63,9:12.84,9:58.9,,,,,,,,,,,,,,,,,,,,,,,,,,,,,,,,,,,,,,,,,,,,,,,,,,,,,,,,,,,,,,,,,,,,,,,,,,,,,,,,,,,,,,,,,,,,,,,,,,,,,,,,,,,,,,,,,,,,,,
9260850,Dominique Johnson,MIAMI (FLA.),f,,,,,,,,,,,,,,,,,,,,,"5.92m (2.5) 19' 5.25""","13.00m (3.2) 42' 8""",,,,,,,,,,,,,,,,,,,,,,,,,,,,,,,,,,,,,,,,,,,,,,,,,,,,,,,,,,,,,,,,,,,,,,,,,,,,,,,,,,,,,,,,,,,,,,,,,,,,,,,,,,,,,,
7989919,Axel Tirado-Sanchez,IDAHO STATE,m,,,,,,,,,,,,,,,,,,,,,,,,,,,,"17.86m 58' 7.25""",,,,,"60.41m 198' 2""","54.11m 177' 6""","20.62m 67' 8""",,,,,,,,,,,,,,,,,,,,,,,,,,,,,,,,,,,,,,,,,,,,,,,,,,,,,,,,,,,,,,,,,,,,,,,,,,,,,,,,,,,,,,,,,,,,,,,,,
9014575,Simone Ballard,ARKANSAS,f,,,,,,,,,,,,,,,,,24.16 (3.6),40.30,,,,,,8.16,13.09 (2.0),1:02.57,,,,,,,,,,,,,,,,,,,,,,,,,,,,,,,,,,,,,,,,,,,,,,,,,,,,,,,,,,,,,,,,,,,,,,,,,,,,,,,,,,,,,,,,,,,,,,,,,,,,,,,,,,
8253698,Skye Ellis,NORTHWESTERN,f,,2:07.23,4:38.16,18:21.4,19:50.9,,4:14.55,16:15.62,,,,,9:09.71,10:21.1,,,,,,,,,,,,,,,,,,,,,,,,,,,,,,,,,,,,,,,,,,,,,,,,,,,,,,,,,,,,,,,,,,,,,,,,,,,,,,,,,,,,,,,,,,,,,,,,,,,,,,,,,,,,,,,,,,,,,,
6597050,Earnie Sears Iii,USC,,,,,,,,,,,,,,,,,,,,,,,"12.37m (-1.4) 40' 7""",,,,,"2.30m 7' 6.5""",,,,,,,,,,,,,,,,,,,,,,,,,,,,,,,,,,,,,,,,,,,,,,,,,,,,,,,,,,,,,,,,,,,,,,,,,,,,,,,,,,,,,,,,,,,,,,,,,,,,,,,,,
9175580,Heath Grant,KANSAS STATE,m,,1:51.52,,,,,,,,,,,,,,,,,46.58,,,,,,,,,,,,,,,,,,,,,,1:08.29,,,,,,,,,,,,,,,,,,,,,,,,,,,,,,,,,,,,,,,,,,,,,,,,,,,,,,,,,,,,,,,,,,,,,,,,,,,,,,,,,,,,,,,,,,,
9025855,Invida Maurina,HOUSTON,f,,2:03.88,,19:19.8,,,4:40.63,,,,,,,,,,,41.14,55.46,,,,,,,,,,,,,,,,,,,,,,1:20.31,,,,,,,,,,,,,,,,,,,,,,,,,,,,,,,,,,,,,,,,,,,,,,,,,,,,,,,,,,,,,,,,,,,,,,,,,,,,,,,,,,,,,,,,,,,
9175979,Alex Blecha,EASTERN WASHINGTON,m,,,,,,,,,,,,,,,,,,,,,,,,,,,,,,,"5.24m 17' 2.25""",,,,,,,,,,,,,,,,,,,,,,,,,,,,,,,,,,,,,,,,,,,,,,,,,,,,,,,,,,,,,,,,,,,,,,,,,,,,,,,,,,,,,,,,,,,,,,,,,,,,,
8333586,Aidan Boyd,KENNESAW STATE,m,,,,,,,,,,,,,,,,,,,,"67.51m 221' 6""",,,,,,,,,,,,,,,,,,,,,,,,,,,,,,,,,,,,,,,,,,,,,,,,,,,,,,,,,,,,,,,,,,,,,,,,,,,,,,,,,,,,,,,,,,,,,,,,,,,,,,,,,,,,,,,,
8977016,Eddie Nketia,USC,m,,,,,,,,,,,,,,,6.54,9.74 (5.6),20.03 (7.5),,,,,,,,,,,,,,,,,,,,,,,,,,,,,,,,,,,,,,,,,,,,,,,,,,,,,,,,,,,,,,,,,,,,,,,,,,,,,,,,,,,,,,,,,,,,,,,,,,,,,,,,,,,,,,,,,,,
8701626,Leah Howard,TEXAS TECH,f,,,,,,,,,,,,,,,,,,,,"50.31m 165' 1""",,,,,,,,,,,,,,,,,,,,,,,,,,,,,,,,,,,,,,,,,,,,,,,,,,,,,,,,,,,,,,,,,,,,,,,,,,,,,,,,,,,,,,,,,,,,,,,,,,,,,,,,,,,,,,,,
8328775,Tinashe Chigudu,NORTHERN IOWA,m,,,,,,,,,,,,,,,6.71,10.25 (3.6),20.59 (5.2),,49.23,,,,,,,,,,,,,,,,,,,,,,,,,,,,,,,,,,,,,,,,,,,,,,,,,,,,,,,,,,,,,,,,,,,,,,,,,,,,,,,,,,,,,,,,,,,,,,,,,,,,,,,,,,,,,,,,,
7908136,Sydney Masciarelli,NORTH CAROLINA,f,,,4:32.05,17:16.6,20:30.3,,4:12.36,,9:39.51,,,2:51.37,9:17.80,,,,,,,,,,,,,,,,,,,,,,,,,,,,,,,,,,,,,,,,,,14:01.8,,,,,,,,,,,,,,,,,,,,,,,,,,,,,,,,,,,,,,,,,,,,,,,,,,,,,,,,,,,,,,,,,,,,,,,,,,,,,
8336291,Sanaa Hebron,MIAMI (FLA.),f,,,,,,,,,,,,,,,,,23.54 (1.5),37.69,52.71,,,,,,,55.19,,,,,,,,,,,,,,,,,,,,,,,,,,,,,,,,,,,,,,,,,,,,,,,,,,,,,,,,,,,,,,,,,,,,,,,,,,,,,,,,,,,,,,,,,,,,,,,,,,,,,,,,,,
9279519,Charlotta Sandkulla,VIRGINIA,f,,,,,,,,,,,,,,,,,,,,,,,,,,,,,,,,,,"67.31m 220' 10""","20.48m 67' 2.25""",,,,,,,,,,,,,,,,,,,,,,,,,,,,,,,,,,,,,,,,,,,,,,,,,,,,,,,,,,,,,,,,,,,,,,,,,,,,,,,,,,,,,,,,,,,,,,,,,
9239757,Jared Moore,ARKANSAS STATE,m,,,,,,,,,,,,,,,,,,,,,,,,,,,,"17.88m 58' 8""",,,,,"54.79m 179' 9""","56.68m 185' 11""","18.53m 60' 9.5""",,,,,,,,,,,,,,,,,,,,,,,,,,,,,,,,,,,,,,,,,,,,,,,,,,,,,,,,,,,,,,,,,,,,,,,,,,,,,,,,,,,,,,,,,,,,,,,,,
9234866,Maggie Hansen,MONMOUTH,f,,,,,,,,,,,,,,,,,,,,,,,,,,,,"12.39m 40' 7.75""",,,,,"55.25m 181' 3""","47.92m 157' 3""","17.37m 57' 0""",,,,,,,,,,,,,,,,,,,,,,,,,,,,,,,,,,,,,,,,,,,,,,,,,,,,,,,,,,,,,,,,,,,,,,,,,,,,,,,,,,,,,,,,,,,,,,,,,
9007162,Jip De Greef,ILLINOIS,m,,,,,,,4:49.20,,,,,2:43.39,,,6.94,10.75 (2.3),,,48.61,"52.17m 171' 2""","7.54m 24' 9""",,,7.95,,,"2.03m 6' 7.75""","14.54m 47' 8.5""",,6120,"5.28m 17' 3.75""",14.26 (-0.4),"47.59m 156' 2""",,,8039,,,,,,,,,,,,,,,,,,,,,,,,,,,,,,,,,,,,,,,,,,,,,,,,,,,,,,,,,,,,,,,,,,,,,,,,,,,,,,,,,,,,,,,,,,,,,,,,
8973055,Cooper Williams,ARKANSAS,m,,,,,,,4:38.93,,,,,2:38.19,,,7.32,11.49 (0.1),,,50.21,"49.49m 162' 4""","7.18m 23' 6.75""",,,8.40,,,"2.12m 6' 11.5""","12.07m 39' 7.25""",,5312,"3.50m 11' 5.75""",15.14 (1.5),"35.27m 115' 8""",,,6772,,,,,,,,,,,,,,,,,,,,,,,,,,,,,,,,,,,,,,,,,,,,,,,,,,,,,,,,,,,,,,,,,,,,,,,,,,,,,,,,,,,,,,,,,,,,,,,,
9252130,Sadie Engelhardt,NC STATE,f,,2:02.31,4:23.84,,19:32.4,,4:03.28,,,,,,9:09.47,,,,,,,,,,,,,,,,,,,,,,,,,,,,,,,,,,,,,,,,,,,,,,,,,,,,,,,,,,,,,,,,,,,,,,,,,,,,,,,,,,,,,,,,,,,,,,,,,,,,,,,,,,,,,,,,,,,,,,,
9012419,Nairobi Smith,CALIFORNIA,f,,,,,,,,,,,,,,,7.40,11.25 (1.6),23.16 (1.8),,56.78,,,,,,,,,,,,,,,,,,,,,,,,,,,,,,,,,,,,,,,,,,,,,,,,,,,,,,,,,,,,,,,,,,,,,,,,,,,,,,,,,,,,,,,,,,,,,,,,,,,,,,,,,,,,,,,,,
8592512,John O'Reilly,MICHIGAN,m,1:15.86,1:46.59,,,,,3:51.80,,,,,,,,,,,,46.89,,,,,,,,,,,,,,,,,,,,,,,,,,,,,,,,,,,,,16:27.6,,,,,,,,,,,,,,,,,,,,,,,,,,,,,,,,,,,,,,,,,,,,,,,,,,,,,,,,,,,,,,,,,,,,,,,,,,,,
8677141,Jordan Polk-Webb,CHARLOTTE,m,,,,,,,,,,,,,,,,,21.68 (-1.3),33.94,46.71,,,,,,,,,,,,,,,,,,,,,,,,,,,,,,,,,,,,,,,,,,,,,,,,,,,,,,,,,,,,,,,,,,,,,,,,,,,,,,,,,,,,,,,,,,,,,,,,,,,,,,,,,,,,,,,,,
8983981,Matejah Mangum,UTAH,f,,2:37.88,,,,,,,,,,,,,7.54,11.55 (1.0),23.57 (1.8),,,,"4.91m 16' 1.5""",,,11.73,,,"1.65m 5' 5""","8.65m 28' 4.5""",2194,,,,,,,,,,,,,,,,,,,,,,,,,,,,,,,,,,,,,,,,,,,,,,,,,,,,,,,,,,,,,,,,,,,,,,,,,,,,,,,,,,,,,,,,,,,,,,,,,,,,,,,
8985443,Payton Smith,MICHIGAN,f,1:31.49,,,,,,,,,,,,,,,,23.41 (1.0),37.12,51.77,,,,,,,,,,,,,,,,,,,,,,,,,,,,,,,,,,,,,,,,,,,,,,,,,,,,,,,,,,,,,,,,,,,,,,,,,,,,,,,,,,,,,,,,,,,,,,,,,,,,,,,,,,,,,,,,,
8258980,Giulia Gandolfi,MONTANA STATE,f,1:34.96,2:12.61,,,,,,,,,,,,,8.00,12.80,24.36 (+0.0),,54.15,,,,,8.77,,58.06,,,,,,,,,,,,,,,,,,,,,,,,,,,,,,,,,,,,,,,,,,,,,,,,,,,,,,,,,,,,,,,,,,,,,,,,,,,,,,,,,,,,,,,,,,,,,,,,,,,,,,,,,,
8703027,Samari Finney,NORTHWESTERN ST.,f,1:40.71,2:24.60,,,,,,,,,,,,,7.74,11.83 (1.3),23.68 (1.8),40.14,54.05,,"6.33m (1.2) 20' 9.25""",,,,,,,,,,,,,,,,,,,,,,,,,,,,,,,,,,,,,,,,,,,,,,,,,,,,,,,,,,,,,,,,,,,,,,,,,,,,,,,,,,,,,,,,,,,,,,,,,,,,,,,,,,,,,,,
7725168,Parker Kiewiet,NORTHERN IOWA,m,1:20.62,,,,,,4:53.58,,,,,2:58.04,,,6.82,10.44 (3.6),20.58 (1.5),32.72,46.13,"41.32m 135' 7""","7.75m (2.6) 25' 5.25""",,,8.89,,,"1.93m 6' 4""","10.90m 35' 9.25""",,5007,"3.45m 11' 3.75""",16.53 (0.2),"21.65m 71' 0""",,,5791,,,,,,,,,,,,,,,,,,,,,,,,,,,,,,,,,,,,,,,,,,,,,,,,,,,,,,,,,,,,,,,,,,,,,,,,,,,,,,,,,,,,,,,,,,,,,,,,
7984691,Darius Brown,DEPAUL,,,,,,,,,,,,,,,,6.75,,21.90 (-0.6),33.28,,,,,,7.61,,51.10,,,,,,13.37 (1.1),,,,,,,,,,,,,,,,,,,,,,,,,,,,,,,,,,,,,,,,,,,,,,,,,,,,,,,,,,,,,,,,,,,,,,,,,,,,,,,,,,,,,,,,,,,,,,,,,,,,
8676751,Emma Sralla,STANFORD,f,,,,,,,,,,,,,,,,,,,,,,,,,,,,,,,,,"55.48m 182' 0""",,,,,,,,,,,,,,,,,,,,,,,,,,,,,,,,,,,,,,,,,,,,,,,,,,,,,,,,,,,,,,,,,,,,,,,,,,,,,,,,,,,,,,,,,,,,,,,,,,,
8232332,Charlie Sprott,WAKE FOREST,m,,,4:09.52,,,,3:42.69,13:40.70,,22:56.1,29:16.9,,7:51.90,,,,,,,,,,28:22.92,,,,,,,,,,,,,,26:42.8,,,,,,,,,,,,,,,,,,,,,,,,,,,,,,,,,,,,,,,,,,,,,,,,,,,,,,,,,,,,,,,,,,,,,,,,,,,,,,,,,,,,,,,,,,,,,,,
8922688,Owen Rogers,WEBER STATE,m,,1:57.57,4:05.84,,18:52.4,,3:48.23,14:08.31,8:40.29,24:07.2,31:36.4,,8:18.11,,,,,,,,,,,,,,,,,,,,,,,,,,,,,,,,,,,,,,,,,,,,,,,,,,,,,,,,,,,,,,,,,,,,,,20:53.9,,,,,,,,,,,,,,,,,,,,,,,,,,,,,,,,,,,,,,,,,,,,,,,,,
8985442,Abigail Russell,MICHIGAN,f,,,,,,,,,,,,,,,,,,,,,,,,,,,,"17.34m 56' 10.75""",,,,,"54.09m 177' 5""","55.14m 180' 11""","19.31m 63' 4.25""",,,,,,,,,,,,,,,,,,,,,,,,,,,,,,,,,,,,,,,,,,,,,,,,,,,,,,,,,,,,,,,,,,,,,,,,,,,,,,,,,,,,,,,,,,,,,,,,,
8258981,Peyton Garrison,MONTANA STATE,f,,,,,,,,,,,,,,,7.50,11.59 (3.4),23.40,39.32,54.95,,,,,,,,,,,,,,,,,,,,,,,,,,,,,,,,,,,,,,,,,,,,,,,,,,,,,,,,,,,,,,,,,,,,,,,,,,,,,,,,,,,,,,,,,,,,,,,,,,,,,,,,,,,,,,,,,
9211046,Kaleb Foltz,NORTH DAKOTA STATE,m,1:17.71,1:47.82,,,,,,,,,,,,,,,,,49.24,,,,,,,,,,,,,,,,,,,,,,,,,,,,,,,,,,,,,,,,,,,,,,,,,,,,,,,,,,,,,,,,,,,,,,,,,,,,,,,,,,,,,,,,,,,,,,,,,,,,,,,,,,,,,,,,,
8709978,Miguel Pantojas,FLORIDA,m,1:17.71,1:46.44,,,,,3:47.80,,,,,2:22.38,,,,,,,,,,,,,,,,,,,,,,,,,,,,,,,,,,,,,,,,,,,,,,,,,,,,,,,,,,,,,,,,,,,,,,,,,,,,,,,,,,,,,,,,,,,,,,,,,,,,,,,,,,,,,,,,,,,,,,,,
8594428,Kate Putman,NC STATE,f,1:34.81,2:05.62,4:36.97,16:17.9,20:02.1,,4:13.01,15:45.61,9:48.34,,,2:46.32,9:17.92,,,,,,,,,,,,,,,,,,,,,,,,,,,,,,,,,,,,,,,,,,,,,,,,,,,,,,,,,,,,,,,,,,,,,,,,,,,,,,,,,,,,,,,,,,,,,,,,,,,,,,,,,,,,,,,,,,,,,,,
8234659,Lily Murphy,PENN,f,,,4:55.59,16:48.6,20:01.0,,4:33.39,15:51.27,,,,,9:11.67,,,,,,,,,,32:40.92,,,,,,,,,,,,,,,,,,,,,,,,,,,,,,,,,,,,,,,,,,,,,,,,,,,,,,,,,,,,,,,,,,,,,,,,,,,,,,,,,,,,,,,,,,,,,,,,,,,,,,,,,,,,,
9001371,Efe Latham,UT-RIO GRANDE VALLEY,f,,,,,,,,,,,,,,,,,,,,"40.22m 131' 11""",,,,,,,,"15.78m 51' 9.25""",,,,,"37.68m 123' 7""","54.91m 180' 2""","17.82m 58' 5.75""",,,,,,,,,,,,,,,,,,,,,,,,,,,,,,,,,,,,,,,,,,,,,,,,,,,,,,,,,,,,,,,,,,,,,,,,,,,,,,,,,,,,,,,,,,,,,,,,,
9026901,Mercy Jebitok,AKRON,f,,,,16:57.4,20:02.8,,4:22.33,16:11.82,,,,,9:45.11,,,,,,,,,,33:05.76,,,,,,,,,,,,,,,,,,,,,,,,,,,,,,,,,,,,,,,,,,,,,,,,,,,,,,,,,,,,,,,,,,,,,,,,,,,,,,,,,,,,,,,,,,,,,,,,,,,,,,,,,,,,,
8324612,Avril Wilson,WASHINGTON,f,,,,,,,,,,,,,,,,,,,,,,,,,,,,,,,"4.18m 13' 8.5""",,,,,,,,,,,,,,,,,,,,,,,,,,,,,,,,,,,,,,,,,,,,,,,,,,,,,,,,,,,,,,,,,,,,,,,,,,,,,,,,,,,,,,,,,,,,,,,,,,,,,
9007476,Laila Hackett,OHIO STATE,f,,,,,,,,,,,,,,,7.44,11.38 (3.0),24.30 (-0.7),,,,,,,,,,,,,,,,,,,,,,,,,,,,,,,,,,,,,,,,,,,,,,,,,,,,,,,,,,,,,,,,,,,,,,,,,,,,,,,,,,,,,,,,,,,,,,,,,,,,,,,,,,,,,,,,,,,
7732585,Matthew Santy,RHODE ISLAND,m,,,,,,,,,,,,3:18.10,,,7.36,,,,,"55.15m 180' 11""","7.71m (2.2) 25' 3.5""","14.76m (-0.1) 48' 5.25""",,9.02,,,"2.16m 7' 1""","11.08m 36' 4.25""",,4900,"3.50m 11' 5.75""",,,,,,,,,,,,,,,,,,,,,,,,,,,,,,,,,,,,,,,,,,,,,,,,,,,,,,,,,,,,,,,,,,,,,,,,,,,,,,,,,,,,,,,,,,,,,,,,,,,,,
8669762,Amelia Kristen,PENN,f,1:32.90,2:11.31,,,,,,,,,,,,,8.03,12.57 (0.2),24.89 (0.1),,56.18,"20.20m 66' 3""","6.16m 20' 2.5""",,,8.59,13.73 (1.7),57.40,"1.69m 5' 6.5""","10.97m 36' 0""",4199,5259,,,,,,,,1:13.56,,,,,,,,,,,,,,,,,,,,,,,,,,,,,,,,,,,,,,,,,,,,,,,,,,,,,,,,,,,,,,,,,,,,,,,,,,,,,,,,,,,,,,,,,,,,,,
9175581,Jack Guthridge,KANSAS STATE,m,,,,,,,,,,,,,,,,10.64 (0.6),20.82 (2.5),,,,,,,,,,,,,,,,,,,,,,,,,,,,,,,,,,,,,,,,,,,,,,,,,,,,,,,,,,,,,,,,,,,,,,,,,,,,,,,,,,,,,,,,,,,,,,,,,,,,,,,,,,,,,,,,,,,
8009990,Israel Oloyede,GRAND CANYON,,,,,,,,,,,,,,,,,,,,,,,,,,,,,,,,,,,"75.29m 247' 0""","24.45m 80' 2.75""",,,,,,,,,,,,,,,,,,,,,,,,,,,,,,,,,,,,,,,,,,,,,,,,,,,,,,,,,,,,,,,,,,,,,,,,,,,,,,,,,,,,,,,,,,,,,,,,,
9023083,Esther Joseph,TENNESSEE,f,,,,,,,,,,,,,,,,,22.94,36.41,50.97,,,,,,,,,,,,,,,,,,,,,,,,,,,,,,,,,,,,,,,,,,,,,,,,,,,,,,,,,,,,,,,,,,,,,,,,,,,,,,,,,,,,,,,,,,,,,,,,,,,,,,,,,,,,,,,,,
7977085,Max Mcquide,MINNESOTA,m,1:18.70,,,,,,,,,,,,,,7.21,10.95 (1.6),21.44 (3.1),35.32,46.55,,"7.15m (2.7) 23' 5.5""",,,,,,,,,,,,,,,,,,,,,,,,,,,,,,,,,,,,,,,,,,,,,,,,,,,,,,,,,,,,,,,,,,,,,,,,,,,,,,,,,,,,,,,,,,,,,,,,,,,,,,,,,,,,,,,
8522765,Marissa Tell,GRAMBLING,f,,,,,,,,,,,,,,,,,,,,,"4.85m (+0.0) 15' 11""","13.16m (3.6) 43' 2.25""",,,,,,,,,,,,,,,,,,,,,,,,,,,,,,,,,,,,,,,,,,,,,,,,,,,,,,,,,,,,,,,,,,,,,,,,,,,,,,,,,,,,,,,,,,,,,,,,,,,,,,,,,,,,,,
9097873,Musa Isah,TEXAS A&M,m,,,,,,,,,,,,,,,,,21.25 (2.2),,46.12,,,,,,,,,,,,,,,,,,,,,,,,,,,,,,,,,,,,,,,,,,,,,,,,,,,,,,,,,,,,,,,,,,,,,,,,,,,,,,,,,,,,,,,,,,,,,,,,,,,,,,,,,,,,,,,,,
6988926,Paula Salmon,N. CAROLINA A&T,,,2:47.50,,26:28.4,,,,,,,,,,,,,24.53 (1.7),,1:02.33,,"4.59m 15' 0.75""",,,7.83,12.63 (1.9),58.60,"1.76m 5' 9.25""","9.77m 32' 0.75""",3040,,,,,,,,,,,,,,,,,,,,,,,,,,,,,,,,,,,,,,,,,,,,,,,,,,,,,,,,,,,,,,,,,,,,,,,,,,,,,,,,,,,,,,,,,,,,,,,,,,,,,,,
8701627,Claire Lowrey,TEXAS TECH,f,,,,,,,,,,,,,,,,,,,,,,,,,,,"1.88m 6' 2""",,,,,,,,,,,,,,,,,,,,,,,,,,,,,,,,,,,,,,,,,,,,,,,,,,,,,,,,,,,,,,,,,,,,,,,,,,,,,,,,,,,,,,,,,,,,,,,,,,,,,,,,,
9239756,Omar Hussein,ARKANSAS STATE,m,,,,,,,,,,,,,,,,,,,,,,,,,,,,"18.72m 61' 5""",,,,,"51.40m 168' 8""","49.48m 162' 4""","17.90m 58' 8.75""",,,,,,,,,,,,,,,,,,,,,,,,,,,,,,,,,,,,,,,,,,,,,,,,,,,,,,,,,,,,,,,,,,,,,,,,,,,,,,,,,,,,,,,,,,,,,,,,,
8972215,Zion Lockette,OLE MISS,f,,,,,,,,,,,,,,,7.66,11.58 (2.7),23.49 (2.2),40.50,57.49,,,,,,,,,,,,,,,,,,,,,,,,,,,,,,,,,,,,,,,,,,,,,,,,,,,,,,,,,,,,,,,,,,,,,,,,,,,,,,,,,,,,,,,,,,,,,,,,,,,,,,,,,,,,,,,,,
7908137,Makayla Paige,NORTH CAROLINA,f,1:30.18,1:58.97,4:38.31,17:51.1,21:25.2,,4:12.03,,,,,2:47.35,,,,,,,52.00,,,,,,,,,,,,,,,,,,,,,,,,,,,,,,,,,,,,14:36.6,,,,,,,,,,,,,,,,,,,,,,,,,,,,,,,,,,,,,,,,,,,,,,,,,,,,,,,,,,,,,,,,,,,,,,,,,,,,,
7534789,Jeffrey Williams,MIAMI (FLA.),,,,,,,,,,,,,,,,,,,,,,,,,,,,,"18.49m 60' 8""",,,,,"59.86m 196' 5""","46.30m 151' 11""","18.30m 60' 0.5""",,,,,,,,,,,,,,,,,,,,,,,,,,,,,,,,,,,,,,,,,,,,,,,,,,,,,,,,,,,,,,,,,,,,,,,,,,,,,,,,,,,,,,,,,,,,,,,,,
8012260,Hollan Powers,ARIZONA,f,,2:11.52,,,,,,,,,,,,,7.46,,23.92 (1.3),,,"31.79m 104' 3""","5.95m (1.0) 19' 6.25""",,,8.33,13.10 (2.6),,"1.68m 5' 6""","12.51m 41' 0.5""",4080,5789,,,,,,,,,,,1:30.98,,,,,,,,,,,,,,,,,,,,,,,,,,,,,,,,,,,,,,,,,,,,,,,,,,,,,,,,,,,,,,,,,,,,,,,,,,,,,,,,,,,,,,,,,,,
7726179,Sean Roth,LOUISVILLE,,,,,,,,,,,,,,,,,,,,,,,,,,,,,,,,"5.33m 17' 5.75""",,,,,,,,,,,,,,,,,,,,,,,,,,,,,,,,,,,,,,,,,,,,,,,,,,,,,,,,,,,,,,,,,,,,,,,,,,,,,,,,,,,,,,,,,,,,,,,,,,,,,
8991397,Seamus Malaski,PURDUE,m,,,,,,,,,,,,,,,,,,,,,,,,,,,,"19.32m 63' 4.75""",,,,,"56.04m 183' 10""","69.77m 228' 11""","22.52m 73' 10.75""",,,,,,,,,,,,,,,,,,,,,,,,,,,,,,,,,,,,,,,,,,,,,,,,,,,,,,,,,,,,,,,,,,,,,,,,,,,,,,,,,,,,,,,,,,,,,,,,,
8971439,Paige Floriea,RUTGERS,f,,,,,,,,,,,,,,,,,23.24 (3.8),,55.59,,"6.48m (1.9) 21' 3.25""",,,,,,,,,,,,,,,,,,,,,,,,,,,,,,,,,,,,,,,,,,,,,,,,,,,,,,,,,,,,,,,,,,,,,,,,,,,,,,,,,,,,,,,,,,,,,,,,,,,,,,,,,,,,,,,
9251064,Joshua Kyei-Baffour,NORTH DAKOTA STATE,m,,,,,,,,,,,,,,,7.02,,,,,,,,,7.88,,,,,,,,13.69 (3.4),,,,,,,,,,,,,,,,,,,,,,,,,,,,,,,,,,,,,,,,,,,,,,,,,,,,,,,,,,,,,,,,,,,,,,,,,,,,,,,,,,,,,,,,,,,,,,,,,,,,
8584214,Jessica Hatch,FLORIDA ATLANTIC,f,,2:14.99,4:48.06,18:18.9,21:31.6,18:31.2,4:27.58,17:08.27,10:07.58,,,2:53.45,9:37.52,,,,,,,,,,,,,,,,,,,,,,,,,,,,,,,,,,,,,,,,,,,,,7:09.05,,,,,,,,,,,,,,,,,,,,,,,,,,,,,,,,,,,,,,,,,,,,,,,,,,,,,,,,,,,,,,,,,,,,,,,,,,
8973054,Scottie Vines,ARKANSAS,m,,,,,,,,,,,,,,,,,,,,,,,,,,,"2.29m 7' 6""",,,,,,,,,,,,,,,,,,,,,,,,,,,,,,,,,,,,,,,,,,,,,,,,,,,,,,,,,,,,,,,,,,,,,,,,,,,,,,,,,,,,,,,,,,,,,,,,,,,,,,,,,
8674916,Lukundo Kapambalala,LOUISIANA TECH,m,,,,,,,,,,,,,,,6.78,10.21 (0.7),20.99 (1.0),,52.02,,,,,,,,,,,,,,,,,,,,,,,,,,,,,,,,,,,,,,,,,,,,,,,,,,,,,,,,,,,,,,,,,,,,,,,,,,,,,,,,,,,,,,,,,,,,,,,,,,,,,,,,,,,,,,,,,
9007499,Edidiong Udo,OHIO STATE,m,1:16.77,,,,,,,,,,,,,,,,,,44.91,,,,,,,,,,,,,,,,,,,,,,1:08.90,,,,,,,,,,,,,,,,,,,,,,,,,,,,,,,,,,,,,,,,,,,,,,,,,,,,,,,,,,,,,,,,,,,,,,,,,,,,,,,,,,,,,,,,,,,
8698798,Ty Lott,HOUSTON,m,,,,,,,,,,,,,,,,,,,,,,,,,,,,"15.84m 51' 11.75""",,,,,,"66.89m 219' 5""","21.41m 70' 3""",,,,,,,,,,,,,,,,,,,,,,,,,,,,,,,,,,,,,,,,,,,,,,,,,,,,,,,,,,,,,,,,,,,,,,,,,,,,,,,,,,,,,,,,,,,,,,,,,
8319479,Claire Curtsinger,CINCINNATI,f,,,4:49.06,16:38.4,19:55.7,,4:29.56,16:21.70,,,,,9:26.41,,,,,,,,,,33:45.11,,,,,,,,,,,,,,,,,,,,,,,,,,,,,,,,14:02.7,,,,,,,,,,,,,,,,,,,,,,,,,,,,,,,,,,,,,,,,,,,,,,,,,,,,,,,,,,,,,,,,,,,,,,,,,,,,,
8331806,Shaemar Uter,TEXAS TECH,m,,,,,,,,,,,,,,,,,20.32 (4.3),,45.52,,,,,,,,,,,,,,,,,,,,,,1:10.04,,,,,,,,,,,,,,,,,,,,,,,,,,,,,,,,,,,,,,,,,,,,,,,,,,,,,,,,,,,,,,,,,,,,,,,,,,,,,,,,,,,,,,,,,,,
8999123,Maleigha Canaday-Elliott,OREGON,f,,,,,,,,,,,,,,,,,,,,,"5.74m 18' 10""","12.87m 42' 2.75""",,,,,,,,,,,,,,,,,,,,,,,,,,,,,,,,,,,,,,,,,,,,,,,,,,,,,,,,,,,,,,,,,,,,,,,,,,,,,,,,,,,,,,,,,,,,,,,,,,,,,,,,,,,,,,
8677117,Sasha Gregory,CHARLOTTE,f,,2:15.61,,,,,,,,,,,,,,,24.05 (4.0),,,"31.58m 103' 7""","6.17m (-0.5) 20' 3""",,,8.51,13.73 (3.1),1:06.30,"1.68m 5' 6""","10.48m 34' 4.75""",3963,5453,,,,,,,,,,,,,,,,,,,,,,,,,,,,,,,,,,,,,,,,,,,,,,,,,,,,,,,,,,,,,,,,,,,,,,,,,,,,,,,,,,,,,,,,,,,,,,,,,,,,,,
9275645,Brianna Utecht,MISSOURI,f,,2:20.52,,,,,,,,,,,,,7.83,12.84,24.74 (1.2),,58.51,"38.45m 126' 2""","5.94m 19' 6""",,,8.67,13.86 (3.9),,"1.68m 5' 6""","12.78m 41' 11.25""",4030,5462,,,,,,,,,,,,,,,,,,,,,,,,,,,,,,,,,,,,,,,,,,,,,,,,,,,,,,,,,,,,,,,,,,,,,,,,,,,,,,,,,,,,,,,,,,,,,,,,,,,,,,
7726207,Zoe Yeast,FRESNO STATE,f,,,,,,,,,,,,,,,,,,,,,,,,,,,,,,,,,"43.72m 143' 5""","62.62m 205' 5""","19.89m 65' 3.25""",,,,,,,,,,,,,,,,,,,,,,,,,,,,,,,,,,,,,,,,,,,,,,,,,,,,,,,,,,,,,,,,,,,,,,,,,,,,,,,,,,,,,,,,,,,,,,,,,
8996686,Michelle Smith,GEORGIA,f,,2:04.52,,,,,,,,,,,,,,,,,52.97,,,,,,,54.56,,,,,,,,,,,,,,,,,,,,,,,,,,,,,,,,,,,,,,,,,,,,,,,,,,,,,,,,,,,,,,,,,,,,,,,,,,,,,,,,,,,,,,,,,,,,,,,,,,,,,,,,,,
9260914,Antonia Sanchez Nunez,MIAMI (FLA.),f,1:32.55,2:15.85,,,,,,,,,,,,,,,25.11 (-0.1),38.67,53.16,,,,,,,56.18,,,,,,,,,,,,,,,1:23.21,,,,,,,,,,,,,,,,,,,,,,,,,,,,,,,,,,,,,,,,,,,,,,,,,,,,,,,,,,,,,,,,,,,,,,,,,,,,,,,,,,,,,,,,,,,
8365076,Emmanuel Bamidele,FLORIDA,,,,,,,,,,,,,,,,,,20.39 (2.9),,44.24,,,,,,,,,,,,,,,,,,,,,,,,,,,,,,,,,,,,,,,,,,,,,,,,,,,,,,,,,,,,,,,,,,,,,,,,,,,,,,,,,,,,,,,,,,,,,,,,,,,,,,,,,,,,,,,,,
8369956,Treyton Anderson,BYU,m,,,,,,,,,,,,,,,7.01,10.60 (1.8),21.62,,,,,,,8.19,,51.00,,,,,,14.23 (1.1),,,,,,,,,,,,,,,,,,,,,,,,,,,,,,,,,,,,,,,,,,,,,,,,,,,,,,,,,,,,,,,,,,,,,,,,,,,,,,,,,,,,,,,,,,,,,,,,,,,,
6911493,Molly Born,OKLAHOMA STATE,,,,4:54.27,16:28.5,19:45.1,,4:38.06,15:20.89,,,,,9:19.13,11:03.6,,,,,,,,,32:27.18,,,,,,,,,,,,,,,,,,,,,,,,,,,,,,,,,,,,,,,,,,,,,,,,,,,,,,,,,,,,,,,,,,,,,,,,,,,,,,,,,,,,,,,,,,,,,,,,,,,,,,,,,,,,,
9006119,Ezekiel Pitireng,ALABAMA,m,,,4:09.20,,,,3:49.61,14:05.03,8:29.64,23:27.0,29:32.2,,7:49.39,,,,,,,,,,,,,,,,,,,,,,,,,,,,,,24:24.9,,,,,,,,,,,,,,,,,,,,,,,,,,,,,,,,,,,,,,,,,,,,,,,,,,,,,,,,,,,,,,,,,,,,,,,,,,,,,,,,,,,,,,,,,
8288637,Silan Ayyildiz,OREGON,f,,2:03.11,4:23.46,,18:57.9,,4:05.66,15:15.84,,,,,8:42.29,,,,,,,,,,,,,,,,,,,,,,,,,,,,,,,,,,,,,,,,,,,,,,,,,,,,,,,,,,,,,,,,,,,,,,,,,,,,,,,,,,,,,,,,,,,,,,,,,,,,,,,,,,,,,,,,,,,,,,,
9246060,Grant Valley,OREGON,m,,,,,,,,,,,,,,,6.71,10.30 (1.2),20.74 (3.5),,,,,,,,,,,,,,,,,,,,,,,,,,,,,,,,,,,,,,,,,,,,,,,,,,,,,,,,,,,,,,,,,,,,,,,,,,,,,,,,,,,,,,,,,,,,,,,,,,,,,,,,,,,,,,,,,,,
8974953,Tom Stoelken,IDAHO STATE,m,,,,,,,4:48.90,,,,,2:57.95,,,7.12,10.94 (0.9),22.34 (0.9),,49.77,"57.99m 190' 3""","6.93m (0.8) 22' 9""",,,8.30,,,"1.83m 6' 0""","13.87m 45' 6.25""",,5132,"4.35m 14' 3.25""",14.67 (+0.0),"45.39m 148' 11""",,,7221,,,,,,,,,,,,,,,,,,,,,,,,,,,,,,,,,,,,,,,,,,,,,,,,,,,,,,,,,,,,,,,,,,,,,,,,,,,,,,,,,,,,,,,,,,,,,,,,
8357412,James Onanubosi,ARIZONA,m,,,,,,,,,,,,,,,6.74,10.19 (3.9),20.50 (-0.8),,,,,,,,,,,,,,,,,,,,,,,,,,,,,,,,,,,,,,,,,,,,,,,,,,,,,,,,,,,,,,,,,,,,,,,,,,,,,,,,,,,,,,,,,,,,,,,,,,,,,,,,,,,,,,,,,,,
8015634,Evan Puckett,TENNESSEE,m,,,,,,,,,,,,,,,,,,,,,,,,,,,,"14.62m 47' 11.75""",,,"5.56m 18' 2.75""",,,,,,,,,,,,,,,,,,,,,,,,,,,,,,,,,,,,,,,,,,,,,,,,,,,,,,,,,,,,,,,,,,,,,,,,,,,,,,,,,,,,,,,,,,,,,,,,,,,,,
7974884,Gage Hensey,OKLAHOMA,m,,,,,,,,,,,,,,,7.04,,22.03 (1.6),35.30,47.25,,,,,,,,,,,,,,,,,,,,,,1:10.78,,,,,,,,,,,,,,,,,,,,,,,,,,,,,,,,,,,,,,,,,,,,,,,,,,,,,,,,,,,,,,,,,,,,,,,,,,,,,,,,,,,,,,,,,,,
8709186,Jase Hunter,KENNESAW STATE,m,,,,,,,,,,,,,,,,,,,,,,,,,,,,"13.21m 43' 4.25""",,,,,"45.45m 149' 1""","63.86m 209' 6""","20.98m 68' 10""",,,,,,,,,,,,,,,,,,,,,,,,,,,,,,,,,,,,,,,,,,,,,,,,,,,,,,,,,,,,,,,,,,,,,,,,,,,,,,,,,,,,,,,,,,,,,,,,,
7540309,Cierra Allphin,BYU,,,,,,,,,,,,,,,,,,,,,,"5.81m 19' 0.75""",,,,,,"1.89m 6' 2.25""",,,,,,,,,,,,,,,,,,,,,,,,,,,,,,,,,,,,,,,,,,,,,,,,,,,,,,,,,,,,,,,,,,,,,,,,,,,,,,,,,,,,,,,,,,,,,,,,,,,,,,,,,
8983312,Collin Torres,ARMY WEST POINT,m,,,,,,,,,,,,,,,,,,,,"67.77m 222' 4""",,,,,,,,,,,,,,"52.01m 170' 8""","17.45m 57' 3""",,,,,,,,,,,,,,,,,,,,,,,,,,,,,,,,,,,,,,,,,,,,,,,,,,,,,,,,,,,,,,,,,,,,,,,,,,,,,,,,,,,,,,,,,,,,,,,,,
9271190,Payton Pitts,SOUTH FLORIDA,m,,,,,,,,,,,,,,,,,,,,,,,,,,,,,,,"5.30m 17' 4.5""",,,,,,,,,,,,,,,,,,,,,,,,,,,,,,,,,,,,,,,,,,,,,,,,,,,,,,,,,,,,,,,,,,,,,,,,,,,,,,,,,,,,,,,,,,,,,,,,,,,,,
8673338,Daniel Reynolds,WYOMING,,,,,,,,,,,,,,,,,,,,,,,,,,,,,"19.55m 64' 1.75""",,,,,,"72.97m 239' 5""","25.08m 82' 3.5""",,,,,,,,,,,,,,,,,,,,,,,,,,,,,,,,,,,,,,,,,,,,,,,,,,,,,,,,,,,,,,,,,,,,,,,,,,,,,,,,,,,,,,,,,,,,,,,,,
9261893,Datavia Hunter,UCF,f,,,,,,,,,,,,,,,7.39,11.75 (0.3),23.27 (1.9),,54.17,,,,,,,,,,,,,,,,,,,,,,,,,,,,,,,,,,,,,,,,,,,,,,,,,,,,,,,,,,,,,,,,,,,,,,,,,,,,,,,,,,,,,,,,,,,,,,,,,,,,,,,,,,,,,,,,,
9272246,Meagan Humphries,ILLINOIS,f,,2:12.99,,,,,,,,,,,,,,,23.12 (3.1),,,"32.59m 106' 11""","6.32m 20' 9""",,,8.46,13.53 (1.6),,"1.76m 5' 9.25""","11.69m 38' 4.25""",4459,5893,,,,,,,,,,,,,,,,,,,,,,,,,,,,,,,,,,,,,,,,,,,,,,,,,,,,,,,,,,,,,,,,,,,,,,,,,,,,,,,,,,,,,,,,,,,,,,,,,,,,,,
8236849,Brett Schwartz,NEBRASKA,m,,,,,,,,,,,,,,,,,,,,,,,,,,,,"15.32m 50' 3.25""",,,,,"61.75m 202' 7""","66.77m 219' 1""","21.28m 69' 9.75""",,,,,,,,,,,,,,,,,,,,,,,,,,,,,,,,,,,,,,,,,,,,,,,,,,,,,,,,,,,,,,,,,,,,,,,,,,,,,,,,,,,,,,,,,,,,,,,,,
8264769,Tayla Gunton,IONA,f,,,4:47.59,,20:16.3,,4:29.74,15:49.95,,,,,9:11.70,,,,,,,,,,33:23.61,,,,,,,,,,,,,,,,,,,,,,,,,,,,,,,,,,,,,,,,,,,,,,,,,,,,,,,,,,,,,,,,,,,,,,,,,,,,,,,,,,,,,,,,,,,,,,,,,,,,,,,,,,,,,
7497320,Destinee Rocker,SOUTH CAROLINA,,,,,,,,,,,,,,,,7.85,,24.03 (0.6),39.89,,,,,,8.07,12.95 (4.9),1:11.73,,,,,,,,,,,,,,,,,,,,,,,,,,,,,,,,,,,,,,,,,,,,,,,,,,,,,,,,,,,,,,,,,,,,,,,,,,,,,,,,,,,,,,,,,,,,,,,,,,,,,,,,,,
8986956,Ja-Van Poole,OAKLAND,m,1:21.25,2:03.20,,,,,,,,,,,,,,,22.00,,47.85,,,,,8.22,,49.10,,,,,,14.40 (2.3),,,,,,,,,,,,,,,,,,,,,,,,,,,,,,,,,,,,,,,,,,,,,,,,,,,,,,,,,,,,,,,,,,,,,,,,,,,,,,,,,,,,,,,,,,,,,,,,,,,,
9013527,Spirit Morgan,N. CAROLINA A&T,f,,,,,,,,,,,,,,,,,,,,,,,,,,,"1.86m 6' 1.25""",,,,,,,,,,,,,,,,,,,,,,,,,,,,,,,,,,,,,,,,,,,,,,,,,,,,,,,,,,,,,,,,,,,,,,,,,,,,,,,,,,,,,,,,,,,,,,,,,,,,,,,,,
8339831,Garik Pozecki,MISSOURI,m,,,,,,,,,,,,,,,,,,,,,,,,,,,,,,,,,,"63.99m 209' 11""","21.62m 70' 11.25""",,,,,,,,,,,,,,,,,,,,,,,,,,,,,,,,,,,,,,,,,,,,,,,,,,,,,,,,,,,,,,,,,,,,,,,,,,,,,,,,,,,,,,,,,,,,,,,,,
7984015,Zach Mcglynn,NORTH DAKOTA STATE,m,,,,,,,4:45.53,,,,,2:44.54,,,7.21,10.68 (5.8),,,49.73,"44.97m 147' 6""","7.54m (3.9) 24' 9""",,,8.12,,,"2.14m 7' 0.25""","13.62m 44' 8.25""",,5995,"5.30m 17' 4.5""",14.56 (1.1),"39.49m 129' 7""",,,7922,,,,,,,,,,,,,,,,,,,,,,,,,,,,,,,,,,,,,,,,,,,,,,,,,,,,,,,,,,,,,,,,,,,,,,,,,,,,,,,,,,,,,,,,,,,,,,,,
9194613,Elyse Wilmes,OKLAHOMA STATE,f,,2:02.82,,,,,,,,,,2:45.01,,,,,,,,,,,,,,,,,,,,,,,,,,,,,,,,,,,,,,,,,,,,,,,,,,,,,,,,,,,,,,,,,,,,,,,,,,,,,,,,,,,,,,,,,,,,,,,,,,,,,,,,,,,,,,,,,,,,,,,,
8725440,Ernest Cheruiyot,ARKANSAS,m,,,4:01.94,14:05.3,,,3:48.20,13:15.30,,22:20.3,29:17.6,,7:40.53,,,,,,,,,,27:41.59,,,,,,,,,,,,,,,,,,,,,,,,,,,,,,,,,,,,,,,,,,,,,,,,,,,,,,,,,,,,,,,,,,,,,,,,,,,,,,,,,,,,,,,,,,,,,,,,,,,,,,,,,,,,,
8024893,Xiamara Young,SAN DIEGO ST.,f,,,,,,,,,,,,,,,7.62,12.04 (1.2),,,,,"6.50m 21' 4""","13.51m (1.5) 44' 4""",,,,,,,,,,,,,,,,,,,,,,,,,,,,,,,,,,,,,,,,,,,,,,,,,,,,,,,,,,,,,,,,,,,,,,,,,,,,,,,,,,,,,,,,,,,,,,,,,,,,,,,,,,,,,,
9194243,Pauline Schedler,ILLINOIS STATE,f,,2:05.99,4:40.61,,21:07.4,,4:15.89,,,,,2:48.98,,,,,,,,,,,,,,,,,,,,,,,,,,,,,,,,,,,,,,,,,,,,,,,,,,,,,,,,,,,,,,,,,,,,,,,,,,,,,,,,,,,,,,,,,,,,,,,,,,,,,,,,,,,,,,,,,,,,,,,,
8673512,Caleb Levy,IOWA,m,1:17.05,1:48.03,,,,,,,,,,,,,,,,,,,,,,,,,,,,,,,,,,,,,,,,,,,,,,,,,,,,,,,,,,,,,,,,,,,,,,,,,,,,,,,,,,,,,,,,,,,,,,,,,,,,,,,,,,,,,,,,,,,,,,,,,,,,,,,,,,
9003248,Hendrick Hundl,NORTH TEXAS,m,,,,,,,,,,,,,,,6.80,10.55 (3.0),,,,,,,,7.70,,,,,,,,13.38 (4.9),,,,,,,,,,,,,,,,,,,,,,,,,,,,,,,,,,,,,,,,,,,,,,,,,,,,,,,,,,,,,,,,,,,,,,,,,,,,,,,,,,,,,,,,,,,,,,,,,,,,
6701960,Adelaide Aquilla,OHIO STATE,,,,,,,,,,,,,,,,,,,,,,,,,,,,,"19.64m 64' 5.25""",,,,,"57.86m 189' 10""","46.19m 151' 6""","15.20m 49' 10.5""",,,,,,,,,,,,,,,,,,,,,,,,,,,,,,,,,,,,,,,,,,,,,,,,,,,,,,,,,,,,,,,,,,,,,,,,,,,,,,,,,,,,,,,,,,,,,,,,,
6999419,Lexi Ellis,OREGON,,,,,,,,,,,,,,,,7.96,12.80 (0.1),,,,,"5.63m (1.4) 18' 5.75""","13.97m 45' 10""",,,,,,,,,,,,,,,,,,,,,,,,,,,,,,,,,,,,,,,,,,,,,,,,,,,,,,,,,,,,,,,,,,,,,,,,,,,,,,,,,,,,,,,,,,,,,,,,,,,,,,,,,,,,,,
9014562,Emeka Ugwu,PITTSBURGH,m,,,,,,,,,,,,,,,,,,,,,,,,,,,,"18.80m 61' 8.25""",,,,,"49.24m 161' 6""","47.62m 156' 3""","15.93m 52' 3.25""",,,,,,,,,,,,,,,,,,,,,,,,,,,,,,,,,,,,,,,,,,,,,,,,,,,,,,,,,,,,,,,,,,,,,,,,,,,,,,,,,,,,,,,,,,,,,,,,,
9260847,Alva Back,MIAMI (FLA.),f,,2:25.65,,,,,,,,,,,,,,,,,,"49.87m 163' 7""","5.37m (2.4) 17' 7.5""",,,8.92,15.16 (1.3),,"1.60m 5' 3""","12.60m 41' 4.25""",3588,,,,,,,,,,,,,,,,,,,,,,,,,,,,,,,,,,,,,,,,,,,,,,,,,,,,,,,,,,,,,,,,,,,,,,,,,,,,,,,,,,,,,,,,,,,,,,,,,,,,,,,
8278025,Jenna Hutchins,BYU,f,,,4:32.73,16:14.1,19:54.5,15:17.0,4:13.41,15:15.76,,,,,8:44.04,,,,,,,,,,32:01.02,,,,,,,,,,,,,,,,,,,,,,,,,,,,,,,,,,,,,,,,,,,,,,,,,,19:10.3,,,,,,,,,,,,17:26.2,,,,,,,,,,,,,,,,,,,,,,,,,,,,,,,,,,,,,,,,,,,,,,,
8321328,Johrdyn Tarpeh,DUKE,f,,,,,,,,,,,,,,,,,26.62 (3.5),42.79,57.26,,,,,,14.17 (0.1),58.85,,,,,,,,,,,,,,,,,,,,,,,,,,,,,,,,,,,,,,,,,,,,,,,,,,,,,,,,,,,,,,,,,,,,,,,,,,,,,,,,,,,,,,,,,,,,,,,,,,,,,,,,,,
8314066,Paola Bueno,LIBERTY,,,,,,,,,,,,,,,,,,,,,,,,,,,,,"8.90m 29' 2.5""",,,,,,"65.73m 215' 8""","20.22m 66' 4.25""",,,,,,,,,,,,,,,,,,,,,,,,,,,,,,,,,,,,,,,,,,,,,,,,,,,,,,,,,,,,,,,,,,,,,,,,,,,,,,,,,,,,,,,,,,,,,,,,,
7917515,Sophia Lucki,MICHIGAN STATE,f,,2:14.56,4:40.70,17:35.4,20:38.2,,4:27.58,16:21.21,10:14.46,,,,9:20.45,,,,,,,,,,,,,,,,,,,,,,,,,,,,,,,,,,,,,,,,,,,,,,,,,,,,,,,,,,,,,,,,,,,,,,,,,,,,,,,,,,,,,,,,,,,,,,,,,,,,,,,,,,,,,,,,,,,,,,,
8983884,Stacey Onyepunuka,KENTUCKY,f,,,,,,,,,,,,,,,7.44,,23.12 (1.6),38.27,54.13,,,,,,,,,,,,,,,,,,,,,,,,,,,,,,,,,,,,,,,,,,,,,,,,,,,,,,,,,,,,,,,,,,,,,,,,,,,,,,,,,,,,,,,,,,,,,,,,,,,,,,,,,,,,,,,,,
7976006,Kali Terza,KENNESAW STATE,f,,,,,,,,,,,,,,,,,,,,,,,,,,,,"12.98m 42' 7""",,,,,,"69.12m 226' 9""","22.50m 73' 10""",,,,,,,,,,,,,,,,,,,,,,,,,,,,,,,,,,,,,,,,,,,,,,,,,,,,,,,,,,,,,,,,,,,,,,,,,,,,,,,,,,,,,,,,,,,,,,,,,
9237565,John Fay,DUKE,m,,,,,,,,,,,,,,,,,,,,,,,,,,,,,,,,,,"68.41m 224' 5""","21.73m 71' 3.5""",,,,,,,,,,,,,,,,,,,,,,,,,,,,,,,,,,,,,,,,,,,,,,,,,,,,,,,,,,,,,,,,,,,,,,,,,,,,,,,,,,,,,,,,,,,,,,,,,
8917138,Leah Jeruto,OKLAHOMA,f,,2:08.53,4:39.87,16:06.7,19:00.1,,4:13.77,15:46.33,9:34.71,,,,9:03.04,10:37.8,,,,,,,,,,,,,,,,,,,,,,,,,,,,,,,,,,,,,,,,,,,,,,,,,,,,,,,,,,,,,,,,,,,,,,,,,,,,,,,,,,,,,,,,,,,,,,,,,,,,,,,,,,,,,,,,,,,,,,
8691794,Miracle Ailes,ALABAMA,f,,2:28.07,,,,,,,,,,,,,7.57,11.68 (1.5),23.77 (1.2),,,,"6.62m (1.7) 21' 8.75""",,,8.51,,,"1.87m 6' 1.5""","11.89m 39' 0.25""",4295,,,,,,,,,,,,,,,,,,,,,,,,,,,,,,,,,,,,,,,,,,,,,,,,,,,,,,,,,,,,,,,,,,,,,,,,,,,,,,,,,,,,,,,,,,,,,,,,,,,,,,,
8614839,Elizabeth Crawford,PEPPERDINE,f,,,,18:00.4,20:52.2,,4:31.15,16:25.13,,,,,9:52.04,,,,,,,,,,33:44.39,,,,,,,,,,,,,,,,,,,,,,,,,,,,,,,,13:09.1,,,,,,,,,,,,,,,,,,,,,,,,,,,,,,,,,,,,,,,,,,,,,,,,,,,,,,,,,,,,,,,,,,,,,,,,,,,,,
8895761,Tayissa Buchanan,PENN STATE,f,1:30.63,2:02.67,,,,,,,,,,,,,,,,,56.91,,,,,,,,,,,,,,,,,,,,,,,,,,,,,,,,,,,,,,,,,,,,,,,,,,,,,,,,,,,,,,,,,,,,,,,,,,,,,,,,,,,,,,,,,,,,,,,,,,,,,,,,,,,,,,,,,
8585628,Barrett Justema,GEORGETOWN,f,,2:12.22,4:38.72,18:12.5,19:53.5,,4:22.96,,9:51.28,,,3:04.62,9:03.85,,,,,,,,,,,,,,,,,,,,,,,,,,,,,,,,,,,,,,,,,,,,,,,,,,,,,,,,,,,,,,,,,,,,,,,,,,,,,,,,,,,,,,,,,,,,,,,,,,,,,,,,,,,,,,,,,,,,,,,
8632321,Leanna Lewis,IOWA,f,1:29.02,2:03.24,5:09.11,18:21.4,22:28.6,,4:40.49,,,,,2:55.11,,14:31.8,,,24.74 (1.9),,54.42,,,,,,,,,,,,,,,,,,,,,,,,,,,,,,,,,,,,,,,,,,,,,,,,,,,,,,,,,,,,,,,,,,,,,,,,,,,,,,,,,,,,,,,,,,,,,,,,,,,,,,,,,,,,,,,,,
8013125,Fouad Messaoudi,OKLAHOMA STATE,,,1:48.76,3:52.66,,,,3:34.34,13:25.48,,23:00.4,28:42.8,,7:41.63,,,,,,,,,,,,,,,,,,,,,,,,,,,,,,,,,,,,,,,,,,,,,,,,,,,,,,,,,,,,,,,,,,,,,,,,,,,,,,,,,,,,,,,,,,,,,,,,,,,,,,,,,,,,,,,,,,,,,,,
9272250,Anastasia Retsa,ILLINOIS,f,,,,,,,,,,,,,,,,,,,,,,,,,,,,,,,"4.41m 14' 5.5""",,,,,,,,,,,,,,,,,,,,,,,,,,,,,,,,,,,,,,,,,,,,,,,,,,,,,,,,,,,,,,,,,,,,,,,,,,,,,,,,,,,,,,,,,,,,,,,,,,,,,
7699859,Parker Valby,FLORIDA,,,2:18.47,,16:54.3,17:59.6,,,14:52.18,,,,,8:41.50,,,,,,,,,,30:50.43,,,,,,,,,,,,,,,,,,,,,,,,,,,,,,,,13:44.9,,,,,,,,,,,,,,,,,4:50.59,,,,,,,,,,,,,,,,,,,,,,,,,10:10.45,,,,,,,,,,,,,,,,,,,,,,,,,,,,,,,,,,,
8974695,Bryce Ruland,IOWA,m,,,,,,,,,,,,,,,,,,,,,,,,,,,,"18.19m 59' 8.25""",,,,,"58.02m 190' 4""",,"20.42m 67' 0""",,,,,,,,,,,,,,,,,,,,,,,,,,,,,,,,,,,,,,,,,,,,,,,,,,,,,,,,,,,,,,,,,,,,,,,,,,,,,,,,,,,,,,,,,,,,,,,,,
6574468,Ashley Carter,AUBURN,,,,,,,,,,,,,,,,,,,,,"54.90m 180' 1""",,,,,,,,,,,,,,,,,,,,,,,,,,,,,,,,,,,,,,,,,,,,,,,,,,,,,,,,,,,,,,,,,,,,,,,,,,,,,,,,,,,,,,,,,,,,,,,,,,,,,,,,,,,,,,,,
8688389,Daniela Wamokpego,KANSAS STATE,f,,,,,,,,,,,,,,,,12.30 (2.7),25.26,,,,,"13.84m 45' 5""",,,,,,,,,,,,,,,,,,,,,,,,,,,,,,,,,,,,,,,,,,,,,,,,,,,,,,,,,,,,,,,,,,,,,,,,,,,,,,,,,,,,,,,,,,,,,,,,,,,,,,,,,,,,,,
8710077,Basia Mitchell,STEPHEN F. AUSTIN,f,,2:27.03,,,,,,,,,,,,,7.83,,24.64,,,"34.40m 112' 10""","6.07m (2.3) 19' 11""",,,8.59,13.58 (2.0),,"1.65m 5' 5""","12.90m 42' 4""",3764,5452,,,,,,,,,,,,,,,,,,,,,,,,,,,,,,,,,,,,,,,,,,,,,,,,,,,,,,,,,,,,,,,,,,,,,,,,,,,,,,,,,,,,,,,,,,,,,,,,,,,,,,
6436596,Julia Heymach,STANFORD,,,2:02.91,4:31.35,17:18.6,19:21.9,,4:09.89,15:33.62,,,,2:45.36,8:59.69,,,,,,,,,,,,,,,,,,,,,,,,,,,,,,,,,,,,,,,,,,,,,,,,,,,,,,,,,,,,,,,,,,,,,,,,,,,,,,,,,,,,,,,,,,,,,,,,,,,,,,,,,,,,,,,,,,,,,,,
7488539,Dominique Ruotolo,USC,,,,,,,,,,,,,,,,8.18,12.48 (1.3),,,,,"6.24m (0.3) 20' 5.75""","13.66m (-0.3) 44' 9.75""",,,,,"1.75m 5' 8.75""",,,,,,,,,,,,,,,,,,,,,,,,,,,,,,,,,,,,,,,,,,,,,,,,,,,,,,,,,,,,,,,,,,,,,,,,,,,,,,,,,,,,,,,,,,,,,,,,,,,,,,,,,
7726138,Maria Bienvenu,TCU,,,,,,,,,,,,,,,,,,,,,"54.45m 178' 8""",,,,,,,,,,,,,,,,,,,,,,,,,,,,,,,,,,,,,,,,,,,,,,,,,,,,,,,,,,,,,,,,,,,,,,,,,,,,,,,,,,,,,,,,,,,,,,,,,,,,,,,,,,,,,,,,
8976217,Caleb Barley,HIGH POINT,m,,,,,,,,,,,,,,,,,,,,,,,,,,,,"18.41m 60' 5""",,,,,"51.30m 168' 4""","50.60m 166' 0""","17.67m 57' 11.75""",,,,,,,,,,,,,,,,,,,,,,,,,,,,,,,,,,,,,,,,,,,,,,,,,,,,,,,,,,,,,,,,,,,,,,,,,,,,,,,,,,,,,,,,,,,,,,,,,
7707235,Ashley Jones,COLORADO,f,,2:16.74,4:46.91,17:35.0,18:52.9,,4:29.74,15:58.77,,,,,9:16.95,,,,,,,,,,33:34.96,,,,,,,,,,,,,,,,,,,,,,,,,,,,,,,,,,,,,,,,,,,,,,,,,,,,,,,,,,,,,,,,,,,,,,,,,,,,,,,,,,,,,,,,,,,,,,,,,,,,,,,,,,,,,
8818269,Ruth Kimeli,BAYLOR,f,,,4:49.79,,,,4:21.89,15:45.77,,,,2:45.02,9:16.02,,,,,,,,,,32:27.43,,,,,,,,,,,,,,,,,,,,,,,,,,,,,,,,,,,,,,,,,,,,,,,,,,,,,,,,,,,,,,,,,,,,,,,,,,,,,,,,,,,,,,,,,,,,,,,,,,,,,,,,,,,,,
9166753,Emmry Ross,MICHIGAN,f,1:29.26,2:02.13,4:45.74,18:14.7,,,4:23.70,,,,,,,,,,,,54.32,,,,,,,,,,,,,,,,,,,,,,,,,,,,,,,,,,,,,,,,,,,,,,,,,,,,,,,,,,,,,,,,,,,,,,,,,,,,,,,,,,,,,,,,,,,,,,,,,,,,,,,,,,,,,,,,,
9261217,Etoro Bassey,TEXAS A&M,m,,,,,,,,,,,,,,,,,,,,,,,,,,,"2.23m 7' 3.75""",,,,,,,,,,,,,,,,,,,,,,,,,,,,,,,,,,,,,,,,,,,,,,,,,,,,,,,,,,,,,,,,,,,,,,,,,,,,,,,,,,,,,,,,,,,,,,,,,,,,,,,,,
7980294,Brandy Atuatasi,STANFORD,f,,,,,,,,,,,,,,,,,,,,"38.47m 126' 2""",,,,,,,,"13.99m 45' 10.75""",,,,,"55.77m 183' 0""","40.09m 131' 6""","16.38m 53' 9""",,,,,,,,,,,,,,,,,,,,,,,,,,,,,,,,,,,,,,,,,,,,,,,,,,,,,,,,,,,,,,,,,,,,,,,,,,,,,,,,,,,,,,,,,,,,,,,,,
8610591,Pierce Vittone,UTAH VALLEY,m,,1:48.43,4:12.94,15:34.4,19:35.5,15:08.5,3:49.78,,,25:01.6,,2:26.19,9:01.07,,,,,,,,,,,,,,,,,,,,,,,,,,,,,,,21:43.0,,,,,,,,,,,,,,,,,,,,,,,,,,,,,,,,,,,,,,,22:24.1,,,,,,,,,,,,,,,,,,,,,,,,,,,,,,,,,,,,,,,,,,,,,,,,,
8265355,Alex Thompson,BOISE STATE,m,,1:51.87,3:59.13,,,,3:40.52,13:33.96,,23:02.4,29:33.0,2:26.39,7:57.74,,,,,,,,,,,,,,,,,,,,,,,,,,,,,,,,15:26.3,,,,,,,,,,,,,,,,,,,,,,,,,,,,,,,,,,,,,,,,,,,,,,,,,,,,,,,,,,,,,,,,,,,,,,,,,,,,,,,,,,,,,,,
8369917,Tony Jones,MISS STATE,,,,,,,,,,,,,,,,,,,,,,"6.30m (-2.5) 20' 8""",,,,,,"2.21m 7' 3""",,,,,,,,,,,,,,,,,,,,,,,,,,,,,,,,,,,,,,,,,,,,,,,,,,,,,,,,,,,,,,,,,,,,,,,,,,,,,,,,,,,,,,,,,,,,,,,,,,,,,,,,,
8900350,Louis-Lys Fanucchi,NORTH DAKOTA,m,,1:51.53,3:57.90,,16:51.5,,3:39.14,13:47.01,8:33.56,23:58.8,32:23.5,,7:58.50,,,,,,,,,,,,,,,,,,,,,,,,,,,,,,,,,,,,,,,,,,,,,,,,,,,,,,,,,,,,,,,,,,,,,,,,,,,,,,,,,,,,,,,,,,,,,,,,,,,,,,,,,,,,,,,,,,,,,,,
8989027,Rikard Throgen-Hedin,WICHITA STATE,m,,,,,,,4:39.06,,,,,2:45.29,,,7.04,10.71 (4.2),,,49.17,"43.38m 142' 4""","6.62m (2.0) 21' 8.75""",,,8.72,,,"1.79m 5' 10.5""","14.48m 47' 6.25""",,5370,"4.90m 16' 0.75""",15.56 (2.8),"54.17m 177' 9""",,,7377,,,,,,,,,,,,,,,,,,,,,,,,,,,,,,,,,,,,,,,,,,,,,,,,,,,,,,,,,,,,,,,,,,,,,,,,,,,,,,,,,,,,,,,,,,,,,,,,
7409415,Abdihamid Nur,NORTHERN ARIZONA,,,1:58.20,3:55.94,,,,3:36.33,13:06.32,,22:30.6,28:52.9,,7:40.66,,,,,,,,,,27:42.73,,,,,,,,,,,,,,,,,,,,,,,,,,,,,,,,,,,,,,,,,,,,,,,,,,,,,,,,,,,,,,,,,,,,,,,,,,,22:26.0,,,,,,,,,,,,,,,,,,,,,,,,,,,,,,,,,,
8333712,Victoria Joyce,KENNESAW STATE,f,,,,,,,,,,,,,,,,,24.77 (0.7),,,,,"12.77m (-0.2) 41' 10.75""",,,,,,,,,,,,,,,,,,,,,,,,,,,,,,,,,,,,,,,,,,,,,,,,,,,,,,,,,,,,,,,,,,,,,,,,,,,,,,,,,,,,,,,,,,,,,,,,,,,,,,,,,,,,,,
8905152,Tia Wilson,FLORIDA,f,,2:11.56,4:30.10,,19:07.2,,4:06.43,15:33.19,,,,,9:03.16,,,,,,,,,,,,,,,,,,,,,,,,,,,,,,,,,,,,,,,,,,,,,,,,,,,,,,,,,,,,,,,,,,,,,,,,,,,,,,,,,,,,,,,,,,,,,,,,,,,,,,,,,,,,,,,,,,,,,,,
8674795,Kaitlyn Eger,YOUNGSTOWN ST.,f,,,,,,,,,,,,,,,,,,,,,,,,,,,,,,,"4.07m 13' 4.25""",,,,,,,,,,,,,,,,,,,,,,,,,,,,,,,,,,,,,,,,,,,,,,,,,,,,,,,,,,,,,,,,,,,,,,,,,,,,,,,,,,,,,,,,,,,,,,,,,,,,,
8691239,Carl Murray Iv,LOUISIANA TECH,m,,,,,,,,,,,,,,,6.72,10.23 (0.7),21.51 (2.8),,,,,,,,,,,,,,,,,,,,,,,,,,,,,,,,,,,,,,,,,,,,,,,,,,,,,,,,,,,,,,,,,,,,,,,,,,,,,,,,,,,,,,,,,,,,,,,,,,,,,,,,,,,,,,,,,,,
9278489,Max Lampinen,USC,m,,,,,,,,,,,,,,,,,,,,,,,,,,,,,,,,,,"68.96m 226' 3""",,,,,,,,,,,,,,,,,,,,,,,,,,,,,,,,,,,,,,,,,,,,,,,,,,,,,,,,,,,,,,,,,,,,,,,,,,,,,,,,,,,,,,,,,,,,,,,,,,
8253288,Ally Kruger,KENTUCKY,f,,2:09.80,4:41.80,16:49.7,19:57.5,16:48.5,4:14.54,16:03.65,,,,2:52.23,9:10.53,,,,,,,,,,,,,,,,,,,,,,,,,,20:31.6,,,,,,,,,,,,,,,,14:42.5,,,,,,,,,,,,,,,,,,,,,,,,,,,,,,,,,,,,,,,,,,,,,,,,,,,,,,,,,,,,,,,,,,,,,,,,,,,,,
8981944,Joachim Ennoo,RHODE ISLAND,m,,,,,,,,,,,,,,,7.31,11.08 (1.6),22.88 (-1.0),,,,"7.71m (2.7) 25' 3.5""","15.79m 51' 9.75""",,,,,,,,,,,,,,,,,,,,,,,,,,,,,,,,,,,,,,,,,,,,,,,,,,,,,,,,,,,,,,,,,,,,,,,,,,,,,,,,,,,,,,,,,,,,,,,,,,,,,,,,,,,,,,
6983805,Ludith Campos,UALBANY,,,,,,,,,,,,,,,,,,,,,,,,,,,,,,,,,,,"62.72m 205' 9""","20.74m 68' 0.5""",,,,,,,,,,,,,,,,,,,,,,,,,,,,,,,,,,,,,,,,,,,,,,,,,,,,,,,,,,,,,,,,,,,,,,,,,,,,,,,,,,,,,,,,,,,,,,,,,
8670386,Danny Tragarz,COLORADO,m,,,,,,,,,,,,,,,,,21.50,,46.69,,,,,,,49.84,,,,,,,,,,,,,,,,,,,,,,,,,,,,,,,,,,,,,,,,,,,,,,,,,,,,,,,,,,,,,,,,,,,,,,,,,,,,,,,,,,,,,,,,,,,,,,,,,,,,,,,,,,
8997890,Finn O'Neill,UTSA,m,,,,,,,4:31.91,,,,,2:45.28,,,7.29,10.86 (4.2),,,50.88,"51.84m 170' 1""","6.72m 22' 0.75""",,,8.52,,,"1.88m 6' 2""","13.62m 44' 8.25""",,5261,"4.30m 14' 1.25""",15.02 (2.1),"39.45m 129' 5""",,,7291,,,,,,,,,,,,,,,,,,,,,,,,,,,,,,,,,,,,,,,,,,,,,,,,,,,,,,,,,,,,,,,,,,,,,,,,,,,,,,,,,,,,,,,,,,,,,,,,
6880448,James Mwaura,GONZAGA,,,,4:03.96,,,,3:47.22,13:30.02,,22:49.9,29:04.5,,7:54.50,,,,,,,,,,27:50.44,,,,,,,,,,,,,,23:30.8,,,,,,,,,,,,,,,,,,,,,,,,,,,,,,,,,,,,,,,,,,,,,,,,,,,,,,,,,,,,,,17:04.8,,,,,,,,,,,,,,,,,,,,,,,,,,,,,,,,,
7989959,Johanna Duplantis,LSU,,,,,,,,,,,,,,,,,,,,,,,,,,,,,,,,"4.39m 14' 4.75""",,,,,,,,,,,,,,,,,,,,,,,,,,,,,,,,,,,,,,,,,,,,,,,,,,,,,,,,,,,,,,,,,,,,,,,,,,,,,,,,,,,,,,,,,,,,,,,,,,,,,
8366924,Mya Georgiadis,VANDERBILT,f,1:33.08,,,,,,,,,,,,,,8.27,,25.28 (0.1),,55.48,,,,,9.12,14.45,58.59,,,,,,,,,,,,,,,,,,,,,,,,,,,,,,,,,,,,,,,,,,,,,,,,,,,,,,,,,,,,,,,,,,,,,,,,,,,,,,,,,,,,,,,,,,,,,,,,,,,,,,,,,,
8025040,Bara Sajdokova,ILLINOIS,,,,,,,,,,,,,,,,,,,,,,,,,,,,"1.91m 6' 3.25""",,,,"2.50m 8' 2.5""",,,,,,,,,,,,,,,,,,,,,,,,,,,,,,,,,,,,,,,,,,,,,,,,,,,,,,,,,,,,,,,,,,,,,,,,,,,,,,,,,,,,,,,,,,,,,,,,,,,,,
8617891,Dominykas Remeikis,AIR FORCE,m,,1:59.58,3:59.86,,,,3:42.99,,,23:26.9,32:10.3,,,,,,,,,,,,,,,,,,,,,,,,,,26:04.7,,,,,,,,,,,,,,,,,,,,,,,,,,,,,,,,,,,,,,,,,,,,,,,,,,,,,,,,,,,,,,,,,,,,,,,,,,,,,,,,,,,,,,,,,,,,,,,
8730479,Jaylin Holmes,IOWA,m,,,,,,,,,,,,,,,6.77,10.33 (1.1),21.04 (1.7),34.35,48.11,,,,,,,50.76,,,,,,,,,,,,,,,,,,,,,,,,,,,,,,,,,,,,,,,,,,,,,,,,,,,,,,,,,,,,,,,,,,,,,,,,,,,,,,,,,,,,,,,,,,,,,,,,,,,,,,,,,,
8996501,Terrick Johnson,IOWA,m,1:16.00,1:46.87,,,,,,,,,,,,,,,,,46.92,,,,,,,,,,,,,,,,,,,,,,,,,,,,,,,,,,,,,,,,,,,,,,,,,,,,,,,,,,,,,,,,,,,,,,,,,,,,,,,,,,,,,,,,,,,,,,,,,,,,,,,,,,,,,,,,,
8023481,Sam Innes,MISSOURI,m,,,,,,,,,,,,,,,,,,,,,,,,,,,,,,,,,,"71.65m 235' 1""","22.98m 75' 4.75""",,,,,,,,,,,,,,,,,,,,,,,,,,,,,,,,,,,,,,,,,,,,,,,,,,,,,,,,,,,,,,,,,,,,,,,,,,,,,,,,,,,,,,,,,,,,,,,,,
7978389,Kamyren Garrett,ILLINOIS,,,,,,,,,,,,,,,,,,,,,,"6.51m (1.5) 21' 4.25""",,,,,,"2.21m 7' 3""",,,,,,,,,,,,,,,,,,,,,,,,,,,,,,,,,,,,,,,,,,,,,,,,,,,,,,,,,,,,,,,,,,,,,,,,,,,,,,,,,,,,,,,,,,,,,,,,,,,,,,,,,
6298835,Robert Oswald,OHIO STATE,,,,,,,,,,,,,,,,,,,,,,,,,,,,,,,,"5.42m 17' 9.25""",,,,,,,,,,,,,,,,,,,,,,,,,,,,,,,,,,,,,,,,,,,,,,,,,,,,,,,,,,,,,,,,,,,,,,,,,,,,,,,,,,,,,,,,,,,,,,,,,,,,,
7981256,Reece Sharman-Newell,TEXAS A&M,m,,1:45.47,3:59.37,,,,3:39.71,,,,,2:23.69,8:24.03,,,,,,48.50,,,,,,,,,,,,,,,,,,,,,,,,,,,,,,,,,,,,,,,,,,,,,,,,,,,,,,,,,,,,,,,,,,,,,,,,,,,,,,,,,,,,,,,,,,,,,,,,,,,,,,,,,,,,,,,,,
8700923,Mia Lien,UTSA,f,,2:14.47,,,,,,,,,,,,,,,24.86 (-0.1),,,"30.42m 99' 10""","6.30m (2.6) 20' 8""",,,8.82,14.06 (1.0),,"1.83m 6' 0""","10.80m 35' 5.25""",4194,5741,,,,,,,,,,,,,,,,,,,,,,,,,,,,,,,,,,,,,,,,,,,,,,,,,,,,,,,,,,,,,,,,,,,,,,,,,,,,,,,,,,,,,,,,,,,,,,,,,,,,,,
8679076,Nakai Johnson,SAN JOSE ST.,f,,,,,,,,,,,,,,,7.54,11.83 (0.8),24.87 (1.8),,1:02.25,,,,,,,,,,,,,,,,,,,,,,,,,,,,,,,,,,,,,,,,,,,,,,,,,,,,,,,,,,,,,,,,,,,,,,,,,,,,,,,,,,,,,,,,,,,,,,,,,,,,,,,,,,,,,,,,,
9250474,Arthur Jenkins,ABILENE CHRISTIAN,m,,,,,,,,,,,,,,,,,,,,,"6.62m 21' 8.75""","15.59m (2.3) 51' 1.75""",,,,,,,,,,,,,,,,,,,,,,,,,,,,,,,,,,,,,,,,,,,,,,,,,,,,,,,,,,,,,,,,,,,,,,,,,,,,,,,,,,,,,,,,,,,,,,,,,,,,,,,,,,,,,,
8316974,Evelyn Lavielle,TEXAS TECH,f,,,,,,,,,,,,,,,,,,,,,,,,,,,"1.90m 6' 2.75""",,,,,,,,,,,,,,,,,,,,,,,,,,,,,,,,,,,,,,,,,,,,,,,,,,,,,,,,,,,,,,,,,,,,,,,,,,,,,,,,,,,,,,,,,,,,,,,,,,,,,,,,,
9263314,Valeria Smirnova,GEORGIA,f,,,,,,,,,,,,,,,,,,,,,,,,,,,"1.82m 5' 11.5""",,,,,,,,,,,,,,,,,,,,,,,,,,,,,,,,,,,,,,,,,,,,,,,,,,,,,,,,,,,,,,,,,,,,,,,,,,,,,,,,,,,,,,,,,,,,,,,,,,,,,,,,,
8934674,Noe Kemper,DARTMOUTH,m,,1:48.62,4:02.42,,18:38.1,,3:46.40,,8:49.89,24:43.0,31:04.4,,8:22.77,,,,,,,,,,,,,,,,,,,,,,,,,,,,,,,,,,,,,,,,,,,,,,,,,,,,,,,,,,,,,,,,,,,,,,,,,,,,,,,,,,,,,,,25:40.4,,,,,,,,,,,,,,,,,,,,,,,,,,,,,,,,
8705465,Sophie Bidwell,OHIO STATE,f,,,,,,,,,,,,,,,,,,,,,,,,,,,,,,,,,"49.18m 161' 4""","58.94m 193' 4""","19.18m 62' 11.25""",,,,,,,,,,,,,,,,,,,,,,,,,,,,,,,,,,,,,,,,,,,,,,,,,,,,,,,,,,,,,,,,,,,,,,,,,,,,,,,,,,,,,,,,,,,,,,,,,
8324106,Alexandra Seagris,NORTH DAKOTA STATE,f,,,,,,,,,,,,,,,,,,,,"49.58m 162' 8""",,,,,,,,"13.75m 45' 1.5""",,,,,,,,,,,,,,,,,,,,,,,,,,,,,,,,,,,,,,,,,,,,,,,,,,,,,,,,,,,,,,,,,,,,,,,,,,,,,,,,,,,,,,,,,,,,,,,,,,,,,,,,
9195184,Kadence Huck,OKLAHOMA STATE,f,,2:05.30,4:50.79,,,,4:25.74,,,,,2:48.48,,,,,,,,,,,,,,,,,,,,,,,,,,,,,,,,,,,,,,,,,,,,,,,,,,,,,,,,,,,,,,,,,,,,,,,,,,,,,,,,,,,,,,,,,,,,,,,,,,,,,,,,,,,,,,,,,,,,,,,,
7034968,Chris Welch,TEXAS TECH,,,,,,,,,,,,,,,,,,,,,,"7.82m (4.0) 25' 8""","16.46m (0.5) 54' 0""",,,,,,,,,,,,,,,,,,,,,,,,,,,,,,,,,,,,,,,,,,,,,,,,,,,,,,,,,,,,,,,,,,,,,,,,,,,,,,,,,,,,,,,,,,,,,,,,,,,,,,,,,,,,,,
7993093,Augustus Henry,NEBRASKA,m,,,,,,,5:07.54,,,,,2:57.82,,,7.07,10.91 (2.9),,,52.00,"72.83m 238' 11""","7.34m (2.7) 24' 1""",,,8.32,,,"2.00m 6' 6.75""","13.66m 44' 9.75""",,5184,"4.20m 13' 9.25""",14.85 (1.6),"39.09m 128' 3""",,,6957,,,,,,,,,,,,,,,,,,,,,,,,,,,,,,,,,,,,,,,,,,,,,,,,,,,,,,,,,,,,,,,,,,,,,,,,,,,,,,,,,,,,,,,,,,,,,,,,
8647431,Kenondra Davis,TEXAS,,,,,,,,,,,,,,,,7.28,11.21 (2.6),22.45 (0.7),37.53,,,,,,,,,,,,,,,,,,,,,,,,,,,,,,,,,,,,,,,,,,,,,,,,,,,,,,,,,,,,,,,,,,,,,,,,,,,,,,,,,,,,,,,,,,,,,,,,,,,,,,,,,,,,,,,,,,
7729598,Carter Bajoit,TEXAS A&M,,,,,,,,,,,,,,,,,,,,,,,"12.63m (0.9) 41' 5.25""",,,,,"2.25m 7' 4.5""",,,,,,,,,,,,,,,,,,,,,,,,,,,,,,,,,,,,,,,,,,,,,,,,,,,,,,,,,,,,,,,,,,,,,,,,,,,,,,,,,,,,,,,,,,,,,,,,,,,,,,,,,
8668722,Anna Sonsini,BOSTON COLLEGE,f,,,,,,,,,,,,,,,7.51,11.67 (2.3),23.71 (2.9),38.38,54.62,,,,,,,,,,,,,,,,,,,,,,,,,,,,,,,,,,,,,,,,,,,,,,,,,,,,,,,,,,,,,,,,,,,,,,,,,,,,,,,,,,,,,,,,,,,,,,,,,,,,,,,,,,,,,,,,,
9293005,Titouan Bizet,OREGON,m,,,,,,,,,,,,,,,,,,,,,"7.78m (3.3) 25' 6.25""",,,,,,,,,,,,,,,,,,,,,,,,,,,,,,,,,,,,,,,,,,,,,,,,,,,,,,,,,,,,,,,,,,,,,,,,,,,,,,,,,,,,,,,,,,,,,,,,,,,,,,,,,,,,,,,
9316930,Anja Maraz,ARIZONA,f,,,,,,,,,,,,,,,,,,,,,"5.81m 19' 0.75""","13.04m (1.4) 42' 9.5""",,,,,,,,,,,,,,,,,,,,,,,,,,,,,,,,,,,,,,,,,,,,,,,,,,,,,,,,,,,,,,,,,,,,,,,,,,,,,,,,,,,,,,,,,,,,,,,,,,,,,,,,,,,,,,
8696092,Roury Mccloyen,MISS STATE,m,,,,,,,,,,,,,,,,,,,,,,,,,,,,"20.11m 65' 11.75""",,,,,"56.44m 185' 2""","55.43m 181' 10""","19.94m 65' 5""",,,,,,,,,,,,,,,,,,,,,,,,,,,,,,,,,,,,,,,,,,,,,,,,,,,,,,,,,,,,,,,,,,,,,,,,,,,,,,,,,,,,,,,,,,,,,,,,,
9281891,Rayhan Mourtada,HOUSTON CHRISTIAN,m,,1:59.09,,,,,,,,,,,,,,,,,49.66,,,,,,,51.00,,,,,,,,,,,,,,,,,,,,,,,,,,,,,,,,,,,,,,,,,,,,,,,,,,,,,,,,,,,,,,,,,,,,,,,,,,,,,,,,,,,,,,,,,,,,,,,,,,,,,,,,,,
7729961,Dylan Targgart,SOUTH CAROLINA,,,,,,,,,,,,,,,,,,,,,,,,,,,,,"20.45m 67' 1.25""",,,,,"56.09m 184' 0""",,,,,,,,,,,,,,,,,,,,,,,,,,,,,,,,,,,,,,,,,,,,,,,,,,,,,,,,,,,,,,,,,,,,,,,,,,,,,,,,,,,,,,,,,,,,,,,,,,,
8668372,Jenovia Logan,RUTGERS,f,,,,,,,,,,,,,,,,,,,,,,,,,,,"1.81m 5' 11.25""",,,,,,,,,,,,,,,,,,,,,,,,,,,,,,,,,,,,,,,,,,,,,,,,,,,,,,,,,,,,,,,,,,,,,,,,,,,,,,,,,,,,,,,,,,,,,,,,,,,,,,,,,
6586912,Jonah Wilson,NEBRASKA,,,,,,,,,,,,,,,,,,,,,,,,,,,,,"21.32m 69' 11.5""",,,,,"58.29m 191' 3""",,,,,,,,,,,,,,,,,,,,,,,,,,,,,,,,,,,,,,,,,,,,,,,,,,,,,,,,,,,,,,,,,,,,,,,,,,,,,,,,,,,,,,,,,,,,,,,,,,,
9247077,Sihle Mahlangu,TEXAS,m,,1:53.13,,,,,,,,,,,,,,,21.37 (1.0),,46.51,,,,,,,,,,,,,,,,,,,,,,1:38.12,,,,,,,,,,,,,,,,,,,,,,,,,,,,,,,,,,,,,,,,,,,,,,,,,,,,,,,,,,,,,,,,,,,,,,,,,,,,,,,,,,,,,,,,,,,
8263079,Suus Altorf,FLORIDA STATE,f,,2:03.00,4:31.62,17:49.9,19:55.7,,4:10.13,,,,,2:42.38,8:58.36,,,,,,,,,,,,,,,,,,,,,,,,,,,,,,,,,,,,,,,,,,,,,,,,,,,,,,,,,,,,,,,,,,,,,,,,,,,,,,,,,,,,,,,,,,,,,,,,,,,,,,,,,,,,,,,,,,,,,,,
7019596,Malik Metivier,TEXAS TECH,,,1:56.26,,,,,,,,,,,,,,,22.13,,47.96,,,,,,,48.89,,,,,,,,,,,,1:06.20,,,1:10.71,,,,,,,,,,,,,,,,,,,,,,,,,,,,,,,,,,,,,,,,,,,,,,,,,,,,,,,,,,,,,,,,,,,,,,,,,,,,,,,,,,,,,,,,,,,
8705609,Maria Bienvenu,TCU,,,,,,,,,,,,,,,,,,,,,"54.45m 178' 8""",,,,,,,,,,,,,,,,,,,,,,,,,,,,,,,,,,,,,,,,,,,,,,,,,,,,,,,,,,,,,,,,,,,,,,,,,,,,,,,,,,,,,,,,,,,,,,,,,,,,,,,,,,,,,,,,
7484536,Gennifer Hirata,SOUTH DAKOTA,,,,,,,,,,,,,,,,,,,,,,,,,,,,,,,,"4.45m 14' 7.25""",,,,,,,,,,,,,,,,,,,,,,,,,,,,,,,,,,,,,,,,,,,,,,,,,,,,,,,,,,,,,,,,,,,,,,,,,,,,,,,,,,,,,,,,,,,,,,,,,,,,,
9253034,Marc Anthony Ibrahim,TENNESSEE,m,,,,,,,,,,,,,,,,,,,47.55,,,,,,,48.98,,,,,,,,,,,,,,,,,,,,,,,,,,,,,,,,,,,,,,,,,,,,,,,,,,,,,,,,,,,,,,,,,,,,,,,,,,,,,,,,,,,,,,,,,,,,,,,,,,,,,,,,,,
9009110,Teodors Samac,NORTHWESTERN ST.,f,,,,31:27.1,37:12.2,,,,,,,,,15:58.2,,,,,,"49.37m 162' 0""",,,,,,,,,,,,,,,,,,,,,,,,,,,,,,,,,,,25:24.8,,,,,,,,,,,,,,,,,,,,,,,,,,,,,,,,,,,,,,,,,,,,,,,,,,,,,,,,,,,,,,,,,,,,,,,,,,,,,
9201617,Devin Bragg,CAL ST. FULLERTON,m,,,,,,,,,,,,,,,,10.57 (-0.2),21.16 (1.3),,51.34,,,,,,,,,,,,,,,,,,,,,,,,,,,,,,,,,,,,,,,,,,,,,,,,,,,,,,,,,,,,,,,,,,,,,,,,,,,,,,,,,,,,,,,,,,,,,,,,,,,,,,,,,,,,,,,,,
8986595,Carson Riner,BYU,m,,,,,,,,,,,,,,,,,,,,"69.14m 226' 10""","6.90m 22' 7.75""",,,,,,,,,,,,,,,,,,,,,,,,,,,,,,,,,,,,,,,,,,,,,,,,,,,,,,,,,,,,,,,,,,,,,,,,,,,,,,,,,,,,,,,,,,,,,,,,,,,,,,,,,,,,,,,
8350181,Cameron Wright,UNCW,m,,,,,,,,,,,,,,,,10.29 (3.0),21.23 (2.8),,,,,,,,,,,,,,,13.87 (1.3),,,,,,,,,,,,,,,,,,,,,,,,,,,,,,,,,,,,,,,,,,,,,,,,,,,,,,,,,,,,,,,,,,,,,,,,,,,,,,,,,,,,,,,,,,,,,,,,,,,,
8328349,Peyton Rollins,SYRACUSE,f,,,,,,,,,,,,,,,7.64,12.57 (-0.1),24.76,,,,,,,8.35,13.28 (1.6),,,,,,,,,,,,,,,,,,,,,,,,,,,,,,,,,,,,,,,,,,,,,,,,,,,,,,,,,,,,,,,,,,,,,,,,,,,,,,,,,,,,,,,,,,,,,,,,,,,,,,,,,,,
7367325,Sintayehu Vissa,OLE MISS,,,2:01.06,4:32.70,16:32.4,19:53.2,,4:08.72,15:56.86,,,,,9:04.95,,,,,,1:00.11,,,,,,,,,,,,,,,,,,,,,,,,,,,,,,,,,,,,,,,,,,,,,,,,,,,,,,,,,,,,,,,,,,,,,,,,,,,,,,,,,,,,,,,,,,,,,,,,,,,,,,,,,,,,,,,,,
8932036,Isabelle Walsh,VILLANOVA,f,,2:05.86,4:37.18,17:36.5,22:20.0,,4:13.56,,11:16.19,,,2:43.28,,,,,,,,,,,,,,,,,,,,,,,,,,,,,,,,,,,,,,,,,,,,,,,,,,,,,,,,,,,,,,,,,,,,,,,,,,,,,,,,,,,,,,,,,,,,,,,,,,,,,,,,,,,,,,,,,,,,,,,,
8257176,Amina Maatoug,WASHINGTON,,,2:03.45,4:26.39,16:27.5,19:29.9,,4:08.75,15:35.93,,,,,8:46.20,,,,,,,,,,,,,,,,,,,,,,,,,,,,,,,,,,,,,,,,,,,,,,,,,,,,,,,,,,,,,,,,,,,,,,,,,,,,,,,,,,,,,,,,,,,,,,,,,,,,,,,,,,,,,,,,,,,,,,,
8582712,Logan Law,GONZAGA,m,,1:55.72,4:05.96,,18:45.7,,3:47.00,13:54.98,8:42.45,23:36.9,29:57.3,,8:03.00,,,,,,,,,,,,,,,,,,,,,,,,,,,,,,,,,,,,,,,,,,,,,5:52.58,,,,,,,,,,,,,,,,,,,,,,,,,,,,,,,,,,,,,,,,,,,,,,,,,,,,,,,,,,,,,,,,,,,,,,,,,,
8593553,Megan Hipple,AKRON,f,,,5:00.02,17:05.2,20:48.2,,4:26.31,15:53.23,,,,,9:17.94,,,,,,,,,,33:25.83,,,,,,,,,,,,,,,,,,,,,,,,,,,,,,,,,,,,,,,,,,,,,,,,,,,,,,,,,,,,,,,,,,,,,,,,,,,,,,,,,,,,,,,,,,,,,,,,,,,,,,,,,,,,,
8996983,Cade Sommers,UCLA,m,,,,,,,,,,,,,,,,,,,,,,,,,,,,,,,"5.25m 17' 2.75""",,,,,,,,,,,,,,,,,,,,,,,,,,,,,,,,,,,,,,,,,,,,,,,,,,,,,,,,,,,,,,,,,,,,,,,,,,,,,,,,,,,,,,,,,,,,,,,,,,,,,
8974343,Shyhiem Scotland,CLEMSON,m,,,,,,,,,,,,,,,,,,,,,,,,,,,"2.19m 7' 2.25""",,,,,,,,,,,,,,,,,,,,,,,,,,,,,,,,,,,,,,,,,,,,,,,,,,,,,,,,,,,,,,,,,,,,,,,,,,,,,,,,,,,,,,,,,,,,,,,,,,,,,,,,,
6121266,Darius Carbin,GEORGIA,,,,,,,,,,,,,,,,,,,,,,,,,,,,"2.30m 7' 6.5""",,,,,,,,,,,,,,,,,,,,,,,,,,,,,,,,,,,,,,,,,,,,,,,,,,,,,,,,,,,,,,,,,,,,,,,,,,,,,,,,,,,,,,,,,,,,,,,,,,,,,,,,,
8969988,Ronnie Kendrick,TCU,m,,,,,,,,,,,,,,,6.86,,21.26,,45.45,,,,,,,,,,,,,,,,,,,,,,,,,,,,,,,,,,,,,,,,,,,,,,,,,,,,,,,,,,,,,,,,,,,,,,,,,,,,,,,,,,,,,,,,,,,,,,,,,,,,,,,,,,,,,,,,,
9242760,Paige Sommers,UCLA,f,,,,,,,,,,,,,,,,,,,,,,,,,,,,,,,"4.45m 14' 7.25""",,,,,,,,,,,,,,,,,,,,,,,,,,,,,,,,,,,,,,,,,,,,,,,,,,,,,,,,,,,,,,,,,,,,,,,,,,,,,,,,,,,,,,,,,,,,,,,,,,,,,
8014418,Abigail Kwarteng,MID. TENN. STATE,,,,,,,,,,,,,,,,,,,,,,"6.12m (3.0) 20' 1""","13.03m (2.8) 42' 9""",,,,,"1.92m 6' 3.5""",,,,,,,,,,,,,,,,,,,,,,,,,,,,,,,,,,,,,,,,,,,,,,,,,,,,,,,,,,,,,,,,,,,,,,,,,,,,,,,,,,,,,,,,,,,,,,,,,,,,,,,,,
8990380,Aidan Ifkovits,TENNESSEE,m,,,,,,,,,,,,,,,,,,,,,,,,,,,,,,,,,,"66.00m 216' 6""","22.70m 74' 5.75""",,,,,,,,,,,,,,,,,,,,,,,,,,,,,,,,,,,,,,,,,,,,,,,,,,,,,,,,,,,,,,,,,,,,,,,,,,,,,,,,,,,,,,,,,,,,,,,,,
8669888,William Pierce,NAVY,m,,,,,,,,,,,,,,,7.13,11.09 (2.1),22.41 (1.9),36.40,,,"7.67m (1.3) 25' 2""","14.23m (3.4) 46' 8.25""",,,,,,,,,,,,,,,,,,,,,,,,,,,,,,,,,,,,,,,,,,,,,,,,,,,,,,,,,,,,,,,,,,,,,,,,,,,,,,,,,,,,,,,,,,,,,,,,,,,,,,,,,,,,,,
8622073,Gillian Bushee,VIRGINIA,f,,,4:50.56,16:39.9,19:42.2,,4:20.57,15:48.47,,,,,9:11.74,,,,,,,,,,33:13.83,,,,,,,,,,,,,,,,,,,,,,,,,,,,,,,,13:31.1,,,,,,,,,,,,,,,,,,,,,,,,,,,,,,,,,,,,,,,,,,,,,,,,,,,,,,,,,,,,,,,,,,,,,,,,,,,,,
8693678,Arienne Birch,NORTH DAKOTA STATE,f,,,,,,,,,,,,,,,,,,,,,,,,,,,"1.86m 6' 1.25""",,,,,,,,,,,,,,,,,,,,,,,,,,,,,,,,,,,,,,,,,,,,,,,,,,,,,,,,,,,,,,,,,,,,,,,,,,,,,,,,,,,,,,,,,,,,,,,,,,,,,,,,,
8586839,Kinley Kunkel,WESTERN KENTUCKY,f,,2:26.34,5:07.34,17:36.1,20:36.4,,4:32.54,16:04.61,,,,,9:39.87,,,,,,,,,,33:37.38,,,,,,,,,,,,,,,,,,,,,,,,,,,,,,,,,,,,,,,,,,,,,,,,,,,,,,,,,,,,,,,,,,,,,,,,,,,,,,,,,,,,,,,,,,,,,,,,,,,,,,,,,,,,,
8233149,Emanuel Galdino,IOWA STATE,m,1:20.07,1:47.02,3:54.23,,17:59.5,,3:38.26,,,24:09.1,,2:19.74,,,,,,,,,,,,,,,,,,,,,,,,,,,,,,,,,,,,,,,,,,,,,,,,,,,,,,,,,,,,,,,,,,,,,,,,,,,,,,,,,,,,,,,,,,,,,,,,,,,,,,,,,,,,,,,,,,,,,,,,
9020103,Ishmael Kipkurui,NEW MEXICO,,,,4:03.46,,,,,13:09.24,,,,,7:40.06,,,,,,,,,,28:09.32,,,,,,,,,,,,,,,,,,,,,,,,,,,,,,,,,,,,,,,,,,,,,,,,,,,,,,,,,,,,,,,,,,,,,,,,,,,,,,,,,,,,,,,,,,,,,,,,,,,,,,,,,,,,,
8690812,Sabrina Fairbanks,UTAH STATE,f,,,,,,,,,,,,,,,,,,,,,,,,,,,,,,,"4.07m 13' 4.25""",,,,,,,,,,,,,,,,,,,,,,,,,,,,,,,,,,,,,,,,,,,,,,,,,,,,,,,,,,,,,,,,,,,,,,,,,,,,,,,,,,,,,,,,,,,,,,,,,,,,,
8333381,Walter Bannerman,GEORGE MASON,m,,,,,,,,,,,,,,,,,,,,,,,,,,,,,,,"5.40m 17' 8.5""",,,,,,,,,,,,,,,,,,,,,,,,,,,,,,,,,,,,,,,,,,,,,,,,,,,,,,,,,,,,,,,,,,,,,,,,,,,,,,,,,,,,,,,,,,,,,,,,,,,,,
8329626,Brooke Lumpkin,VIRGINIA,f,,,,,,,,,,,,,,,,,,,,"41.86m 137' 4""",,,,,,,,"16.74m 54' 11.25""",,,,,,,"13.94m 45' 9""",,,,,,,,,,,,,,,,,,,,,,,,,,,,,,,,,,,,,,,,,,,,,,,,,,,,,,,,,,,,,,,,,,,,,,,,,,,,,,,,,,,,,,,,,,,,,,,,,
9261391,Ej Brown,NEBRASKA,f,,,,,,,,,,,,,,,,,,,,,,,,,,,"1.80m 5' 10.75""",,,,,,,,,,,,,,,,,,,,,,,,,,,,,,,,,,,,,,,,,,,,,,,,,,,,,,,,,,,,,,,,,,,,,,,,,,,,,,,,,,,,,,,,,,,,,,,,,,,,,,,,,
6874366,Alexander Korczynski,NORTHEASTERN,,,1:49.93,4:00.53,15:07.7,,,3:45.10,13:53.57,8:29.42,23:51.7,29:39.9,2:22.62,8:02.41,,,,,,,,,,,,,,,,,,,,,,,,,,,,,,,,,23:45.7,,,,,,25:25.4,,,,,,,,,,,,,,,,,,,,,,,,,,,,,,,,,,,,,,,,,,,,,,,,,,,,,,,,,,,,,,,,,,,,,,,,,,,,,,,,
9251727,Keayari Lee,MISS STATE,m,,1:46.56,,,,,,,,,,,,,,,,,45.99,,,,,,,,,,,,,,,,,,,,,,,,,,,,,,,,,,,,,,,,,,,,,,,,,,,,,,,,,,,,,,,,,,,,,,,,,,,,,,,,,,,,,,,,,,,,,,,,,,,,,,,,,,,,,,,,,
8711164,Hunter Murphy,STEPHEN F. AUSTIN,m,,,,,,,,,,,,,,,,,,,,,"6.95m (+0.0) 22' 9.75""",,,,,,"2.15m 7' 0.5""",,,,,,,,,,,,,,,,,,,,,,,,,,,,,,,,,,,,,,,,,,,,,,,,,,,,,,,,,,,,,,,,,,,,,,,,,,,,,,,,,,,,,,,,,,,,,,,,,,,,,,,,,
8314508,Teyana Ames,RUTGERS,f,,,,,,,,,,,,,,,,,,,,"25.15m 82' 6""","5.04m 16' 6.5""",,,,,,"1.70m 5' 7""","16.22m 53' 2.75""",,,,,"41.51m 136' 2""",,,,,,,,,,,,,,,,,,,,,,,,,,,,,,,,,,,,,,,,,,,,,,,,,,,,,,,,,,,,,,,,,,,,,,,,,,,,,,,,,,,,,,,,,,,,,,,,,,,
9042396,Braylon Noble,UC SANTA BARBARA,m,,,,,,,4:35.04,,,,,,,,,11.08 (1.3),,,49.71,"50.06m 164' 3""","6.72m (1.4) 22' 0.75""",,,,,,"1.96m 6' 5""","11.92m 39' 1.25""",,,"4.20m 13' 9.25""",16.77 (0.6),"41.60m 136' 6""",,,7045,,,,,,,,,,,,,,,,,,,,,,,,,,,,,,,,,,,,,,,,,,,,,,,,,,,,,,,,,,,,,,,,,,,,,,,,,,,,,,,,,,,,,,,,,,,,,,,,
8705127,Mia Edim,DUKE,f,,,,,,,,,,,,,,,7.33,11.11 (4.1),22.75 (0.2),39.43,,,,,,,,,,,,,,,,,,,,,,,,,,,,,,,,,,,,,,,,,,,,,,,,,,,,,,,,,,,,,,,,,,,,,,,,,,,,,,,,,,,,,,,,,,,,,,,,,,,,,,,,,,,,,,,,,,
7498811,Jake Dalton,OLE MISS,,,,,,,,,,,,,,,,,,,,,,,,,,,,,,,,,,,"69.72m 228' 9""","20.53m 67' 4.25""",,,,,,,,,,,,,,,,,,,,,,,,,,,,,,,,,,,,,,,,,,,,,,,,,,,,,,,,,,,,,,,,,,,,,,,,,,,,,,,,,,,,,,,,,,,,,,,,,
8320684,Justin Levy,HARVARD,m,1:19.79,1:50.02,,,,,4:07.25,,,,,2:32.96,,,,,,35.02,47.37,,,,,,,,,,,,,,,,,,,1:02.31,,,,,,,,,,,,,,,,,,,,,,,,,,,,,,,,,,,,,,,,,,,,,,,,,,,,,,,,,,,,,,,,,,,,,,,,,,,,,,,,,,,,,,,,,,,,,,
8603542,Nia Allison,NEW MEXICO ST.,f,,2:16.60,5:05.39,17:55.4,20:36.1,,4:20.02,16:34.42,10:08.76,,,,9:45.87,,,,,,,,,,,,,,,,,,,,,,,,,,,,,,,,,,,,,,,,,,,,,,,,,,,,,,,,,,,,,,,,,,,,,,,,,,,,,,,,,,,,,,,,,,,,,,,,,,,,,,,,,,,,,,,,,,,,,,,
7995669,Keldrick Turner,NEW ORLEANS,m,1:23.58,2:10.87,,,,,,,,,,,,,6.91,10.50 (1.7),20.61 (2.0),33.17,45.19,,,,,,,,,,,,,,,,,,,1:07.34,,,,,,,,,,,,,,,,,,,,,,,,,,,,,,,,,,,,,,,,,,,,,,,,,,,,,,,,,,,,,,,,,,,,,,,,,,,,,,,,,,,,,,,,,,,,,,
8898344,Privillege Chikara,MIDDLE TENNESSEE,f,1:35.84,2:03.44,4:42.90,17:19.8,20:13.6,,4:17.52,18:37.46,,,,2:50.32,,,,,,,56.75,,,,,,,,,,,,,,,,,,,,,,,,,,,,,,,,,,,,,,,,,,,,,,,,,,,,,,,,,,,,,,,,,,,,,,,,,,,,,,,,,,,,,,,,,,,,,,,,,,,,,,,,,,,,,,,,,
7087489,Julien Alfred,TEXAS,,,,,,,,,,,,,,,,6.94,10.72 (2.4),21.73 (2.5),37.36,,,,,,,,,,,,,,,,,,,,,,,,,,,,,,,,,,,,,,,,,,,,,,,,,,,,,,,,,,,,,,,,,,,,,,,,,,,,,,,,,,,,,,,,,,,,,,,,,,,,,,,,,,,,,,,,,,
8672051,Quincy Penn,FLORIDA,f,,,,,,,,,,,,,,,,11.51 (0.8),22.74 (1.7),37.17,50.78,,,,,,,,,,,,,,,,,,,,,,,,,,,,,,,,,,,,,,,,,,,,,,,,,,,,,,,,,,,,,,,,,,,,,,,,,,,,,,,,,,,,,,,,,,,,,,,,,,,,,,,,,,,,,,,,,
8345784,Sophie Fong,OHIO STATE,f,,,,,,,,,,,,,,,,,,,,,,,,,,,,,,,"4.21m 13' 9.75""",,,,,,,,,,,,,,,,,,,,,,,,,,,,,,,,,,,,,,,,,,,,,,,,,,,,,,,,,,,,,,,,,,,,,,,,,,,,,,,,,,,,,,,,,,,,,,,,,,,,,
8321095,Ethan Ecker,WEBER STATE,m,,,,,,,,,,,,,,,,,,,,"70.73m 232' 1""",,,,,,,,,,,,,,,,,,,,,,,,,,,,,,,,,,,,,,,,,,,,,,,,,,,,,,,,,,,,,,,,,,,,,,,,,,,,,,,,,,,,,,,,,,,,,,,,,,,,,,,,,,,,,,,,
7003965,Roje Stona,ARKANSAS,,,,,,,,,,,,,,,,,,,,,,,,,,,,,"20.48m 67' 2.25""",,,,,"68.64m 225' 2""",,,,,,,,,,,,,,,,,,,,,,,,,,,,,,,,,,,,,,,,,,,,,,,,,,,,,,,,,,,,,,,,,,,,,,,,,,,,,,,,,,,,,,,,,,,,,,,,,,,
8011026,Jemuel Miller,UTSA,m,,,,,,,,,,,,,,,,,,,,,"7.63m 25' 0.5""","16.69m (4.5) 54' 9.25""",,,,,,,,,,,,,,,,,,,,,,,,,,,,,,,,,,,,,,,,,,,,,,,,,,,,,,,,,,,,,,,,,,,,,,,,,,,,,,,,,,,,,,,,,,,,,,,,,,,,,,,,,,,,,,
8587814,Nick Gilles,WISCONSIN,m,,,,15:48.7,18:13.6,,,13:58.39,8:38.91,24:00.4,,,8:04.61,,,,,,,,,,,,,,,,,,,,,,,,,,,,,,,,,,,,,,,,,,,,,,,,,,,,,,,,,,,,,,,,,,,,,,,,,,,,,,,,,,,,,,,,,,,,,,,,,,,,,,,,,,,,,,,,,,,,,,,
8676854,Annishka Mcdonald,WEST VIRGINIA,f,,,,,,,,,,,,,,,,,,,1:01.28,,,,,,,,"1.87m 6' 1.5""",,,,,,,,,,,,,,,,,,,,,,,,,,,,,,,,,,,,,,,,,,,,,,,,,,,,,,,,,,,,,,,,,,,,,,,,,,,,,,,,,,,,,,,,,,,,,,,,,,,,,,,,,
8364036,Sanu Jallow,ARKANSAS,f,1:24.19,1:57.74,4:40.21,17:58.0,21:23.2,,4:28.26,,,,,,,,,,,,51.10,,,,,,,,,,,,,,,,,,,,,,,,,,,,,,,,,,,,,,,,,,,,,,,,,,,,,,,,,,,,,,,,,,,,,,,,,,,,,,,,,,,,,,,,,,,,,,,,,,,,,,,,,,,,,,,,,
7892671,Brooke Rauber,NC STATE,f,,2:14.93,4:38.45,17:10.8,19:49.3,,4:12.12,15:41.11,,,,2:49.05,9:08.14,,,,,,,,,,,,,,,,,,,,,,,,,,,,,,,,,,,,,,,,,,,,,,,,,,,,,,,,,,,,,,,,,,,,,,,,,,,,,,,,,,,,,,,,6:40.4,,,,,,,,,,,,,,,,,,,,,,,,,,,,,,,
9261954,Malachi Austin,LSU,m,1:21.23,,,,,,,,,,,,,,,,21.09 (1.4),,44.87,,,,,,,,,,,,,,,,,,,1:06.30,,,,,,,,,,,,,,,,,,,,,,,,,,,,,,,,,,,,,,,,,,,,,,,,,,,,,,,,,,,,,,,,,,,,,,,,,,,,,,,,,,,,,,,,,,,,,,
7528285,Christina Warren,MIAMI (FLA.),,,,,,,,,,,,,,,,7.82,,26.61 (0.7),,,,"5.97m (+0.0) 19' 7""","13.35m (2.9) 43' 9.75""",,8.37,13.60 (0.2),,,,,,,,,,,,,,,,,,,,,,,,,,,,,,,,,,,,,,,,,,,,,,,,,,,,,,,,,,,,,,,,,,,,,,,,,,,,,,,,,,,,,,,,,,,,,,,,,,,,,,,,,,,
8673355,Jake Burkey,LOUISVILLE,,,,,,,,,,,,,,,,,,,,,,"7.83m (2.4) 25' 8.25""",,,,,,,,,,,,,,,,,,,,,,,,,,,,,,,,,,,,,,,,,,,,,,,,,,,,,,,,,,,,,,,,,,,,,,,,,,,,,,,,,,,,,,,,,,,,,,,,,,,,,,,,,,,,,,,
8679037,Drew Mruk,PRINCETON,m,,,,,,,,,,,,,,,,,,,,"65.23m 214' 0""",,,,,,,,,,,,,,,,,,,,,,,,,,,,,,,,,,,,,,,,,,,,,,,,,,,,,,,,,,,,,,,,,,,,,,,,,,,,,,,,,,,,,,,,,,,,,,,,,,,,,,,,,,,,,,,,
9234324,Tori-Ann Anderson,COL. OF CHARLESTON,f,,,,,,,,,,,,,,,,,,,,,,,,,,,"1.76m 5' 9.25""",,,,,,,,,,,,,,,,,,,,,,,,,,,,,,,,,,,,,,,,,,,,,,,,,,,,,,,,,,,,,,,,,,,,,,,,,,,,,,,,,,,,,,,,,,,,,,,,,,,,,,,,,
8696196,Nyla Fulvi,FIU,f,,2:25.71,,,,,,,,,,,,,,13.77,24.75 (1.7),,1:14.21,"38.94m 127' 9""","6.15m (2.5) 20' 2.25""",,,8.97,14.17 (2.0),,"1.63m 5' 4.25""","10.19m 33' 5.25""",3472,5245,"2.15m 7' 0.5""",,"32.15m 105' 6""",,,,,,,,,,,,,,,,,,,,,,,,,,,,,,,,,,,,,,,,,,,,,,,,,,,,,,,,,,,,,,,,,,,,,,,,,,,,,,,,,,,,,,,,,,,,,,,,,,,
7008903,Kynnedy Flannel,FLORIDA,,,,,,,,,,,,,,,,7.23,11.06 (2.4),22.23 (2.0),,,,,,,,,,,,,,,,,,,,,,,,,,,,,,,,,,,,,,,,,,,,,,,,,,,,,,,,,,,,,,,,,,,,,,,,,,,,,,,,,,,,,,,,,,,,,,,,,,,,,,,,,,,,,,,,,,,
8359924,Jack Larriviere,LSU,m,,,,,,,,,,,,,,,,,,,,"78.66m 258' 1""",,,,,,,,,,,,,,,,,,,,,,,,,,,,,,,,,,,,,,,,,,,,,,,,,,,,,,,,,,,,,,,,,,,,,,,,,,,,,,,,,,,,,,,,,,,,,,,,,,,,,,,,,,,,,,,,
8585645,Averie Perriton,UTAH TECH,f,,2:18.42,5:06.57,18:48.4,20:51.8,18:12.8,4:41.93,17:04.66,10:22.33,,,,9:49.67,,,,,,,,,,,,,,,,,,,,,,,,,,,,,,,,,,,,,,,,,,14:52.3,,,,,,,,,,21:49.8,,,,,,,,,,,,,,,,,,,,,,,,,,,,,,,,,,,,,15:59.8,,,,,,,,,,,,,,,,,,,,,,,,,,,,,,
7905816,James Overberg,COLORADO,m,,,4:16.71,15:08.9,,,4:08.71,13:31.63,,23:06.8,28:55.3,,8:06.77,,,,,,,,,,28:11.61,,,,,,,,,,,,,,,,,,,,,,,,,,,,,,,,,,,,,,,,,,,,,,,,,,,,,,,,,,,,,,,,,,,,,,,,,,,,,,,,22:03.3,22:07.9,,,,,,,,,,,,,,,,,,,,,,,,,,,,
8261269,Klaudia Kazimierska,OREGON,,1:31.15,2:02.03,4:30.33,,19:41.4,,4:06.53,,,,,,9:37.95,,,,,,,,,,,,,,,,,,,,,,,,,,,,,,,,,,,,,,,,,,,,,,,,,,,,,,,,,,,,,,,,,,,,,,,,,,,,,,,,,,,,,,,,,,,,,,,,,,,,,,,,,,,,,,,,,,,,,,,
8705131,Julia Magliaro,DUKE,f,,,,,,,,,,,,,,,,,,,,"53.51m 175' 7""",,,,,,,,,,,,,,,,,,,,,,,,,,,,,,,,,,,,,,,,,,,,,,,,,,,,,,,,,,,,,,,,,,,,,,,,,,,,,,,,,,,,,,,,,,,,,,,,,,,,,,,,,,,,,,,,
7536848,Max Manson,WASHINGTON,,,,,,,,,,,,,,,,,,,,,,,,,,,,,,,,"5.52m 18' 1.25""",,,,,,,,,,,,,,,,,,,,,,,,,,,,,,,,,,,,,,,,,,,,,,,,,,,,,,,,,,,,,,,,,,,,,,,,,,,,,,,,,,,,,,,,,,,,,,,,,,,,,
6586400,Anavia Battle,OHIO STATE,,,,,,,,,,,,,,,,7.24,11.06 (3.3),22.26 (0.9),36.70,,,,,,,,,,,,,,,,,,,,,,,,,,,,,,,,,,,,,,,,,,,,,,,,,,,,,,,,,,,,,,,,,,,,,,,,,,,,,,,,,,,,,,,,,,,,,,,,,,,,,,,,,,,,,,,,,,
7993178,William Staggs,INDIANA STATE,,,,,,,,,,,,,,,,,,,,,,,,,,,,,,,,"5.56m 18' 2.75""",,,,,,,,,,,,,,,,,,,,,,,,,,,,,,,,,,,,,,,,,,,,,,,,,,,,,,,,,,,,,,,,,,,,,,,,,,,,,,,,,,,,,,,,,,,,,,,,,,,,,
9009628,Zeddy Chongwo,OKLAHOMA STATE,f,,,,,,,,,,,,,,,,,,,,,"6.28m (1.6) 20' 7.25""",,,,,,"1.64m 5' 4.5""",,,,,,,,,,,,,,,,,,,,,,,,,,,,,,,,,,,,,,,,,,,,,,,,,,,,,,,,,,,,,,,,,,,,,,,,,,,,,,,,,,,,,,,,,,,,,,,,,,,,,,,,,
8353996,Jaslyn Russell,MCNEESE STATE,f,,,,,,,,,,,,,,,,,,,,,,,,,,,,"15.51m 50' 10.75""",,,,,"51.01m 167' 4""","54.15m 177' 8""","17.89m 58' 8.5""",,,,,,,,,,,,,,,,,,,,,,,,,,,,,,,,,,,,,,,,,,,,,,,,,,,,,,,,,,,,,,,,,,,,,,,,,,,,,,,,,,,,,,,,,,,,,,,,,
8016825,Alyssa Wilson,TEXAS STATE,,,,,,,,,,,,,,,,,,,,,,,,,,,,,"18.02m 59' 1.5""",,,,,"60.76m 199' 4""","74.78m 245' 4""","22.98m 75' 4.75""",,,,,,,,,,,,,,,,,,,,,,,,,,,,,,,,,,,,,,,,,,,,,,,,,,,,,,,,,,,,,,,,,,,,,,,,,,,,,,,,,,,,,,,,,,,,,,,,,
8916251,Zoe Martonfi,YALE,f,,2:13.57,4:49.44,18:56.8,21:19.1,,4:25.17,,10:16.68,,,2:52.78,9:37.59,,,,,,,,,,,,,,,,,,,,,,,,,,,,,,,,,,,,,,,,,,15:22.5,,,,,,,,,,,,,,,,,,,,,,,,,,,,,,,,,,,,,,,,,,,,,,,,,,,,,,,,,,,,,,,,,,,,,,,,,,,,,
8323114,Sage Vavro,YOUNGSTOWN ST.,m,,1:54.44,4:07.86,,,,3:47.93,,8:47.06,,,2:32.64,,,,,,,,,,,,,,,,,,,,,,,,,,,,,,,,,,,,,,,,,,,,,,,,,,,,,,,,,,,,,,,,,,,,,,,,,,,,,,,,,,,,,,,,,,,,,4:18.49,,,,,,,,,,,,,,,,,,,,,,,,,,,
7513086,Adrienne Adams,AUBURN,,,,,,,,,,,,,,,,,,,,,,,,,,,,,"12.12m 39' 9.25""",,,,,"60.55m 198' 8""",,"21.41m 70' 3""",,,,,,,,,,,,,,,,,,,,,,,,,,,,,,,,,,,,,,,,,,,,,,,,,,,,,,,,,,,,,,,,,,,,,,,,,,,,,,,,,,,,,,,,,,,,,,,,,
9353747,Diane Richard,STANFORD,f,,,,,,,,,,,,,,,,,,,,,,,,,,58.15,,,,,,,,,,,,,,,,,,,,,,,,,,,,,,,,,,,,,,,,,,,,,,,,,,,,,,,,,,,,,,,,,,,,,,,,,,,,,,,,,,,,,,,,,,,,,,,,,,,,,,,,,,
6569688,Lauren Jones,OKLAHOMA,,,,,,,,,,,,,,,,,,,,,,,,,,,,,"16.51m 54' 2""",,,,,"57.28m 187' 11""","69.66m 228' 6""","20.94m 68' 8.5""",,,,,,,,,,,,,,,,,,,,,,,,,,,,,,,,,,,,,,,,,,,,,,,,,,,,,,,,,,,,,,,,,,,,,,,,,,,,,,,,,,,,,,,,,,,,,,,,,
9175542,Delaney Brinker,KANSAS STATE,f,,,,,,,,,,,,,,,,,24.57 (1.9),,53.50,,,,,,,,,,,,,,,,,,,,,,1:19.06,,,,,,,,,,,,,,,,,,,,,,,,,,,,,,,,,,,,,,,,,,,,,,,,,,,,,,,,,,,,,,,,,,,,,,,,,,,,,,,,,,,,,,,,,,,
8329149,Gary Martin,VIRGINIA,m,,1:47.46,3:48.82,,,,3:33.41,13:05.57,,22:17.6,28:44.3,,7:36.09,,,,,,,,,,,,,,,,,,,,,,,,,,,,,,,,,,,,,,,,,,,,,,,,,,,,,,,,,,,,,,,,,,,,,,,,,,,,,,,,,,,,,,,,,,,,,,,,,,,,,,,,,,,,,,,,,,,,,,,
7730828,Jade Whitfield,OREGON STATE,,,,,,,,,,,,,,,,,,,,,,,,,,,,,"13.08m 42' 11""",,,,,"58.36m 191' 6""","50.12m 164' 5""","16.92m 55' 6.25""",,,,,,,,,,,,,,,,,,,,,,,,,,,,,,,,,,,,,,,,,,,,,,,,,,,,,,,,,,,,,,,,,,,,,,,,,,,,,,,,,,,,,,,,,,,,,,,,,
8998460,Ryan Gregory,LONG BEACH ST.,m,,,,,,,4:25.03,,,,,2:32.02,,,6.90,10.63 (2.1),21.46 (1.9),,48.66,"60.17m 197' 5""","7.32m (2.1) 24' 0.25""",,,8.19,,52.46,"2.06m 6' 9""","12.56m 41' 2.5""",,5867,"4.82m 15' 9.75""",14.49 (0.8),"41.13m 134' 11""",,,7898,,,,,,,,,,,,,,,,,,,,,,,,,,,,,,,,,,,,,,,,,,,,,,,,,,,,,,,,,,,,,,,,,,,,,,,,,,,,,,,,,,,,,,,,,,,,,,,,
8992597,Ethan Elliott,DRAKE,m,,,,,,,,,,,,,,,,,,,,,,,,,,,,"18.90m 62' 0.25""",,,,,"45.71m 150' 0""","57.13m 187' 5""","18.07m 59' 3.5""",,,,,,,,,,,,,,,,,,,,,,,,,,,,,,,,,,,,,,,,,,,,,,,,,,,,,,,,,,,,,,,,,,,,,,,,,,,,,,,,,,,,,,,,,,,,,,,,,
9274306,Jonathan Kapitolnik,ILLINOIS,m,,,,,,,,,,,,,,,,,,,,,,,,,,,"2.21m 7' 3""",,,,,,,,,,,,,,,,,,,,,,,,,,,,,,,,,,,,,,,,,,,,,,,,,,,,,,,,,,,,,,,,,,,,,,,,,,,,,,,,,,,,,,,,,,,,,,,,,,,,,,,,,
7740696,Megan Heidebrecht,GEORGE WASHINGTON,f,,,,,,,,,,,,,,,8.14,13.15 (1.2),26.83 (0.1),,,,"5.92m (0.6) 19' 5.25""","12.89m (2.8) 42' 3.5""",,,,,,,,,,,,,,,,,,,,,,,,,,,,,,,,,,,,,,,,,,,,,,,,,,,,,,,,,,,,,,,,,,,,,,,,,,,,,,,,,,,,,,,,,,,,,,,,,,,,,,,,,,,,,,
7697083,Garison Breeding,TEXAS TECH,,,,,,,,,,,,,,,,,11.37,23.87,,,,"7.30m (+0.0) 23' 11.5""","16.04m 52' 7.5""",,,,,,,,,,,,,,,,,,,,,,,,,,,,,,,,,,,,,,,,,,,,,,,,,,,,,,,,,,,,,,,,,,,,,,,,,,,,,,,,,,,,,,,,,,,,,,,,,,,,,,,,,,,,,,
9002658,Cassie Small,GRAND CANYON,f,,,,,,,,,,,,,,,7.38,11.40 (4.0),23.53 (1.4),,57.07,,,,,,,,,,,,,,,,,,,,,,,,,,,,,,,,,,,,,,,,,,,,,,,,,,,,,,,,,,,,,,,,,,,,,,,,,,,,,,,,,,,,,,,,,,,,,,,,,,,,,,,,,,,,,,,,,
8669430,Morgan Koppelman,ST. THOMAS (MINN.),f,,,,,,,,,,,,,,,,,,,,,,,,,,,,,,,"4.08m 13' 4.5""",,,,,,,,,,,,,,,,,,,,,,,,,,,,,,,,,,,,,,,,,,,,,,,,,,,,,,,,,,,,,,,,,,,,,,,,,,,,,,,,,,,,,,,,,,,,,,,,,,,,,
8328830,Jordan Anthony,ARKANSAS,,,,,,,,,,,,,,,,6.47,9.75 (2.1),19.93 (1.3),,,,,,,,,,,,,,,,,,,,,,,,,,,,,,,,,,,,,,,,,,,,,,,,,,,,,,,,,,,,,,,,,,,,,,,,,,,,,,,,,,,,,,,,,,,,,,,,,,,,,,,,,,,,,,,,,,,
6987128,James Carter,IOWA,,,,,,,,,,,,,,,,6.91,10.71 (1.4),21.58 (1.4),,,,"7.93m (0.1) 26' 0.25""","16.68m (4.2) 54' 8.75""",,,,,,,,,,,,,,,,,,,,,,,,,,,,,,,,,,,,,,,,,,,,,,,,,,,,,,,,,,,,,,,,,,,,,,,,,,,,,,,,,,,,,,,,,,,,,,,,,,,,,,,,,,,,,,
9263302,Kimani Jack,GEORGIA,m,,,,,,,,,,,,,,,,,,,,,,,,,,,"2.31m 7' 7""",,,,,,,,,,,,,,,,,,,,,,,,,,,,,,,,,,,,,,,,,,,,,,,,,,,,,,,,,,,,,,,,,,,,,,,,,,,,,,,,,,,,,,,,,,,,,,,,,,,,,,,,,
8355403,Deshawn Roberts,LITTLE ROCK,m,,,,,,,,,,,,,,,,,,,,,,,,,,,"2.11m 6' 11""",,,,,,,,,,,,,,,,,,,,,,,,,,,,,,,,,,,,,,,,,,,,,,,,,,,,,,,,,,,,,,,,,,,,,,,,,,,,,,,,,,,,,,,,,,,,,,,,,,,,,,,,,
7985917,Shana Grebo,OREGON,,,,,,,,,,,,,,,,,,23.23 (1.0),,52.95,,,,,8.30,13.51 (0.4),56.28,,,,,,,,,,,,,,,,,,,,,,,,,,,,,,,,,,,,,,,,,,,,,,,,,,,,,,,,,,,,,,,,,,,,,,,,,,,,,,,,,,,,,,,,,,,,,,,,,,,,,,,,,,
9165779,Maria Hognadottir,COASTAL CAROLINA,f,,2:29.70,,,,,,,,,,,,,,12.11 (2.1),25.17,,,"35.62m 116' 10""","5.41m (0.8) 17' 9""",,,8.71,14.09 (0.8),,"1.65m 5' 5""","12.77m 41' 10.75""",3449,5120,,,,,,,,,,,,,,,,,,,,,,,,,,,,,,,,,,,,,,,,,,,,,,,,,,,,,,,,,,,,,,,,,,,,,,,,,,,,,,,,,,,,,,,,,,,,,,,,,,,,,,
7722268,Meghan Hunter,BYU,,,1:58.95,,20:34.1,,,4:20.61,,,,,,,,,,,,53.01,,,,,,,,,,,,,,,,,,,,,,,,,,,,,,,,,,,,,,,,,,,,,,,,,,,,,,,,,,,,,,,,,,19:56.6,,,,,,,,,,,,,,,,,,,,,,,,,,,,,,,,,,,,,,,,,,,,,,,
9287050,Mackenzie Hurtubise,NEW MEXICO,f,,,,,,,,,,,,,,,,,,,,,,,,,,,,,,,"4.23m 13' 10.5""",,,,,,,,,,,,,,,,,,,,,,,,,,,,,,,,,,,,,,,,,,,,,,,,,,,,,,,,,,,,,,,,,,,,,,,,,,,,,,,,,,,,,,,,,,,,,,,,,,,,,
7992694,Evan Niedrowski,MONMOUTH,m,,,,,,,,,,,,,,,,,,,,"74.20m 243' 5""",,,,,,,,"13.89m 45' 7""",,,,,"45.93m 150' 8""",,,,,,,,,,,,,,,,,,,,,,,,,,,,,,,,,,,,,,,,,,,,,,,,,,,,,,,,,,,,,,,,,,,,,,,,,,,,,,,,,,,,,,,,,,,,,,,,,,,
7895663,Thomas Vanoppen,WAKE FOREST,,,,3:54.85,,,,3:37.65,13:53.16,,23:12.4,29:49.4,,7:48.68,,,,,,,,,,,,,,,,,,,,,,,,27:40.8,,,,,,,,,,,,,,,,,,,,,,,,,,,,,,,,,,,,,,,,,,,,,,,,,,,,,,,,,,,,,,,,,,,,,,,,,,,,,,,,,,,,,,,,,,,,,,,
9244134,Rejoice Agbewodie,MINNESOTA,f,,,,,,,,,,,,,,,,,,,,"51.55m 169' 1""",,,,,,,,"15.04m 49' 4.25""",,,,,"53.22m 174' 7""","50.34m 165' 2""","20.37m 66' 10""",,,,,,,,,,,,,,,,,,,,,,,,,,,,,,,,,,,,,,,,,,,,,,,,,,,,,,,,,,,,,,,,,,,,,,,,,,,,,,,,,,,,,,,,,,,,,,,,,
7727969,Michael Joseph,KANSAS,m,1:18.15,,,,,,,,,,,,,,,10.42 (2.3),20.27 (2.1),,44.77,,,,,,,,,,,,,,,,,,,,,,1:09.56,,,,,,,,,,,,,,,,,,,,,,,,,,,,,,,,,,,,,,,,,,,,,,,,,,,,,,,,,,,,,,,,,,,,,,,,,,,,,,,,,,,,,,,,,,,
9012930,Bryce Foster,KANSAS,,,,,,,,,,,,,,,,,,,,,,,,,,,,,"19.20m 63' 0""",,,,,,,,,,,,,,,,,,,,,,,,,,,,,,,,,,,,,,,,,,,,,,,,,,,,,,,,,,,,,,,,,,,,,,,,,,,,,,,,,,,,,,,,,,,,,,,,,,,,,,,,
9276946,Milicent Wafula,ALABAMA,f,,2:04.68,4:37.21,,,,4:09.69,,,,,,,,,,,,,,,,,,,,,,,,,,,,,,,,,,,,,,,,,,,,,,,,,,,,,,,,,,,,,,,,,,,,,,,,,,,,,,,,,,,,,,,,,,,,,,,,,,,,,,,,,,,,,,,,,,,,,,,,,,,,,
8029262,Anne-Suzanna Fosther-Katta,TEXAS TECH,,,,,,,,,,,,,,,,,,,,,,"5.95m (3.3) 19' 6.25""","14.20m 46' 7.25""",,,,,,,,,,,,,,,,,,,,,,,,,,,,,,,,,,,,,,,,,,,,,,,,,,,,,,,,,,,,,,,,,,,,,,,,,,,,,,,,,,,,,,,,,,,,,,,,,,,,,,,,,,,,,,
8996700,Maximus Tucker,GEORGIA,m,,1:49.50,,,,,4:07.64,,,,,2:27.69,,,7.12,10.96 (0.5),,,47.70,"51.79m 169' 11""","7.06m (0.5) 23' 2""",,,8.75,,,"2.03m 6' 7.75""","15.26m 50' 0.75""",,5603,"4.40m 14' 5.25""",15.81 (-0.3),"38.88m 127' 7""",,,7786,,,,,,,,,,,,,,,,,,,,,,,,,,,,,,,,,,,,,,,,,,,,,,,,,,,,,,,,,,,,,,,,,,,,,,,,,,,,,,,,,,,,,,,,,,,,,,,,
9258814,Donte Long,SOUTHERN ILLINOIS,m,,,,,,,,,,,,,,,6.89,,21.67,34.13,47.15,,,,,,,,,,,,,,,,,,,,,,,,,,,,,,,,,,,,,,,,,,,,,,,,,,,,,,,,,,,,,,,,,,,,,,,,,,,,,,,,,,,,,,,,,,,,,,,,,,,,,,,,,,,,,,,,,
8163893,Jacob Zednik,WISCONSIN,m,,,,,,,,,,,,,,,,,,,,"70.50m 231' 3""",,,,,,,,,,,,,,,,,,,,,,,,,,,,,,,,,,,,,,,,,,,,,,,,,,,,,,,,,,,,,,,,,,,,,,,,,,,,,,,,,,,,,,,,,,,,,,,,,,,,,,,,,,,,,,,,
8995205,Matt Hall,UTAH STATE,m,,,,,,,,,,,,,,,6.73,10.97 (1.1),20.59 (1.6),35.90,46.19,,,,,,,,,,,,,,,,,,,,,,,,,,,,6.40,,,,,,,,,,,,,,,,,,,,,,,,,,,,,,,,,,,,,,,,,,,,,,,,,,,,,,,,,,,,,,,,,,,,,,,,,,,,,,,,,,,,,
8380325,Feyi Olukanni,UC SAN DIEGO,f,,,,,,,,,,,,,,,,,,,,,,,,,,,,"15.47m 50' 9.25""",,,,,"49.90m 163' 8""","51.51m 169' 0""","15.99m 52' 5.5""",,,,,,,,,,,,,,,,,,,,,,,,,,,,,,,,,,,,,,,,,,,,,,,,,,,,,,,,,,,,,,,,,,,,,,,,,,,,,,,,,,,,,,,,,,,,,,,,,
9261850,Jayden Horton-Mims,FLORIDA,m,,,,,,,,,,,,,,,,,20.86 (-0.1),32.96,45.36,,,,,,,,,,,,,,,,,,,,,,,,,,,,,,,,,,,,,,,,,,,,,,,,,,,,,,,,,,,,,,,,,,,,,,,,,,,,,,,,,,,,,,,,,,,,,,,,,,,,,,,,,,,,,,,,,
8712070,Leo Bowen,TEXAS A&M,m,,,,,,,,,,,,,,,,,,,,,,,,,,,,,,,"5.40m 17' 8.5""",,,,,,,,,,,,,,,,,,,,,,,,,,,,,,,,,,,,,,,,,,,,,,,,,,,,,,,,,,,,,,,,,,,,,,,,,,,,,,,,,,,,,,,,,,,,,,,,,,,,,
7930060,Ralford Mullings,OKLAHOMA,m,,,,,,,,,,,,,,,,,,,,,,,,,,,,"19.92m 65' 4.25""",,,,,"69.31m 227' 5""",,,,,,,,,,,,,,,,,,,,,,,,,,,,,,,,,,,,,,,,,,,,,,,,,,,,,,,,,,,,,,,,,,,,,,,,,,,,,,,,,,,,,,,,,,,,,,,,,,,
9009106,Ryah Dates,NORTHWESTERN ST.,f,,,,,,,,,,,,,,,,,,,,"42.29m 138' 9""",,,,,,,,"15.52m 50' 11""",,,,,,"41.17m 135' 1""","16.93m 55' 6.5""",,,,,,,,,,,,,,,,,,,,,,,,,,,,,,,,,,,,,,,,,,,,,,,,,,,,,,,,,,,,,,,,,,,,,,,,,,,,,,,,,,,,,,,,,,,,,,,,,
8996429,Ricardo Montes De Oca,HIGH POINT,m,,,,,,,,,,,,,,,,,,,,,"7.43m (-0.1) 24' 4.5""",,,,,,,,,,"5.70m 18' 8.25""",,,,,,,,,,,,,,,,,,,,,,,,,,,,,,,,,,,,,,,,,,,,,,,,,,,,,,,,,,,,,,,,,,,,,,,,,,,,,,,,,,,,,,,,,,,,,,,,,,,,,
8708187,Jahzara Davis,CAL ST. FULLERTON,f,,,,,,,,,,,,,,,7.40,11.62 (1.9),,,,,"5.84m 19' 2""",,,8.13,13.12 (4.7),,,,,,,,,,,,,,,,,,,,,,,,,,,,,,,,,,,,,,,,,,,,,,,,,,,,,,,,,,,,,,,,,,,,,,,,,,,,,,,,,,,,,,,,,,,,,,,,,,,,,,,,,,,
7366522,Kelsey Chmiel,NC STATE,,,,4:36.03,16:14.6,19:20.0,,4:24.89,15:27.36,,,,2:48.34,8:59.25,,,,,,,,,,32:45.83,,,,,,,,,,,,,,,,,,,,,,,,,,,,,,,,,,,,,,,,,,,,,,,,,,,,,,,,,,,,,,,,,,,,,,,,,,,,,,,,,,,,,,,,,,,,,,,,,,,,,,,,,,,,,
9242263,Zyon Alston,HOUSTON,f,,,,,,,,,,,,,,,7.33,11.48 (4.0),23.15 (3.0),,,,,,,,,,,,,,,,,,,,,,,,,,,,,,,,,,,,,,,,,,,,,,,,,,,,,,,,,,,,,,,,,,,,,,,,,,,,,,,,,,,,,,,,,,,,,,,,,,,,,,,,,,,,,,,,,,,
8894633,Correy Mcmanus Jr.,N. CAROLINA A&T,m,,,,,,,,,,,,,,,6.85,10.46 (2.2),20.93 (2.8),,,,,,,,,,,,,,,,,,,,,,,,,,,,,,,,,,,,,,,,,,,,,,,,,,,,,,,,,,,,,,,,,,,,,,,,,,,,,,,,,,,,,,,,,,,,,,,,,,,,,,,,,,,,,,,,,,,
8326654,Trevor Paschall,NORTH CAROLINA,m,,,,,,,,,,,,,,,,,21.97,,45.99,,,,,,,,,,,,,,,,,,,,,,,,,,,,,,,,,,,,,,,,,,,,,,,,,,,,,,,,,,,,,,,,,,,,,,,,,,,,,,,,,,,,,,,,,,,,,,,,,,,,,,,,,,,,,,,,,
6901779,Mario Garcia Romo,OLE MISS,,,1:46.90,3:53.36,,17:23.3,,3:36.91,14:28.91,,23:07.0,29:36.1,2:20.12,7:47.56,,,,,,,,,,,,,,,,,,,,,,,,23:32.9,,,,,,,,,,,,,,,,,,,,,,,,,,,,,,,,,,,,,,,,,,,,,,,,,,,,,,,,,,,,,,,,,,,,,,,,,,,,,,,,,,,,,,,,,,,,,,,
9281242,Michael Moiben,TEXAS A&M,m,,,,,,,3:55.34,13:37.52,,,,,8:01.51,,,,,,,,,,28:28.90,,,,,,,,,,,,,,,,,,,,,,,,,,,,,,,,,,,,,,,,,,,,,,,,,,,,,,,,,,,,,,,,,,,,,,,,,,,,,,,,,,,,,,,,,,,,,,,,,,,,,,,,,,,,,
9278667,Devonte Edwards,LOUISIANA,m,,,,,,,,,,,,,,,,,,,,,,,,,,,,"18.15m 59' 6.75""",,,,,"48.95m 160' 7""",,,,,,,,,,,,,,,,,,,,,,,,,,,,,,,,,,,,,,,,,,,,,,,,,,,,,,,,,,,,,,,,,,,,,,,,,,,,,,,,,,,,,,,,,,,,,,,,,,,
7511453,Alia Armstrong,LSU,,,,,,,,,,,,,,,,7.11,11.43 (-2.8),22.98 (0.6),,,,,,,7.81,12.31 (2.2),,,,,,,,,,,,,,,,,,,,,,,,,,,,,,,,,,,,,,,,,,,,,,,,,,,,,,,,,,,,,,,,,,,,,,,,,,,,,,,,,,,,,,,,,,,,,,,,,,,,,,,,,,,
8974355,Mckenzie Calloway,CLEMSON,f,,,,,,,,,,,,,,,7.37,11.43 (2.8),23.23,40.16,,,,,,,,,,,,,,,,,,,,,,,,,,,,,,,,,,,,,,,,,,,,,,,,,,,,,,,,,,,,,,,,,,,,,,,,,,,,,,,,,,,,,,,,,,,,,,,,,,,,,,,,,,,,,,,,,,
6584256,Josie Schaefer,WISCONSIN,,,,,,,,,,,,,,,,,,,,,,,,,,,,,"18.98m 62' 3.25""",,,,,"57.39m 188' 3""",,,,,,,,,,,,,,,,,,,,,,,,,,,,,,,,,,,,,,,,,,,,,,,,,,,,,,,,,,,,,,,,,,,,,,,,,,,,,,,,,,,,,,,,,,,,,,,,,,,
8996995,Kayla Mcbride,UCLA,f,,,,,,,,,,,,,,,,,23.72 (-2.8),38.81,52.31,,,,,,,,,,,,,,,,,,,,,,,,,,,,,,,,,,,,,,,,,,,,,,,,,,,,,,,,,,,,,,,,,,,,,,,,,,,,,,,,,,,,,,,,,,,,,,,,,,,,,,,,,,,,,,,,,
8320780,Claire Lewis,ARMY WEST POINT,f,,,4:54.76,17:43.0,20:23.1,,4:42.81,16:45.05,10:03.05,,,,9:30.79,,,,,,,,,,,,,,,,,,,,,,,,,,,,,,,,,,,,,,,,,,,,,,,,,,,,,,,,,,,,,,,,,,,,,,,,,,,,,,,,,,,,,,,,,,,,,22:40.4,,,,,,,,,,,,,,,,,,,,,,,,,,
6605817,Chengetayi Mapaya,TCU,,,,,,,,,,,,,,,,,,,,,,"7.43m 24' 4.5""","17.26m (0.5) 56' 7.5""",,,,,,,,,,,,,,,,,,,,,,,,,,,,,,,,,,,,,,,,,,,,,,,,,,,,,,,,,,,,,,,,,,,,,,,,,,,,,,,,,,,,,,,,,,,,,,,,,,,,,,,,,,,,,,
9276229,Gilles Ouedraogo,LIBERTY,m,,,,,,,,,,,,,,,,,,,,,"7.14m 23' 5.25""","16.18m 53' 1""",,,,,,,,,,,,,,,,,,,,,,,,,,,,,,,,,,,,,,,,,,,,,,,,,,,,,,,,,,,,,,,,,,,,,,,,,,,,,,,,,,,,,,,,,,,,,,,,,,,,,,,,,,,,,,
8593545,Max Hardin,AUBURN,m,,1:49.82,3:57.67,14:48.8,,,3:38.28,14:33.76,,23:26.8,30:29.8,,8:04.79,,,,,,,,,,,,,,,,,,,,,,,,,,,,,,,,,,,,,,,,,,,,,,,,,,,,,,,,,,,4:32.03,,,,,,,,,,,,,,,,,,,,,,,,,,,,,,,,,,,,,,,,,,,,,,,,,,,,,,,,,,,,
6995396,Abby Steiner,KENTUCKY,,,,,,,,,,,,,,,,7.10,10.90 (1.0),21.80 (1.3),35.80,,,,,,,,,,,,,,,,,,,,,,,,,,,,,,,,,,,,,,,,,,,,,,,,,,,,,,,,,,,,,,,,,,,,,,,,,,,,,,,,,,,,,,,,,,,,,,,,,,,,,,,,,,,,,,,,,,
9244708,Kyriaun Davis,CSUN,m,,,,,,,,,,,,,,,,,,,,,,,,,,,,"16.98m 55' 8.5""",,,,,"58.41m 191' 8""",,,,,,,,,,,,,,,,,,,,,,,,,,,,,,,,,,,,,,,,,,,,,,,,,,,,,,,,,,,,,,,,,,,,,,,,,,,,,,,,,,,,,,,,,,,,,,,,,,,
7003545,Sanaa Barnes,AUBURN,,,,,,,,,,,,,,,,,,,,,,,,,,,,"1.86m 6' 1.25""",,,,,,,,,,,,,,,,,,,,,,,,,,,,,,,,,,,,,,,,,,,,,,,,,,,,,,,,,,,,,,,,,,,,,,,,,,,,,,,,,,,,,,,,,,,,,,,,,,,,,,,,,
7983334,Clayton Simms,KANSAS,,,,,,,,,,,,,,,,,,,,,,,,,,,,,,,,"5.71m 18' 8.75""",,,,,,,,,,,,,,,,,,,,,,,,,,,,,,,,,,,,,,,,,,,,,,,,,,,,,,,,,,,,,,,,,,,,,,,,,,,,,,,,,,,,,,,,,,,,,,,,,,,,,
8990135,Nina Thevenin,GRAND CANYON,f,,,,,,,,,,,,,,,7.30,11.32 (4.8),23.31,,,,,,,,,,,,,,,,,,,,,,,,,,,,,,,,,,,,,,,,,,,,,,,,,,,,,,,,,,,,,,,,,,,,,,,,,,,,,,,,,,,,,,,,,,,,,,,,,,,,,,,,,,,,,,,,,,,
7732073,Asherah Collins,UCF,,,,,,,,,,,,,,,,7.55,11.88 (1.8),,,,,"6.45m (0.9) 21' 2""","13.48m (1.9) 44' 2.75""",,,,,,,,,,,,,,,,,,,,,,,,,,,,,,,,,,,,,,,,,,,,,,,,,,,,,,,,,,,,,,,,,,,,,,,,,,,,,,,,,,,,,,,,,,,,,,,,,,,,,,,,,,,,,,
9237251,Jessica Oji,PENN,f,,,,,,,,,,,,,,,,,,,,,,,,,,,,"18.50m 60' 8.5""",,,,,"55.12m 180' 10""",,,,,,,,,,,,,,,,,,,,,,,,,,,,,,,,,,,,,,,,,,,,,,,,,,,,,,,,,,,,,,,,,,,,,,,,,,,,,,,,,,,,,,,,,,,,,,,,,,,
9278610,Jayden Haynes,UT-ARLINGTON,m,,,,,,,,,,,,,,,,,21.18 (3.2),,45.99,,,,,,,,,,,,,,,,,,,,,,,,,,,,,,,,,,,,,,,,,,,,,,,,,,,,,,,,,,,,,,,,,,,,,,,,,,,,,,,,,,,,,,,,,,,,,,,,,,,,,,,,,,,,,,,,,
9254285,Andrew Boakye,RUTGERS,m,,,,,,,,,,,,,,,6.93,10.61 (2.2),21.06 (2.9),,,,,,,,,,,,,,,,,,,,,,,,,,,,,,,,,,,,,,,,,,,,,,,,,,,,,,,,,,,,,,,,,,,,,,,,,,,,,,,,,,,,,,,,,,,,,,,,,,,,,,,,,,,,,,,,,,,
7722970,Kemba Nelson,OREGON,,,,,,,,,,,,,,,,7.05,10.85 (2.6),22.74 (0.1),,,,,,,,,,,,,,,,,,,,,,,,,,,,,,,,,,,,,,,,,,,,,,,,,,,,,,,,,,,,,,,,,,,,,,,,,,,,,,,,,,,,,,,,,,,,,,,,,,,,,,,,,,,,,,,,,,,
8713303,Omolola Kuponiyi,CINCINNATI,f,,,,,,,,,,,,,,,,,,,,,,,,,,,,"15.76m 51' 8.5""",,,,,"34.24m 112' 4""",,,,,,,,,,,,,,,,,,,,,,,,,,,,,,,,,,,,,,,,,,,,,,,,,,,,,,,,,,,,,,,,,,,,,,,,,,,,,,,,,,,,,,,,,,,,,,,,,,,
8979140,Ethan Ruffin,FDU,m,,,,,,,,,,,,,,,7.46,,,,,,,,,,,,"2.17m 7' 1.5""",,,,,,,,,,,,,,,,,,,,,,,,,,,,,,,,,,,,,,,,,,,,,,,,,,,,,,,,,,,,,,,,,,,,,,,,,,,,,,,,,,,,,,,,,,,,,,,,,,,,,,,,,
8019135,Kalynn Meyer,NEBRASKA,,,,,,,,,,,,,,,,,,,,,,,,,,,,,"17.96m 58' 11.25""",,,,,"58.29m 191' 3""",,,,,,,,,,,,,,,,,,,,,,,,,,,,,,,,,,,,,,,,,,,,,,,,,,,,,,,,,,,,,,,,,,,,,,,,,,,,,,,,,,,,,,,,,,,,,,,,,,,
8311550,Aniya Woodruff,HOWARD,f,,,,,,,,,,,,,,,7.60,11.94 (1.7),23.49 (2.1),38.33,54.67,,,,,8.50,13.34 (2.6),55.43,,,,,,,,,,,,1:21.30,,,,,,,,,,,,,,,,,,,,,,,,,,,,,,,,,,,,,,,,,,,,,,,,,,,,,,,,,,,,,,,,,,,,,,,,,,,,,,,,,,,,,,,,,,,,,,
9007180,Abria Smith,ILLINOIS,,,,,,,,,,,,,,,,,,,,,,,,,,,,,"18.92m 62' 1""",,,,,,"59.76m 196' 1""","20.70m 67' 11""",,,,,,,,,,,,,,,,,,,,,,,,,,,,,,,,,,,,,,,,,,,,,,,,,,,,,,,,,,,,,,,,,,,,,,,,,,,,,,,,,,,,,,,,,,,,,,,,,
8893494,Joshua Bell,STANFORD,m,,,4:02.26,,,,,13:46.77,,23:46.9,30:17.1,,8:02.85,,,,,,,,,,28:37.14,,,,,,,,,,,,,,,,,,,,,,,,,,,,,,,,,,,,,,,,,,,,,,,,,,,,,,,,,,,,,,,,,,,,,,,,,,,,,,,,,,,,,,,,,,,,,,,,,,,,,,,,,,,,,
9253055,Endia Smith,TENNESSEE,f,,,,,,,,,,,,,,,7.82,,,,,,"5.97m 19' 7""","13.16m 43' 2.25""",,,,,,,,,,,,,,,,,,,,,,,,,,,,,,,,,,,,,,,,,,,,,,,,,,,,,,,,,,,,,,,,,,,,,,,,,,,,,,,,,,,,,,,,,,,,,,,,,,,,,,,,,,,,,,
8971435,Ryan Merlino,RUTGERS,m,,,,,,,,,,,,,,,,,,,,,,,,,,,,,,,"5.40m 17' 8.5""",,,,,,,,,,,,,,,,,,,,,,,,,,,,,,,,,,,,,,,,,,,,,,,,,,,,,,,,,,,,,,,,,,,,,,,,,,,,,,,,,,,,,,,,,,,,,,,,,,,,,
9195736,Mercy Kinyanjui,WEST VIRGINIA,f,,,,16:41.0,19:22.5,,,15:29.78,9:50.38,,,,9:03.93,,,,,,,,,,,,,,,,,,,,,,,,,,,,,,,,,,,,,,,,,,,,,,,,,,,,,,,,,,,,,,,,,,,,,,,,,,,,,,,,,,,,,,,,,,,,,,,,,,,,,,,,,,,,,,,,,,,,,,,
8234069,Catherine Garrison,COLORADO ST.,f,,2:17.98,4:56.46,17:39.7,21:15.6,,4:32.28,16:40.28,10:03.94,,,2:58.64,9:45.03,,,,,,,,,,,,,,,,,,,,,,,,,,,,,,,,,,,,,,,,,,14:06.7,,,6:45.24,,,,,,,21:21.2,,,,,,,,,,,,,,,,,,,,,,,,,,,,,,,,,,,,,,,,,,,,,,,,,,,,,,,,,,,,,,,,,,,
8978244,Madison Snody,KANSAS,f,,,,,,,,,,,,,,,,,,,,,,,,,,,,,,,"4.40m 14' 5.25""",,,,,,,,,,,,,,,,,,,,,,,,,,,,,,,,,,,,,,,,,,,,,,,,,,,,,,,,,,,,,,,,,,,,,,,,,,,,,,,,,,,,,,,,,,,,,,,,,,,,,
7493292,Aimar Palma Simo,DUKE,,,,,,,,,,,,,,,,,,,,,,,,,,,,,,,,,,,"71.48m 234' 6""","21.34m 70' 0.25""",,,,,,,,,,,,,,,,,,,,,,,,,,,,,,,,,,,,,,,,,,,,,,,,,,,,,,,,,,,,,,,,,,,,,,,,,,,,,,,,,,,,,,,,,,,,,,,,,
7534785,Russell Robinson,MIAMI (FLA.),,,,,,,,,,,,,,,,,,,,,,"7.99m (+0.0) 26' 2.75""","17.13m (0.6) 56' 2.5""",,,,,,,,,,,,,,,,,,,,,,,,,,,,,,,,,,,,,,,,,,,,,,,,,,,,,,,,,,,,,,,,,,,,,,,,,,,,,,,,,,,,,,,,,,,,,,,,,,,,,,,,,,,,,,
8649337,Ma'Kala Davis,JACKSONVILLE,f,,,,,,,,,,,,,,,8.41,12.72 (3.7),27.09 (2.1),,,,"6.07m (4.0) 19' 11""","12.97m (0.8) 42' 6.75""",,10.26,14.75 (1.5),1:27.97,"1.65m 5' 5""",,,,,,,,,,,,,,,,,,,,,52.98,,,,,,,,,,,,,,,,,,,,,,,,,,,,,,,,,,,,,,,,,,,,,,,,,,,,,,,,,,,,,,,,,,,,,,,,,,,,,,,,,,,,
9018330,Daniel Strooh,TEXAS STATE,m,,,,,,,,,,,,,,,,,,,,,,,,,,,,,,,,,"59.17m 194' 1""",,,,,,,,,,,,,,,,,,,,,,,,,,,,,,,,,,,,,,,,,,,,,,,,,,,,,,,,,,,,,,,,,,,,,,,,,,,,,,,,,,,,,,,,,,,,,,,,,,,
7730388,Raelyn Roberson,SMU,,,,,,,,,,,,,,,,7.69,11.83 (2.9),,,,,"6.26m (2.3) 20' 6.5""",,,,,,,,,,,,,,,,,,,,,,,,,,,,,,,,,,,,,,,,,,,,,,,,,,,,,,,,,,,,,,,,,,,,,,,,,,,,,,,,,,,,,,,,,,,,,,,,,,,,,,,,,,,,,,,
9251341,Brianna Rivers,OKLAHOMA,f,,,,,,,,,,,,,,,,,,,,,,,,,,,"1.81m 5' 11.25""",,,,,,,,,,,,,,,,,,,,,,,,,,,,,,,,,,,,,,,,,,,,,,,,,,,,,,,,,,,,,,,,,,,,,,,,,,,,,,,,,,,,,,,,,,,,,,,,,,,,,,,,,
8283535,Alyssa Bean,MICHIGAN,f,,,,,,,,,,,,,,,7.67,11.88 (2.3),23.23 (1.0),,53.41,,,,,,,,,,,,,,,,,,,,,,,,,,,,,,,,,,,,,,,,,,,,,,,,,,,,,,,,,,,,,,,,,,,,,,,,,,,,,,,,,,,,,,,,,,,,,,,,,,,,,,,,,,,,,,,,,
8705111,Christian Toro,DUKE,m,,,,,,,,,,,,,,,,,,,,,,,,,,,,,,,,,,"70.13m 230' 1""","21.66m 71' 0.75""",,,,,,,,,,,,,,,,,,,,,,,,,,,,,,,,,,,,,,,,,,,,,,,,,,,,,,,,,,,,,,,,,,,,,,,,,,,,,,,,,,,,,,,,,,,,,,,,,
8623341,Olivia Fraga,BROWN,f,,2:15.61,4:55.88,17:35.1,20:45.0,,4:32.03,,10:07.72,,,2:58.37,9:30.56,,,,,,,,,,,,,,,,,,,,,,,,,,,,,,,,18:24.7,,,,,,,,,,14:29.2,,,,,,,,,,,,,,,,,,,,,,,,,,,,,,,,,,,,,,,,,,,,,,,,,,,,,,,,,,,,,,,,,,,,,,,,,,,,,
8705541,Jaxson Eckert,OHIO STATE,m,1:18.45,1:47.19,,,,,,,,,,,,,,,,,49.21,,,,,,,,,,,,,,,,,,,,,,,,,,,,,,,,,,,,,,,,,,,,,,,,,,,,,,,,,,,,,,,,,,,,,,,,,,,,,,,,,,,,,,,,,,,,,,,,,,,,,,,,,,,,,,,,,
8023248,Aiden Arnold,NORTH FLORIDA,m,,1:50.40,4:03.91,,,,3:40.80,,,,,,8:19.08,,,,,,,,,,,,,,,,,,,,,,,,,,,,,,,,,,,,,,,,,,,,,,,,,,,,,,,,,,,,,,,,,,,,,,,,,,,,,,,,,,,,,,,,,,,,,,,,,,,,,,,,,,,,,,,,,,,,,,,
8920713,Joshua Allison,MISSOURI,m,,,4:09.94,14:56.0,18:25.6,,3:55.87,14:19.78,8:40.21,24:07.7,30:52.2,,8:15.85,,,,,,,,,,,,,,,,,,,,,,,,,,,,,,,,,,,,,,,25:59.1,,,,,,,,,,,,,,24:16.2,,,,,,,,,,,,,,,,,,,,,,,,,,,,,,,,,,,,,,,,,,,,,,,,,,,,,,,,,,,,,,,,,,
9231043,Izzy Zahn,IOWA,f,,,,,,,,,,,,,,,,,23.56,38.14,53.05,,,,,,,,,,,,,,,,,,,,,,,,,,,,,,,,,,,,,,,,,,,,,,,,,,,,,,,,,,,,,,,,,,,,,,,,,,,,,,,,,,,,,,,,,,,,,,,,,,,,,,,,,,,,,,,,,
9248863,Drew Dillard,HOWARD,m,,,,,,,,,,,,,,,,,,,,,,,,7.87,,,"2.15m 7' 0.5""",,,,,14.16 (3.2),,,,,,,,,,,,,,,,,,,,,,,,,,,,,,,,,,,,,,,,,,,,,,,,,,,,,,,,,,,,,,,,,,,,,,,,,,,,,,,,,,,,,,,,,,,,,,,,,,,,
8671562,Juliette Kosmont,YALE,f,,,,,,,,,,,,,,,7.30,11.28 (1.4),23.94 (0.8),,,,,,,,,,,,,,,,,,,,,,,,,,,,,,,,,,,,,,,,,,,,,,,,,,,,,,,,,,,,,,,,,,,,,,,,,,,,,,,,,,,,,,,,,,,,,,,,,,,,,,,,,,,,,,,,,,,
9262071,Tyra Cox,FLORIDA,f,,,,,,,,,,,,,,,,11.79 (1.2),23.23 (1.7),36.99,51.54,,,,,,,,,,,,,,,,,,,,,,,,,,,,,,,,,,,,,,,,,,,,,,,,,,,,,,,,,,,,,,,,,,,,,,,,,,,,,,,,,,,,,,,,,,,,,,,,,,,,,,,,,,,,,,,,,
9001687,Bradley Franklin,SAMFORD,m,,,,,,,,,,,,,,,6.63,10.44 (0.5),20.72 (2.0),,,,,,,7.41,,,,,,,,13.07 (2.7),,,,,,,,,,,,,,,,,,,,,,,,,,,,,,,,,,,,,,,,,,,,,,,,,,,,,,,,,,,,,,,,,,,,,,,,,,,,,,,,,,,,,,,,,,,,,,,,,,,,
8594424,Angelina Napoleon,NC STATE,f,1:33.78,2:06.37,4:41.57,17:10.8,19:13.9,,4:11.96,15:40.45,9:16.66,,,2:45.99,8:46.15,,,,,,,,,,,,,,,,,,,,,,,,,,,,,,,,,,,,,,,,,,,,,,,,,,,,,,,,,,,,,,,,,,,,,,,,,,,,,,,,,,,,,,,,,,,,,,,,,,,,,,,,,,,,,,,,,,,,,,,
7046620,Trevor Stephenson,MICHIGAN STATE,,,,,,,,,,,,,,,,,,,,,,,,,,,,,,,,"5.66m 18' 6.75""",,,,,,,,,,,,,,,,,,,,,,,,,,,,,,,,,,,,,,,,,,,,,,,,,,,,,,,,,,,,,,,,,,,,,,,,,,,,,,,,,,,,,,,,,,,,,,,,,,,,,
8680432,Emmi Scales,KENTUCKY,f,,,,,,,,,,,,,,,7.42,,23.88,38.19,,,,,,7.83,12.64 (0.4),57.63,,,,,,,,,,,,,,,,,,,,,,,,,,,,,,,,,,,,,,,,,,,,,,,,,,,,,,,,,,,,,,,,,,,,,,,,,,,,,,,,,,,,,,,,,,,,,,,,,,,,,,,,,,
8338514,Alec Carr,IOWA STATE,m,,,,,,,,,,,,,,,7.15,,23.13,34.87,48.86,,,,,7.69,,50.89,,,,,,13.48 (0.5),,,,,,,,,1:13.66,,,,,,,,,,,,,,,,,,,,,,,,,,,,,,,,,,,,,,,,,,,,,,,,,,,,,,,,,,,,,,,,,,,,,,,,,,,,,,,,,,,,,,,,,,,
9354364,Gianna Bullock,VANDERBILT,f,,2:21.30,,,,,,,,,,,,,,,25.76 (0.1),,,"38.30m 125' 8""","5.85m (0.7) 19' 2.5""",,,,13.89 (2.4),,"1.71m 5' 7.25""","13.24m 43' 5.25""",,5559,,,,,,,,,,,,,,,,,,,,,,,,,,,,,,,,,,,,,,,,,,,,,,,,,,,,,,,,,,,,,,,,,,,,,,,,,,,,,,,,,,,,,,,,,,,,,,,,,,,,,,
7751674,Aidan Mccarthy,CAL POLY,m,,1:45.19,3:52.83,,,,3:36.49,,,23:41.6,29:34.0,2:19.68,,,,,,,,,,,,,,,,,,,,,,,,,23:58.0,,,,,,,,,,,,,,,,,,,,,,,,,,,,,,,,,,,,,,,,,,,,,,,,,,,,,,,,,,,,,,,,,,,,,,,,,,,,,,,,,,,,,,,,,,,,,,,
8673949,Alana Simon,SOUTHERN MISS.,f,,2:33.28,,,,,,,,,,,,,,,27.23 (1.4),,,,"5.38m (1.1) 17' 8""",,,9.42,,1:04.80,"1.77m 5' 9.75""","6.83m 22' 5""",3227,,,,,,,,,,,,,,,,,,,,,,,,,,,,,,,,,,,,,,,,,,,,,,,,,,,,,,,,,,,,,,,,,,,,,,,,,,,,,,,,,,,,,,,,,,,,,,,,,,,,,,,
9245247,Isabella Maple,ALABAMA,f,,,,,,,,,,,,,,,,,,,,,,,,,,,,,,,"4.12m 13' 6.25""",,,,,,,,,,,,,,,,,,,,,,,,,,,,,,,,,,,,,,,,,,,,,,,,,,,,,,,,,,,,,,,,,,,,,,,,,,,,,,,,,,,,,,,,,,,,,,,,,,,,,
9271935,Claudina Diaz,ARIZONA STATE,f,,,,,,,,,,,,,,,,,,,,,,,,,,,"1.81m 5' 11.25""",,,,,,,,,,,,,,,,,,,,,,,,,,,,,,,,,,,,,,,,,,,,,,,,,,,,,,,,,,,,,,,,,,,,,,,,,,,,,,,,,,,,,,,,,,,,,,,,,,,,,,,,,
9242756,Olivia Griffin,UCLA,f,,,,,,,,,,,,,,,,,,41.56,54.75,,,,,,,58.06,,,,,,,,,,,,,,,,,,,,,,,,,,,,,,,,,,,,,,,,,,,,,,,,,,,,,,,,,,,,,,,,,,,,,,,,,,,,,,,,,,,,,,,,,,,,,,,,,,,,,,,,,,
8351319,Randy Kelly,NORTHWESTERN ST.,m,,,,,,,,,,,,,,,7.16,,,,,,"7.28m (1.2) 23' 10.75""","13.43m (0.3) 44' 0.75""",,,,,"2.15m 7' 0.5""",,,,,,,,,,,,,,,,,,,,,,,,,,,,,,,,,,,,,,,,,,,,,,,,,,,,,,,,,,,,,,,,,,,,,,,,,,,,,,,,,,,,,,,,,,,,,,,,,,,,,,,,,
7726437,Ryann Porter,OREGON,,,,,,,,,,,,,,,,,,,,,,"5.98m (1.1) 19' 7.5""","13.55m (0.8) 44' 5.5""",,8.48,13.84 (1.7),,"1.55m 5' 1""",,,,,,,,,,,,,,,,,,,,,,,,,,,,,,,,,,,,,,,,,,,,,,,,,,,,,,,,,,,,,,,,,,,,,,,,,,,,,,,,,,,,,,,,,,,,,,,,,,,,,,,,,
8603466,Devan Kipyego,IOWA STATE,m,,1:51.04,3:54.24,,17:38.5,,3:38.15,,,23:08.2,29:39.3,2:21.63,7:49.62,,,,,,,,,,,,,,,,,,,,,,,,,,,,,,,,,,,,,,,,,,,,,,,,,,,,,,,,,,,,,,,,,,,,,,,,,,,,,,,,,,,,,,,,,,,,,,,,,,,,,,,,,,,,,,,,,,,,,,,
8668082,Ameia Wilson,GEORGIA TECH,,,,,,,,,,,,,,,,7.44,11.77 (3.1),24.26 (0.6),,,,"6.56m (4.2) 21' 6.25""",,,,,,,,,,,,,,,,,,,,,,,,,,,,,,,,,,,,,,,,,,,,,,,,,,,,,,,,,,,,,,,,,,,,,,,,,,,,,,,,,,,,,,,,,,,,,,,,,,,,,,,,,,,,,,,
8318376,Aren Spencer,BAYLOR,m,,,,,,,,,,,,,,,,10.75 (1.9),21.26 (-1.9),34.01,45.79,,"7.18m 23' 6.75""","14.76m 48' 5.25""",,,,,,,,,,,,,,,,,,,,,,,,,,,,,,,,,,,,,,,,,,,,,,,,,,,,,,,,,,,,,,,,,,,,,,,,,,,,,,,,,,,,,,,,,,,,,,,,,,,,,,,,,,,,,,
9097828,Jemar Ferguson,LOUISIANA,m,,,,,,,,,,,,,,,,,,,,"66.29m 217' 6""",,,,,,,,,,,,,,,,,,,,,,,,,,,,,,,,,,,,,,,,,,,,,,,,,,,,,,,,,,,,,,,,,,,,,,,,,,,,,,,,,,,,,,,,,,,,,,,,,,,,,,,,,,,,,,,,
8358138,Waukeem Walters,MINNESOTA,m,,,,,,,,,,,,,,,7.13,10.53 (5.8),21.01 (1.5),34.85,,,"7.77m (-0.1) 25' 6""","15.14m (0.6) 49' 8.25""",,,,,"1.90m 6' 2.75""",,,,,,,,,,,,,,,,,,,,,,,,,,,,,,,,,,,,,,,,,,,,,,,,,,,,,,,,,,,,,,,,,,,,,,,,,,,,,,,,,,,,,,,,,,,,,,,,,,,,,,,,,
7546402,Stacey Ann Williams,TEXAS,,,,,,,,,,,,,,,,,,23.06 (1.8),36.95,50.18,,,,,,,,,,,,,,,,,,,,,,,,,,,,,,,,,,,,,,,,,,,,,,,,,,,,,,,,,,,,,,,,,,,,,,,,,,,,,,,,,,,,,,,,,,,,,,,,,,,,,,,,,,,,,,,,,
9009599,Iliya Dryaba,TEXAS A&M,m,,,,,,,,,,,,,,,,,21.15 (2.7),33.58,47.34,,,,,,,,,,,,,,,,,,,,,,,,,,,,,,,,,,,,,,,,,,,,,,,,,,,,,,,,,,,,,,,,,,,,,,,,,,,,,,,,,,,,,,,,,,,,,,,,,,,,,,,,,,,,,,,,,
7704053,Katelyn Tuohy,NC STATE,,,,4:24.26,15:50.0,19:08.9,,4:06.49,15:14.61,,,,,8:35.20,,,,,,,,,,32:56.75,,,,,,,,,,,,,,,,,,,,,,,,,,,,,,,,,,,,,,,,,,,,,,,,,,,,,,,,,,,,,,,,,,,,,,,,,,,,,,,,,,,,,,,,,,,,,,,,,,,,,,,,,,,,,
8322772,Handal Roban,PENN STATE,,1:14.89,1:44.73,,,,,3:50.64,,,,,2:18.72,,,,,,,46.71,,,,,,,,,,,,,,,,,,,,,,,,,,,,,,,,,,,,,,,,,,,,,,,,,,,,,,,,,,,,,,,,,,,,,,,,,,,,,,,,,,,,,,,,,,,,,,,,,,,,,,,,,,,,,,,,,
9275833,Lukas Brauc,INDIANA,m,,,,,,,,,,,,,,,,,,,,,,,,,,,,,,,"5.21m 17' 1""",,,,,,,,,,,,,,,,,,,,,,,,,,,,,,,,,,,,,,,,,,,,,,,,,,,,,,,,,,,,,,,,,,,,,,,,,,,,,,,,,,,,,,,,,,,,,,,,,,,,,
9257041,Vanice Kerubo Nyagisera,KENTUCKY,f,1:26.52,2:01.14,,,,,,,,,,,,,,,,,,,,,,,,55.12,,,,,,,,,,,,,,,,,,,,,,,,,,,,,,,,,,,,,,,,,,,,,,,,,,,,,,,,,,,,,,,,,,,,,,,,,,,,,,,,,,,,,,,,,,,,,,,,,,,,,,,,,,
8667398,Ethan Wordell,BROWN,m,,,,,,,,,,,,,,,,,,,,,,,,,,,,,,,,,,"62.84m 206' 2""","17.92m 58' 9.5""",,,,,,,,,,,,,,,,,,,,,,,,,,,,,,,,,,,,,,,,,,,,,,,,,,,,,,,,,,,,,,,,,,,,,,,,,,,,,,,,,,,,,,,,,,,,,,,,,
6876443,Duncan Hamilton,MONTANA STATE,,,1:50.51,3:59.64,14:41.0,,,3:39.15,13:30.50,8:16.23,23:05.0,28:06.9,,7:44.90,,,,,,,,,,,,,,,,,,,,,,,,23:51.9,,,,,,,,,,,,,,,,,,,,,,,,,,,,,,,,,,,,,,,,,,,,,,,,,,,,,,,,,,,,,,,,,,,,,,,,,,,,,,,,,,,,,,,,,,,,,,,
9273637,Joshua Taylor,TEXAS STATE,m,,,,,,,,,,,,,,,,11.24 (0.8),22.55 (3.2),,,,,,,7.83,,,,,,,,13.81 (1.4),,,,,,,,,,,,,,,,,,,,,,,,,,,,,,,,,,,,,,,,,,,,,,,,,,,,,,,,,,,,,,,,,,,,,,,,,,,,,,,,,,,,,,,,,,,,,,,,,,,,
8331277,Casey Helm,PRINCETON,m,,,,,,,,,,,,,,,,,,,,,,,,,,,,"18.80m 61' 8.25""",,,,,"63.37m 207' 11""",,,,,,,,,,,,,,,,,,,,,,,,,,,,,,,,,,,,,,,,,,,,,,,,,,,,,,,,,,,,,,,,,,,,,,,,,,,,,,,,,,,,,,,,,,,,,,,,,,,
8343518,Elias Gerald,USC,m,,,,,,,,,,,,,,,,,,,,,"7.44m (-0.3) 24' 5""","12.99m (+0.0) 42' 7.5""",,,,,"2.23m 7' 3.75""",,,,,14.60 (2.2),,,,,,,,,,,,,,,,,,,,,,,,,,,,,,,,,,,,,,,,,,,,,,,,,,,,,,,,,,,,,,,,,,,,,,,,,,,,,,,,,,,,,,,,,,,,,,,,,,,,
8712379,Gabriel Oliveria,EASTERN MICHIGAN,m,,,,,,,,,,,,,,,,11.17 (0.9),,,,"30.65m 100' 7""","7.36m (-0.3) 24' 1.75""","15.54m (0.6) 51' 0""",,,,,"1.82m 5' 11.5""",,,,,,,,,,,,,,,,,,,,,,,,,,,,,,,,,,,,,,,,,,,,,,,,,,,,,,,,,,,,,,,,,,,,,,,,,,,,,,,,,,,,,,,,,,,,,,,,,,,,,,,,,
7487906,Rasheeme Griffith,TENNESSEE,,,,,,,,,,,,,,,,,,22.16,,47.09,,,,,,,48.79,,,,,,,,,,,,1:04.44,,,,,,,,,,,,,,,,,,,,,,,,,,,,,,,,,,,,,,,,,,,,,,,,,,,,,,,,,,,,,,,,,,,,,,,,,,,,,,,,,,,,,,,,,,,,,,
9277224,Shantangelo Williams,NORTHWESTERN ST.,f,,,,,,,,,,,,,,,,,,,,,,,,,,,,"12.89m 42' 3.5""",,,,,"51.10m 167' 8""",,,,,,,,,,,,,,,,,,,,,,,,,,,,,,,,,,,,,,,,,,,,,,,,,,,,,,,,,,,,,,,,,,,,,,,,,,,,,,,,,,,,,,,,,,,,,,,,,,,
9272026,Richlu Tudee,ARIZONA STATE,m,,,,,,,,,,,,,,,6.76,10.59 (-0.3),20.82 (-0.8),,,,,,,,,,,,,,,,,,,,,,,,,,,,,,,,,,,,,,,,,,,,,,,,,,,,,,,,,,,,,,,,,,,,,,,,,,,,,,,,,,,,,,,,,,,,,,,,,,,,,,,,,,,,,,,,,,,
8978993,Noel Evans,CHARLOTTE,f,,,,,,,,,,,,,,,,,23.53 (0.5),38.17,52.90,,,,,,,,,,,,,,,,,,,,,,,,,,,,,,,,,,,,,,,,,,,,,,,,,,,,,,,,,,,,,,,,,,,,,,,,,,,,,,,,,,,,,,,,,,,,,,,,,,,,,,,,,,,,,,,,,
7037364,Tyler Johnson,OHIO STATE,,,,,,,,,,,,,,,,6.70,,20.57 (2.4),32.55,44.95,,,,,,,,,,,,,,,,,,,,,,,,,,,,,,,,,,,,,,,,,,,,,,,,,,,,,,,,,,,,,,,,,,,,,,,,,,,,,,,,,,,,,,,,,,,,,,,,,,,,,,,,,,,,,,,,,
7886983,Jalaysiya Smith,USC,,,,,,,,,,,,,,,,7.74,12.00 (0.4),24.29 (+0.0),,,,,,,8.28,12.75 (2.5),1:00.36,,,,,,,,,,,,,,,,,,,,,,,,,,,,,,,,,,,,,,,,,,,,,,,,,,,,,,,,,,,,,,,,,,,,,,,,,,,,,,,,,,,,,,,,,,,,,,,,,,,,,,,,,,
8669040,Erin Brown,COLORADO ST.,f,,,,,,,,,,,,,,,,,,,,"29.53m 96' 10""",,,,,,,,"16.24m 53' 3.5""",,,,,"49.82m 163' 5""","55.20m 181' 1""","17.10m 56' 1.25""",,,,,,,,,,,,,,,,,,,,,,,,,,,,,,,,,,,,,,,,,,,,,,,,,,,,,,,,,,,,,,,,,,,,,,,,,,,,,,,,,,,,,,,,,,,,,,,,,
9253794,Patchnalie Compere,OLE MISS,f,,,,,,,,,,,,,,,7.46,11.35 (3.6),22.94 (1.6),37.40,59.17,,,,,,,,,,,,,,,,,,,,,,,,,,,,,,,,,,,,,,,,,,,,,,,,,,,,,,,,,,,,,,,,,,,,,,,,,,,,,,,,,,,,,,,,,,,,,,,,,,,,,,,,,,,,,,,,,
6882592,Kenneth Rooks,BYU,,,1:50.90,3:59.65,15:31.3,,,3:44.44,,8:22.56,22:32.3,28:25.2,,7:55.44,,,,,,,,,,,,,,,,,,,,,,,,,,,,,,,,,,,,,,,,,,,,,,,,,,,,,,,,,,,,,,,,,,,,22:21.9,,,,,,,,,,,,,,,,,,,,,,,,,,,,,,,,,,,,,,,,,,,,,,,,,,,
8978585,Jadon Spain,PRINCETON,m,,,,,,,,,,,,,,,6.68,10.22 (3.1),21.47 (2.1),,,,,,,,,,,,,,,,,,,,,,,,,,,,,,,,,,,,,,,,,,,,,,,,,,,,,,,,,,,,,,,,,,,,,,,,,,,,,,,,,,,,,,,,,,,,,,,,,,,,,,,,,,,,,,,,,,,
8231050,Timothy Cherry,MICHIGAN STATE,m,,1:48.65,3:58.93,15:25.6,,,3:38.73,,,,,,,,,,,,,,,,,,,,,,,,,,,,,,,,,,,,,,,,,,,,,,,,,15:48.7,,,,,,,,,,,,,,,,,,,,,,,,,,,,,,,,,,,,,,,,,,,,,,,,,,,,,,,,,,,,,,,,,,,,,,,,,,,,
7562624,Journey Gurley,VIRGINIA TECH,,,,,,,,,,,,,,,,,13.13 (2.4),28.33 (0.2),,,,"4.86m (-0.9) 15' 11.5""","10.34m (-0.1) 33' 11.25""",,,,,"1.55m 5' 1""",,,,"4.33m 14' 2.5""",,,,,,,,,,,,,,,,,,,,,,,,,,,,,,,,,,,,,,,,,,,,,,,,,,,,,,,,,,,,,,,,,,,,,,,,,,,,,,,,,,,,,,,,,,,,,,,,,,,,,
9067406,Fin Essley,MARYLAND,m,,,,,,,,,,,,,,,,,,,,,,,,,,,,,,,,,"49.88m 163' 8""","62.13m 203' 10""",,,,,,,,,,,,,,,,,,,,,,,,,,,,,,,,,,,,,,,,,,,,,,,,,,,,,,,,,,,,,,,,,,,,,,,,,,,,,,,,,,,,,,,,,,,,,,,,,,
8336232,Joseph Manser,MINNESOTA,m,,,,,,,,,,,,,,,,10.24 (6.0),21.04 (1.6),35.08,47.35,,,,,,,,,,,,,,,,,,,,,,,,,,,,,,,,,,,,,,,,,,,,,,,,,,,,,,,,,,,,,,,,,,,,,,,,,,,,,,,,,,,,,,,,,,,,,,,,,,,,,,,,,,,,,,,,,
7907630,Cody Larson,SOUTH DAKOTA ST.,m,,,4:00.97,,,,3:40.37,13:34.46,8:28.94,23:15.6,29:34.2,,8:03.10,,,,,,,,,,,,,,,,,,,,,,,,,,,,,,,18:00.1,,,,,,,,,,,,,,,,,,,,,,,,,,,,,,,,,,,,,,,,,,,,,,,,,,,,,,,,,,,,,,,,,,,,,,,,,,,,,,,,,,,,,,,,
8607433,Justin Pretre,CALIFORNIA,m,,1:50.69,3:58.11,,,,3:40.56,,,23:14.3,30:36.5,,7:51.57,,,,,,,,,,,,,,,,,,,,,,,,,,,,,,,,,,,,,,,,,,,,,,,,,,,,,,,,,,,,,,,,,,,,,,,,,,,,,,,,,,,,,,,,,,,,,,,,,,,,,,,,,,,,,,,,,,,,,,,
9169015,Hamdani Benahmed,ALABAMA,m,,1:47.89,3:58.23,,,,3:39.58,,,24:05.7,,,7:59.13,,,,,,,,,,,,,,,,,,,,,,,,,,,,,,,19:47.3,,,,,,,,,,,,,,,,,,,,,,,,,,,,,,,,,,,,,,,,,,,,,,,,,,,,,,,,,,,,,,,,,,,,,,,,,,,,,,,,,,,,,,,,
8714487,Aniyah Bigam,LSU,f,,,,,,,,,,,,,,,7.27,11.18 (1.1),22.71 (1.7),,,,,,,,,,,,,,,,,,,,,,,,,,,,,,,,,,,,,,,,,,,,,,,,,,,,,,,,,,,,,,,,,,,,,,,,,,,,,,,,,,,,,,,,,,,,,,,,,,,,,,,,,,,,,,,,,,,
7934445,Everlyn Kemboi,UTAH VALLEY,,,,5:05.07,18:16.6,19:33.0,,4:17.50,15:20.67,,,,,9:21.33,,,,,,,,,,32:03.30,,,,,,,,,,,,,,,,,,,,,,,,,,,,,,,,16:12.0,,,,,,,,,,,,,,,,,,,,,,,,,,,,,,,,,,,,,,,,,,,,,,,,,,,,,,,,,,,,,,,,,,,,,,,,,,,,,
7040023,Amani Heaven,ALABAMA,,,,,,,,,,,,,,,,,,,,,,,,,,,,,"16.98m 55' 8.5""",,,,,"54.41m 178' 6""",,"15.67m 51' 5""",,,,,,,,,,,,,,,,,,,,,,,,,,,,,,,,,,,,,,,,,,,,,,,,,,,,,,,,,,,,,,,,,,,,,,,,,,,,,,,,,,,,,,,,,,,,,,,,,
7977924,Henry Zimmerman,TEXAS A&M,m,,,,,,,,,,,,,,,,,,,,,,,,,,,,,,,,,"48.67m 159' 8""","69.04m 226' 6""","23.15m 75' 11.5""",,,,,,,,,,,,,,,,,,,,,,,,,,,,,,,,,,,,,,,,,,,,,,,,,,,,,,,,,,,,,,,,,,,,,,,,,,,,,,,,,,,,,,,,,,,,,,,,,
8255868,Sawyer Schmidt,KANSAS,m,,,4:02.89,,18:54.0,,3:46.02,14:33.27,8:48.09,24:06.7,31:02.0,,8:04.87,,,,,,,,,,,,,,,,,,,,,,,,25:28.4,,,,,,,,,,,,,,,,,,,,,,,,,,,,,,,,,,,,,,,,,,,,,,,,,,,,,,,,,,,,,,,,,,,,,,,,,,,,,,,,,,,,,,,,,,,,,,,
8672026,Seth Stockton,ALABAMA STATE,m,,,,,,,,,,,,,,,,11.25 (+0.0),22.89 (3.0),,,"35.02m 114' 11""","7.25m (2.9) 23' 9.5""","15.93m 52' 3.25""",,,,,,,,,"3.05m 10' 0""",,,,,,,,,,,,,,,,,,,,,,,,,,,,,,,,,,,,,,,,,,,,,,,,,,,,,,,,,,,,,,,,,,,,,,,,,,,,,,,,,,,,,,,,,,,,,,,,,,,,,
9273508,Warner Papillion,PURDUE,m,,,,,,,4:46.56,,,,,2:40.67,,,7.13,10.81 (3.5),21.80 (1.9),,47.75,"48.62m 159' 6""","6.83m (2.9) 22' 5""",,,8.41,,,"1.88m 6' 2""","11.96m 39' 3""",,5161,"4.00m 13' 1.5""",15.11 (-0.1),"36.44m 119' 7""",,,6771,,,,,,,,,,,,,,,,,,,,,,,,,,,,,,,,,,,,,,,,,,,,,,,,,,,,,,,,,,,,,,,,,,,,,,,,,,,,,,,,,,,,,,,,,,,,,,,,
9257057,Briana St. Louis,KENTUCKY,f,,,,,,,,,,,,,,,7.62,12.07 (-0.5),23.48,37.97,,,,,,,,,,,,,,,,,,,,,,,,,,,,,,,,,,,,,,,,,,,,,,,,,,,,,,,,,,,,,,,,,,,,,,,,,,,,,,,,,,,,,,,,,,,,,,,,,,,,,,,,,,,,,,,,,,
6587509,Latavia Maines,TENNESSEE,,,,,,,,,,,,,,,,,,,,,,,,,,,,,"18.71m 61' 4.75""",,,,,"41.35m 135' 8""","40.93m 134' 3""","15.87m 52' 1""",,,,,,,,,,,,,,,,,,,,,,,,,,,,,,,,,,,,,,,,,,,,,,,,,,,,,,,,,,,,,,,,,,,,,,,,,,,,,,,,,,,,,,,,,,,,,,,,,
9099066,Hannah Prosser,COLORADO,f,,,,,19:47.8,,,,,,,,,,,,,,,,,,32:49.37,,,,,,,,,,,,,,,,,,,,,,,,,,,,,,,,,,,,,,,,,,,,,,,,,,,,,,,,,,,,,,,,,,,,,,,,,,,,,,,,,,,,,,,,,,,,,,,,,,,,,,,,,,,,,
8312278,Landon Olson,SOUTH DAKOTA,m,,,,,,,,,,,,,,,,,,,,,"7.00m (0.1) 22' 11.75""",,,,,,"2.20m 7' 2.5""",,,,,,,,,,,,,,,,,,,,,,,,,,,,,,,,,,,,,,,,,,,,,,,,,,,,,,,,,,,,,,,,,,,,,,,,,,,,,,,,,,,,,,,,,,,,,,,,,,,,,,,,,
8710581,Abigail Martin,TEXAS A&M,f,,,,,,,,,,,,,,,,,,,,,,,,,,,,,,,,,"59.44m 195' 0""",,,,,,,,,,,,,,,,,,,,,,,,,,,,,,,,,,,,,,,,,,,,,,,,,,,,,,,,,,,,,,,,,,,,,,,,,,,,,,,,,,,,,,,,,,,,,,,,,,,
8367952,Katrin Brzyszkowska,VIRGINIA TECH,f,,,,,,,,,,,,,,,,,,,,,,,,,,,,"17.76m 58' 3.25""",,,,,"47.96m 157' 4""",,,,,,,,,,,,,,,,,,,,,,,,,,,,,,,,,,,,,,,,,,,,,,,,,,,,,,,,,,,,,,,,,,,,,,,,,,,,,,,,,,,,,,,,,,,,,,,,,,,
8703987,Tyler Knowles,LONG BEACH ST.,m,,,,,,,,,,,,,,,,,,,,,,,,,,,,"15.57m 51' 1""",,,,,"47.51m 155' 10""","63.24m 207' 6""","20.34m 66' 8.75""",,,,,,,,,,,,,,,,,,,,,,,,,,,,,,,,,,,,,,,,,,,,,,,,,,,,,,,,,,,,,,,,,,,,,,,,,,,,,,,,,,,,,,,,,,,,,,,,,
9281018,Kierson Wicks,KANSAS,m,,,,,,,,,,,,,,,,,,,,,,,,,,,"2.17m 7' 1.5""",,,,,,,,,,,,,,,,,,,,,,,,,,,,,,,,,,,,,,,,,,,,,,,,,,,,,,,,,,,,,,,,,,,,,,,,,,,,,,,,,,,,,,,,,,,,,,,,,,,,,,,,,
7974488,Chinecherem Prosper Nnamdi,TEXAS A&M,m,,,,,,,,,,,,,,,,,,,,"84.68m 277' 10""",,,,,,,,,,,,,,,,,,,,,,,,,,,,,,,,,,,,,,,,,,,,,,,,,,,,,,,,,,,,,,,,,,,,,,,,,,,,,,,,,,,,,,,,,,,,,,,,,,,,,,,,,,,,,,,,
9237586,Arabella Wilson,DUKE,f,,2:16.24,,,,,,,,,,,,,,,,,54.69,,"5.49m 18' 0.25""",,,8.83,,57.88,"1.53m 5' 0.25""","11.53m 37' 10""",3762,,,,,,,,,,,,,,,,,,,,,,,,,,,,,,,,,,,,,,,,,,,,,,,,,,,,,,,,,,,,,,,,,,,,,,,,,,,,,,,,,,,,,,,,,,,,,,,,,,,,,,,
8719523,Eliza Lemberga,UT-ARLINGTON,f,,2:13.14,,,,,,,,,,,,,,,26.17 (1.5),,,"45.07m 147' 10""","5.70m 18' 8.5""","11.67m 38' 3.5""",,8.97,14.48 (3.4),,"1.68m 5' 6""","13.09m 42' 11.5""",4052,5558,,,,,,,,,,,1:28.24,,,,,,,,,,,,,,,,,,,,,,,,,,,,,,,,,,,,,,,,,,,,,,,,,,,,,,,,,,,,,,,,,,,,,,,,,,,,,,,,,,,,,,,,,,,
8705500,Reagan Wise,LIBERTY,m,,,,,,,,,,,,,,,,,,,,,,,,,,,"1.82m 5' 11.5""",,,,"5.22m 17' 1.5""",,,,,,,,,,,,,,,,,,,,,,,,,,,,,,,,,,,,,,,,,,,,,,,,,,,,,,,,,,,,,,,,,,,,,,,,,,,,,,,,,,,,,,,,,,,,,,,,,,,,,
8675560,Uroy Ryan,KANSAS STATE,m,,,,,,,,,,,,,,,6.82,10.59 (+0.0),,,,,"8.04m 26' 4.5""","14.79m (-1.1) 48' 6.25""",,,,,,,,,,,,,,,,,,,,,,,,,,,,,,,,,,,,,,,,,,,,,,,,,,,,,,,,,,,,,,,,,,,,,,,,,,,,,,,,,,,,,,,,,,,,,,,,,,,,,,,,,,,,,,
8324599,Nastassja Campbell,WASHINGTON,,,,,,,,,,,,,,,,,,,,,,,,,,,,,,,,"4.55m 14' 11""",,,,,,,,,,,,,,,,,,,,,,,,,,,,,,,,,,,,,,,,,,,,,,,,,,,,,,,,,,,,,,,,,,,,,,,,,,,,,,,,,,,,,,,,,,,,,,,,,,,,,
8321261,Zoe Arakelian,FORDHAM,f,,,,,,,,,,,,,,,,,,,,,,,,,,,"1.75m 5' 8.75""",,,,,,,,,,,,,,,,,,,,,,,,,,,,,,,,,,,,,,,,,,,,,,,,,,,,,,,,,,,,,,,,,,,,,,,,,,,,,,,,,,,,,,,,,,,,,,,,,,,,,,,,,
9246996,Werner Bezuidenhout,BAYLOR,m,,,,,,,,,,,,,,,7.13,10.94 (0.2),,,,,,,,7.98,,,,,,,,13.83 (3.1),,,,,,,,,,,,,,,,,,,,,,,,,,,,,,,,,,,,,,,,,,,,,,,,,,,,,,,,,,,,,,,,,,,,,,,,,,,,,,,,,,,,,,,,,,,,,,,,,,,,
8329651,Samantha Romano,VIRGINIA,f,,,,,,,,,,,,,,,,,,,,,,,,,,,,,,,"4.34m 14' 2.75""",,,,,,,,,,,,,,,,,,,,,,,,,,,,,,,,,,,,,,,,,,,,,,,,,,,,,,,,,,,,,,,,,,,,,,,,,,,,,,,,,,,,,,,,,,,,,,,,,,,,,
9009649,Kenneth Byrd,LOUISVILLE,m,,,,,,,4:44.32,,,,,2:43.36,,,6.97,10.85 (-0.6),,,48.89,"50.03m 164' 2""","7.46m 24' 5.75""",,,8.19,,,"2.13m 6' 11.75""","14.05m 46' 1.25""",,6161,"5.57m 18' 3.25""",14.60 (0.8),"44.35m 145' 6""",,,7891,,,,,,,,,,,,,,,,,,,,,,,,,,,,,,,,,,,,,,,,,,,,,,,,,,,,,,,,,,,,,,,,,,,,,,,,,,,,,,,,,,,,,,,,,,,,,,,,
8001728,Alexavier Monfries,SOUTH FLORIDA,m,,,,,,,,,,,,,,,6.79,10.30 (2.4),20.60 (3.2),33.99,46.34,,,,,,,,,,,,,,,,,,,,,,,,,,,,,,,,,,,,,,,,,,,,,,,,,,,,,,,,,,,,,,,,,,,,,,,,,,,,,,,,,,,,,,,,,,,,,,,,,,,,,,,,,,,,,,,,,
8696118,Anje Nel,MISS STATE,f,1:33.58,2:10.85,,,,,,,,,,,,,,12.91 (-0.5),,,56.10,,,,,8.99,14.33 (1.3),58.36,,,,,,,,,,,,,,,,,,,,,,,,,,,,,,,,,,,,,,,,,,,,,,,,,,,,,,,,,,,,,,,,,,,,,,,,,,,,,,,,,,,,,,,,,,,,,,,,,,,,,,,,,,
9242890,Janaree Kinchen,FLORIDA A&M,f,,,,,,,,,,,,,,,7.34,11.15 (1.8),23.48 (2.1),,,,,,,,,,,,,,,,,,,,,,,,,,,,,,,,,,,,,,,,,,,,,,,,,,,,,,,,,,,,,,,,,,,,,,,,,,,,,,,,,,,,,,,,,,,,,,,,,,,,,,,,,,,,,,,,,,,
8711955,Mariia Horielova,ALABAMA,f,,,,,,,,,,,,,,,,,,,,,"6.48m (2.9) 21' 3.25""",,,,,,,,,,,,,,,,,,,,,,,,,,,,,,,,,,,,,,,,,,,,,,,,,,,,,,,,,,,,,,,,,,,,,,,,,,,,,,,,,,,,,,,,,,,,,,,,,,,,,,,,,,,,,,,
8674234,Rachel Mehringer,INDIANA STATE,f,,,,,,,,,,,,,,,7.52,12.02 (2.2),24.80 (0.7),,,,,,,8.16,12.64 (5.6),,,,,,,,,,,,,,,,,,,,,,,,,,,,,,,,,,,,,,,,,,,,,,,,,,,,,,,,,,,,,,,,,,,,,,,,,,,,,,,,,,,,,,,,,,,,,,,,,,,,,,,,,,,
8711056,Sterling Scott,OLE MISS,,,,,,,,,,,,,,,,,,,,,,"7.40m (1.5) 24' 3.5""","16.43m (2.4) 53' 11""",,,,,,,,,,,,,,,,,,,,,,,,,,,,,,,,,,,,,,,,,,,,,,,,,,,,,,,,,,,,,,,,,,,,,,,,,,,,,,,,,,,,,,,,,,,,,,,,,,,,,,,,,,,,,,
8990820,Shane Zierden,NORTH DAKOTA,m,,,,,,,,,,,,,,,7.29,11.05 (2.1),,,,"53.16m 174' 5""","7.67m (1.4) 25' 2""","14.86m 48' 9""",,,,,,,,,,,,,,,,,,,,,,,,,,,,,,,,,,,,,,,,,,,,,,,,,,,,,,,,,,,,,,,,,,,,,,,,,,,,,,,,,,,,,,,,,,,,,,,,,,,,,,,,,,,,,,
8311546,Lauren Thompson,HOWARD,f,,,,,,,,,,,,,,,7.71,12.12 (3.1),24.84,40.99,,,,,,8.35,13.27 (1.7),,,,,,,,,,,,,,,,,,,,,,,,,,,,,,,,,,,,,,,,,,,,,,,,,,,,,,,,,,,,,,,,,,,,,,,,,,,,,,,,,,,,,,,,,,,,,,,,,,,,,,,,,,,
8325019,Jacob Holguin,GRAND CANYON,m,,,,,,,,,,,,,,,6.67,10.34 (2.7),21.33 (2.6),,,,,,,,,,,,,,,,,,,,,,,,,,,,,,,,,,,,,,,,,,,,,,,,,,,,,,,,,,,,,,,,,,,,,,,,,,,,,,,,,,,,,,,,,,,,,,,,,,,,,,,,,,,,,,,,,,,
8362068,Anisha Gibbons,NORTHWESTERN ST.,f,,,,,,,,,,,,,,,,,,,,"51.27m 168' 2""",,,,,,,,"9.46m 31' 0.5""",,,,,,,"9.38m 30' 9.25""",,,,,,,,,,,,,,,,,,,,,,,,,,,,,,,,,,,,,,,,,,,,,,,,,,,,,,,,,,,,,,,,,,,,,,,,,,,,,,,,,,,,,,,,,,,,,,,,,
8671718,Mason Meinershagen,KANSAS,f,,,,,,,,,,,,,,,,,,,,,,,,,,,"1.84m 6' 0.5""",,,,"4.57m 15' 0""",,,,,,,,,,,,,,,,,,,,,,,,,,,,,,,,,,,,,,,,,,,,,,,,,,,,,,,,,,,,,,,,,,,,,,,,,,,,,,,,,,,,,,,,,,,,,,,,,,,,,
9243106,Konstantinos Panagopoulos,LEHIGH,m,,,,,,,,,,,,,,,,,,,,,"7.55m (3.5) 24' 9.25""","14.49m (2.4) 47' 6.5""",,,,,,,,,,,,,,,,,,,,,,,,,,,,,,,,,,,,,,,,,,,,,,,,,,,,,,,,,,,,,,,,,,,,,,,,,,,,,,,,,,,,,,,,,,,,,,,,,,,,,,,,,,,,,,
8997259,Lillian Harden,USC,f,,,,,,,,,,,,,,,7.81,,,,,,,,,8.16,13.30 (1.3),,,,,,,,,,,,,,,,,,,,,,,,,,,,,,,,,,,,,,,,,,,,,,,,,,,,,,,,,,,,,,,,,,,,,,,,,,,,,,,,,,,,,,,,,,,,,,,,,,,,,,,,,,,
8005946,Owen Wendl,AKRON,m,,,,,,,,,,,,,,,,,,,,,,,,,,,,"18.92m 62' 1""",,,,,"61.23m 200' 11""","48.14m 157' 11""","16.77m 55' 0.25""",,,,,,,,,,,,,,,,,,,,,,,,,,,,,,,,,,,,,,,,,,,,,,,,,,,,,,,,,,,,,,,,,,,,,,,,,,,,,,,,,,,,,,,,,,,,,,,,,
8327531,Alyssa Armitage,BINGHAMTON,f,,,,,,,,,,,,,,,,,,,,,,,,,,,,,,,"4.10m 13' 5.25""",,,,,,,,,,,,,,,,,,,,,,,,,,,,,,,,,,,,,,,,,,,,,,,,,,,,,,,,,,,,,,,,,,,,,,,,,,,,,,,,,,,,,,,,,,,,,,,,,,,,,
8978252,Prophet Basden Jr,KANSAS,m,1:21.90,,,,,,,,,,,,,,,,,,47.60,,,,,,,,,,,,,,,,,,,,,,1:09.46,,,,,,,,,,,,,,,,,,,,,,,,,,,,,,,,,,,,,,,,,,,,,,,,,,,,,,,,,,,,,,,,,,,,,,,,,,,,,,,,,,,,,,,,,,,
8899125,Sam Scott,MINNESOTA,m,,,4:31.64,15:50.5,,,3:53.88,14:17.85,8:46.84,24:00.4,31:37.2,,8:18.73,,,,,,,,,,,,,,,,,,,,,,,,,,,,,,,,,,,,,,,,,,,,,,,,,,,,,,,,,,,,,,,,,,,,,,,,,,,,,,,,,,,,,,,,,,,,,,,,,,,,,,,,,,,,,,,,,,,,,,,
9251584,Oliver Parker,HARVARD,m,,,,,,,,,,,,,,,,,,,49.19,,,,,,,51.30,,,,,,,,,,,,1:04.56,,,,,,,,,,,,,,,,,,,,,,,,,,,,,,,,,,,,,,,,,,,,,,,,,,,,,,,,,,,,,,,,,,,,,,,,,,,,,,,,,,,,,,,,,,,,,,
8332699,Logan Ashbeck,EASTERN WASHINGTON,m,,,,,,,,,,,,,,,,,,,,"64.08m 210' 3""",,,,,,,,,,,,,,,,,,,,,,,,,,,,,,,,,,,,,,,,,,,,,,,,,,,,,,,,,,,,,,,,,,,,,,,,,,,,,,,,,,,,,,,,,,,,,,,,,,,,,,,,,,,,,,,,
9253413,Derek Shimer,CONNECTICUT,m,,,,,,,,,,,,,,,,,,,,,,,,,,,"2.14m 7' 0.25""",,,,,,,,,,,,,,,,,,,,,,,,,,,,,,,,,,,,,,,,,,,,,,,,,,,,,,,,,,,,,,,,,,,,,,,,,,,,,,,,,,,,,,,,,,,,,,,,,,,,,,,,,
8671124,Marlee Cavitt,NEW MEXICO ST.,f,,,,,,,,,,,,,,,7.42,11.38 (1.2),23.40 (2.5),,,,,,,,,,,,,,,,,,,,,,,,,,,,,,,,,,,,,,,,,,,,,,,,,,,,,,,,,,,,,,,,,,,,,,,,,,,,,,,,,,,,,,,,,,,,,,,,,,,,,,,,,,,,,,,,,,,
9279781,Andre Hodge,CLEMSON,m,,,,,,,,,,,,,,,6.65,10.20 (4.5),21.05 (0.8),,,,,,,,,,,,,,,,,,,,,,,,,,,,,,,,,,,,,,,,,,,,,,,,,,,,,,,,,,,,,,,,,,,,,,,,,,,,,,,,,,,,,,,,,,,,,,,,,,,,,,,,,,,,,,,,,,,
7729916,Favour Ofili,LSU,,,,,,,,,,,,,,,,7.14,10.90 (4.2),21.96 (1.3),,51.49,,,,,,,,,,,,,,,,,,,,,,,,,,,,,,,,,,,,,,,,,,,,,,,,,,,,,,,,,,,,,,,,,,,,,,,,,,,,,,,,,,,,,,,,,,,,,,,,,,,,,,,,,,,,,,,,,
7599292,Keaton Daniel,KENTUCKY,,,,,,,,,,,,,,,,,,,,,,,,,,,,,,,,"5.80m 19' 0.25""",,,,,,,,,,,,,,,,,,,,,,,,,,,,,,,,,,,,,,,,,,,,,,,,,,,,,,,,,,,,,,,,,,,,,,,,,,,,,,,,,,,,,,,,,,,,,,,,,,,,,
7732209,Nickisha Pryce,ARKANSAS,,,2:12.16,,,,,,,,,,,,,,,22.62,,48.89,,,,,,,,,,,,,,,,,,,,,,1:24.03,,,,,,,,,,,,,,,,,,,,,,,,,,,,,,,,,,,,,,,,,,,,,,,,,,,,,,,,,,,,,,,,,,,,,,,,,,,,,,,,,,,,,,,,,,,
8592509,Nathan Lopez,MICHIGAN,m,,,4:00.64,15:03.8,,,3:44.24,13:42.56,,23:14.9,29:36.3,,8:03.81,,,,,,,,,,,,,,,,,,,,,,,,,,,,,,,,,,,,,,,,,,,,,,,,,,,,,,,,,,,,,,,,,,,,,,,,,,,,,,,,,,,,,,,,,,,,,,,,,,,,,,,,,,,,,,,,,,,,,,,
8330427,Valentin Soca,CBU,,,,4:01.98,,,,3:42.09,13:13.10,,22:45.2,29:02.0,,,,,,,,,,,,28:14.96,,,,,,,,,,,,,,,,,,,,,,,23:38.1,,,,,,,,,,,,,,,,,,,,,,,,,,,,,,,,22:47.67,,,,,,,,,,,,,,,,,,,,,,,,,,,,,,,,,,,,,,,,,,,,,,,,,,,,,,
8013312,Rajer Gurode,NEBRASKA,f,,,,,,,,,,,,,,,7.33,11.31 (2.9),23.58 (1.3),,,,,,,,,,,,,,,,,,,,,,,,,,,,,,,,,,,,,,,,,,,,,,,,,,,,,,,,,,,,,,,,,,,,,,,,,,,,,,,,,,,,,,,,,,,,,,,,,,,,,,,,,,,,,,,,,,,
8705557,Dj Fillmore,OHIO STATE,m,,,,,,,,,,,,,,,6.83,10.52 (1.7),21.36 (0.7),35.27,,,"8.23m 27' 0""",,,,,,,,,,,,,,,,,,,,,,,,,,,,,,,,,,,,,,,,,,,,,,,,,,,,,,,,,,,,,,,,,,,,,,,,,,,,,,,,,,,,,,,,,,,,,,,,,,,,,,,,,,,,,,,
9334836,Joseph Duggan,UC IRVINE,m,,,,,,,,,,,,,,,,,,,,,,,,,,,,"17.53m 57' 6.25""",,,,,"56.62m 185' 9""",,,,,,,,,,,,,,,,,,,,,,,,,,,,,,,,,,,,,,,,,,,,,,,,,,,,,,,,,,,,,,,,,,,,,,,,,,,,,,,,,,,,,,,,,,,,,,,,,,,
8351564,Kaitlyn Washington,LOUISIANA TECH,f,,,,,,,,,,,,,,,,,,,,,,,,,,,,"13.94m 45' 9""",,,,,"54.33m 178' 3""","49.38m 162' 0""","18.88m 61' 11.5""",,,,,,,,,,,,,,,,,,,,,,,,,,,,,,,,,,,,,,,,,,,,,,,,,,,,,,,,,,,,,,,,,,,,,,,,,,,,,,,,,,,,,,,,,,,,,,,,,
8711001,Jayden Davis,ARIZONA STATE,m,,,,,,,,,,,,,,,6.96,,21.13,33.18,44.29,,,,,,,,,,,,,,,,,,,,,,1:07.92,,,,,,,,,,,,,,,,,,,,,,,,,,,,,,,,,,,,,,,,,,,,,,,,,,,,,,,,,,,,,,,,,,,,,,,,,,,,,,,,,,,,,,,,,,,
8678240,Aaliyah Berry,NORTH CAROLINA,f,,,,,,,,,,,,,,,,,24.46,,,,,,,8.20,13.09 (1.0),1:06.47,,,,,,,,,,,,,,,,,,,,,,,,,,,,,,,,,,,,,,,,,,,,,,,,,,,,,,,,,,,,,,,,,,,,,,,,,,,,,,,,,,,,,,,,,,,,,,,,,,,,,,,,,,
8983975,Ndayiragije Shukurani,COLORADO ST.,m,,,,,,,,,,,,,,,,,,,,,"7.34m (1.1) 24' 1""","16.13m (0.9) 52' 11""",,,,,"2.18m 7' 1.75""",,,,,,,,,,,,,,,,,,,,,,,,,,,,,,,,,,,,,,,,,,,,,,,,,,,,,,,,,,,,,,,,,,,,,,,,,,,,,,,,,,,,,,,,,,,,,,,,,,,,,,,,,
9010983,Ryan Farness,NC STATE,m,,,,,,,,,,,,,,,,10.58 (2.3),21.93 (0.3),,,,"7.34m (-0.6) 24' 1""","15.78m (2.0) 51' 9.25""",,,,,,,,,,,,,,,,,,,,,,,,,,,,,,,,,,,,,,,,,,,,,,,,,,,,,,,,,,,,,,,,,,,,,,,,,,,,,,,,,,,,,,,,,,,,,,,,,,,,,,,,,,,,,,
8349912,Faith Spencer,EAST CAROLINA,f,,,,,,,,,,,,,,,,,,,,,"6.03m (1.8) 19' 9.5""","13.09m (4.2) 42' 11.5""",,,,,"1.68m 5' 6""",,,,,,,,,,,,,,,,,,,,,,,,,,,,,,,,,,,,,,,,,,,,,,,,,,,,,,,,,,,,,,,,,,,,,,,,,,,,,,,,,,,,,,,,,,,,,,,,,,,,,,,,,
7895317,Victor Kiprop,ALABAMA,,,,4:01.20,,,,3:40.79,13:24.44,,22:07.2,28:29.9,,7:50.75,,,,,,,,,,27:57.63,,,,,,,,,,,,,,23:12.3,,,,,,,,,,,,,,,,,,,,,,,,,,,,,23:22.3,,,,,,,,,,,,,,,,,,23:13.9,,,,,,,,,,,,,,,,,,,,,,,23:16.9,,,,,,,,,,,,,,,,,,,,,,,,,
7476114,Slavko Stevic,SE LOUISIANA,,,,,,,,,,,,,,,,7.37,11.71 (-2.0),23.15,,,,,"13.26m 43' 6""",,,,,"2.22m 7' 3.25""",,,,,,"36.37m 119' 4""",,,,,,,,,,,,,,,,,,,,,,,,,,,,,,,,,,,,,,,,,,,,,,,,,,,,,,,,,,,,,,,,,,,,,,,,,,,,,,,,,,,,,,,,,,,,,,,,,,,
8995008,Abbie Scott,BYU,f,,,,,,,,,,,,,,,,,,,,,,,,,,,,,,,"4.25m 13' 11.25""",,,,,,,,,,,,,,,,,,,,,,,,,,,,,,,,,,,,,,,,,,,,,,,,,,,,,,,,,,,,,,,,,,,,,,,,,,,,,,,,,,,,,,,,,,,,,,,,,,,,,
8257480,Seth Babbel,IDAHO STATE,m,,,4:17.04,,18:49.2,14:32.5,3:50.36,14:01.79,,23:46.4,31:03.9,,8:24.41,,,,,,,,,,28:50.63,,,,,,,,,,,,,,26:02.8,,,,,,,,,,,,,,,,,,,,,,,,,,,,,,,,,,,,,,,,,,,,,,21:09.7,,,,,,,,25:16.0,,,,,,,,,,,,,,,,,,,,,,,,,,,,,,,,,,,,,,,,,
6550052,Madison Pollard,INDIANA,,,,,,,,,,,,,,,,,,,,,,,,,,,,,"17.57m 57' 7.75""",,,,,"53.59m 175' 10""",,"18.87m 61' 11""",,,,,,,,,,,,,,,,,,,,,,,,,,,,,,,,,,,,,,,,,,,,,,,,,,,,,,,,,,,,,,,,,,,,,,,,,,,,,,,,,,,,,,,,,,,,,,,,,
7499758,Jayla Hooper,TEXAS A&M,f,,,,,,,,,,,,,,,,,,,,,,,,,,,,"15.50m 50' 10.25""",,,,,"50.09m 164' 4""","60.83m 199' 7""","20.71m 67' 11.5""",,,,,,,,,,,,,,,,,,,,,,,,,,,,,,,,,,,,,,,,,,,,,,,,,,,,,,,,,,,,,,,,,,,,,,,,,,,,,,,,,,,,,,,,,,,,,,,,,
8329807,Trelee Banks,INDIANA,m,,,,,,,,,,,,,,,6.64,10.05 (2.6),20.10 (7.5),32.89,,,,,,,,,,,,,,,,,,,,,,,,,,,,,,,,,,,,,,,,,,,,,,,,,,,,,,,,,,,,,,,,,,,,,,,,,,,,,,,,,,,,,,,,,,,,,,,,,,,,,,,,,,,,,,,,,,
8986599,Jefferson Mcmullin,BYU,m,,,4:15.62,,,,3:55.83,13:59.32,8:43.97,,,,8:09.72,,,,,,,,,,,,,,,,,,,,,,,,,,,,,,,,,,,,,,,,,,,,,,,,,,,,,,,,,,,,,,,,,,,,,,,,,,,,,,,,,,,,,,,,,,,,,,,,,,,,,,,,,,,,,,,,,,,,,,,
8328345,Elijah Mallard,SYRACUSE,m,,,,,,,,,,,,,,,,,21.54,33.85,46.23,,,,,8.33,,49.11,,,,,,,,,,,,,,,,,,,,,,,,,,,,,,,,,,,,,,,,,,,,,,,,,,,,,,,,,,,,,,,,,,,,,,,,,,,,,,,,,,,,,,,,,,,,,,,,,,,,,,,,,,
8668057,Xavier Griffiths,MICHIGAN STATE,m,,,,,,,,,,,,,,,,,,,,,,,,,,,,"15.93m 52' 3.25""",,,,,"42.68m 140' 0""","65.99m 216' 6""","21.02m 68' 11.75""",,,,,,,,,,,,,,,,,,,,,,,,,,,,,,,,,,,,,,,,,,,,,,,,,,,,,,,,,,,,,,,,,,,,,,,,,,,,,,,,,,,,,,,,,,,,,,,,,
8321534,Zach Petko,NOTRE DAME,m,,,,,,,,,,,,,,,,,,,,,,,,,,,,"18.52m 60' 9.25""",,,,,"50.05m 164' 2""","53.87m 176' 9""","16.70m 54' 9.5""",,,,,,,,,,,,,,,,,,,,,,,,,,,,,,,,,,,,,,,,,,,,,,,,,,,,,,,,,,,,,,,,,,,,,,,,,,,,,,,,,,,,,,,,,,,,,,,,,
8699941,Tylor Connelly,CSUN,m,,,,,,,,,,,,,,,,,,,,,,,,,,,,,,,,,,"64.82m 212' 8""","20.26m 66' 5.75""",,,,,,,,,,,,,,,,,,,,,,,,,,,,,,,,,,,,,,,,,,,,,,,,,,,,,,,,,,,,,,,,,,,,,,,,,,,,,,,,,,,,,,,,,,,,,,,,,
8707792,Emani George,GEORGIA SOUTHERN,f,,,,,,,,,,,,,,,7.58,11.55 (3.4),24.46 (2.8),,,,,,,,,,,,,,,,,,,,,,,,,,,,,,,,,,,,,,,,,,,,,,,,,,,,,,,,,,,,,,,,,,,,,,,,,,,,,,,,,,,,,,,,,,,,,,,,,,,,,,,,,,,,,,,,,,,
8976237,Justin Sluijter,HIGH POINT,m,,,,,,,,,,,,,,,7.24,11.17 (1.6),22.03,,,"59.61m 195' 7""","7.89m (+0.0) 25' 10.75""","14.20m 46' 7.25""",,,,,"1.83m 6' 0""",,,,,,,,,,,,,,,,,,,,,,,,,,,,,,,,,,,,,,,,,,,,,,,,,,,,,,,,,,,,,,,,,,,,,,,,,,,,,,,,,,,,,,,,,,,,,,,,,,,,,,,,,
8237628,Payton Hinkle,OKLAHOMA STATE,f,,2:15.85,4:45.56,,20:26.4,,4:23.97,,10:16.11,,,2:48.77,9:18.47,11:18.9,,,,,,,,,,,,,,,,,,,,,,,,,,,,,,,,,,,,,,,,,,,,,,,,,,,,,,,,,,,,,,,,,,,,,,,,,,,,,,,,,,,,,,,,,,,,,,,,,,,,,,,,,,,,,,,,,,,,,,
9251140,Premier Wynn,TENNESSEE,m,,,,,,,,,,,,,,,7.04,,20.91 (0.5),33.05,46.00,,,,,,,50.70,,,,,,,,,,,,,,,,,,,,,,,,,,,,,,,,,,,,,,,,,,,,,,,,,,,,,,,,,,,,,,,,,,,,,,,,,,,,,,,,,,,,,,,,,,,,,,,,,,,,,,,,,,
8014290,Sam Hurley,TEXAS TECH,m,,,,,,,,,,,,,,,,11.34 (1.6),,,52.01,"50.75m 166' 6""","6.95m (3.3) 22' 9.75""","12.58m (0.8) 41' 3.25""",,,,,"2.21m 7' 3""","10.85m 35' 7.25""",,,"5.54m 18' 2""",15.44 (0.9),"27.99m 91' 10""",,,4501,,,,,,,,,,,,,,,,,,,,,,,,,,,,,,,,,,,,,,,,,,,,,,,,,,,,,,,,,,,,,,,,,,,,,,,,,,,,,,,,,,,,,,,,,,,,,,,,
7545644,Destiny Huven,ARKANSAS,,,,,,,,,,,,,,,,7.42,11.94 (-0.3),24.44,43.42,,,,,,7.99,12.72 (3.4),,,,,,,,,,,,,,,,,,,,,,,,,,,,,,,,,,,,,,,,,,,,,,,,,,,,,,,,,,,,,,,,,,,,,,,,,,,,,,,,,,,,,,,,,,,,,,,,,,,,,,,,,,,
9000628,Isaac Chandra,SOUTH FLORIDA,m,,,,,,,,,,,,,,,6.76,10.41 (2.9),21.43 (+0.0),,,,,,,,,,,,,,,,,,,,,,,,,,,,,,,,,,,,,,,,,,,,,,,,,,,,,,,,,,,,,,,,,,,,,,,,,,,,,,,,,,,,,,,,,,,,,,,,,,,,,,,,,,,,,,,,,,,
9007417,Mia Cochran,WASHINGTON,f,,,4:29.10,,,,4:09.95,15:40.96,,,,,8:57.00,,,,,,,,,,,,,,,,,,,,,,,,,,,,,,,,,,,,,,,,,,,,,,,,,,,,,,,,,,,,,,,,,,,,,,,,,,,,,,,,,,,,,,,,,,,,,,,,,,,,,,,,,,,,,,,,,,,,,,,
8926995,Ernesto Ruiz,CBU,m,,,,,,,3:48.81,13:47.70,8:44.47,23:58.2,29:47.3,,,,,,,,,,,,28:34.37,,,,,,,,,,,,,,,,,,,,,,,24:03.8,,,,,,,,,,,,,,,,,,,,,,,,,,,,,,,,,,,,,21:49.7,,,,,,,,,,,,,,,,,,,,,,,,,,,,,,,,,,,,,,,,,,,,,,,,,
8999683,Esmeray Demirbas,UC IRVINE,f,,,,,,,,,,,,,,,,,24.99 (1.0),,55.36,,,,,8.55,14.34 (+0.0),57.81,"1.79m 5' 10.5""",,,,,,,,,,,,,,,,,,,,,,,,,,,,,,,,,,,,,,,,,,,,,,,,,,,,,,,,,,,,,,,,,,,,,,,,,,,,,,,,,,,,,,,,,,,,,,,,,,,,,,,,,
8361795,Sherman Hawkins,MISS STATE,m,,,,,,,,,,,,,,,6.77,,20.76 (1.0),,46.00,,"7.56m (-1.2) 24' 9.75""",,,,,,"2.18m 7' 1.75""",,,,,,,,,,,,,,,,,,,,,,,,,,,,,,,,,,,,,,,,,,,,,,,,,,,,,,,,,,,,,,,,,,,,,,,,,,,,,,,,,,,,,,,,,,,,,,,,,,,,,,,,,
8973170,Madisyn Jackson,OKLAHOMA STATE,f,,,,,,,,,,,,,,,7.85,,24.91,,54.37,,,,,,,,,,,,,,,,,,,,,,1:25.99,,,,,,,,,,,,,,,,,,,,,,,,,,,,,,,,,,,,,,,,,,,,,,,,,,,,,,,,,,,,,,,,,,,,,,,,,,,,,,,,,,,,,,,,,,,
9257094,Takudzwa Pahuwa,KENTUCKY,m,,,,,,,,,,,,,,,,,20.99 (1.2),34.30,45.64,,,,,,,,,,,,,,,,,,,,,,,,,,,,,,,,,,,,,,,,,,,,,,,,,,,,,,,,,,,,,,,,,,,,,,,,,,,,,,,,,,,,,,,,,,,,,,,,,,,,,,,,,,,,,,,,,
9010782,Ayden Campbell,FLORIDA,m,,,,,,,,,,,,,,,,,,,,"67.00m 219' 10""",,,,,,,,,,,,,,,,,,,,,,,,,,,,,,,,,,,,,,,,,,,,,,,,,,,,,,,,,,,,,,,,,,,,,,,,,,,,,,,,,,,,,,,,,,,,,,,,,,,,,,,,,,,,,,,,
7905271,Quinton Orr,IOWA STATE,m,,1:59.10,4:04.23,,18:20.3,,,15:17.85,8:39.11,24:27.9,32:59.1,,8:10.86,,,,,,,,,,,,,,,,,,,,,,,,,,,,,,,,,,,,,,,,,,,,,5:45.91,,,,,,,,,,,,,,,,,,,,,,,,,,,,,,,,,,,,,,,,,,,,,,,,,,,,,,,,,,,,,,,,,,,,,,,,,,
8916070,Pamela Kosgei,NEW MEXICO,f,,,4:36.70,,18:59.1,,,14:52.45,9:15.93,,,,8:43.86,,,,,,,,,,30:49.99,,,,,,,,,,,,,,,,,,,,,,,,,,,,,,,,,,,,,,,,,,,,,,,,,,,,,,,,,,,,,,,,,,,,,,,,,,,,,,,,,,,,,,,,,,,,,,,,,,,,,,,,,,,,,
8683273,Dapriest Hogans,ARKANSAS,m,,,,,,,,,,,,,,,6.61,9.96 (2.5),20.11 (2.7),33.49,46.85,,,,,,,,,,,,,,,,,,,,,,,,,,,,,,,,,,,,,,,,,,,,,,,,,,,,,,,,,,,,,,,,,,,,,,,,,,,,,,,,,,,,,,,,,,,,,,,,,,,,,,,,,,,,,,,,,
8672636,Maeve O'Neill,PROVIDENCE,f,1:28.09,2:00.33,,,,,,,,,,2:41.07,,,,,,,57.15,,,,,,,,,,,,,,,,,,,1:12.48,,,,,,,,,,,,,,,,,,,,,,,,,,,,,,,,,,,,,,,,,,,,,,,,,,,,,,,,,,,,,,,,,,,,,,,,,,,,,,,,,,,,,,,,,,,,,,
7982661,Shaquena Foote,GEORGIA,f,1:30.28,2:14.01,,,,,,,,,,,,,7.35,11.71 (-0.9),22.89,36.50,50.62,,,,,,,,,,,,,,,,,,,,,,,,,,,,,,,,,,,,,,,,,,,,,,,,,,,,,,,,,,,,,,,,,,,,,,,,,,,,,,,,,,,,,,,,,,,,,,,,,,,,,,,,,,,,,,,,,
8981899,Brandon Falconer,MOUNT ST. MARY'S,m,,,,,,,,,,,,,,,,,,,,"69.02m 226' 5""",,,,,,,,,,,,,,,,,,,,,,,,,,,,,,,,,,,,,,,,,,,,,,,,,,,,,,,,,,,,,,,,,,,,,,,,,,,,,,,,,,,,,,,,,,,,,,,,,,,,,,,,,,,,,,,,
9263318,Zoe Ziglor,GEORGIA,f,,,,,,,,,,,,,,,,,,,,,,,,8.18,12.95 (0.9),,,,,,,,,,,,,,,,,,,,,,,,,,,,,,,,,,,,,,,,,,,,,,,,,,,,,,,,,,,,,,,,,,,,,,,,,,,,,,,,,,,,,,,,,,,,,,,,,,,,,,,,,,,
8677967,Skye Tolbert,TENNESSEE,f,,,,,,,,,,,,,,,,,,,,,,,,8.15,,,,,,,"4.42m 14' 6""",,,,,,,,,,,,,,,,,,,,,,,,,,,,,,,,,,,,,,,,,,,,,,,,,,,,,,,,,,,,,,,,,,,,,,,,,,,,,,,,,,,,,,,,,,,,,,,,,,,,,
8704628,Kirin Chacchia,SMU,f,,,,,,,,,,,,,,,,,24.54,39.16,54.22,,,,,8.42,14.16 (2.6),56.75,,,,,,,,,,,,,,,,,,,,,,,,,,,,,,,,,,,,,,,,,,,,,,,,,,,,,,,,,,,,,,,,,,,,,,,,,,,,,,,,,,,,,,,,,,,,,,,,,,,,,,,,,,
8667064,Reese Webster,AUBURN,f,,,,,,,,,,,,,,,7.24,11.24 (4.4),23.05 (1.1),,,,,,,,,,,,,,,,,,,,,,,,,,,,,,,,,,,,,,,,,,,,,,,,,,,,,,,,,,,,,,,,,,,,,,,,,,,,,,,,,,,,,,,,,,,,,,,,,,,,,,,,,,,,,,,,,,,
8698829,Joshua Sims-Waddy,SAM HOUSTON,m,,,,,,,,,,,,,,,,,21.39 (2.9),,46.66,,,,,,,,,,,,,,,,,,,,,,,,,,,,,,,,,,,,,,,,,,,,,,,,,,,,,,,,,,,,,,,,,,,,,,,,,,,,,,,,,,,,,,,,,,,,,,,,,,,,,,,,,,,,,,,,,
7892016,Matthew Erickson,OREGON,,1:16.52,1:45.89,3:59.27,,18:51.0,16:00.9,3:40.54,,,24:53.2,,2:20.66,,,,,,,47.04,,,,,,,,,,,,,,,,,,,,,,,,,20:03.3,,,,,,,,,,,,,,,,,,,,,,,,,,,,,,,,,,,,,,,,,,,,,,,,,,,,,,,,,,,,,,,,,,,,,,,,,,,,,,,,,,,,,,,,
8009334,Tiarnan Crorken,OLE MISS,,1:18.99,1:46.81,4:02.85,,,,3:45.58,,,,,,,,,,,,,,,,,,,,,,,,,,,,,,,,,,,,,,,,,,,,,,,,,,,,,,,,,,,,,,,,,,,,,,,,,,,,,,,,,,,,,,,,,,,,,,,,,,,,,,,,,,,,,,,,,,,,,,,,,,,,,
7727420,Ahmed Jaziri,EASTERN KENTUCKY,,,,4:02.93,,18:59.2,,3:45.27,13:58.32,8:18.70,23:22.4,30:23.5,,7:47.34,,,,,,,,,,,,,,,,,,,,,,,,24:26.6,,,,,,,,,,,,,,,,,,,,,,,,,,,,,,,,,,,,,,,,,,,,,,,,,,,,,,,,,,,,,,,,,,,,,,,,,,,,,,,,,,,,,,,,,,,,,,,
8369960,Logan Hammer,UTAH STATE,m,,,,,,,,,,,,,,,,,,,,,,,,,,,,,,,"5.70m 18' 8.25""",,,,,,,,,,,,,,,,,,,,,,,,,,,,,,,,,,,,,,,,,,,,,,,,,,,,,,,,,,,,,,,,,,,,,,,,,,,,,,,,,,,,,,,,,,,,,,,,,,,,,
9264961,Ryan Debarber,SOUTHERN MISS.,m,,,,,,,,,,,,,,,,,,,,"64.89m 212' 11""",,,,,,,,,,,,,,,,,,,,,,,,,,,,,,,,,,,,,,,,,,,,,,,,,,,,,,,,,,,,,,,,,,,,,,,,,,,,,,,,,,,,,,,,,,,,,,,,,,,,,,,,,,,,,,,,
7533304,Grace Stark,FLORIDA,,,,,,,,,,,,,,,,7.10,11.31 (2.4),,,,,,,,7.78,12.47 (-0.5),,,,,,,,,,,,,,,,,,,,,,,,,,,,,,,,,,,,,,,,,,,,,,,,,,,,,,,,,,,,,,,,,,,,,,,,,,,,,,,,,,,,,,,,,,,,,,,,,,,,,,,,,,,
7538548,Terrol Wilson,NEBRASKA,,,,,,,,,,,,,,,,,,22.93 (0.5),,,,"7.21m 23' 8""","16.41m (1.9) 53' 10.25""",,,,,,,,,,,,,,,,,,,,,,,,,,,,,,,,,,,,,,,,,,,,,,,,,,,,,,,,,,,,,,,,,,,,,,,,,,,,,,,,,,,,,,,,,,,,,,,,,,,,,,,,,,,,,,
9242500,Jayden Hill,VANDERBILT,f,1:28.76,2:00.03,,,,,,,,,,,,,,,,,55.61,,,,,,,,,,,,,,,,,,,,,,,,,,,,,,,,,,,,,,,,,,,,,,,,,,,,,,,,,,,,,,,,,,,,,,,,,,,,,,,,,,,,,,,,,,,,,,,,,,,,,,,,,,,,,,,,,
8979341,Jaden Damiano,SOUTH DAKOTA,m,,,,,,,,,,,,,,,7.01,,23.00,,,,,,,7.77,,52.55,,,,,,13.63 (3.7),,,,,,,,,,,,,,,,,,,,,,,,,,,,,,,,,,,,,,,,,,,,,,,,,,,,,,,,,,,,,,,,,,,,,,,,,,,,,,,,,,,,,,,,,,,,,,,,,,,,
8611089,Hudson Hurst,ALABAMA,m,,,4:00.76,,,,3:53.45,13:41.98,8:44.35,23:14.6,30:44.7,,8:04.32,,,,,,,,,,28:52.59,,,,,,,,,,,,,,25:47.1,,,,,,,,,,,,,,,,,,,,,6:07.49,,,,,,,,23:38.1,,,,,,,,,,,,,,,,,,24:50.5,,,,,,,,,,,,,,,,,,,,,,,,,,,,,,,,,,,,,,,,,,,,,,,,
7547291,Cole Hooper,WISCONSIN,,,,,,,,,,,,,,,,,,,,,,,,,,,,,,,,,,,"66.12m 216' 11""","20.82m 68' 3.75""",,,,,,,,,,,,,,,,,,,,,,,,,,,,,,,,,,,,,,,,,,,,,,,,,,,,,,,,,,,,,,,,,,,,,,,,,,,,,,,,,,,,,,,,,,,,,,,,,
6583862,Tommi Hintnaus,KANSAS STATE,,,,,,,,,,,,,,,,,,,,,,"4.84m 15' 10.5""",,,9.43,,,,,,,"4.25m 13' 11.25""",,,,,,,,,,1:32.98,,,,,,,,,,,,,,,,,,,,,,,,,,,,,,,,,,,,,,,,,,,,,,,,,,,,,,,,,,,,,,,,,,,,,,,,,,,,,,,,,,,,,,,,,,,
8984009,Jordan Lasher,MONTANA STATE,m,,,,,,,,,,,,,,,,,,,,,,,,,,,,,,,"5.22m 17' 1.5""",,,,,,,,,,,,,,,,,,,,,,,,,,,,,,,,,,,,,,,,,,,,,,,,,,,,,,,,,,,,,,,,,,,,,,,,,,,,,,,,,,,,,,,,,,,,,,,,,,,,,
8331133,Celia Kulis,HOLY CROSS,f,,2:30.24,,,,,,,,,,,,,7.99,,25.14 (2.0),42.26,,"32.27m 105' 10""","5.55m (2.2) 18' 2.5""",,,8.49,13.47 (1.3),,"1.61m 5' 3.25""","12.59m 41' 3.75""",3527,5171,,,,,,,,,,,,,,,,,,,,8.51,,,,,,,,,,,,,,,,,,,,,,,,,,,,,,,,,,,,,,,,,,,,,,,,,,,,,,,,,,,,,,,,,,,,,,,,,,,,,,,,,,
8992427,Paul Catalanatto Jr,LSU,m,,,,,,,,,,,,,,,,,,,,"72.27m 237' 1""",,,,,,,,,,,,,,,,,,,,,,,,,,,,,,,,,,,,,,,,,,,,,,,,,,,,,,,,,,,,,,,,,,,,,,,,,,,,,,,,,,,,,,,,,,,,,,,,,,,,,,,,,,,,,,,,
7544517,Alex Babbington,ILLINOIS,,,,,,,,5:10.13,,,,,2:54.88,,,7.20,11.07 (1.5),,,50.04,"34.61m 113' 6""","6.66m (2.2) 21' 10.25""","12.88m (1.6) 42' 3.25""",,8.67,,,"2.14m 7' 0.25""","12.89m 42' 3.5""",,4974,"3.60m 11' 9.75""",16.08 (2.9),"40.57m 133' 1""",,,6656,,,,,,,,,,,,,,,,,,,,,,,,,,,,,,,,,,,,,,,,,,,,,,,,,,,,,,,,,,,,,,,,,,,,,,,,,,,,,,,,,,,,,,,,,,,,,,,,
7984424,Shealyne Mcgee,MONTANA,f,,,,,,,,,,,,,,,,,,,,,,,,,,,,,,,"4.15m 13' 7.25""",,,,,,,,,,,,,,,,,,,,,,,,,,,,,,,,,,,,,,,,,,,,,,,,,,,,,,,,,,,,,,,,,,,,,,,,,,,,,,,,,,,,,,,,,,,,,,,,,,,,,
8320688,Brenda Du Toit,CHARLESTON SOUTHERN,f,1:35.42,,,,,,,,,,,,,,,,,,56.84,,"5.32m (+0.0) 17' 5.5""","11.09m (0.3) 36' 4.75""",,8.89,14.08 (1.0),58.73,,,,,,,,,,,,,,,,,,,,,,,,,,,,,,,,,,,,,,,,,,,,,,,,,,,,,,,,,,,,,,,,,,,,,,,,,,,,,,,,,,,,,,,,,,,,,,,,,,,,,,,,,,
7984074,Tj Tomlyanovich,ARKANSAS,m,1:16.50,1:55.63,,,,,,,,,,,,,,,20.95 (2.6),,45.11,,,,,,,,,,,,,,,,,,,,,,,,,,,,,,,,,,,,,,,,,,,,,,,,,,,,,,,,,,,,,,,,,,,,,,,,,,,,,,,,,,,,,,,,,,,,,,,,,,,,,,,,,,,,,,,,,
8701611,Bradford,TEXAS TECH,m,,,,,,,,,,,,,,,,,,,,,,,,,,,"2.22m 7' 3.25""",,,,,,,,,,,,,,,,,,,,,,,,,,,,,,,,,,,,,,,,,,,,,,,,,,,,,,,,,,,,,,,,,,,,,,,,,,,,,,,,,,,,,,,,,,,,,,,,,,,,,,,,,
7725763,Stacy Brown Jr,TEXAS TECH,,,2:00.54,,,,,,,,,,,,,,11.08 (-0.1),,,50.55,,"7.99m 26' 2.75""","16.49m (1.6) 54' 1.25""",,,,,,,,,,,,,,,,,,,,,,,,,,,,,,,,,,,,,,,,,,,,,,,,,,,,,,,,,,,,,,,,,,,,,,,,,,,,,,,,,,,,,,,,,,,,,,,,,,,,,,,,,,,,,,
8681833,Spencer Kessel,NORTHERN IOWA,m,,,,,,,,,,,,,,,,,,,,,,,,,,,,"18.93m 62' 1.25""",,,,,"48.63m 159' 6""","57.79m 189' 7""","18.29m 60' 0.25""",,,,,,,,,,,,,,,,,,,,,,,,,,,,,,,,,,,,,,,,,,,,,,,,,,,,,,,,,,,,,,,,,,,,,,,,,,,,,,,,,,,,,,,,,,,,,,,,,
8668145,Shamali Whittle,RUTGERS,m,,,,,,,,,,,,,,,6.68,10.13 (3.6),20.48 (2.9),33.45,49.96,,,,,,,,,,,,,,,,,,,,,,,,,,,,,,,,,,,,,,,,,,,,,,,,,,,,,,,,,,,,,,,,,,,,,,,,,,,,,,,,,,,,,,,,,,,,,,,,,,,,,,,,,,,,,,,,,
8325465,Kyle Bigley,COLORADO ST.,m,,,,,,,,,,,,,,,,,,,,,,,,,,,,"18.68m 61' 3.5""",,,,,"53.74m 176' 4""","60.86m 199' 8""","21.71m 71' 2.75""",,,,,,,,,,,,,,,,,,,,,,,,,,,,,,,,,,,,,,,,,,,,,,,,,,,,,,,,,,,,,,,,,,,,,,,,,,,,,,,,,,,,,,,,,,,,,,,,,
7803839,Morgan Nokes,UTAH VALLEY,f,,,4:45.52,16:24.0,19:10.4,16:30.0,4:31.39,15:31.20,,,,,9:26.17,,,,,,,,,,32:20.03,,,,,,,,,,,,,,,,,,,,,,,,,,,,,,,,13:32.5,,,,,,,,,,19:27.6,,,,,,,,,,,,,,,,,,,,,,,,,,,,,,,,,,,,,,,,,,,,,,,,,,,,,,,,,,,,,,,,,,,
9261958,Jazonte Levan,LSU,m,,,,,,,,,,,,,,,6.88,,21.13 (-1.0),,,,,,,,,,,,,,,,,,,,,,,,,,,,,,,,,,,,,,,,,,,,,,,,,,,,,,,,,,,,,,,,,,,,,,,,,,,,,,,,,,,,,,,,,,,,,,,,,,,,,,,,,,,,,,,,,,,
9272227,Zavien Wolfe,ILLINOIS,m,,,,,,,,,,,,,,,,,,,,,"7.67m 25' 2""","16.46m 54' 0""",,,,,,,,,,,,,,,,,,,,,,,,,,,,,,,,,,,,,,,,,,,,,,,,,,,,,,,,,,,,,,,,,,,,,,,,,,,,,,,,,,,,,,,,,,,,,,,,,,,,,,,,,,,,,,
8017812,Jakwan Hale,TENNESSEE,,,,,,,,,,,,,,,,,,21.57 (1.2),33.82,46.92,,,,,,,49.18,"2.00m 6' 6.75""",,,,,,,,,,,,,,,,,,,,,,,,,,,,,,,,,,,,,,,,,,,,,,,,,,,,,,,,,,,,,,,,,,,,,,,,,,,,,,,,,,,,,,,,,,,,,,,,,,,,,,,,,
8581535,Abraham Chelangam,ORAL ROBERTS,m,,,4:08.75,,17:45.7,,3:44.39,13:36.76,,23:22.8,29:12.3,,8:03.35,,,,,,,,,,29:53.02,,,,,,,,,,,,,,,,,,,,,,,,,,,,,,,,,,,,,,,,,,,,,,,,,,,,,,,,,,,,,,,,,,,,,,,,,,,,,,,,,,,,,,,,,,,,,,,,,,,,,,,,,,,,,
9246001,Na'Taja Ballard,TCU,f,,,,,,,,,,,,,,,,,23.31 (1.3),,54.20,,,,,,,,,,,,,,,,,,,,,,,,,,,,,,,,,,,,,,,,,,,,,,,,,,,,,,,,,,,,,,,,,,,,,,,,,,,,,,,,,,,,,,,,,,,,,,,,,,,,,,,,,,,,,,,,,
8609285,Carter Cutting,BYU,m,,1:47.02,3:52.84,,,,3:37.64,13:51.05,,24:22.6,,2:21.48,8:35.69,,,,,,,,,,,,,,,,,,,,,,,,,,,,,,,,,,,,,,,,,,,,,,,,,,,,,,,,,,,,,,,,,,,,,,21:41.8,,,,,,,,,,,,,,,,,,,,,,,,,,,,,,,,,,,,,,,,,,,,,,,,,
7727861,Jason Swarens,WISCONSIN,,,,,,,,,,,,,,,,,,,,,,,,,,,,,"21.37m 70' 1.5""",,,,,"53.96m 177' 0""","65.15m 213' 9""","21.69m 71' 2""",,,,,,,,,,,,,,,,,,,,,,,,,,,,,,,,,,,,,,,,,,,,,,,,,,,,,,,,,,,,,,,,,,,,,,,,,,,,,,,,,,,,,,,,,,,,,,,,,
7537740,Alan De Falchi,LAKE ERIE,,,,,,,,,,,,,,,,,,,,,,,,,,,,,"18.85m 61' 10.25""",,,,,"61.93m 203' 2""","50.31m 165' 1""","15.48m 50' 9.5""",,,,,,,,,,,,,,,,,,,,,,,,,,,,,,,,,,,,,,,,,,,,,,,,,,,,,,,,,,,,,,,,,,,,,,,,,,,,,,,,,,,,,,,,,,,,,,,,,
8314504,Robert Paneque,RUTGERS,m,,,,,,,,,,,,,,,,,,,,"67.27m 220' 8""",,,,,,,,"13.42m 44' 0.5""",,,,,,,,,,,,,,,,,,,,,,,,,,,,,,,,,,,,,,,,,,,,,,,,,,,,,,,,,,,,,,,,,,,,,,,,,,,,,,,,,,,,,,,,,,,,,,,,,,,,,,,,
6592009,Bianca Stubler,WISCONSIN,,1:30.25,2:10.19,,,,,,,,,,,,,,,23.96 (1.2),38.97,53.42,,,,,,,56.23,,,,,,,,,,,,1:14.28,,,,,,,,,,,,,,,,,,,,,,,,,,,,,,,,,,,,,,,,,,,,,,,,,,,,,,,,,,,,,,,,,,,,,,,,,,,,,,,,,,,,,,,,,,,,,,
9011652,Aaliyah Lindsay,KANSAS STATE,f,,,,,,,,,,,,,,,8.07,,,,,,"6.55m (1.1) 21' 6""","13.48m (0.4) 44' 2.75""",,,,,,,,,,,,,,,,,,,,,,,,,,,,,,,,,,,,,,,,,,,,,,,,,,,,,,,,,,,,,,,,,,,,,,,,,,,,,,,,,,,,,,,,,,,,,,,,,,,,,,,,,,,,,,
8265375,Kaiya Robertson,BOISE STATE,f,,2:02.81,4:24.51,16:08.9,19:19.5,,4:09.17,16:20.95,,,,,9:05.03,,,,,,,,,,,,,,,,,,,,,,,,,,,,,,,,17:28.5,,,,,,,,,,,,,,,,,,,,,,,,,,,,,,,,,,,,,,,,,,,,,,,,,,,,,,,,,,,,,,,,,,,,,,,,,,,,,,,,,,,,,,,
8923555,Valentine Jemutai,STEPHEN F. AUSTIN,f,,,4:50.69,16:26.7,19:52.3,,4:36.34,16:24.90,,,,,9:31.59,,,,,,,,,,33:26.94,,,,,,,,,,,,,,,,,,,,,,,,,,,,,,,,13:53.0,,,,,,,,,,,,,,,,,,,,,,,,,,,,,,,,,,,,,,,,,,,,,,,,,,,,,11:19.7,,,,,,,,,,,,,,,,,,,,,,,,
8692823,Kael Miedema,NEBRASKA,m,,,,,,,,,,,,,,,,,,,,,,,,,,,,"18.46m 60' 6.75""",,,,,"58.58m 192' 2""",,,,,,,,,,,,,,,,,,,,,,,,,,,,,,,,,,,,,,,,,,,,,,,,,,,,,,,,,,,,,,,,,,,,,,,,,,,,,,,,,,,,,,,,,,,,,,,,,,,
8676337,Celia Rifaterra,VIRGINIA,f,,,,,,,,,,,,,,,,,,,,,,,,,,,"1.86m 6' 1.25""",,,,,,,,,,,,,,,,,,,,,,,,,,,,,,,,,,,,,,,,,,,,,,,,,,,,,,,,,,,,,,,,,,,,,,,,,,,,,,,,,,,,,,,,,,,,,,,,,,,,,,,,,
8336025,Benny Diaz,MICHIGAN,m,,,,,,,,,,,,,,,7.16,10.83 (2.7),22.14,,,,,,,8.10,,55.52,,,,,,13.89 (3.7),,,,,,,,,,,,,,,,,,,,,,,,,,,,,,,,,,,,,,,,,,,,,,,,,,,,,,,,,,,,,,,,,,,,,,,,,,,,,,,,,,,,,,,,,,,,,,,,,,,,
8977037,Rachael Uvieghara,USC,f,,,,,,,,,,,,,,,7.29,11.21 (0.2),22.65 (6.0),,,,,,,,,,,,,,,,,,,,,,,,,,,,,,,,,,,,,,,,,,,,,,,,,,,,,,,,,,,,,,,,,,,,,,,,,,,,,,,,,,,,,,,,,,,,,,,,,,,,,,,,,,,,,,,,,,,
8609155,Maelle Porcher,IOWA STATE,f,,,4:35.91,16:57.6,19:45.3,,4:17.11,15:32.24,,,,2:48.69,9:01.17,,,,,,,,,,,,,,,,,,,,,,,,,,,,,,,,,,,,,,,,,,,,,,,,,,,,,,,,,,,,,,,,,,,,,,,,,,,,,,,,,,,,,,,,,,,,,,,,,,,,,,,,,,,,,,,,,,,,,,,
8992431,Amal Glasgow,LSU,m,1:19.85,,,,,,,,,,,,,,,,21.03,,45.01,,,,,,,,,,,,,,,,,,,1:05.84,,,,,,,,,,,,,,,,,,,,,,,,,,,,,,,,,,,,,,,,,,,,,,,,,,,,,,,,,,,,,,,,,,,,,,,,,,,,,,,,,,,,,,,,,,,,,,
7036762,Joella Lloyd,FLORIDA STATE,,,,,,,,,,,,,,,,7.15,11.01 (1.6),22.66 (-0.2),,,,,,,,,,,,,,,,,,,,,,,,,,,,,,,,,,,,,,,,,,,,,,,,,,,,,,,,,,,,,,,,,,,,,,,,,,,,,,,,,,,,,,,,,,,,,,,,,,,,,,,,,,,,,,,,,,,
8685923,Lindsey Peters,UTAH,f,,,4:41.92,,,,4:17.05,16:05.20,,,,,9:24.00,,,,,,,,,,35:33.14,,,,,,,,,,,,,,,,,,,,,,,,,,,,,,,,,,,,,,,,,,,,,,,,,,,,,,,,,,,,,,,,,,,,,,,,,,,,,,,,,,,,,,,,,,,,,,,,,,,,,,,,,,,,,
9253583,Sean Aigboboh,HOUSTON,m,,,,,,,,,,,,,,,6.74,10.18 (3.9),20.27 (2.0),,,,,,,,,,,,,,,,,,,,,,,,,,,,,,,,,,,,,,,,,,,,,,,,,,,,,,,,,,,,,,,,,,,,,,,,,,,,,,,,,,,,,,,,,,,,,,,,,,,,,,,,,,,,,,,,,,,
8700016,Martin Kouyoumdjian,UTSA,m,,,,,,,,,,,,,,,,,21.07 (3.0),,45.30,,,,,,,,,,,,,,,,,,,,,,,,,,,,,,,,,,,,,,,,,,,,,,,,,,,,,,,,,,,,,,,,,,,,,,,,,,,,,,,,,,,,,,,,,,,,,,,,,,,,,,,,,,,,,,,,,
7726159,Kyle Moison,AUBURN,,,,,,,,,,,,,,,,,,,,,,,,,,,,,"15.95m 52' 4""",,,,,"51.56m 169' 2""","68.20m 223' 9""","21.53m 70' 7.75""",,,,,,,,,,,,,,,,,,,,,,,,,,,,,,,,,,,,,,,,,,,,,,,,,,,,,,,,,,,,,,,,,,,,,,,,,,,,,,,,,,,,,,,,,,,,,,,,,
8626616,Hannah Riggins,PRINCETON,f,,2:02.22,4:35.51,17:55.0,20:42.8,,4:14.67,,,,,2:40.86,,,,,,,57.76,,,,,,,,,,,,,,,,,,,1:14.19,,,,,,,,,,,,,,,,,14:14.3,,,,,,,,,,,,,,,,,,,,,,,,,,,,,,,,,,,,,,,,,,,,,,,,,,,,,,14:12.5,,,,,,,,,,,,,,,,,,,,,,,
8238066,Hedda Kvalvag,SMU,f,,,,,,,,,,,,,,,8.04,,,,,,"5.97m (1.1) 19' 7""","13.03m (0.4) 42' 9""",,,,,,,,,,,,,,,,,,,,,,,,,,,,,,,,,,,,,,,,,,,,,,,,,,,,,,,,,,,,,,,,,,,,,,,,,,,,,,,,,,,,,,,,,,,,,,,,,,,,,,,,,,,,,,
8323118,Nia Grose,CHARLOTTE,f,,,,,,,,,,,,,,,7.45,11.12 (5.1),23.76 (0.5),,,,"5.29m 17' 4.25""",,,,,,,,,,,,,,,,,,,,,,,,,,,,,,,,,,,,,,,,,,,,,,,,,,,,,,,,,,,,,,,,,,,,,,,,,,,,,,,,,,,,,,,,,,,,,,,,,,,,,,,,,,,,,,,
6985772,Jamar Davis,NC STATE,,,,,,,,,,,,,,,,,11.16 (0.9),21.92 (3.7),,,,"7.68m 25' 2.5""","16.01m 52' 6.5""",,,,,,,,,,,,,,,,,,,,,,,,,,,,,,,,,,,,,,,,,,,,,,,,,,,,,,,,,,,,,,,,,,,,,,,,,,,,,,,,,,,,,,,,,,,,,,,,,,,,,,,,,,,,,,
8321430,Mfoniso Andrew,HARVARD,f,,,,,,,,,,,,,,,7.65,11.51 (2.8),23.78 (0.3),39.51,54.98,,,,,,,,,,,,,,,,,,,,,,,,,,,,,,,,,,,,,,,,,,,,,,,,,,,,,,,,,,,,,,,,,,,,,,,,,,,,,,,,,,,,,,,,,,,,,,,,,,,,,,,,,,,,,,,,,
9245142,Emma Holmes,TARLETON STATE,f,,,,,,,,,,,,,,,,,23.18 (3.5),,52.92,,,,,,,,,,,,,,,,,,,,,,,,,,,,,,,,,,,,,,,,,,,,,,,,,,,,,,,,,,,,,,,,,,,,,,,,,,,,,,,,,,,,,,,,,,,,,,,,,,,,,,,,,,,,,,,,,
8238123,Mackenzie Rogers,UTAH,f,,,4:47.94,17:05.3,20:40.3,,4:21.46,,10:06.95,,,,9:23.07,10:49.3,,,,,,,,,,,,,,,,,,,,,,,,,,,,,,,,,,,,,,,,,,,,,,,,,,,,,,,,,,,,,,,,,,,,,,,,,,,,,,,,,,,,,,,,,,,,,,,,,,,,,,,,,,,,,,,,,,,,,,
9240340,Kyndall Harrington-Spain,SOUTH CAROLINA,f,,,,,,,,,,,,,,,,,24.26,,,,,,,8.11,13.20 (1.4),55.37,,,,,,,,,,,,,,,,,,,,,,,,,,,,,,,,,,,,,,,,,,,,,,,,,,,,,,,,,,,,,,,,,,,,,,,,,,,,,,,,,,,,,,,,,,,,,,,,,,,,,,,,,,
9001078,Owen Levesque,HOUSTON,m,,,,,,,5:02.07,,,,,2:57.81,,,7.10,11.04 (2.1),,,50.32,"53.07m 174' 1""","7.00m (0.6) 22' 11.75""",,,8.13,,,"2.03m 6' 7.75""","12.78m 41' 11.25""",,5527,"4.90m 16' 0.75""",14.61 (1.1),"40.56m 133' 1""",,,7374,,,,,,,,,,,,,,,,,,,,,,,,,,,,,,,,,,,,,,,,,,,,,,,,,,,,,,,,,,,,,,,,,,,,,,,,,,,,,,,,,,,,,,,,,,,,,,,,
8895079,Allie Zealand,LIBERTY,f,,2:04.17,4:28.89,15:54.7,19:06.8,,4:09.76,15:26.38,,,,2:45.63,8:44.71,,,,,,,,,,,,,,,,,,,,,,,,,,,,,,,,,,,,,,,,,,14:40.7,,,,,,,,,,,,,,,,,,,,,,,,,,,,,,,,,,,,,,,,,,,,,,,,,,,,,,,,,,,,,,,,,,,,,,,,,,,,,
7020659,Isabel Wakefield,DUKE,,,2:17.43,,,,,,,,,,,,,,,23.84 (5.9),,,"41.67m 136' 8""","6.39m (1.0) 20' 11.75""",,,8.15,13.14 (4.9),,"1.69m 5' 6.5""","12.07m 39' 7.25""",4176,5850,,,,,,,,,,,,,,,,,,,,,,,,,,,,,,,,,,,,,,,,,,,,,,,,,,,,,,,,,,,,,,,,,,,,,,,,,,,,,,,,,,,,,,,,,,,,,,,,,,,,,,
6870153,Grace Fetherstonhaugh,OREGON STATE,,,2:11.17,4:34.32,16:23.4,19:15.1,,4:11.00,15:30.55,9:37.56,,,,8:55.71,,,,,,,,,,,,,,,,,,,,,,,,,,,,,,,,,,,,,,,,,,13:11.2,,,,,,,,,,,,,,,,,,,,,,,,,,,,,,,,,,,,,,,,,,,,,,,,,,,,,,,,,,,,,,,,,,,,,,,,,,,,,
9177965,Oussama Allaoui,FLORIDA,m,,1:47.83,3:57.47,,,,3:35.30,,,24:00.9,30:11.7,,,,,,,,,,,,,,,,,,,,,,,,,,,,,,,,,,,,,,,,,,,,,,,,,,,,,,,,,,,,,,,,,,,,,,,,,,,,,,,,,,,,,,,,,,,,,,,,,,,,,,,,,,,,,,,,,,,,,,,,,
8338538,Zach Verzani,IOWA STATE,m,,,,,,,,,,,,,,,,,,,,,,,,,,,,,,,,,,"65.03m 213' 4""","21.00m 68' 10.75""",,,,,,,,,,,,,,,,,,,,,,,,,,,,,,,,,,,,,,,,,,,,,,,,,,,,,,,,,,,,,,,,,,,,,,,,,,,,,,,,,,,,,,,,,,,,,,,,,
8321719,Alexandria Edison,IOWA,f,,,,,,,,,,,,,,,7.52,11.68 (1.5),23.65 (1.6),37.89,,,,,,,,,,,,,,,,,,,,,,,,,,,,,,,,,,,,,,,,,,,,,,,,,,,,,,,,,,,,,,,,,,,,,,,,,,,,,,,,,,,,,,,,,,,,,,,,,,,,,,,,,,,,,,,,,,
8308474,Samaria Vital,HAWAII,f,,,,,,,,,,,,,,,,,,,,,,,,,,,,"14.09m 46' 2.75""",,,,,"51.95m 170' 5""","43.52m 142' 9""","16.89m 55' 5""",,,,,,,,,,,,,,,,,,,,,,,,,,,,,,,,,,,,,,,,,,,,,,,,,,,,,,,,,,,,,,,,,,,,,,,,,,,,,,,,,,,,,,,,,,,,,,,,,
8974477,Hannah Alexander,INDIANA,f,,,,,,,,,,,,,,,,,,,,,,,,,,,,"14.39m 47' 2.5""",,,,,"52.06m 170' 10""","57.31m 188' 0""","20.46m 67' 1.5""",,,,,,,,,,,,,,,,,,,,,,,,,,,,,,,,,,,,,,,,,,,,,,,,,,,,,,,,,,,,,,,,,,,,,,,,,,,,,,,,,,,,,,,,,,,,,,,,,
6547040,Adrian Piperi,TEXAS,,,,,,,,,,,,,,,,,,,,,,,,,,,,,"21.74m 71' 4""",,,,,"52.95m 173' 9""",,,,,,,,,,,,,,,,,,,,,,,,,,,,,,,,,,,,,,,,,,,,,,,,,,,,,,,,,,,,,,,,,,,,,,,,,,,,,,,,,,,,,,,,,,,,,,,,,,,
9254883,Jessica Edwards,SAMFORD,f,1:28.55,2:03.53,4:53.61,18:53.9,23:23.2,,4:28.82,,,,,,,,,,,,,,,,,,,,,,,,,,,,,,,,,,,,,,,,,,,,,,,,,,,,,,,,,,,,,,,,,,,,,,,,,,,,,,,,,,,,,,,,,,,,,,,,,,,,,,,,,,,,,,,,,,,,,,,,,,,,,
8320558,Colby Morlock,MICHIGAN STATE,m,,,,,,,,,,,,,,,,,,,,,,,,,,,,"19.26m 63' 2.25""",,,,,"54.04m 177' 3""","62.01m 203' 5""","19.35m 63' 6""",,,,,,,,,,,,,,,,,,,,,,,,,,,,,,,,,,,,,,,,,,,,,,,,,,,,,,,,,,,,,,,,,,,,,,,,,,,,,,,,,,,,,,,,,,,,,,,,,
8009660,Jenica Bosko,ARIZONA,,,,,,,,,,,,,,,,7.47,11.41 (2.3),23.57 (-0.6),,55.83,,"6.50m (-1.2) 21' 4""","11.94m (1.5) 39' 2.25""",,,,,,,,,,,,,,,,,,,,,,,,,,,,,,,,,,,,,,,,,,,,,,,,,,,,,,,,,,,,,,,,,,,,,,,,,,,,,,,,,,,,,,,,,,,,,,,,,,,,,,,,,,,,,,
8686933,Malina Miller,BALL STATE,f,,,,,,,,,,,,,,,,,,,,,,,,,,,"1.77m 5' 9.75""",,,,,,,,,,,,,,,,,,,,,,,,,,,,,,,,,,,,,,,,,,,,,,,,,,,,,,,,,,,,,,,,,,,,,,,,,,,,,,,,,,,,,,,,,,,,,,,,,,,,,,,,,
8905164,Riley Smith,FLORIDA,m,,1:49.54,3:59.02,,,,3:39.79,,,24:03.6,31:31.6,2:22.09,7:50.47,,,,,,,,,,,,,,,,,,,,,,,,,,,,,,,,,,,,,,,,,,,,,,,,,,,,,,,,,,,,,,,,,,,,,,,,,,,,,,,,,,,,,,,,,,,,,,,,,,,,,,,,,,,,,,,,,,,,,,,
8359928,Claudio Romero,LSU,,,,,,,,,,,,,,,,,,,,,,,,,,,,,"18.47m 60' 7.25""",,,,,"67.29m 220' 9""","45.76m 150' 1""","18.47m 60' 7.25""",,,,,,,,,,,,,,,,,,,,,,,,,,,,,,,,,,,,,,,,,,,,,,,,,,,,,,,,,,,,,,,,,,,,,,,,,,,,,,,,,,,,,,,,,,,,,,,,,
9294627,Ronis Chelangat,WEST VIRGINIA,f,,,4:49.39,,,,,,10:15.69,,,,9:28.81,,,,,,,,,,,,,,,,,,,,,,,,,,,,,,,,,,,,,,,,,,,,,,,,,,,,,,,,,,,,,,,,,,,,,,,,,,,,,,,,,,,,,,,,,,,,,,,,,,,,,,,,,,,,,,,,,,,,,,,
8362394,Alesha Lane,NEW MEXICO ST.,f,,,,,,,,,,,,,,,,,,,,,,,,,,,,"16.05m 52' 8""",,,,,"53.74m 176' 4""","51.57m 169' 2""","19.25m 63' 2""",,,,,,,,,,,,,,,,,,,,,,,,,,,,,,,,,,,,,,,,,,,,,,,,,,,,,,,,,,,,,,,,,,,,,,,,,,,,,,,,,,,,,,,,,,,,,,,,,
7718288,Giano Roberts,CLEMSON,,,,,,,,,,,,,,,,6.88,10.71 (-1.1),21.15 (3.8),34.19,,,,,,7.55,,,,,,,,13.31 (1.8),,,,,,,,,,,,,,,,,,,,,,,,,,,,,,,,,,,,,,,,,,,,,,,,,,,,,,,,,,,,,,,,,,,,,,,,,,,,,,,,,,,,,,,,,,,,,,,,,,,,
9227011,Jaelynn Joiner,RADFORD,f,,,,,,,,,,,,,,,7.89,,25.00 (-0.7),40.98,,,"6.22m (2.0) 20' 5""","12.19m 40' 0""",,,,,,,,,,,,,,,,,,,,,,,,,,,,,,,,,,,,,,,,,,,,,,,,,,,,,,,,,,,,,,,,,,,,,,,,,,,,,,,,,,,,,,,,,,,,,,,,,,,,,,,,,,,,,,
8898427,Dismus Lokira,ALABAMA,m,,,4:02.60,,,,,13:21.54,,22:17.1,28:48.5,,7:52.45,,,,,,,,,,27:47.20,,,,,,,,,,,,,,,,,,,,23:14.4,,,,,,,,,,,,,,,,,,,,,,,,,,,,,,,,,,,,,,,,,,,,,,,,,,,,,,,,,,,,,,,,,,,,,,,,,,,,,,,,,,,,,,,,,
8685309,Miguel Hall,ABILENE CHRISTIAN,m,,,,,,,,,,,,,,,7.38,,22.76 (6.2),,52.35,,,,,7.92,,54.28,,,,,,13.83 (2.9),,,,,,,,,,,,,,,,,,,,,,,,,,,,,,,,,,,,,,,,,,,,,,,,,,,,,,,,,,,,,,,,,,,,,,,,,,,,,,,,,,,,,,,,,,,,,,,,,,,,
8923810,Lily Kriegel,VANDERBILT,f,,,4:41.39,17:43.2,20:32.8,,4:20.49,15:45.08,,,,,9:05.28,,,,,,,,,,,,,,,,,,,,,,,,,,,,,,,,,,,,,,,,,,,,,,,,,,,,,,,,,,,,,,21:07.5,,,,,,,,,,,,,,,,,,,,,,,,,,,,,,,,,,,,,,,,,,,,,,,,,,,,,,,,,
8982718,Carson Olmstead,WASHINGTON,m,,,,,,,,,,,,,,,,,,,,"69.20m 227' 0""",,,,,,,,,,,,,,,,,,,,,,,,,,,,,,,,,,,,,,,,,,,,,,,,,,,,,,,,,,,,,,,,,,,,,,,,,,,,,,,,,,,,,,,,,,,,,,,,,,,,,,,,,,,,,,,,
8232312,Joseph O'Brien,WAKE FOREST,m,,,4:04.54,,,,3:48.74,13:32.97,,22:59.4,29:34.1,,8:07.49,,,,,,,,,,28:15.43,,,,,,,,,,,,,,26:48.3,,,,,,,,,,,,,,,,,,,,,,,,,,,,,,,,,,,,,,,,,,,,,,,,,,,,,,,,,,,,,,,,,,,,,,,,,,,,,,,,,,,,,,,,,,,,,,,
6578646,Trey Cunningham,FLORIDA STATE,,,,,,,,,,,,,,,,6.67,10.64 (0.2),21.27 (0.9),,,,,,,7.38,,,,,,,,13.00 (+0.0),,,,,,,,,,,,,,,,,,,,,,,,,,,,,,,,,,,,,,,,,,,,,,,,,,,,,,,,,,,,,,,,,,,,,,,,,,,,,,,,,,,,,,,,,,,,,,,,,,,,
9261221,Matthew Maldima,TEXAS A&M,m,,,,,,,,,,,,,,,6.85,10.14 (4.4),20.95 (0.9),,,,,,,,,,,,,,,,,,,,,,,,,,,,,,,,,,,,,,,,,,,,,,,,,,,,,,,,,,,,,,,,,,,,,,,,,,,,,,,,,,,,,,,,,,,,,,,,,,,,,,,,,,,,,,,,,,,
8896317,Amaya Aramini,NOTRE DAME,f,,,,16:01.3,19:12.8,,,15:30.39,,,,,9:18.53,,,,,,,,,,32:33.77,,,,,,,,,,,,,,,,,,,,,,,,,,,,,,,,,,,,,,,,,,,,,,,,,,,,,,,,,,,,,,,,,,,,,,,,,,,,,,,,,,,,,,,,,,,,,,,,,,,,,,,,,,,,,
8589451,Kendall Johnson,OKLAHOMA,f,,,,,,,,,,,,,,,7.59,11.69 (1.7),24.27 (3.6),41.21,,,"6.32m (2.6) 20' 9""",,,,,,,,,,,,,,,,,,,,,,,,,,,,,,,,,,,,,,,,,,,,,,,,,,,,,,,,,,,,,,,,,,,,,,,,,,,,,,,,,,,,,,,,,,,,,,,,,,,,,,,,,,,,,,,
8269194,Edward Blaha,COLUMBIA,m,,,4:09.06,,,,3:50.32,13:43.48,,23:56.0,30:01.7,,8:02.90,,,,,,,,,,29:35.56,,,,,,,,,,,,,,25:42.8,,,,,,,,,,,,,,,25:53.7,,,,,,,,,,,,,,,,,,,,,,,,,,,,,,,,,,,,,,,,,,,,,,,,,,,,,,,,,,,,,,,,,,,,,,,,,,,,,,,,
8670888,Victoria Knight,NORTHEASTERN,f,,,,,,,,,,,,,,,7.57,11.70 (3.8),24.44 (-0.4),42.24,,,,,,,,,,,,,,,,,,,,,,,,,,,,,,,,,,,,,,,,,,,,,,,,,,,,,,,,,,,,,,,,,,,,,,,,,,,,,,,,,,,,,,,,,,,,,,,,,,,,,,,,,,,,,,,,,,
8060082,Bob Hartley,MONTANA STATE,m,,,,,,,,,,,,,,,,,,,,,,,,,,,"1.56m 5' 1.25""",,,,"5.30m 17' 4.5""",,,,,,,,,,,,,,,,,,,,,,,,,,,,,,,,,,,,,,,,,,,,,,,,,,,,,,,,,,,,,,,,,,,,,,,,,,,,,,,,,,,,,,,,,,,,,,,,,,,,,
9007817,Braylon Carr,TEXAS SOUTHERN,m,,,,,,,,,,,,,,,,,,,,,"6.88m 22' 7""","16.02m 52' 6.75""",,,,,,,,,,,,,,,,,,,,,,,,,,,,,,,,,,,,,,,,,,,,,,,,,,,,,,,,,,,,,,,,,,,,,,,,,,,,,,,,,,,,,,,,,,,,,,,,,,,,,,,,,,,,,,
8282099,Manie Mevo,MISS STATE,f,,,,,,,,,,,,,,,7.74,12.15 (2.6),26.75,,1:08.09,,"6.08m 19' 11.5""","13.28m (1.0) 43' 7""",,,,,,,,,,,,,,,,,,,,,,,,,,,,,,,,,,,,,,,,,,,,,,,,,,,,,,,,,,,,,,,,,,,,,,,,,,,,,,,,,,,,,,,,,,,,,,,,,,,,,,,,,,,,,,
8358114,Zion Campbell,MINNESOTA,m,,,,,,,,,,,,,,,6.60,10.00 (4.4),20.44 (3.2),,,,,,,,,,,,,,,,,,,,,,,,,,,,,,,,,,,,,,,,,,,,,,,,,,,,,,,,,,,,,,,,,,,,,,,,,,,,,,,,,,,,,,,,,,,,,,,,,,,,,,,,,,,,,,,,,,,
8982870,Samuel Abati,TEXAS,m,,,,,,,,,,,,,,,,,,,,,,,,,,,,,,,"5.50m 18' 0.5""",,,,,,,,,,,,,,,,,,,,,,,,,,,,,,,,,,,,,,,,,,,,,,,,,,,,,,,,,,,,,,,,,,,,,,,,,,,,,,,,,,,,,,,,,,,,,,,,,,,,,
8979091,Jacob Dorrell,ARKANSAS STATE,m,,,,,,,,,,,,,,,,,,,,,,,,,,,,,,,"5.23m 17' 1.75""",,,,,,,,,,,,,,,,,,,,,,,,,,,,,,,,,,,,,,,,,,,,,,,,,,,,,,,,,,,,,,,,,,,,,,,,,,,,,,,,,,,,,,,,,,,,,,,,,,,,,
8974359,Aniyah Kitt,CLEMSON,f,,,,,,,,,,,,,,,7.21,11.10 (2.8),22.85 (1.6),37.39,,,,,,,,,,,,,,,,,,,,,,,,,,,,,,,,,,,,,,,,,,,,,,,,,,,,,,,,,,,,,,,,,,,,,,,,,,,,,,,,,,,,,,,,,,,,,,,,,,,,,,,,,,,,,,,,,,
8370468,Sydney Segalla,BOSTON COLLEGE,f,,,,,,,,,,,,,,,7.70,12.27 (1.1),23.26 (2.8),37.40,50.63,,,,,,,,,,,,,,,,,,,1:11.31,,,,,,,,,,,,,,,,,,,,,,,,,,,,,,,,,,,,,,,,,,,,,,,,,,,,,,,,,,,,,,,,,,,,,,,,,,,,,,,,,,,,,,,,,,,,,,
8925706,Edouard Lecrivain,SOUTH CAROLINA,m,,1:47.03,3:59.02,,18:51.2,,3:41.94,,,24:44.8,31:49.6,2:21.67,,,,,,,,,,,,,,,,,,,,,,,,,,,,,,,,19:42.3,,,,,,,,,,,,,,,,,,,,,,,,,,,,,,,,,,,,,,,,,,,,,,,,,,,,,,,,,,,,,,,,,,,,,,,,,,,,,,,,,,,,,,,,
8351335,Vanessa Balde,TEXAS TECH,f,,,,,,,,,,,,,,,7.61,11.69 (1.3),23.61 (1.2),,52.75,,,,,8.33,13.13 (3.1),55.39,,,,,,,,,,,,,,,,,,,,,,,,,,,,,,,,,,,,,,,,,,,,,,,,,,,,,,,,,,,,,,,,,,,,,,,,,,,,,,,,,,,,,,,,,,,,,,,,,,,,,,,,,,
8714517,Victory Achakpoekri,PURDUE,m,1:25.65,2:05.01,,,,,,,,,,,,,7.16,,21.01 (2.8),,45.37,,,,,,,,,,,,,,,,,,,,,,,,,,,,,,,,,,,,,,,,,,,,,,,,,,,,,,,,,,,,,,,,,,,,,,,,,,,,,,,,,,,,,,,,,,,,,,,,,,,,,,,,,,,,,,,,,
8014286,Darja Sopova,ILLINOIS,,,,,,,,,,,,,,,,,,,,,,"6.64m (1.9) 21' 9.5""","14.01m (1.3) 45' 11.75""",,,,,,,,,,,,,,,,,,,,,,,,,,,,,,,,,,,,,,,,,,,,,,,,,,,,,,,,,,,,,,,,,,,,,,,,,,,,,,,,,,,,,,,,,,,,,,,,,,,,,,,,,,,,,,
9006139,Precious Nzeakor,ALABAMA,f,,,,,,,,,,,,,,,,11.24 (1.8),22.85 (2.5),,,,,,,,,,,,,,,,,,,,,,,,,,,,,,,,,,,,,,,,,,,,,,,,,,,,,,,,,,,,,,,,,,,,,,,,,,,,,,,,,,,,,,,,,,,,,,,,,,,,,,,,,,,,,,,,,,,
8010046,Atena Rayson,GRAND CANYON,f,,,,,,,,,,,,,,,7.37,11.71 (0.9),23.75 (-0.1),,,,,,,,,,,,,,,,,,,,,,,,,,,,,,,,,,,,,,,,,,,,,,,,,,,,,,,,,,,,,,,,,,,,,,,,,,,,,,,,,,,,,,,,,,,,,,,,,,,,,,,,,,,,,,,,,,,
8725163,Charles Godfred,MINNESOTA,m,,,,,,,,,,,,,,,6.70,9.88 (5.6),20.91 (3.4),,,,"8.19m (2.6) 26' 10.5""",,,,,,,,,,,,,,,,,,,,,,,,,,,,,,,,,,,,,,,,,,,,,,,,,,,,,,,,,,,,,,,,,,,,,,,,,,,,,,,,,,,,,,,,,,,,,,,,,,,,,,,,,,,,,,,
8970033,Morgan Maddox,TCU,f,,,,,,,,,,,,,,,,,24.30 (4.1),,55.15,,,,,,,,,,,,,,,,,,,,,,,,,,,,,,,,,,,,,,,,,,,,,,,,,,,,,,,,,,,,,,,,,,,,,,,,,,,,,,,,,,,,,,,,,,,,,,,,,,,,,,,,,,,,,,,,,
7718660,Rhianna Phipps,NEBRASKA,f,,,,,,,,,,,,,,,,,25.88 (0.7),,,,"6.14m 20' 1.75""","13.67m (2.1) 44' 10.25""",,,,,,,,,,,,,,,,,,,,,,,,,,,,,,,,,,,,,,,,,,,,,,,,,,,,,,,,,,,,,,,,,,,,,,,,,,,,,,,,,,,,,,,,,,,,,,,,,,,,,,,,,,,,,,
7511326,Youssef Koudssi,ARIZONA,,,,,,,,,,,,,,,,,,,,,"28.56m 93' 8""",,,,,,,,"19.81m 65' 0""",,,,,"59.85m 196' 4""","52.21m 171' 3""","18.55m 60' 10.5""",,,,,,,,,,,,,,,,,,,,,,,,,,,,,,,,,,,,,,,,,,,,,,,,,,,,,,,,,,,,,,,,,,,,,,,,,,,,,,,,,,,,,,,,,,,,,,,,,
8711083,Morgan Cannon,MISSOURI,f,,,,,,,,,,,,,,,,,,,,"48.33m 158' 7""",,,,,,,,,,,,,,,,,,,,,,,,,,,,,,,,,,,,,,,,,,,,,,,,,,,,,,,,,,,,,,,,,,,,,,,,,,,,,,,,,,,,,,,,,,,,,,,,,,,,,,,,,,,,,,,,
8669579,Matthew Gray,APP STATE,m,,,,,,,,,,,,,,,,,,,,,,,,,,,,,,,"5.84m 19' 2""",,,,,,,,,,,,,,,,,,,,,,,,,,,,,,,,,,,,,,,,,,,,,,,,,,,,,,,,,,,,,,,,,,,,,,,,,,,,,,,,,,,,,,,,,,,,,,,,,,,,,
9270037,Weston Means,GRAND CANYON,m,,,,,,,,,,,,,,,,,,,,,,,,,,,"2.12m 6' 11.5""",,,,,,,,,,,,,,,,,,,,,,,,,,,,,,,,,,,,,,,,,,,,,,,,,,,,,,,,,,,,,,,,,,,,,,,,,,,,,,,,,,,,,,,,,,,,,,,,,,,,,,,,,
8710692,Cheyla Scott,KANSAS STATE,,,,,,,,,,,,,,,,,,,,,,"6.07m 19' 11""",,,,,,"1.89m 6' 2.25""",,,,,,,,,,,,,,,,,,,,,,,,,,,,,,,,,,,,,,,,,,,,,,,,,,,,,,,,,,,,,,,,,,,,,,,,,,,,,,,,,,,,,,,,,,,,,,,,,,,,,,,,,
8343534,Lauren Reed,USC,f,,,,,,,,,,,,,,,,,,,,,"6.29m (-3.0) 20' 7.75""","13.13m (1.9) 43' 1""",,,,,,,,,,,,,,,,,,,,,,,,,,,,,,,,,,,,,,,,,,,,,,,,,,,,,,,,,,,,,,,,,,,,,,,,,,,,,,,,,,,,,,,,,,,,,,,,,,,,,,,,,,,,,,
9276049,Joshua Brown,TEXAS SOUTHERN,m,,,,,,,,,,,,,,,6.83,10.24 (0.5),20.68 (1.2),,50.02,,,,,,,,,,,,,,,,,,,,,,,,,,,,,,,,,,,,,,,,,,,,,,,,,,,,,,,,,,,,,,,,,,,,,,,,,,,,,,,,,,,,,,,,,,,,,,,,,,,,,,,,,,,,,,,,,
8981499,Myla Wilkes,MICHIGAN,f,,,,,,,,,,,,,,,7.67,11.65 (2.1),23.38 (2.4),,,,,,,,,,,,,,,,,,,,,,,,,,,,,,,,,,,,,,,,,,,,,,,,,,,,,,,,,,,,,,,,,,,,,,,,,,,,,,,,,,,,,,,,,,,,,,,,,,,,,,,,,,,,,,,,,,,
7722135,Emma Sullivan,KENNESAW STATE,f,,2:00.73,4:50.04,17:28.6,19:48.5,,4:13.65,,,,,,,,,,,,53.10,,,,,,,,,,,,,,,,,,,,,,,,,,,,,,,,,,,,14:36.7,,,,,,,,,,,,,,,,,,,,,,,,21:08.6,,,,,,,,,,,,,,,,,,,,,,,,,,,,,,,16:56.9,,,,,,,,,,,,,,,,,,,,,,
9356835,Xaver Hastenrath,UCLA,m,,,,,,,,,,,,,,,,,,,,"51.49m 168' 11""",,,,,,,,"19.38m 63' 7""",,,,,,,,,,,,,,,,,,,,,,,,,,,,,,,,,,,,,,,,,,,,,,,,,,,,,,,,,,,,,,,,,,,,,,,,,,,,,,,,,,,,,,,,,,,,,,,,,,,,,,,,
9267509,Emma Havighurst,IOWA STATE,f,,,,,,,,,,,,,,,7.96,,25.46,,,,,,,8.31,13.41 (1.2),,,,,,,,,,,,,,,,,,,,,,,,,,,,,,,,,,,,,,,,,,,,,,,,,,,,,,,,,,,,,,,,,,,,,,,,,,,,,,,,,,,,,,,,,,,,,,,,,,,,,,,,,,,
8005953,Gabrielle Griffiths,AKRON,f,,,,,,,,,,,,,,,,,,,,"47.66m 156' 4""",,,,,,,,"14.69m 48' 2.5""",,,,,"41.37m 135' 9""","62.52m 205' 1""","18.98m 62' 3.25""",,,,,,,,,,,,,,,,,,,,,,,,,,,,,,,,,,,,,,,,,,,,,,,,,,,,,,,,,,,,,,,,,,,,,,,,,,,,,,,,,,,,,,,,,,,,,,,,,
8719648,Ian Dossman,CAL ST. FULLERTON,m,,,,,,,,,,,,,,,6.66,10.02 (3.3),20.15 (0.1),,47.38,,,,,,,,,,,,,,,,,,,,,,,,,,,,,,,,,,,,,,,,,,,,,,,,,,,,,,,,,,,,,,,,,,,,,,,,,,,,,,,,,,,,,,,,,,,,,,,,,,,,,,,,,,,,,,,,,
7547302,Chloe Lindeman,WISCONSIN,,,,,,,,,,,,,,,,,,,,,,,,,,,,,"15.90m 52' 2""",,,,,,"67.89m 222' 9""","23.77m 78' 0""",,,,,,,,,,,,,,,,,,,,,,,,,,,,,,,,,,,,,,,,,,,,,,,,,,,,,,,,,,,,,,,,,,,,,,,,,,,,,,,,,,,,,,,,,,,,,,,,,
8700469,Daniel Thrana,OREGON,m,,,,,,,,,,,,,,,,,,,,"78.32m 256' 11""",,,,,,,,,,,,,,,,,,,,,,,,,,,,,,,,,,,,,,,,,,,,,,,,,,,,,,,,,,,,,,,,,,,,,,,,,,,,,,,,,,,,,,,,,,,,,,,,,,,,,,,,,,,,,,,,
9253056,Dana Wilson,TENNESSEE,f,,,,,,,,,,,,,,,7.34,11.09 (1.1),23.13 (-0.5),,,,,,,,,,,,,,,,,,,,,,,,,,,,,,,,,,,,,,,,,,,,,,,,,,,,,,,,,,,,,,,,,,,,,,,,,,,,,,,,,,,,,,,,,,,,,,,,,,,,,,,,,,,,,,,,,,,
8971436,Malachi Yehudah,RUTGERS,m,,,,,,,,,,,,,,,,,,,,,,,,,,,"2.16m 7' 1""",,,,,,,,,,,,,,,,,,,,,,,,,,,,,,,,,,,,,,,,,,,,,,,,,,,,,,,,,,,,,,,,,,,,,,,,,,,,,,,,,,,,,,,,,,,,,,,,,,,,,,,,,
9224491,River White,BYU,f,,,,,21:15.8,,4:31.83,,10:20.39,,,,9:48.99,,,,,,,,,,,,,,,,,,,,,,,,,,,,,,,,,,,,,,,,,,,,,,,,,,,,,,,,,,,,,,,,,,,,,,,,,,,,,,,,,,,,,,,,,,,,,,,,,,,,,,,,,,,,,,,,,,,,,,,
9237252,Yuliya Maslouskaya,PENN,f,1:34.62,2:13.05,,,,,,,,,,,,,,12.51 (-0.3),25.30 (1.2),,,"34.74m 114' 0""","6.02m (+0.0) 19' 9""",,,8.93,14.26 (-0.8),,"1.72m 5' 7.75""","11.43m 37' 6""",4166,5492,,,,,,,,,,,,,,,,,,,,,,,,,,,,,,,,,,,,,,,,,,,,,,,,,,,,,,,,,,,,,,,,,,,,,,,,,,,,,,,,,,,,,,,,,,,,,,,,,,,,,,
9254286,Justin Kolpan,RUTGERS,m,,,,,,,,,,,,,,,,,,,,"68.97m 226' 3""",,,,,,,,,,,,,,,,,,,,,,,,,,,,,,,,,,,,,,,,,,,,,,,,,,,,,,,,,,,,,,,,,,,,,,,,,,,,,,,,,,,,,,,,,,,,,,,,,,,,,,,,,,,,,,,,
9177419,Yoran Kabengele-Kabala,NEW ORLEANS,m,,,,,,,,,,,,,,,6.81,10.20 (3.4),20.83 (3.0),,48.96,,,,,,,,,,,,,,,,,,,,,,,,,,,,,,,,,,,,,,,,,,,,,,,,,,,,,,,,,,,,,,,,,,,,,,,,,,,,,,,,,,,,,,,,,,,,,,,,,,,,,,,,,,,,,,,,,
8683564,Nia Wilson,PURDUE,f,,,,,,,,,,,,,,,7.32,11.49 (4.8),24.27 (0.9),,,,,,,,,,,,,,,,,,,,,,,,,,,,,,,,,,,,,,,,,,,,,,,,,,,,,,,,,,,,,,,,,,,,,,,,,,,,,,,,,,,,,,,,,,,,,,,,,,,,,,,,,,,,,,,,,,,
9288447,Gladys David Mumbe,OKLAHOMA,f,,,,,,,,,,,,,,,,,,,54.73,,,,,,,,,,,,,,,,,,,,,,1:23.64,,,,,,,,,,,,,,,,,,,,,,,,,,,,,,,,,,,,,,,,,,,,,,,,,,,,,,,,,,,,,,,,,,,,,,,,,,,,,,,,,,,,,,,,,,,
8978302,Valerie Jirak,DUKE,f,,2:13.98,,,,,,,,,,,,,,,24.10 (1.9),,,"37.04m 121' 6""","5.88m (1.0) 19' 3.5""",,,8.68,13.97 (2.7),,"1.65m 5' 5""","10.97m 36' 0""",3964,5542,,,,,,,,,,,,,,,,,,,,,,,,,,,,,,,,,,,,,,,,,,,,,,,,,,,,,,,,,,,,,,,,,,,,,,,,,,,,,,,,,,,,,,,,,,,,,,,,,,,,,,
9049629,Lacarthea Cooper,TEXAS A&M,f,,,,,,,,,,,,,,,,,22.87 (4.0),,51.36,,,,,,,,,,,,,,,,,,,,,,,,,,,,,,,,,,,,,,,,,,,,,,,,,,,,,,,,,,,,,,,,,,,,,,,,,,,,,,,,,,,,,,,,,,,,,,,,,,,,,,,,,,,,,,,,,
8010897,Jasmine Moore,FLORIDA,,,,,,,,,,,,,,,,7.81,,,,,,"7.03m 23' 0.75""","15.12m 49' 7.25""",,,,,,,,,,,,,,,,,,,,,,,,,,,,,,,,,,,,,,,,,,,,,,,,,,,,,,,,,,,,,,,,,,,,,,,,,,,,,,,,,,,,,,,,,,,,,,,,,,,,,,,,,,,,,,
9245244,Ryhan Balous,ALABAMA,f,,,,,,,,,,,,,,,7.40,11.66 (-0.3),,,,,"6.23m 20' 5.25""",,,,,,,,,,,,,,,,,,,,,,,,,,,,,,,,,,,,,,,,,,,,,,,,,,,,,,,,,,,,,,,,,,,,,,,,,,,,,,,,,,,,,,,,,,,,,,,,,,,,,,,,,,,,,,,
7901525,Jan Wouter Van Den Akker,UMASS LOWELL,m,,,4:08.80,,,,3:53.10,13:52.52,,23:29.5,29:25.0,,8:08.77,,,,,,,,,,28:46.34,,,,,,,,,,,,,,24:13.4,,,,,,,,,25:38.7,,,,,,,,,,,,,,,,,,,,,,,,,,,,,,,,,,,,,,,,,,,,,,,,,,,,,,,,,,,,,,,,,,,,,,,,,,,,,,,,,,,,,,
8983433,Anthony Waterman,KENTUCKY,m,,,,,,,,,,,,,,,,,21.79,34.65,,,,,,7.75,,49.85,,,,,,13.43 (-0.3),,,,,,,,,,,,,,,,,,,,,,,,,,,,,,,,,,,,,,,,,,,,,,,,,,,,,,,,,,,,,,,,,,,,,,,,,,,,,,,,,,,,,,,,,,,,,,,,,,,,
9006141,Eleanor Partrick,ALABAMA,f,,,,,,,,,,,,,,,,,,,,"57.99m 190' 3""",,,,,,,,,,,,,,,,,,,,,,,,,,,,,,,,,,,,,,,,,,,,,,,,,,,,,,,,,,,,,,,,,,,,,,,,,,,,,,,,,,,,,,,,,,,,,,,,,,,,,,,,,,,,,,,,
7975664,Michael Bennett,DUKE,m,,,,,,,4:19.00,,,,,2:39.96,,,6.91,10.67 (2.2),22.37 (2.0),,47.26,"49.83m 163' 6""","7.00m (2.8) 22' 11.75""",,,8.11,,51.97,"1.86m 6' 1.25""","13.58m 44' 6.75""",,5514,"4.55m 14' 11""",14.37 (2.0),"42.02m 137' 10""",,,7616,,,,,,,,,,,,,,,,,,,,,,,,,,,,,,,,,,,,,,,,,,,,,,,,,,,,,,,,,,,,,,,,,,,,,,,,,,,,,,,,,,,,,,,,,,,,,,,,
9249267,Shanteria Washington,ALABAMA STATE,f,,,,,,,,,,,,,,,7.62,11.42 (1.6),23.92 (1.3),,,,,,,,,,,,,,,,,,,,,,,,,,,,,,,,,,,,,,,,,,,,,,,,,,,,,,,,,,,,,,,,,,,,,,,,,,,,,,,,,,,,,,,,,,,,,,,,,,,,,,,,,,,,,,,,,,,
8709424,Easton Hammond,TEXAS STATE,m,,,,,,,4:26.10,,,,,2:37.71,,,7.24,11.13 (1.3),22.80 (2.1),,49.52,"55.50m 182' 1""","7.09m (0.8) 23' 3.25""",,,8.86,,,"2.12m 6' 11.5""","13.63m 44' 8.75""",,5498,"4.90m 16' 0.75""",15.75 (2.0),"42.90m 140' 9""",,,7823,,,,,,,,,,,,,,,,,,,,,,,,,,,,,,,,,,,,,,,,,,,,,,,,,,,,,,,,,,,,,,,,,,,,,,,,,,,,,,,,,,,,,,,,,,,,,,,,
7729846,Da'Marcus Fleming,LSU,,,,,,,,,,,,,,,,6.60,9.85 (5.5),20.22 (2.1),,,,,,,,,,,,,,,,,,,,,,,,,,,,,,,,,,,,,,,,,,,,,,,,,,,,,,,,,,,,,,,,,,,,,,,,,,,,,,,,,,,,,,,,,,,,,,,,,,,,,,,,,,,,,,,,,,,
9262072,Sydney Sutton,FLORIDA,f,,,,,,,,,,,,,,,,,22.55 (1.8),37.19,51.25,,,,,,,56.62,,,,,,,,,,,,,,,,,,,,,,,,,,,,,,,,,,,,,,,,,,,,,,,,,,,,,,,,,,,,,,,,,,,,,,,,,,,,,,,,,,,,,,,,,,,,,,,,,,,,,,,,,,
9249322,Sanaii Gaines,SC STATE,f,,,,,,,,,,,,,,,7.94,,25.26,,1:01.10,,"6.34m (1.9) 20' 9.75""",,,,,,,,,,,,,,,,,,,,,,,,,,,,,,,,,,,,,,,,,,,,,,,,,,,,,,,,,,,,,,,,,,,,,,,,,,,,,,,,,,,,,,,,,,,,,,,,,,,,,,,,,,,,,,,
9244843,Kai Martin,ALABAMA,m,,1:46.55,,,,,3:44.23,,,,,,,,,,,,,,,,,,,,,,,,,,,,,,,,,,,,,,,,,,,,,,,,,,,,,,,,,,,,,,,,,,,,,,,,,,,,,,,,,,,,,,,,,,,,,,,,,,,,,,,,,,,,,,,,,,,,,,,,,,,,,
8354289,Lily Jones,OREGON,f,,,,,,,,,,,,,,,7.28,11.23 (3.3),23.80 (0.7),,,,,,,,,,,,,,,,,,,,,,,,,,,,,,,,,,,,,,,,,,,,,,,,,,,,,,,,,,,,,,,,,,,,,,,,,,,,,,,,,,,,,,,,,,,,,,,,,,,,,,,,,,,,,,,,,,,
8899219,Tessa Buswell,BYU,f,,2:00.76,,,20:58.2,,4:12.70,,,,,,,,,,,,,,,,,,,,,,,,,,,,,,,,,,,,,,,,,,,,,,,,,,,,,,,,,,,,,,,,,,,,,,,,,,,,,,,,,,,,,,,,,,,,,,,,,,,,,,,,,,,,,,,,,,,,,,,,,,,,,
8005683,Bryce Mccray,TEXAS A&M,,,,,,,,,,,,,,,,,,21.49,33.37,47.15,,,,,,,49.52,,,,,,15.49 (2.5),,,,,,,,,,,,,,,,,,,,,,,,,,,,,,,,,,,,,,,,,,,,,,,,,,,,,,,,,,,,,,,,,,,,,,,,,,,,,,,,,,,,,,,,,,,,,,,,,,,,
9013656,Jonathan Henderson,SOUTH ALABAMA,m,,,,,,,,,,,,,,,,,,,,,,,,,,,"2.16m 7' 1""",,,,,,,,,,,,,,,,,,,,,,,,,,,,,,,,,,,,,,,,,,,,,,,,,,,,,,,,,,,,,,,,,,,,,,,,,,,,,,,,,,,,,,,,,,,,,,,,,,,,,,,,,
9240103,Khaliq Muhammad,SOUTH CAROLINA,m,,,,,,,,,,,,,,,,11.49 (-0.4),,,,,,,,,,,,,,,"5.50m 18' 0.5""",,,,,,,,,,,,,,,,,,,,,,,,,,,,,,,,,,,,,,,,,,,,,,,,,,,,,,,,,,,,,,,,,,,,,,,,,,,,,,,,,,,,,,,,,,,,,,,,,,,,,
8992019,Lalenii Grant,UALBANY,f,,,,,,,,,,,,,,,,,,,,,,,,,,,,"13.29m 43' 7.25""",,,,,"56.81m 186' 5""","46.88m 153' 10""","19.14m 62' 9.5""",,,,,,,,,,,,,,,,,,,,,,,,,,,,,,,,,,,,,,,,,,,,,,,,,,,,,,,,,,,,,,,,,,,,,,,,,,,,,,,,,,,,,,,,,,,,,,,,,
7930043,Grace Campbell,ARIZONA STATE,,,,,,,,,,,,,,,,,,,,,,"5.22m (+0.0) 17' 1.5""",,,,,,"1.84m 6' 0.5""",,,,,,,,,,,,,,,,,,,,,,,,,,,,,,,,,,,,,,,,,,,,,,,,,,,,,,,,,,,,,,,,,,,,,,,,,,,,,,,,,,,,,,,,,,,,,,,,,,,,,,,,,
6997737,Titiana Marsh,GEORGIA,,,,,,,,,,,,,,,,7.66,11.89 (0.7),,,,,"6.58m (3.0) 21' 7.25""","13.83m (3.3) 45' 4.5""",,,,,,,,,,,,,,,,,,,,,,,,,,,,,,,,,,,,,,,,,,,,,,,,,,,,,,,,,,,,,,,,,,,,,,,,,,,,,,,,,,,,,,,,,,,,,,,,,,,,,,,,,,,,,,
9201622,Camren Smith,CAL ST. FULLERTON,m,,,,,,,,,,,,,,,,,,,,,"7.44m (2.1) 24' 5""","15.76m (1.1) 51' 8.5""",,,,,,,,,,,,,,,,,,,,,,,,,,,,,,,,,,,,,,,,,,,,,,,,,,,,,,,,,,,,,,,,,,,,,,,,,,,,,,,,,,,,,,,,,,,,,,,,,,,,,,,,,,,,,,
7982988,Elizabeth Korczak,IOWA,f,,,,,,,,,,,,,,,,,,,,"58.10m 190' 7""",,,,,,,,,,,,,,,,,,,,,,,,,,,,,,,,,,,,,,,,,,,,,,,,,,,,,,,,,,,,,,,,,,,,,,,,,,,,,,,,,,,,,,,,,,,,,,,,,,,,,,,,,,,,,,,,
8279154,Molly Malague,HARVARD,f,,,,17:45.6,19:48.2,,,15:50.39,9:56.92,,,,9:09.28,,,,,,,,,,34:13.95,,,,,,,,,,,,,,,,,,,,,,,,,,,,,,,,,,,,,,,,,,,,,,,,,,,,,,,,,,,,,,,,,,,,,,,,,,,,,,,,,,,,,,,,,,,,,,,,,,,,,,,,,,,,,
6895487,Katy-Ann Mcdonald,GEORGETOWN,,,2:00.98,4:37.42,16:50.5,20:17.6,,4:12.30,,,,,,,,,,,,56.25,,,,,,,,,,,,,,,,,,,,,,,,,,,,,,,,,,,,,,,,,,,,,,,,,,,,,,,,,,,,,,,,,,,,,,,,,,,,,,,,,,,,,,,,,,,,,,,,,,,,,,,,,,,,,,,,,
8318375,Ricquan Graham,BAYLOR,m,,,,,,,,,,,,,,,6.76,10.12 (2.6),20.96 (0.9),,48.01,,,,,,,,,,,,,,,,,,,,,,,,,,,,,,,,,,,,,,,,,,,,,,,,,,,,,,,,,,,,,,,,,,,,,,,,,,,,,,,,,,,,,,,,,,,,,,,,,,,,,,,,,,,,,,,,,
6527910,Sommer Knight,EAST CAROLINA,,,,,,,,,,,,,,,,,,,,,,,,,,,,,,,,"4.35m 14' 3.25""",,,,,,,,,,,,,,,,,,,,,,,,,,,,,,,,,,,,,,,,,,,,,,,,,,,,,,,,,,,,,,,,,,,,,,,,,,,,,,,,,,,,,,,,,,,,,,,,,,,,,
9242755,Madison Fleming,UCLA,f,,,,,,,,,,,,,,,,12.05 (0.2),,,,,,,,8.48,13.25 (4.9),,,,,,,,,,,,,,,,,,,,,,,,,,,,,,,,,,,,,,,,,,,,,,,,,,,,,,,,,,,,,,,,,,,,,,,,,,,,,,,,,,,,,,,,,,,,,,,,,,,,,,,,,,,
8656079,Jason Olivera Jr,HIGH POINT,m,,,,,,,,,,,,,,,,,,,,,,,,,,,,,,,"5.45m 17' 10.5""",,,,,,,,,,,,,,,,,,,,,,,,,,,,,,,,,,,,,,,,,,,,,,,,,,,,,,,,,,,,,,,,,,,,,,,,,,,,,,,,,,,,,,,,,,,,,,,,,,,,,
9272249,Siun Quinn,ILLINOIS,f,,,,,,,,,,,,,,,,,,,,,,,,,,,"1.85m 6' 0.75""",,,,,,,,,,,,,,,,,,,,,,,,,,,,,,,,,,,,,,,,,,,,,,,,,,,,,,,,,,,,,,,,,,,,,,,,,,,,,,,,,,,,,,,,,,,,,,,,,,,,,,,,,
9280923,Kiara Webb,OHIO STATE,f,,,,,,,,,,,,,,,,,24.56,39.17,52.34,,,,,,,,,,,,,,,,,,,,,,,,,,,,,,,,,,,,,,,,,,,,,,,,,,,,,,,,,,,,,,,,,,,,,,,,,,,,,,,,,,,,,,,,,,,,,,,,,,,,,,,,,,,,,,,,,
8978586,Jonathan York,PRINCETON,m,,1:55.33,,,,,,,,,,,,,,,21.40 (0.3),,46.27,,,,,,,,,,,,,,,,,,,1:01.16,,,,,,,,,,,,,,,,,,,,,,,,,,,,,,,,,,,,,,,,,,,,,,,,,,,,,,,,,,,,,,,,,,,,,,,,,,,,,,,,,,,,,,,,,,,,,,
8239463,Gabby Cortez,IOWA,f,1:27.16,2:03.82,,,,,,,,,,,,,,,,,54.55,,,,,,,,,,,,,,,,,,,,,,,,,,,,,,,,,,,,15:42.8,,,,,,,,,,,,,,,,,,,,,,,,,,,,,,,,,,,,,,,,,,,,,,,,,,,,,,,,,,,,,,,,,,,,,,,,,,,,,
8972021,Conor Mcfadden,NAVY,m,,,,,,,,,,,,,,,6.84,,20.81 (2.5),,46.95,,,,,,,,,,,,,,,,,,,,,,,,,,,,,,,,,,,,,,,,,,,,,,,,,,,,,,,,,,,,,,,,,,,,,,,,,,,,,,,,,,,,,,,,,,,,,,,,,,,,,,,,,,,,,,,,,
9234350,Josiah Montgomery,PITTSBURGH,m,,,,,,,,,,,,,,,,,,,,,,,,,,,,"17.91m 58' 9.25""",,,,,"44.82m 147' 0""","47.76m 156' 8""","15.13m 49' 7.75""",,,,,,,,,,,,,,,,,,,,,,,,,,,,,,,,,,,,,,,,,,,,,,,,,,,,,,,,,,,,,,,,,,,,,,,,,,,,,,,,,,,,,,,,,,,,,,,,,
7484295,Marilyn Nwora,TEXAS,,,,,,,,,,,,,,,,,,,,,,,,,,,,,"18.14m 59' 6.25""",,,,,"35.34m 115' 11""","41.23m 135' 3""","16.78m 55' 0.75""",,,,,,,,,,,,,,,,,,,,,,,,,,,,,,,,,,,,,,,,,,,,,,,,,,,,,,,,,,,,,,,,,,,,,,,,,,,,,,,,,,,,,,,,,,,,,,,,,
8719473,Keaton Hansard,CENTRAL ARKANSAS,m,1:21.61,2:01.97,,,,,,,,,,,,,,,21.33 (3.7),,46.22,,,,,,,,,,,,,,,,,,,,,,1:13.18,,,,,,,,,,,,,,,,,,,,,,,,,,,,,,,,,,,,,,,,,,,,,,,,,,,,,,,,,,,,,,,,,,,,,,,,,,,,,,,,,,,,,,,,,,,
7988605,Chloe Rodriguez,OKLAHOMA,f,,2:24.81,,,,,,,,,,,,,7.67,,24.10 (1.2),,54.51,,,,,8.64,14.81 (1.9),57.02,,,,,,,,,,,,,,,,,,,,,,,,,,,,,,,,,,,,,,,,,,,,,,,,,,,,,,,,,,,,,,,,,,,,,,,,,,,,,,,,,,,,,,,,,,,,,,,,,,,,,,,,,,
7686035,Luke Tewalt,WAKE FOREST,,,1:51.56,3:59.94,,17:55.4,,3:38.52,13:28.18,,22:39.0,28:59.7,,7:39.09,,,,,,,,,,,,,,,,,,,,,,,,26:48.1,,,,,,,,,,,,,,,,,,,,,,,,,,,,,,,,,,,,,,,,,,,,,,,,,,,,,,,,,,,,,,,,,,,,,,,,,,,,,,,,,,,,,,,,,,,,,,,
7738353,Joniar Thomas,TEXAS A&M,,,2:23.20,,,,,,,,,,,,,,,23.53 (4.2),,,"43.99m 144' 4""","6.56m 21' 6.25""",,,8.46,13.61 (+0.0),,"1.68m 5' 6""","12.37m 40' 7""",3997,5967,,,,,,,,,,,,,,,,,,,,,,,,,,,,,,,,,,,,,,,,,,,,,,,,,,,,,,,,,,,,,,,,,,,,,,,,,,,,,,,,,,,,,,,,,,,,,,,,,,,,,,
9253797,Royanah Farmer,OLE MISS,f,,,,,,,,,,,,,,,7.28,11.22 (3.8),23.70 (+0.0),41.04,,,,,,,,,,,,,,,,,,,,,,,,,,,,,,,,,,,,,,,,,,,,,,,,,,,,,,,,,,,,,,,,,,,,,,,,,,,,,,,,,,,,,,,,,,,,,,,,,,,,,,,,,,,,,,,,,,
8678347,Eliza Aitken,SOUTH DAKOTA,f,,,,,,,,,,,,,,,,,,41.70,,,,,,,,,,,,,"4.23m 13' 10.5""",,,,,,,,,,,,,,,,,,,,,,,,,,,,,,,,,,,,,,,,,,,,,,,,,,,,,,,,,,,,,,,,,,,,,,,,,,,,,,,,,,,,,,,,,,,,,,,,,,,,,
8647404,Michael Pinones,TEXAS,m,,,,,,,,,,,,,,,,,,,,,,,,,,,,"19.79m 64' 11.25""",,,,,,,"17.48m 57' 4.25""",,,,,,,,,,,,,,,,,,,,,,,,,,,,,,,,,,,,,,,,,,,,,,,,,,,,,,,,,,,,,,,,,,,,,,,,,,,,,,,,,,,,,,,,,,,,,,,,,
8316107,Lashanna Graham,CLEMSON,,1:30.87,2:16.14,,,,,,,,,,,,,,,,38.87,52.97,,,,,,,56.54,,,,,,,,,,,,,,,,,,,,,,,,,,,,,,,,,,,,,,,,,,,,,,,,,,,,,,,,,,,,,,,,,,,,,,,,,,,,,,,,,,,,,,,,,,,,,,,,,,,,,,,,,,
9272025,Amir Thompson,ARIZONA STATE,m,,,,,,,,,,,,,,,,,20.37 (1.8),32.39,,,,,,,,,,,,,,,,,,,,,,,,,,,,,,,,,,,,,,,,,,,,,,,,,,,,,,,,,,,,,,,,,,,,,,,,,,,,,,,,,,,,,,,,,,,,,,,,,,,,,,,,,,,,,,,,,,
8324076,Adison Kapitzke,NORTH DAKOTA STATE,f,,,,,,,,,,,,,,,,,,,,,,,,,,,,"15.64m 51' 3.75""",,,,,"46.93m 154' 0""","60.66m 199' 0""","17.60m 57' 9""",,,,,,,,,,,,,,,,,,,,,,,,,,,,,,,,,,,,,,,,,,,,,,,,,,,,,,,,,,,,,,,,,,,,,,,,,,,,,,,,,,,,,,,,,,,,,,,,,
8711106,Jason Gomez,IOWA STATE,,1:17.83,1:46.34,,,,,3:41.69,,,25:35.2,32:13.6,2:19.11,,,,,,,50.47,,,,,,,,,,,,,,,,,,,,,,,,,,,,,,,,,,,,,,,,,,,,,,,,,,,,,,,,,,,,,,,,,,,,,,,,,,,,,,,,,,,,,,,,,,,,22:41.9,33:37.1,,,,,,,,,,,,,,,,,,,,
9242493,Cali Bryant,VANDERBILT,f,,,,,,,,,,,,,,,,,,,,,"5.44m 17' 10.25""",,,,,,"1.79m 5' 10.5""",,,,,,,,,,,,,,,,,,,,,,,,,,,,,,,,,,,,,,,,,,,,,,,,,,,,,,,,,,,,,,,,,,,,,,,,,,,,,,,,,,,,,,,,,,,,,,,,,,,,,,,,,
7893794,Michael Power,TULSA,,,,3:58.76,,,,3:40.97,13:29.57,,23:25.2,29:39.7,,7:50.12,,,,,,,,,,,,,,,,,,,,,,,,,,,,,,,,,,,,,,,,,,,,,,,,,,,,,,,,,,,,,,,,,,,,,,,,,,,,,,,,,,,,,,,,,,,,,,,,,,,,,,,,,,,,,,,,,,,,,,,
8677118,Amaya Hopkins,CHARLOTTE,f,,,,,,,,,,,,,,,,,25.40 (+0.0),,56.17,,,,,8.93,14.54 (1.4),57.78,,,,,,,,,,,,1:19.01,,,,,,,,,,,,,,,,,,,,,,,,,,,,,,,,,,,,,,,,,,,,,,,,,,,,,,,,,,,,,,,,,,,,,,,,,,,,,,,,,,,,,,,,,,,,,,
9258564,Eli Fullerton,BUTLER,m,,,,,,,,13:55.10,,23:53.2,30:06.2,,8:11.97,,,,,,,,,,29:05.56,,,,,,,,,,,,,,,,,,,,,,,,,,,,,,,,,,,,,,,,,,,,,,,,,,,,,,,,,,,,,,,,,,,,,,,,,,,,,,,,,,,,,,,,,,,,,,,,,,,,,,,,,,,,,
9003251,Clarence Mcgill,NORTH TEXAS,m,,,,,,,,,,,,,,,,,22.24 (3.3),,47.59,,,,,,,51.02,,,,,,,,,,,,,,,,,,,,,,,,,,,,,,,,,,,,,,,,,,,,,,,,,,,,,,,,,,,,,,,,,,,,,,,,,,,,,,,,,,,,,,,,,,,,,,,,,,,,,,,,,,
7488536,Alysah Hickey,OREGON,,,,,,,,,,,,,,,,7.43,11.51 (0.3),24.68 (2.3),,,,"6.81m 22' 4.25""",,,,,,"1.75m 5' 8.75""",,,,,,,,,,,,,,,,,,,,,,,,,,,,,,,,,,,,,,,,,,,,,,,,,,,,,,,,,,,,,,,,,,,,,,,,,,,,,,,,,,,,,,,,,,,,,,,,,,,,,,,,,
9257054,Rukia Nusra Omulisia,KENTUCKY,f,,,,,,,,,,,,,,,7.69,11.88 (3.1),24.05 (1.9),40.15,,,,,,8.13,12.88 (1.1),,,,,,,,,,,,,,,,,,,,,,,,,,,,,,,,,,,,,,,,,,,,,,,,,,,,,,,,,,,,,,,,,,,,,,,,,,,,,,,,,,,,,,,,,,,,,,,,,,,,,,,,,,,
7979939,Jada Pierre,SAN DIEGO ST.,f,,,,,,,,,,,,,,,7.52,11.41 (1.6),23.72 (4.9),,,,,,,8.32,13.07 (3.1),,,,,,,,,,,,,,,,,,,,,,,,,,,,,,,,,,,,,,,,,,,,,,,,,,,,,,,,,,,,,,,,,,,,,,,,,,,,,,,,,,,,,,,,,,,,,,,,,,,,,,,,,,,
5624063,Alex Ostberg,NORTH CAROLINA,,,,3:59.31,,,,3:42.09,13:31.60,,23:08.0,29:33.9,,7:49.01,,,,,,,,,,28:49.36,,,,,,,,,,,,,,,,,,,,,,,,,,,,,,,,,,,,,,,,,,,,,,,,,,,,,,,,,,,,,,,,,,,,,,,,,,,,,,,,,,,,,,,,,,,,,,,,,,,,,,,,,,,,,
8669669,Nayyir Newash-Campbell,PENN,m,,,,,,,,,,,,,,,7.01,10.76 (1.7),21.17,34.15,45.89,,,,,,,,,,,,,,,,,,,,,,,,,,,,,,,,,,,,,,,,,,,,,,,,,,,,,,,,,,,,,,,,,,,,,,,,,,,,,,,,,,,,,,,,,,,,,,,,,,,,,,,,,,,,,,,,,
8984972,Kaden Rambatt,AKRON,m,,,,,,,,,,,,,,,,,,,,,,,,,,,,,,,"5.27m 17' 3.5""",,,,,,,,,,,,,,,,,,,,,,,,,,,,,,,,,,,,,,,,,,,,,,,,,,,,,,,,,,,,,,,,,,,,,,,,,,,,,,,,,,,,,,,,,,,,,,,,,,,,,
9169016,Timothy Kibet,ALABAMA,m,,,4:12.73,,,,,14:17.99,,23:34.8,,,,,,,,,,,,,28:58.97,,,,,,,,,,,,,,,,,,,,24:56.5,,,,,,,,,,,,,,,,,,,,,,,,,,,,,,,,,,,,,,,,,,,,,,,,,,,,,,,,,,,,,,,,,,,,,,,,,,,,,,,,,,,,,,,,,
7711751,Nico Young,THE KING'S COLLEGE,,,1:47.65,3:56.00,,,,3:34.56,12:57.14,,22:30.8,28:01.8,,7:37.73,,,,,,,,,,,,,,,,,,,,,,,,,,,,,,,,,,,,,,,,,,,,,,,,,,,,,,,,,,,,,,,,,,,,,,,,,,,,,,22:49.9,,,,,,,22:11.0,,,,,,,,,,,,,,,,,,,,,,,,,,,,,,,,,,
9242313,Shi'Eana Hall,HOUSTON,f,,,,,,,,,,,,,,,,12.04 (3.3),24.46 (2.8),,,,"5.52m 18' 1.5""","13.36m (2.0) 43' 10""",,,,,,,,,,,,,,,,,,,,,,,,,,,,,,,,,,,,,,,,,,,,,,,,,,,,,,,,,,,,,,,,,,,,,,,,,,,,,,,,,,,,,,,,,,,,,,,,,,,,,,,,,,,,,,
8716143,Leah Acosta,LSU,f,,,,,,,,,,,,,,,,,,,,,,,,,,,,"15.34m 50' 4""",,,,,"58.81m 192' 11""",,"14.45m 47' 5""",,,,,,,,,,,,,,,,,,,,,,,,,,,,,,,,,,,,,,,,,,,,,,,,,,,,,,,,,,,,,,,,,,,,,,,,,,,,,,,,,,,,,,,,,,,,,,,,,
8264770,Aiden Coles,IONA,m,,1:49.85,3:58.77,,18:27.8,,3:38.71,,,23:57.8,30:32.4,2:22.54,7:58.25,,,,,,,,,,,,,,,,,,,,,,,,,,,,,,,,,,,,,,,,,,,,,,,,,,,,,,,,,,,,,,,,,,,,,,,,,,,,,,,,,,,,,,,,,,,,,,,,,,,,,,,,,,,,,,,,,,,,,,,
8009874,Toby Gillen,OLE MISS,,,,4:02.33,,,,3:41.92,13:26.74,,22:41.3,29:19.8,,7:48.66,,,,,,,,,,30:12.62,,,,,,,,,,,,,,24:21.6,,,,,,,,,,,,,,,,,,,,,,,,,,,,,,,,,,,,,,,,,,,,,,,,,,,,,,,,,,,,,,,,,,,,,,,,,,,,,,,,,,,,,,,,,,,,,,,
9271920,Aliyah Adams,ARIZONA STATE,f,,,,,,,,,,,,,,,,,,,,,"5.60m 18' 4.5""","13.40m (3.4) 43' 11.75""",,,,,,,,,,,,,,,,,,,,,,,,,,,,,,,,,,,,,,,,,,,,,,,,,,,,,,,,,,,,,,,,,,,,,,,,,,,,,,,,,,,,,,,,,,,,,,,,,,,,,,,,,,,,,,
9010257,Adryana Shelby,NEW MEXICO,f,,,,,,,,,,,,,,,7.88,12.10 (1.6),25.03,,,,,,,8.37,13.19 (3.1),1:01.73,,,,,,,,,,,,,,,,,,,,,,,,,,,,,,,,,,,,,,,,,,,,,,,,,,,,,,,,,,,,,,,,,,,,,,,,,,,,,,,,,,,,,,,,,,,,,,,,,,,,,,,,,,
8895447,Anna Gardiner,PROVIDENCE,f,,,,,20:03.2,,4:29.64,15:51.78,,,,,9:17.69,,,,,,,,,,,,,,,,,,,,,,,,,,,,,,,,,,,,,,,,,,,,,,,,,,,,,,,,,,,,,,,,,,,,,,,,,,,,,,,,,,,,,,,,,,,,,,,,,,,,,,,,,,,,,,,,,,,,,,,
8667362,Alyssa Jackson,BROWN,f,,,,,,,,,,,,,,,7.46,11.59 (1.4),23.60 (1.6),40.97,58.29,,,,,,,,,,,,,,,,,,,,,,,,,,,,,,,,,,,,,,,,,,,,,,,,,,,,,,,,,,,,,,,,,,,,,,,,,,,,,,,,,,,,,,,,,,,,,,,,,,,,,,,,,,,,,,,,,
7978914,Lauren Smith,OKLAHOMA STATE,f,,,,,,,,,,,,,,,,,,,,,,,,,,,,,,,"4.10m 13' 5.25""",,,,,,,,,,,,,,,,,,,,,,,,,,,,,,,,,,,,,,,,,,,,,,,,,,,,,,,,,,,,,,,,,,,,,,,,,,,,,,,,,,,,,,,,,,,,,,,,,,,,,
8689201,Chris Sullivan,VILLANOVA,m,,,3:57.19,,,,3:43.54,13:41.28,,,,,7:54.07,,,,,,,,,,29:20.65,,,,,,,,,,,,,,,,,,,,,,,,,,,,,,,,,,,,,,,,,,,,,,,,,,,,,,,,,,,,,,,,,,,,,,,,,,,,,,,,,,,,,,,,,,,,,,,,,,,,,,,,,,,,,
8369559,Abby Knouff,CINCINNATI,f,,,,,,,,,,,,,,,,,,,,,"5.65m 18' 6.5""",,,,,,,,,,"4.46m 14' 7.5""",,,,,,,,,,,,,,,,,,,,,,,,,,,,,,,,,,,,,,,,,,,,,,,,,,,,,,,,,,,,,,,,,,,,,,,,,,,,,,,,,,,,,,,,,,,,,,,,,,,,,
9252939,Nikola Kostic,TENNESSEE,m,,,,,,,,,,,,,,,,,,,,,,,,,,50.26,,,,,,,,,,,,,,,,,,,,,,,,,,,,,,,,,,,,,,,,,,,,,,,,,,,,,,,,,,,,,,,,,,,,,,,,,,,,,,,,,,,,,,,,,,,,,,,,,,,,,,,,,,
8711055,Callan Saldutto,MISSOURI,,,,,,,,,,,,,,,,,,,,,"76.88m 252' 3""",,,,,,,,,,,,,,"48.98m 160' 8""","16.32m 53' 6.5""",,,,,,,,,,,,,,,,,,,,,,,,,,,,,,,,,,,,,,,,,,,,,,,,,,,,,,,,,,,,,,,,,,,,,,,,,,,,,,,,,,,,,,,,,,,,,,,,,
8958126,Hadley Lucas,WISCONSIN,f,,,,,,,,,,,,,,,,,,,,,,,,,,,,"16.16m 53' 0.25""",,,,,"52.12m 171' 0""",,,,,,,,,,,,,,,,,,,,,,,,,,,,,,,,,,,,,,,,,,,,,,,,,,,,,,,,,,,,,,,,,,,,,,,,,,,,,,,,,,,,,,,,,,,,,,,,,,,
8324125,Dede Norman,OREGON STATE,f,,,,,,,,,,,,,,,,12.45 (2.7),25.24 (3.4),,,,"5.99m 19' 8""",,,9.07,,,"1.83m 6' 0""","8.96m 29' 4.75""",2823,,,,,,,,,,,,,,,,,,,,,,,,,,,,,,,,,,,,,,,,,,,,,,,,,,,,,,,,,,,,,,,,,,,,,,,,,,,,,,,,,,,,,,,,,,,,,,,,,,,,,,,
8675426,Jennessa Wolfe,MARYLAND,f,,,,,,,,,,,,,,,,,,,,,,,,,,,"1.76m 5' 9.25""",,,,,,,,,,,,,,,,,,,,,,,,,,,,,,,,,,,,,,,,,,,,,,,,,,,,,,,,,,,,,,,,,,,,,,,,,,,,,,,,,,,,,,,,,,,,,,,,,,,,,,,,,
8273666,Zachary Ayers,AIR FORCE,m,,,4:18.64,,,,4:01.97,13:31.45,,23:21.3,29:44.6,,7:54.94,,,,,,,,,,,,,,,,,,,,,,,,26:09.0,,,,,,,21:52.0,,,,,,,,,,,,,,,,,,,,,,,,,,,,,,,,,,,,,,,,,,,,,,,,,,,,,,,,,,,,,,,,,,,,,,,,,,,,,,,,,,,,,,,,
8467686,Federica Botter,UCLA,,,,,,,,,,,,,,,,,,,,,"58.72m 192' 8""",,,,,,,,,,,,,,,,,,,,,,,,,,,,,,,,,,,,,,,,,,,,,,,,,,,,,,,,,,,,,,,,,,,,,,,,,,,,,,,,,,,,,,,,,,,,,,,,,,,,,,,,,,,,,,,,
8691631,Levente Soos,NEW MEXICO,m,1:21.32,,,,,,,,,,,,,,,,22.06 (0.5),34.87,48.58,,"3.40m (+0.0) 11' 2""",,,,,50.53,,,,,,,"19.00m 62' 4""",,,,,,,,,,,,,,,,,,,,,,,,,,,,,,,,,,,,,,,,,,,,,,,,,,,,,,,,,,,,,,,,,,,,,,,,,,,,,,,,,,,,,,,,,,,,,,,,,,,
9249676,Thomas Lloyd,MOUNT ST. MARY'S,m,,,,,,,,,,,,,,,,,,,,"64.70m 212' 3""",,,,,,,,,,,,,,,,,,,,,,,,,,,,,,,,,,,,,,,,,,,,,,,,,,,,,,,,,,,,,,,,,,,,,,,,,,,,,,,,,,,,,,,,,,,,,,,,,,,,,,,,,,,,,,,,
8924207,Will Daley,VIRGINIA,m,,,3:59.19,,17:57.9,,3:40.02,13:33.43,,23:31.0,29:47.0,,7:56.28,,,,,,,,,,,,,,,,,,,,,,,,,,,,,,,,,,,,,,,,,,,,,,,,,,,,,,,,,,,,,,,,,,,,,,,,,,,,,,,,,,,,,,,,,,,,,,,,,,,,,,,,,,,,,,,,,,,,,,,
8711956,Brenda Tuwei,ALABAMA,f,,,4:51.81,,18:48.1,,,15:34.10,,,,,9:21.28,,,,,,,,,,32:20.14,,,,,,,,,,,,,,,,,,,,,,,,,,,,,,,,,,,,,,,,,,,,,,,,,,,,,,,,19:04.9,,,,,,,,,,,,,,,,,,,,,,,,,,,,,,,,,,,,,,,,,,,,,,,,,,,,,
8895781,Sasha Garnett,PENN STATE,f,,,,,,,,,,,,,,,,,,,,,,,,,,,,"16.88m 55' 4.75""",,,,,,,,,,,,,,,,,,,,,,,,,,,,,,,,,,,,,,,,,,,,,,,,,,,,,,,,,,,,,,,,,,,,,,,,,,,,,,,,,,,,,,,,,,,,,,,,,,,,,,,,
7478918,Rosey Effiong,ARKANSAS,,,,,,,,,,,,,,,,7.45,11.32 (4.4),22.51,,49.72,,,,,,,,,,,,,,,,,,,,,,,,,,,,,,,,,,,,,,,,,,,,,,,,,,,,,,,,,,,,,,,,,,,,,,,,,,,,,,,,,,,,,,,,,,,,,,,,,,,,,,,,,,,,,,,,,
7729942,Monique Hardy,KANSAS STATE,,,,,,,,,,,,,,,,,,,,,,,,,,,,,,,,,,,"68.07m 223' 4""","22.71m 74' 6.25""",,,,,,,,,,,,,,,,,,,,,,,,,,,,,,,,,,,,,,,,,,,,,,,,,,,,,,,,,,,,,,,,,,,,,,,,,,,,,,,,,,,,,,,,,,,,,,,,,
9240841,Tyler Warnick,WEBER STATE,m,,,,,,,4:26.64,,,,,2:38.82,,,6.97,10.73 (0.4),21.48 (8.0),,47.08,"45.41m 149' 0""","7.56m (4.0) 24' 9.75""",,,8.46,,,"2.04m 6' 8.25""","10.96m 35' 11.5""",,5410,"4.45m 14' 7.25""",14.96 (3.8),"28.21m 92' 7""",,,7161,,,,,,,,,,,6.62,,,8.51,,,,,,,,,,,,,,,,,,,,,,,,,,,,,,,,,,,,,,,,,,,,,,,,,,,,,,,,,,,,,,,,,,,,,,,,,,,,,,,,,,
9176926,James Sankei,ARKANSAS,m,,,4:09.71,,,,,13:44.57,,23:31.3,,,7:55.20,,,,,,,,,,28:34.02,,,,,,,,,,,,,,,,,,,,,,,,,,,,,,,,,,,,,,,,,,,,,,,,,,,,,,,,,,,,,,,,,,,,,,,,,,,,,,,,,,,,,,,,,,,,,,,,,,,,,,,,,,,,,
9251753,Juha Narhi,MISS STATE,m,,,,,,,,,,,,,,,,,,,,,,,,,,,,,,,,,,"66.48m 218' 1""","18.45m 60' 6.5""",,,,,,,,,,,,,,,,,,,,,,,,,,,,,,,,,,,,,,,,,,,,,,,,,,,,,,,,,,,,,,,,,,,,,,,,,,,,,,,,,,,,,,,,,,,,,,,,,
7890907,Jette Beermann,DUKE,f,,2:13.52,4:41.62,17:13.0,20:12.7,,4:16.92,15:42.30,,,,2:57.27,9:07.67,,,,,,,,,,33:34.16,,,,,,,,,,,,,,,,,,,,,,,,,,,,,,,,14:01.8,,,,,,,,,,21:11.0,,,,,,,,,,,,,,,,,,,,,,,,,,,,,,,,,,,,,,,,,,,,,,,,,,,,,,,,,,,,,,,,,,,
9250841,Avery Pearson,COLORADO,f,1:28.79,2:00.76,,,,,,,,,,,,,,,,,53.90,,,,,,,,,,,,,,,,,,,,,,1:17.48,,,,,,,,,,,,,,,,,,,,,,,,,,,,,,,,,,,,,,,,,,,,,,,,,,,,,,,,,,,,,,,,,,,,,,,,,,,,,,,,,,,,,,,,,,,
8684126,Anthony Oliver,LAMAR,m,,,,,,,,,,,,,,,,,,,,,,,,,,,,,,,,,"51.53m 169' 1""","63.70m 209' 0""","16.85m 55' 3.5""",,,,,,,,,,,,,,,,,,,,,,,,,,,,,,,,,,,,,,,,,,,,,,,,,,,,,,,,,,,,,,,,,,,,,,,,,,,,,,,,,,,,,,,,,,,,,,,,,
9253040,Cooper Henkle,MONTANA,m,,,,,,,,,,,,,,,,,,,,"65.17m 213' 10""",,,,,,,,,,,,,"52.34m 171' 9""","55.05m 180' 7""","19.18m 62' 11.25""",,,,,,,,,,,,,,,,,,,,,,,,,,,,,,,,,,,,,,,,,,,,,,,,,,,,,,,,,,,,,,,,,,,,,,,,,,,,,,,,,,,,,,,,,,,,,,,,,
7727771,Paola Fernandez-Sola,INDIANA,,,,,,,,,,,,,,,,,,,,,,"6.61m (1.1) 21' 8.25""",,,,,,,,,,,,,,,,,,,,,,,,,,,,,,,,,,,,,,,,,,,,,,,,,,,,,,,,,,,,,,,,,,,,,,,,,,,,,,,,,,,,,,,,,,,,,,,,,,,,,,,,,,,,,,,
8803884,Ashley Carroll,MONTANA,f,,,,,,,,,,,,,,,,,,,,"47.67m 156' 5""",,,,,,,,,,,,,,,,,,,,,,,,,,,,,,,,,,,,,,,,,,,,,,,,,,,,,,,,,,,,,,,,,,,,,,,,,,,,,,,,,,,,,,,,,,,,,,,,,,,,,,,,,,,,,,,,
7039504,Hannah Hall,MIAMI (FLA.),,,,,,,,,,,,,,,,,,,,,"34.74m 114' 0""",,,,,,,,"18.03m 59' 2""",,,,,"52.40m 171' 11""",,"20.84m 68' 4.5""",,,,,,,,,,,,,,,,,,,,,,,,,,,,,,,,,,,,,,,,,,,,,,,,,,,,,,,,,,,,,,,,,,,,,,,,,,,,,,,,,,,,,,,,,,,,,,,,,
8336289,Gabriella Grissom,MIAMI (FLA.),f,1:26.89,2:01.00,,,,,,,,,,2:48.13,,,,,,,53.04,,,,,,,,,,,,,,,,,,,,,,1:21.21,,,,,,,,,,,,,,,,,,,,,,,,,,,,,,,,,,,,,,,,,,,,,,,,,,,,,,,,,,,,,,,,,,,,,,,,,,,,,,,,,,,,,,,,,,,
6527547,Deshae Wise,TEXAS A&M,,,,,,,,,,,,,,,,7.57,11.74 (1.0),23.33 (2.1),,,,,,,8.23,12.90 (3.5),55.99,,,,,,,,,,,,,,,,,,,,,,,,,,,,,,,,,,,,,,,,,,,,,,,,,,,,,,,,,,,,,,,,,,,,,,,,,,,,,,,,,,,,,,,,,,,,,,,,,,,,,,,,,,
8603131,Hayley Kitching,PENN STATE,f,1:26.97,1:59.15,4:37.57,,19:51.2,,4:05.81,,,,,2:38.45,,,,,,,,,,,,,,,,,,,,,,,,,,,,,,,,,,,,,,,,,,,14:12.8,,,,,,,,,,,,,,,,,,,,,,,,,,,,,,,,,,,,,,,,,,,,,,,,,,,,,,,,,,,,,,,,,,,,,,,,,,,,,
9261998,Skyler Franklin,LSU,f,,,,,,,,,,,,,,,,,22.99 (0.7),37.23,50.83,,,,,,,,,,,,,,,,,,,,,,,,,,,,,,,,,,,,,,,,,,,,,,,,,,,,,,,,,,,,,,,,,,,,,,,,,,,,,,,,,,,,,,,,,,,,,,,,,,,,,,,,,,,,,,,,,
8978251,Bryce Barkdull,KANSAS,m,,,,,,,,,,,,,,,,,,,,,,,,,,,,,,,"5.70m 18' 8.25""",,,,,,,,,,,,,,,,,,,,,,,,,,,,,,,,,,,,,,,,,,,,,,,,,,,,,,,,,,,,,,,,,,,,,,,,,,,,,,,,,,,,,,,,,,,,,,,,,,,,,
8328782,Luke Meyers,NORTHERN IOWA,m,,,,,,,,,,,,,,,6.73,10.49 (2.6),21.00 (2.9),34.54,48.84,,,,,,,,,,,,,,,,,,,,,,,,,,,,,,,,,,,,,,,,,,,,,,,,,,,,,,,,,,,,,,,,,,,,,,,,,,,,,,,,,,,,,,,,,,,,,,,,,,,,,,,,,,,,,,,,,
7491605,Alexander Kolesnikoff,GEORGIA,,,,,,,,,,,,,,,,,,,,,,,,,,,,,"20.69m 67' 10.75""",,,,,"53.07m 174' 1""","52.01m 170' 8""","15.97m 52' 4.75""",,,,,,,,,,,,,,,,,,,,,,,,,,,,,,,,,,,,,,,,,,,,,,,,,,,,,,,,,,,,,,,,,,,,,,,,,,,,,,,,,,,,,,,,,,,,,,,,,
8361647,Conrad Bernstein,CAL POLY,m,,,,,,,,,,,,,,,,,,,,"69.84m 229' 2""",,,,,,,,,,,,,,,,,,,,,,,,,,,,,,,,,,,,,,,,,,,,,,,,,,,,,,,,,,,,,,,,,,,,,,,,,,,,,,,,,,,,,,,,,,,,,,,,,,,,,,,,,,,,,,,,
9237614,Dutch Neuweiler,SOUTH DAKOTA,m,,,,,,,,,,,,,,,,,,,,,,,,,,,,,,,"5.24m 17' 2.25""",,,,,,,,,,,,,,,,,,,,,,,,,,,,,,,,,,,,,,,,,,,,,,,,,,,,,,,,,,,,,,,,,,,,,,,,,,,,,,,,,,,,,,,,,,,,,,,,,,,,,
7986820,Jahnile Registre,TEXAS A&M,f,,2:10.63,,,,,,,,,,,,,,,23.60 (4.3),37.60,51.88,,,,,,,,,,,,,,,,,,,,,,,,,,,,,,,,,,,,,,,,,,,,,,,,,,,,,,,,,,,,,,,,,,,,,,,,,,,,,,,,,,,,,,,,,,,,,,,,,,,,,,,,,,,,,,,,,
9254290,Malina Bohlmann,RUTGERS,f,,,,,,,,,,,,,,,,,,,,"47.50m 155' 10""",,,,,,,,,,,,,,,,,,,,,,,,,,,,,,,,,,,,,,,,,,,,,,,,,,,,,,,,,,,,,,,,,,,,,,,,,,,,,,,,,,,,,,,,,,,,,,,,,,,,,,,,,,,,,,,,
7975808,Centaine Noom-Duckworth,DRAKE,f,,,,,,,,,,,,,,,,,,,,,,,,,,,,,,,,,"40.39m 132' 6""","62.21m 204' 1""","19.37m 63' 6.75""",,,,,,,,,,,,,,,,,,,,,,,,,,,,,,,,,,,,,,,,,,,,,,,,,,,,,,,,,,,,,,,,,,,,,,,,,,,,,,,,,,,,,,,,,,,,,,,,,
8707705,Jazzmine Davis,UC IRVINE,f,,2:19.05,,,,,,,,,,,,,,,24.18 (1.7),,,"36.31m 119' 1""","5.87m (+0.0) 19' 3.25""",,,8.39,13.31 (4.7),58.14,"1.58m 5' 2.25""","12.08m 39' 7.75""",3757,5532,,,,,,,,,,,,,,,,,,,,,,,,,,,,,,,,,,,,,,,,,,,,,,,,,,,,,,,,,,,,,,,,,,,,,,,,,,,,,,,,,,,,,,,,,,,,,,,,,,,,,,
8979505,Olayinka Olajide,TEXAS TECH,f,,,,,,,,,,,,,,,7.28,11.13 (1.9),22.76 (2.9),,,,,,,,,,,,,,,,,,,,,,,,,,,,,,,,,,,,,,,,,,,,,,,,,,,,,,,,,,,,,,,,,,,,,,,,,,,,,,,,,,,,,,,,,,,,,,,,,,,,,,,,,,,,,,,,,,,
7729850,Sean Burrell,LSU,,,,,,,,,,,,,,,,7.02,,21.02 (3.4),,45.42,,,,,,,47.85,,,,,,,,,,,,,,,1:08.23,,,,,,,,,,,,,,,,,,,,,,,,,,,,,,,,,,,,,,,,,,,,,,,,,,,,,,,,,,,,,,,,,,,,,,,,,,,,,,,,,,,,,,,,,,,
8989028,Travon Williams,WICHITA STATE,m,,,,,,,,,,,,,,,7.18,11.14 (0.8),,,,,"7.67m (3.6) 25' 2""","14.52m 47' 7.75""",,,,,"2.05m 6' 8.75""",,,,,,,,,,,,,,,,,,,,,,,,,,,,,,,,,,,,,,,,,,,,,,,,,,,,,,,,,,,,,,,,,,,,,,,,,,,,,,,,,,,,,,,,,,,,,,,,,,,,,,,,,
8685275,Olivia Rogers,MISSOURI STATE,f,,,,,,,,,,,,,,,7.44,11.39 (1.2),23.65 (-1.1),39.06,,,,,,,,,,,,,,,,,,,,,,,,,,,,,,,,,,,,,,,,,,,,,,,,,,,,,,,,,,,,,,,,,,,,,,,,,,,,,,,,,,,,,,,,,,,,,,,,,,,,,,,,,,,,,,,,,,
9007316,Sloan Jones,CENTRAL ARKANSAS,m,,,,,,,4:54.26,,,,,2:53.99,,,6.87,10.70 (-0.7),,,49.24,"48.73m 159' 10""","22' 8"" 6.90m",,,7.99,,,"1.88m 6' 2""","37' 4"" 11.37m",,5259,"4.72m 15' 5.75""",14.04 (4.5),"37.13m 121' 10""",,,6987,,,,,,,,,,,,,,,,,,,,,,,,,,,,,,,,,,,,,,,,,,,,,,,,,,,,,,,,,,,,,,,,,,,,,,,,,,,,,,,,,,,,,,,,,,,,,,,,
8714200,Angel Richmore,OKLAHOMA,f,,2:21.31,,,,,,,,,,,,,,,25.24 (1.0),,,"46.51m 152' 7""","6.06m 19' 10.75""",,,8.64,13.82 (2.5),,"1.80m 5' 10.75""","14.60m 47' 11""",4320,5869,,,,,,,,,,,,,,,,,,,,,,,,,,,,,,,,,,,,,,,,,,,,,,,,,,,,,,,,,,,,,,,,,,,,,,,,,,,,,,,,,,,,,,,,,,,,,,,,,,,,,,
8684034,Amari Turner,HARVARD,m,,,,,,,,,,,,,,,6.75,10.31 (1.0),20.70 (0.6),33.42,,,,,,,,,,,,,,,,,,,,,,,,,,,,,,,,,,,,,,,,,,,,,,,,,,,,,,,,,,,,,,,,,,,,,,,,,,,,,,,,,,,,,,,,,,,,,,,,,,,,,,,,,,,,,,,,,,
8657853,Hanna Tait,IDAHO,f,,2:23.92,,,,,,,,,,,,,,,23.88 (+0.0),,56.04,"43.04m 141' 2""","6.31m 20' 8.5""",,,8.64,13.79 (1.4),,"1.68m 5' 6""","12.37m 40' 7""",4088,5511,,,,,,,,,,,,,,,,,,,,,,,,,,,,,,,,,,,,,,,,,,,,,,,,,,,,,,,,,,,,,,,,,,,,,,,,,,,,,,,,,,,,,,,,,,,,,,,,,,,,,,
6901432,Turner Washington,ARIZONA STATE,,,,,,,,,,,,,,,,,,,,,,,,,,,,,"21.85m 71' 8.25""",,,,,"66.26m 217' 5""",,,,,,,,,,,,,,,,,,,,,,,,,,,,,,,,,,,,,,,,,,,,,,,,,,,,,,,,,,,,,,,,,,,,,,,,,,,,,,,,,,,,,,,,,,,,,,,,,,,
8795117,Shakera Kirk,NORTHWESTERN ST.,f,,,,,,,,,,,,,,,,,,,,"27.25m 89' 5""",,,,,,,,"13.09m 42' 11.5""",,,,,"51.95m 170' 5""","32.48m 106' 7""","12.24m 40' 2""",,,,,,,,,,,,,,,,,,,,,,,,,,,,,,,,,,,,,,,,,,,,,,,,,,,,,,,,,,,,,,,,,,,,,,,,,,,,,,,,,,,,,,,,,,,,,,,,,
9278486,Jack Stadlman,USC,m,,,,,,,,,,,,,,,,,20.99 (0.4),32.74,44.79,,,,,,,,,,,,,,,,,,,,,,,,,,,,,,,,,,,,,,,,,,,,,,,,,,,,,,,,,,,,,,,,,,,,,,,,,,,,,,,,,,,,,,,,,,,,,,,,,,,,,,,,,,,,,,,,,
8982721,Scott Toney,WASHINGTON,,,,,,,,,,,,,,,,,,,,,,,,,,,,,,,,"5.60m 18' 4.5""",,,,,,,,,,,,,,,,,,,,,,,,,,,,,,,,,,,,,,,,,,,,,,,,,,,,,,,,,,,,,,,,,,,,,,,,,,,,,,,,,,,,,,,,,,,,,,,,,,,,,
8242479,Emma Douglass,WAKE FOREST,f,,2:03.25,4:46.10,17:26.5,21:07.6,,4:13.94,,,,,3:01.16,,,,,,,55.76,,,,,,,,,,,,,,,,,,,,,,,,,,,,,,,,,,,,,,,,,,,,,,,,,,,,,,,,,,,,,,,,,,,,,,,,,,,,,,,,,,,,,,,,,,,,,,,,,,,,,,,,,,,,,,,,,
9272064,Lilah Versluis,SOUTH FLORIDA,f,,,,,,,,,,,,,,,,,,,,,"5.88m (4.1) 19' 3.5""","13.01m (3.5) 42' 8.25""",,,,,"1.77m 5' 9.75""",,,,,,,,,,,,,,,,,,,,,,,,,,,,,,,,,,,,,,,,,,,,,,,,,,,,,,,,,,,,,,,,,,,,,,,,,,,,,,,,,,,,,,,,,,,,,,,,,,,,,,,,,
7492615,Shae Anderson,UCLA,,1:30.57,,,,,,,,,,,,,,7.58,11.50 (0.4),22.96 (0.4),,50.94,,,,,,,55.21,,,,,,,,,,,,,,,,,,,,,,,,,,,,,,,,,,,,,,,,,,,,,,,,,,,,,,,,,,,,,,,,,,,,,,,,,,,,,,,,,,,,,,,,,,,,,,,,,,,,,,,,,,
9261218,Stefon Dodoo,TEXAS A&M,m,1:16.95,1:46.17,,,,,,,,,,,,,,,,,47.66,,,,,,,,,,,,,,,,,,,,,,,,,,,,,,,,,,,,,,,,,,,,,,,,,,,,,,,,,,,,,,,,,,,,,,,,,,,,,,,,,,,,,,,,,,,,,,,,,,,,,,,,,,,,,,,,,
8367906,Uladzislau Puchko,VIRGINIA TECH,,,,,,,,,,,,,,,,,,,,,,,,,,,,,"11.90m 39' 0.5""",,,,,"63.94m 209' 9""",,,,,,,,,,,,,,,,,,,,,,,,,,,,,,,,,,,,,,,,,,,,,,,,,,,,,,,,,,,,,,,,,,,,,,,,,,,,,,,,,,,,,,,,,,,,,,,,,,,
9251354,Hannah Smith,GRAND CANYON,f,,,,,,,,,,,,,,,7.62,11.68 (3.5),23.82 (3.0),,,,,,,,,,,,,,,,,,,,,,,,,,,,,,,,,,,,,,,,,,,,,,,,,,,,,,,,,,,,,,,,,,,,,,,,,,,,,,,,,,,,,,,,,,,,,,,,,,,,,,,,,,,,,,,,,,,
8653955,Collin Boler,PRINCETON,m,1:19.21,1:49.90,3:58.59,,,,3:39.29,,,23:34.3,30:43.4,2:22.28,,,,,,,,,,,,,,,,,,,,,,,,,26:03.8,1:04.37,,,,,,,,,,,,,,,,,,,,,,,,,,,,,,,,16:40.5,,,,,,,,,,,,,,,,,,,,,,17:06.9,,,,,,,,,,,,,,,,,,,,,,,,,,,,,,,,,,,,,,,,
8236692,Riley Flemington,MICHIGAN,m,,1:49.17,3:58.07,15:13.0,,,3:40.40,,,24:40.6,,,8:13.40,,,,,,,,,,,,,,,,,,,,,,,,,,,,,,,,,,,,,,,,,,,15:17.1,,,,,,,,,,,,,,,,,,,,,,,,,,,,,,,,,,,,,,,,,,,,,,,,,,,,,,,,,,,,,,,,,,,,,,,,,,,,
8676318,Nia Parks,OKLAHOMA,f,,,,,,,,,,,,,,,7.70,,24.30 (2.1),,55.04,,,,,,,,,,,,,,,,,,,,,,1:27.33,,,,,,,,,,,,,,,,,,,,,,,,,,,,,,,,,,,,,,,,,,,,,,,,,,,,,,,,,,,,,,,,,,,,,,,,,,,,,,,,,,,,,,,,,,,
8369918,Remi Rougetet,MISS STATE,,,,,,,,,,,,,,,,,,,,,"80.49m 264' 1""",,,,,,,,,,,,,,,,,,,,,,,,,,,,,,,,,,,,,,,,,,,,,,,,,,,,,,,,,,,,,,,,,,,,,,,,,,,,,,,,,,,,,,,,,,,,,,,,,,,,,,,,,,,,,,,,
9276230,Tahj Brown,LIBERTY,m,,,,,,,,,,,,,,,,,,,,,,,,7.70,,,,,,,,13.58 (1.2),,,,,,,,,,,,,,,,,,,,,,,,,,,,,,,,,,,,,,,,,,,,,,,,,,,,,,,,,,,,,,,,,,,,,,,,,,,,,,,,,,,,,,,,,,,,,,,,,,,,
8671760,Conor Dunback,KANSAS,m,,,,,,,4:31.25,,,,,2:38.91,,,7.11,11.02 (-0.9),,,49.23,"60.96m 200' 0""","7.08m (3.2) 23' 2.75""",,,8.58,,56.99,"1.97m 6' 5.5""","13.65m 44' 9.5""",,5477,"4.76m 15' 7.25""",15.12 (3.4),"38.69m 126' 11""",,,7507,,,,,,,,,,,,,,,,,,,,,,,,,,,,,,,,,,,,,,,,,,,,,,,,,,,,,,,,,,,,,,,,,,,,,,,,,,,,,,,,,,,,,,,,,,,,,,,,
9258732,Hannah Byrd-Leitner,VIRGINIA,f,,,,,,,,,,,,,,,,,,,,,,,,,,,,,,,"4.10m 13' 5.25""",,,,,,,,,,,,,,,,,,,,,,,,,,,,,,,,,,,,,,,,,,,,,,,,,,,,,,,,,,,,,,,,,,,,,,,,,,,,,,,,,,,,,,,,,,,,,,,,,,,,,
9273198,Zoe Ewell,SAN JOSE ST.,f,,,,,,,,,,,,,,,7.28,11.45 (1.6),23.70 (0.9),,54.66,,,,,,,,,,,,,,,,,,,,,,,,,,,,,,,,,,,,,,,,,,,,,,,,,,,,,,,,,,,,,,,,,,,,,,,,,,,,,,,,,,,,,,,,,,,,,,,,,,,,,,,,,,,,,,,,,
7979850,Grant Gogel,HIGH POINT,m,,,,,,,,,,,,,,,,,,,,,,,,,,,,,,,"5.36m 17' 7""",,,,,,,,,,,,,,,,,,,,,,,,,,,,,,,,,,,,,,,,,,,,,,,,,,,,,,,,,,,,,,,,,,,,,,,,,,,,,,,,,,,,,,,,,,,,,,,,,,,,,
6990924,Samuel Welsh,HARVARD,,,,,,,,,,,,,,,,,,,,,,,,,,,,,"16.96m 55' 7.75""",,,,,"63.26m 207' 6""",,,,,,,,,,,,,,,,,,,,,,,,,,,,,,,,,,,,,,,,,,,,,,,,,,,,,,,,,,,,,,,,,,,,,,,,,,,,,,,,,,,,,,,,,,,,,,,,,,,
8803543,Kace Jones,UTAH STATE,m,,,,,,,,,,,,,,,,,,,,"63.61m 208' 8""","6.78m (6.0) 22' 3""",,,,,,,,,,,,,,,,,,,,,,,,,,,,,,,,,,,,,,,,,,,,,,,,,,,,,,,,,,,,,,,,,,,,,,,,,,,,,,,,,,,,,,,,,,,,,,,,,,,,,,,,,,,,,,,
8926996,Victor Rosas,CBU,m,,,,,,,3:52.55,13:48.40,,23:47.9,30:13.1,,8:12.46,,,,,,,,,,28:32.88,,,,,,,,,,,,,,,,,,,,,,,24:01.7,,,,,,,,,,,,,,,,,,,,,,,,,,,,,,,,,,,,,21:49.7,,,,,,,,,,,,,,,,,,,,,,,,,,,,,,,,,,,,,,,,,,,,,,,,,
8335061,Hannes Fahl,NEBRASKA,m,,1:46.85,4:02.70,,,,3:44.96,14:53.14,,26:36.7,,,8:25.82,,,,,,,,,,,,,,,,,,,,,,,,,,,,,,,,,,,,,,,,,,,,,,,,,,,,,,,,,,,,,,,,,,,,,,,,,,,,,,,,,,,,,,,,,,,,,,,,,,,,,,,,,,,,,,,,,,,,,,,
8687819,Paje Rasmussen,BYU,f,,,,,,,,,,,,,,,7.25,11.06 (1.9),22.69 (2.0),39.99,54.06,,,,,,,,,,,,,,,,,,,,,,,,,,,,6.85,,,,,,,,,,,,,,,,,,,,,,,,,,,,,,,,,,,,,,,,,,,,,,,,,,,,,,,,,,,,,,,,,,,,,,,,,,,,,,,,,,,,,
8973173,Cooper Moore,OKLAHOMA STATE,m,,,,,,,4:58.33,,,,,2:51.86,,,7.17,10.78 (2.3),,,50.27,"51.16m 167' 10""","7.07m (2.3) 23' 2.5""",,,8.12,,,"1.94m 6' 4.25""","13.42m 44' 0.5""",,5475,"4.90m 16' 0.75""",14.10 (2.0),"42.15m 138' 3""",,,7558,,,,,,,,,,,,,,,,,,,,,,,,,,,,,,,,,,,,,,,,,,,,,,,,,,,,,,,,,,,,,,,,,,,,,,,,,,,,,,,,,,,,,,,,,,,,,,,,
7008737,Alexander Slinkman,RICE,,,,,,,,,,,,,,,,,,,,,,,,,,,,,,,,"5.61m 18' 4.75""",,,,,,,,,,,,,,,,,,,,,,,,,,,,,,,,,,,,,,,,,,,,,,,,,,,,,,,,,,,,,,,,,,,,,,,,,,,,,,,,,,,,,,,,,,,,,,,,,,,,,
7730020,Brady Palen,USC,,,,,,,,,,,,,,,,,,,,,"49.39m 162' 0""","20' 10"" 6.35m",,,,,,"2.22m 7' 3.25""",,,,,,,,,,,,,,,,,,,,,,,,,,,,,,,,,,,,,,,,,,,,,,,,,,,,,,,,,,,,,,,,,,,,,,,,,,,,,,,,,,,,,,,,,,,,,,,,,,,,,,,,,
9283323,Kameron Franklin,LSU,m,,,,,,,,,,,,,,,,,,,,,"7.21m 23' 8""",,,,,,"2.17m 7' 1.5""",,,,,,,,,,,,,,,,,,,,,,,,,,,,,,,,,,,,,,,,,,,,,,,,,,,,,,,,,,,,,,,,,,,,,,,,,,,,,,,,,,,,,,,,,,,,,,,,,,,,,,,,,
7530602,Tanner Watson,OHIO STATE,,,,,,,,,,,,,,,,,,,,,,,,,,,,,"12.45m 40' 10.25""",,,,,"58.22m 191' 0""","48.65m 159' 7""","20.40m 66' 11.25""",,,,,,,,,,,,,,,,,,,,,,,,,,,,,,,,,,,,,,,,,,,,,,,,,,,,,,,,,,,,,,,,,,,,,,,,,,,,,,,,,,,,,,,,,,,,,,,,,
8283672,Tessani Foster,OKLAHOMA,f,,,,,,,,,,,,,,,,,,,,,,,,,,,,,,,"4.26m 13' 11.75""",,,,,,,,,,,,,,,,,,,,,,,,,,,,,,,,,,,,,,,,,,,,,,,,,,,,,,,,,,,,,,,,,,,,,,,,,,,,,,,,,,,,,,,,,,,,,,,,,,,,,
7416002,Evan Burke,OREGON,m,,1:58.38,4:05.66,,,,3:55.24,13:28.84,,23:20.5,29:03.8,,7:53.60,,,,,,,,,,27:57.04,,,,,,,,,,,,,,,,,,,,,,,,,,,,,,,,,,,,,,,,,,,,,,,,,,,,,,,,,,,,,,,,,,,,,,,,,,,,,,,,,,,,,,,,,,,,,,,,,,,,,,,,,,,,,
9230145,Jane Hedengren,BYU,f,,,4:22.22,,18:29.6,,4:10.24,14:44.79,,,,,8:34.98,,,,,,,,,,30:46.80,,,,,,,,,,,,,,,,,,,,,,,,,,,,,,,,,,,,,,,,,,,,,,,,,,,,,,,,,,,,,,,,,,,,,,,,,,,,,,,,,,,,,,,,,,,,,,,,,,,,,,,,,,,,,
9366914,Collinique Farrington,TEXAS TECH,f,1:36.87,,,,,,,,,,,,,,7.45,11.32 (1.4),22.83 (3.7),37.64,51.57,,,,,,,,,,,,,,,,,,,,,,1:24.85,,,,,,,,,,,,,,,,,,,,,,,,,,,,,,,,,,,,,,,,,,,,,,,,,,,,,,,,,,,,,,,,,,,,,,,,,,,,,,,,,,,,,,,,,,,
9194519,Jacob Gardner,LA SALLE,m,,1:56.42,4:06.29,,,,3:47.44,14:35.96,8:48.92,24:20.7,31:16.4,,8:13.98,,,,,,,,,,,,,,,,,,,,,,,,,,,,,,,20:25.0,,,,,,,,,,,,,,,,,,,,,,,,,,,,,,,,,,,,,,,,,,,,,,,,,,,,,,,,,,,,,,,,,,,,,,,,,,,,,,,,,,,,,,,,
7544543,Tyler Sudduth,ILLINOIS,,,,,,,,,,,,,,,,,,,,,,,,,,,,,"19.85m 65' 1.5""",,,,,"56.59m 185' 8""","60.90m 199' 10""","23.14m 75' 11""",,,,,,,,,,,,,,,,,,,,,,,,,,,,,,,,,,,,,,,,,,,,,,,,,,,,,,,,,,,,,,,,,,,,,,,,,,,,,,,,,,,,,,,,,,,,,,,,,
9239364,James Rhoads,WASHINGTON,m,,,,,,,,,,,,,,,,,,,,,,,,,,,,,,,"5.82m 19' 1""",,,,,,,,,,,,,,,,,,,,,,,,,,,,,,,,,,,,,,,,,,,,,,,,,,,,,,,,,,,,,,,,,,,,,,,,,,,,,,,,,,,,,,,,,,,,,,,,,,,,,
8983848,Clay Shively,NORTHERN ARIZONA,m,1:20.41,1:51.67,3:56.96,,,,3:39.35,13:58.95,,,,,8:00.15,,,,,,51.00,,,,,,,,,,,,,,,,,,,,,,,,,,,,,,,,,,,,,,,,,,,,,,,,,,,,,,,,,,,,,,,,,,,,,,,,,,,,,,,,,,,,,,,,,,,,,,,,,,,,,,,,,,,,,,,,,
9012929,Reagan Kibet,KANSAS,m,,,4:10.79,,,,3:47.92,13:35.77,,23:41.7,30:59.2,,8:03.81,,,,,,,,,,,,,,,,,,,,,,,,,,,,,,,,,,,,,,,,,,,,,,,,,,,,,,,,,,,,,,,,,,,,,,,,,,,,,,,,,,,,,,,,,,,,,,,,,,,,,,,,,,,,,,,,,,,,,,,
8316097,Oneka Wilson,CLEMSON,f,,,,,,,,,,,,,,,7.55,11.63 (2.6),24.35,40.02,,,,,,7.95,12.79 (0.5),,,,,,,,,,,,,,,,,,,,,,,,,,,,,,,,,,,,,,,,,,,,,,,,,,,,,,,,,,,,,,,,,,,,,,,,,,,,,,,,,,,,,,,,,,,,,,,,,,,,,,,,,,,
8971772,Olivier Jean,ALABAMA A&M,m,,,,,,,,,,,,,,,,,,,,,"7.56m (-1.2) 24' 9.75""","13.77m 45' 2.25""",,,,,,,,,,,,,,,,,,,,,,,,,,,,,,,,,,,,,,,,,,,,,,,,,,,,,,,,,,,,,,,,,,,,,,,,,,,,,,,,,,,,,,,,,,,,,,,,,,,,,,,,,,,,,,
8987108,Ethan Long,CINCINNATI,m,,,,,,,,,,,,,,,6.76,10.27 (3.9),20.59 (1.7),34.18,50.11,,,,,,,,,,,,,,,,,,,,,,,,,,,,,,,,,,,,,,,,,,,,,,,,,,,,,,,,,,,,,,,,,,,,,,,,,,,,,,,,,,,,,,,,,,,,,,,,,,,,,,,,,,,,,,,,,
7188295,Tyler Merkley,PENN STATE,,,,,,,,,,,,,,,,,,,,,,,,,,,,,"14.14m 46' 4.75""",,,,,"55.26m 181' 3""","73.67m 241' 8""","22.05m 72' 4.25""",,,,,,,,,,,,,,,,,,,,,,,,,,,,,,,,,,,,,,,,,,,,,,,,,,,,,,,,,,,,,,,,,,,,,,,,,,,,,,,,,,,,,,,,,,,,,,,,,
8995135,Carlysia Cresser,HOUSTON,f,,,,,,,,,,,,,,,7.77,11.78 (1.8),23.70 (2.4),39.08,54.23,,,,,,,,,,,,,,,,,,,,,,,,,,,,,,,,,,,,,,,,,,,,,,,,,,,,,,,,,,,,,,,,,,,,,,,,,,,,,,,,,,,,,,,,,,,,,,,,,,,,,,,,,,,,,,,,,
8711995,Grace Oshiokpu,TEXAS TECH,f,,,,,,,,,,,,,,,,,,,,,"6.16m (0.4) 20' 2.5""","13.44m 44' 1.25""",,,,,,,,,,,,,,,,,,,,,,,,,,,,,,,,,,,,,,,,,,,,,,,,,,,,,,,,,,,,,,,,,,,,,,,,,,,,,,,,,,,,,,,,,,,,,,,,,,,,,,,,,,,,,,
8617220,Michael Long,LIBERTY,m,,1:46.77,4:05.46,15:59.4,,,3:49.07,,,25:22.7,,2:26.11,,,,,22.28 (1.0),,47.97,,,,,,,,,,,,,,,,,,,,,,,,,,,27:47.6,,,,,,,,,,,,,,,,,,,,,,,,,,,,,,,,,,,,,,,,,,,,,,,,,,,,,,,,,,,,,,,,,,,,,,,,,,,,,,,,,,,,,,
8682174,Elizabeth Tapper,MICHIGAN,f,,,,,,,,,,,,,,,,,,,,,,,,,,,,"18.26m 59' 11""",,,,,"51.36m 168' 6""","50.92m 167' 1""","16.31m 53' 6.25""",,,,,,,,,,,,,,,,,,,,,,,,,,,,,,,,,,,,,,,,,,,,,,,,,,,,,,,,,,,,,,,,,,,,,,,,,,,,,,,,,,,,,,,,,,,,,,,,,
8895742,Jake Palermo,PENN STATE,m,,,,,,,,,,,,,,,,,20.87 (-0.3),,45.22,,,,,,,,,,,,,,,,,,,,,,,,,,,,,,,,,,,,,,,,,,,,,,,,,,,,,,,,,,,,,,,,,,,,,,,,,,,,,,,,,,,,,,,,,,,,,,,,,,,,,,,,,,,,,,,,,
8978945,Kwamina Taylor,FLORIDA,,,,,,,,,,,,,,,,,10.94 (-1.4),20.55 (2.0),33.88,44.98,,,,,,,,,,,,,,,,,,,,,,,,,,,,,,,,,,,,,,,,,,,,,,,,,,,,,,,,,,,,,,,,,,,,,,,,,,,,,,,,,,,,,,,,,,,,,,,,,,,,,,,,,,,,,,,,,
8328829,Jordan Turner,FLORIDA STATE,,,,,,,,,,,,,,,,,,,,,,"8.13m (1.1) 26' 8.25""",,,,,,,,,,,,,,,,,,,,,,,,,,,,,,,,,,,,,,,,,,,,,,,,,,,,,,,,,,,,,,,,,,,,,,,,,,,,,,,,,,,,,,,,,,,,,,,,,,,,,,,,,,,,,,,
9246956,Giavonna Meeks,TEXAS,f,,,,,,,,,,,,,,,,,,,,,,,,,,,,"16.28m 53' 5""",,,,,"43.25m 141' 11""","68.94m 226' 2""","24.49m 80' 4.25""",,,,,,,,,,,,,,,,,,,,,,,,,,,,,,,,,,,,,,,,,,,,,,,,,,,,,,,,,,,,,,,,,,,,,,,,,,,,,,,,,,,,,,,,,,,,,,,,,
9253579,Olga Szlachta,TEXAS TECH,f,,,,,,,,,,,,,,,,,,,,,"6.26m 20' 6.5""","13.36m (4.2) 43' 10""",,,,,,,,,,,,,,,,,,,,,,,,,,,,,,,,,,,,,,,,,,,,,,,,,,,,,,,,,,,,,,,,,,,,,,,,,,,,,,,,,,,,,,,,,,,,,,,,,,,,,,,,,,,,,,
8669757,Adannia Agbo,PENN,f,,,,,,,,,,,,,,,,13.00 (0.9),,,,,"5.62m (0.8) 18' 5.25""","13.20m (+0.0) 43' 3.75""",,,,,,,,,,,,,,,,,,,,,,,,,,,,,,,,,,,,,,,,,,,,,,,,,,,,,,,,,,,,,,,,,,,,,,,,,,,,,,,,,,,,,,,,,,,,,,,,,,,,,,,,,,,,,,
9272224,Tim Pelkmans,ILLINOIS,m,,,,,,,4:46.70,,,,,2:43.61,,,7.10,10.96 (2.3),,,50.15,"52.81m 173' 3""","7.41m (+0.0) 24' 3.75""",,,8.45,,,"1.89m 6' 2.25""","13.05m 42' 9.75""",,5381,"4.64m 15' 2.75""",14.76 (-0.4),"40.00m 131' 3""",,,7157,,,,,,,,,,,,,,,,,,,,,,,,,,,,,,,,,,,,,,,,,,,,,,,,,,,,,,,,,,,,,,,,,,,,,,,,,,,,,,,,,,,,,,,,,,,,,,,,
9202576,Ebba Cronholm,DUKE,f,,,4:46.44,,21:28.3,,4:24.38,,10:09.79,,,,9:26.19,,,,,,,,,,,,,,,,,,,,,,,,,,,,,,,,,,,,,,,,,,,,,,,,,,,,,,,,,,,,,,,,,,,,,,,,,,,,,,,,,,,,,,,,,,,,,,,,,,,,,,,,,,,,,,,,,,,,,,,
9348057,Agustin Carril,FIU,m,,,,,,,,,,,,,,,,,,,,,,,,,,,,,,,"5.25m 17' 2.75""",,,,,,,,,,,,,,,,,,,,,,,,,,,,,,,,,,,,,,,,,,,,,,,,,,,,,,,,,,,,,,,,,,,,,,,,,,,,,,,,,,,,,,,,,,,,,,,,,,,,,
8706138,Wanyae Belle,MINNESOTA,m,,,,,,,,,,,,,,,6.73,10.07 (4.4),20.27 (2.9),,49.83,,,,,,,,,,,,,,,,,,,,,,,,,,,,,,,,,,,,,,,,,,,,,,,,,,,,,,,,,,,,,,,,,,,,,,,,,,,,,,,,,,,,,,,,,,,,,,,,,,,,,,,,,,,,,,,,,
8668146,Bryce Tucker,RUTGERS,m,1:18.24,1:54.74,,,,,,,,,,,,,,,,,47.28,,,,,8.31,,50.00,,,,,,,,,,,,1:03.83,,,,,,,,,,,,,,,,,,,,,,,,,,,,,,,,,,,,,,,,,,,,,,,,,,,,,,,,,,,,,,,,,,,,,,,,,,,,,,,,,,,,,,,,,,,,,,
8320234,Niya Crawford,PITTSBURGH,f,,,,,,,,,,,,,,,,,,,,,,,,,,,,"16.83m 55' 2.75""",,,,,"48.96m 160' 7""","51.83m 170' 0""","18.25m 59' 10.5""",,,,,,,,,,,,,,,,,,,,,,,,,,,,,,,,,,,,,,,,,,,,,,,,,,,,,,,,,,,,,,,,,,,,,,,,,,,,,,,,,,,,,,,,,,,,,,,,,
8486892,Janiya Bowman,INDIANA STATE,f,,,,,,,,,,,,,,,7.45,11.29 (3.7),23.14 (4.2),39.14,,,"6.27m (1.3) 20' 7""",,,,,,,,,,,,,,,,,,,,,,,,,,,,,,,,,,,,,,,,,,,,,,,,,,,,,,,,,,,,,,,,,,,,,,,,,,,,,,,,,,,,,,,,,,,,,,,,,,,,,,,,,,,,,,,
7980937,Maryann Ackerman,OREGON STATE,f,,,,,,,,,,,,,,,,,,,,"53.59m 175' 10""",,,,,,,,,,,,,,,,,,,,,,,,,,,,,,,,,,,,,,,,,,,,,,,,,,,,,,,,,,,,,,,,,,,,,,,,,,,,,,,,,,,,,,,,,,,,,,,,,,,,,,,,,,,,,,,,
8696249,Isaiah-Taji Kargbo-Owens,VCU,m,,,,,,,,,,,,,,,,11.24 (+0.0),,,,,"7.20m 23' 7.5""","15.78m (-0.8) 51' 9.25""",,,,,,,,,,,,,,,,,,,,,,,,,,,,,,,,,,,,,,,,,,,,,,,,,,,,,,,,,,,,,,,,,,,,,,,,,,,,,,,,,,,,,,,,,,,,,,,,,,,,,,,,,,,,,,
7975598,Christopher Licata,PRINCETON,,,,,,,,,,,,,,,,,,,,,,,,,,,,,"19.77m 64' 10.5""",,,,,"56.95m 186' 10""",,"11.93m 39' 1.75""",,,,,,,,,,,,,,,,,,,,,,,,,,,,,,,,,,,,,,,,,,,,,,,,,,,,,,,,,,,,,,,,,,,,,,,,,,,,,,,,,,,,,,,,,,,,,,,,,
8331560,Brylee Tereska,BUCKNELL,f,,,,,,,,,,,,,,,,,,,,"50.00m 164' 0""",,,,,,,,"7.80m 25' 7.25""",,,,,,,,,,,,,,,,,,,,,,,,,,,,,,,,,,,,,,,,,,,,,,,,,,,,,,,,,,,,,,,,,,,,,,,,,,,,,,,,,,,,,,,,,,,,,,,,,,,,,,,,
8972220,Wesley Todd,OLE MISS,m,,,,,,,,,,,,,,,6.83,10.45 (1.9),20.82 (2.6),34.07,46.93,,,,,,,,,,,,,,,,,,,,,,,,,,,,,,,,,,,,,,,,,,,,,,,,,,,,,,,,,,,,,,,,,,,,,,,,,,,,,,,,,,,,,,,,,,,,,,,,,,,,,,,,,,,,,,,,,
9253596,William King Iv,HOUSTON,m,,,,,,,,,,,,,,,,,21.94,,48.73,,,,,,,51.10,,,,,,,,,,,,,,,1:12.28,,,,,,,,,,,,,,,,,,,,,,,,,,,,,,,,,,,,,,,,,,,,,,,,,,,,,,,,,,,,,,,,,,,,,,,,,,,,,,,,,,,,,,,,,,,
9279604,Stephen Mutai,TEXAS TECH,m,,1:45.80,4:02.99,,,,3:43.34,,,,,,,,,,,,,,,,,,,,,,,,,,,,,,,,,,,,,,,,,,,,,,,,,,,,,,,,,,,,,,,,,,,,,,,,,,,,,,,,,,,,,,,,,,,,,,,,,,,,,,,,,,,,,,,,,,,,,,,,,,,,,
9249748,Michael Neuenroth,INDIANA,m,,,,,,,,,,,,,,,,,,,,,,,,,,,,,,,,,,"62.73m 205' 10""","19.97m 65' 6.25""",,,,,,,,,,,,,,,,,,,,,,,,,,,,,,,,,,,,,,,,,,,,,,,,,,,,,,,,,,,,,,,,,,,,,,,,,,,,,,,,,,,,,,,,,,,,,,,,,
9262418,Kaitlyn Cook,VIRGINIA TECH,f,,,,,,,,,,,,,,,,,,,,,"6.05m (1.0) 19' 10.25""","13.31m (2.4) 43' 8""",,8.42,14.04 (0.8),,,,,,,,,,,,,,,,,,,,,,,,,,,,,,,,,,,,,,,,,,,,,,,,,,,,,,,,,,,,,,,,,,,,,,,,,,,,,,,,,,,,,,,,,,,,,,,,,,,,,,,,,,,
9022131,Emily Cloutier,OKLAHOMA,f,,,,,,,,,,,,,,,,,,,,,,,,,,,,,,,"4.15m 13' 7.25""",,,,,,,,,,,,,,,,,,,,,,,,,,,,,,,,,,,,,,,,,,,,,,,,,,,,,,,,,,,,,,,,,,,,,,,,,,,,,,,,,,,,,,,,,,,,,,,,,,,,,
8336026,Zane Forist,MICHIGAN,m,,,,,,,,,,,,,,,,,,,,,,,,,,,,"17.89m 58' 8.5""",,,,,"58.40m 191' 7""",,"19.70m 64' 7.75""",,,,,,,,,,,,,,,,,,,,,,,,,,,,,,,,,,,,,,,,,,,,,,,,,,,,,,,,,,,,,,,,,,,,,,,,,,,,,,,,,,,,,,,,,,,,,,,,,
8673136,Jacob Klink,ILLINOIS STATE,m,,,,,,,,,,,,,,,,,,,,,,,,,,,,"18.09m 59' 4.25""",,,,,,,"13.70m 44' 11.5""",,,,,,,,,,,,,,,,,,,,,,,,,,,,,,,,,,,,,,,,,,,,,,,,,,,,,,,,,,,,,,,,,,,,,,,,,,,,,,,,,,,,,,,,,,,,,,,,,
9042399,Hudson Shaver,UC SANTA BARBARA,m,,,,,,,4:27.98,,,,,,,,,11.36 (1.3),,,50.48,"60.77m 199' 4""","7.22m (0.5) 23' 8.25""",,,,,57.10,"1.99m 6' 6.25""","15.50m 50' 10.25""",,,"4.41m 14' 5.5""",14.98 (0.8),"48.38m 158' 9""",,,7584,,,,,,,,,,,,,,,,,,,,,,,,,,,,,,,,,,,,,,,,,,,,,,,,,,,,,,,,,,,,,,,,,,,,,,,,,,,,,,,,,,,,,,,,,,,,,,,,
8899223,Nelah Roberts,BYU,f,,,4:50.47,17:09.3,19:22.9,15:29.0,4:25.14,15:43.07,10:10.31,,,,9:05.97,,,,,,,,,,32:47.57,,,,,,,,,,,,,,,,,,,,,,,,,,,,,,,,,,,,,,,,,,,,,,,,,,,,,,,,,,,,,,,,,,,,,,,,,,,,,,,,,,,,,,,,,,,,,,,,,,,,,,,,,,,,,
8314507,Christopher Serrao,RUTGERS,m,,,,,,,,,,,,,,,6.81,,21.43 (0.9),,57.98,,,,,7.55,,51.40,,,,,,13.49 (1.5),,,,,,,,,,,,,,,,,,,,,,,,,,,,,,,,,,,,,,,,,,,,,,,,,,,,,,,,,,,,,,,,,,,,,,,,,,,,,,,,,,,,,,,,,,,,,,,,,,,,
8890901,Max Hooper,LIPSCOMB,m,,1:49.09,3:59.89,,,,3:39.33,,,23:29.5,31:24.5,,8:01.76,,,,,,,,,,,,,,,,,,,,,,,,,,,,,,,,,,,,,,,,,,,,,,,,,,,,,,,,,,,,,,,,,,,,,,,,,,,,,,,,,,,,,,,,,,,,,,,,,,,,,,,,,,,,,,,,,,,,,,,
9251728,Malachi Burton,MISS STATE,m,,1:52.98,,,,,,,,,,,,,,,,,46.12,,,,,,,,,,,,,,,,,,,,,,,,,,,,,,,,,,,,,,,,,,,,,,,,,,,,,,,,,,,,,,,,,,,,,,,,,,,,,,,,,,,,,,,,,,,,,,,,,,,,,,,,,,,,,,,,,
6920343,Dorcus Ewoi,CAMPBELL,,,2:01.12,4:49.90,16:59.6,20:40.5,,4:14.92,16:35.67,,,,2:51.56,9:34.33,,,,,,,,,,,,,,,,,,,,,,,,,,,,1:24.38,,,,,,,,,,,,,,,,,,,,,,,,,,,,,,,,,,,,,,,,,,,,,,,,,,,,,,,,,,,,6:35.6,,,,,,,,,,,,,,,,,,,,,,,,,,,,,,,
7980608,Chloe Timberg,RUTGERS,,,,,,,,,,,,,,,,,,,,,,,,,,,,,,,,"4.72m 15' 5.75""",,,,,,,,,,,,,,,,,,,,,,,,,,,,,,,,,,,,,,,,,,,,,,,,,,,,,,,,,,,,,,,,,,,,,,,,,,,,,,,,,,,,,,,,,,,,,,,,,,,,,
9013683,Dianna Goodman,SOUTH ALABAMA,f,,,,,,,,,,,,,,,,,,,,,,,,,,,,,,,"4.09m 13' 5""",,,,,,,,,,,,,,,,,,,,,,,,,,,,,,,,,,,,,,,,,,,,,,,,,,,,,,,,,,,,,,,,,,,,,,,,,,,,,,,,,,,,,,,,,,,,,,,,,,,,,
7538459,Ashley Mcelmurry,NEBRASKA,,,,,,,,,,,,,,,,7.80,12.39 (-0.1),,,,,"6.25m (3.7) 20' 6.25""","13.63m (1.6) 44' 8.75""",,,,,,,,,,,,,,,,,,,,,,,,,,,,,,,,,,,,,,,,,,,,,,,,,,,,,,,,,,,,,,,,,,,,,,,,,,,,,,,,,,,,,,,,,,,,,,,,,,,,,,,,,,,,,,
9246002,Bailey Johnson,TCU,f,,,,,,,,,,,,,,,7.38,11.17 (2.1),22.61 (1.5),,,,,,,,,,,,,,,,,,,,,,,,,,,,,,,,,,,,,,,,,,,,,,,,,,,,,,,,,,,,,,,,,,,,,,,,,,,,,,,,,,,,,,,,,,,,,,,,,,,,,,,,,,,,,,,,,,,
9015307,Vincent Atilano,CAL POLY,m,,,,,,,,,,,,,,,7.02,,21.82,,46.95,,,,,,,50.52,,,,,,,,,,,,,,,,,,,,,,,,,,,,,,,,,,,,,,,,,,,,,,,,,,,,,,,,,,,,,,,,,,,,,,,,,,,,,,,,,,,,,,,,,,,,,,,,,,,,,,,,,,
8325020,Conner Kittleson,GRAND CANYON,m,,,,,,,,,,,,,,,6.76,10.37 (0.7),20.91,34.20,49.47,,,,,,,,,,,,,,,,,,,,,,,,,,,,,,,,,,,,,,,,,,,,,,,,,,,,,,,,,,,,,,,,,,,,,,,,,,,,,,,,,,,,,,,,,,,,,,,,,,,,,,,,,,,,,,,,,
8986534,Dyson Wicker,NEBRASKA,m,,,,,,,,,,,,,,,,,,,,,,,,,,,,,,,"5.79m 19' 0""",,,,,,,,,,,,,,,,,,,,,,,,,,,,,,,,,,,,,,,,,,,,,,,,,,,,,,,,,,,,,,,,,,,,,,,,,,,,,,,,,,,,,,,,,,,,,,,,,,,,,
8668150,Donovan Anderson,RUTGERS,m,,,,,,,,,,,,,,,7.02,11.02 (2.2),,,,,"7.88m (3.0) 25' 10.25""","16.12m 52' 10.75""",,,,,"1.80m 5' 10.75""",,,,,,,,,,,,,,,,,,,,6.57,,,,,,,,,,,,,,,,,,,,,,,,,,,,,,,,,,,,,,,,,,,,,,,,,,,,,,,,,,,,,,,,,,,,,,,,,,,,,,,,,,,,,
9259532,Bria Byrd,JAMES MADISON,f,,,,,,,,,,,,,,,,,25.51,40.75,,,"6.30m (0.9) 20' 8""",,,,,1:01.95,,,,,,,,,,,,,,,,,,,,,,,,,,,,,,,,,,,,,,,,,,,,,,,,,,,,,,,,,,,,,,,,,,,,,,,,,,,,,,,,,,,,,,,,,,,,,,,,,,,,,,,,,,
7389434,Amelia Mazza-Downie,FLORIDA,,,,4:48.93,16:21.3,19:37.3,,4:26.54,15:18.54,,,,,9:20.69,,,,,,,,,,32:07.62,,,,,,,,,,,,,,,,,,,,,,,,,,,,,,,,,,,,,,,,,,,,,,,,,,,,,,,,,,,,,,,,,,,,,,,,,,,,,,,,,,,,,,,,,,,,,,,,,,,,,,,,,,,,,
8708560,Oguz Uyar,EAST TEXAS A&M,m,,,,,,,,,,,,,,,6.72,10.16 (3.1),20.33 (2.0),,49.22,,,,,,,,,,,,,,,,,,,,,,,,,,,,,,,,,,,,,,,,,,,,,,,,,,,,,,,,,,,,,,,,,,,,,,,,,,,,,,,,,,,,,,,,,,,,,,,,,,,,,,,,,,,,,,,,,
8700015,Devontie Archer,SOUTH FLORIDA,m,1:19.46,1:57.69,,,,,,,,,,,,,,,,,46.97,,,,,,,49.80,,,,,,,,,,,,1:03.70,,,,,,,,,,,,,,,,,,,,,,,,,,,,,,,,,,,,,,,,,,,,,,,,,,,,,,,,,,,,,,,,,,,,,,,,,,,,,,,,,,,,,,,,,,,,,,
8235207,Mikeisha Welcome,GEORGIA,,,,,,,,,,,,,,,,,,,,,,"6.15m 20' 2.25""","14.21m 46' 7.5""",,,,,,,,,,,,,,,,,,,,,,,,,,,,,,,,,,,,,,,,,,,,,,,,,,,,,,,,,,,,,,,,,,,,,,,,,,,,,,,,,,,,,,,,,,,,,,,,,,,,,,,,,,,,,,
8681430,Xavier Partee,N. CAROLINA A&T,m,,,,,,,,,,,,,,,,11.17 (2.8),,,,,"6.92m (0.3) 22' 8.5""","16.26m (0.3) 53' 4.25""",,,,,,,,,,,,,,,,,,,,,,,,,,,,,,,,,,,,,,,,,,,,,,,,,,,,,,,,,,,,,,,,,,,,,,,,,,,,,,,,,,,,,,,,,,,,,,,,,,,,,,,,,,,,,,
8977034,Maira Scott,TENNESSEE,f,,,,,,,,,,,,,,,,,23.55 (5.0),38.79,54.47,,,,,,,,,,,,,,,,,,,,,,,,,,,,,,,,,,,,,,,,,,,,,,,,,,,,,,,,,,,,,,,,,,,,,,,,,,,,,,,,,,,,,,,,,,,,,,,,,,,,,,,,,,,,,,,,,
9257039,Doricah Minsari Isoe,KENTUCKY,f,,2:04.70,4:35.71,,19:55.7,,4:10.34,,,,,,,,,,,,,,,,,,,,,,,,,,,,,,,,,,,,,,,,,,,,,,,,,,,,,,,,,,,,,,,,,,,,,,,,,,,,,,,,,,,,,,,,,,,,,,,,,,,,,,,,,,,,,,,,,,,,,,,,,,,,,
9279491,Cale Ayers,VIRGINIA,m,,,,,,,,,,,,,,,,,,,,,,,,,,,,,,,,,,"68.75m 225' 7""","21.69m 71' 2""",,,,,,,,,,,,,,,,,,,,,,,,,,,,,,,,,,,,,,,,,,,,,,,,,,,,,,,,,,,,,,,,,,,,,,,,,,,,,,,,,,,,,,,,,,,,,,,,,
8666908,Noa Isaia,NEBRASKA,m,,,,,,,,,,,,,,,,,,,,,,,,,,,,"15.34m 50' 4""",,,,,"53.00m 173' 11""","67.47m 221' 4""","22.12m 72' 7""",,,,,,,,,,,,,,,,,,,,,,,,,,,,,,,,,,,,,,,,,,,,,,,,,,,,,,,,,,,,,,,,,,,,,,,,,,,,,,,,,,,,,,,,,,,,,,,,,
8992432,Chad Hendricks,LSU,m,,,,,,,,,,,,,,,,,,,,,,,,,,,,,,,,,"60.30m 197' 10""",,"15.28m 50' 1.75""",,,,,,,,,,,,,,,,,,,,,,,,,,,,,,,,,,,,,,,,,,,,,,,,,,,,,,,,,,,,,,,,,,,,,,,,,,,,,,,,,,,,,,,,,,,,,,,,,
8634278,Stephanie Ratcliffe,GEORGIA,,,,,,,,,,,,,,,,,,,,,,,,,,,,,"12.70m 41' 8""",,,,,,"73.63m 241' 7""","21.88m 71' 9.5""",,,,,,,,,,,,,,,,,,,,,,,,,,,,,,,,,,,,,,,,,,,,,,,,,,,,,,,,,,,,,,,,,,,,,,,,,,,,,,,,,,,,,,,,,,,,,,,,,
8342721,Samuel Mika,SOUTH ALABAMA,m,,,,,,,,,,,,,,,,,,,,,,,,,,,,"17.66m 57' 11.25""",,,,,"53.32m 174' 11""","63.52m 208' 5""","19.84m 65' 1.25""",,,,,,,,,,,,,,,,,,,,,,,,,,,,,,,,,,,,,,,,,,,,,,,,,,,,,,,,,,,,,,,,,,,,,,,,,,,,,,,,,,,,,,,,,,,,,,,,,
8313684,Leo Maxwell,PURDUE,m,,,,,,,,,,,,,,,,,,,,,,,,,,,,"15.85m 52' 0""",,,,,"47.80m 156' 10""","64.15m 210' 5""","19.14m 62' 9.5""",,,,,,,,,,,,,,,,,,,,,,,,,,,,,,,,,,,,,,,,,,,,,,,,,,,,,,,,,,,,,,,,,,,,,,,,,,,,,,,,,,,,,,,,,,,,,,,,,
8005705,Elena Kulichenko,GEORGIA,,,,,,,,,,,,,,,,,,,,,,,,,,,,"1.97m 6' 5.5""",,,,,,,,,,,,,,,,,,,,,,,,,,,,,,,,,,,,,,,,,,,,,,,,,,,,,,,,,,,,,,,,,,,,,,,,,,,,,,,,,,,,,,,,,,,,,,,,,,,,,,,,,
8314511,Celine Brown,RUTGERS,f,,2:25.51,,,,,,,,,,,,,,,,38.68,53.40,,"6.49m (1.4) 21' 3.5""",,,8.91,,1:05.04,"1.67m 5' 5.75""","9.00m 29' 6.5""",3687,,,,,,,,,,,,,,,,,,,,,,,,,,,,,,,,,,,,,,,,,,,,,,,,,,,,,,,,,,,,,,,,,,,,,,,,,,,,,,,,,,,,,,,,,,,,,,,,,,,,,,,
8008567,David Coles,NC STATE,m,,,,,,,,,,,,,,,,,,36.71,,,"7.44m (1.4) 24' 5""","15.90m (-0.8) 52' 2""",,,,,,,,,,,,,,,,,,,,,,,,,,,,,,,,,,,,,,,,,,,,,,,,,,,,,,,,,,,,,,,,,,,,,,,,,,,,,,,,,,,,,,,,,,,,,,,,,,,,,,,,,,,,,,
9261222,Peter Narumbe,TEXAS A&M,m,1:17.46,1:44.65,,,,,3:43.83,,,,,2:19.88,,,,,,,48.22,,,,,,,,,,,,,,,,,,,,,,,,,,,,,,,,,,,,,,,,,,,,,,,,,,,,,,,,,,,,,,,,,,,,,,,,,,,,,,,,,,,,,,,,,,,,,,,,,,,,,,,,,,,,,,,,,
8348286,Louie Hinchliffe,HOUSTON,m,,,,,,,,,,,,,,,6.60,9.84 (2.5),21.05 (2.8),,,,,,,,,,,,,,,,,,,,,,,,,,,,,,,,,,,,,,,,,,,,,,,,,,,,,,,,,,,,,,,,,,,,,,,,,,,,,,,,,,,,,,,,,,,,,,,,,,,,,,,,,,,,,,,,,,,
8012869,Kevin Nedrick,LIBERTY,,,,,,,,,,,,,,,,,,,,,"61.50m 201' 9""",,,,,,,,"19.33m 63' 5""",,,,,"61.93m 203' 2""",,,,,,,,,,,,,,,,,,,,,,,,,,,,,,,,,,,,,,,,,,,,,,,,,,,,,,,,,,,,,,,,,,,,,,,,,,,,,,,,,,,,,,,,,,,,,,,,,,,
9009627,Isca Chelangat,OKLAHOMA STATE,f,,,,,18:56.1,,4:16.71,15:07.76,,,,,8:48.74,,,,,,,,,,,,,,,,,,,,,,,,,,,,,,,,,,,,,,,,,,,,,,,,,,,,,,,,,,,,,,,,,,,,,,,,,,,,,,,,,,,,,,,,,,,,,,,,,,,,,,,,,,,,,,,,,,,,,,,
8990376,Joel Gates,PURDUE,m,,,,,,,,,,,,,,,,,,,,,,,,,,,,"18.15m 59' 6.75""",,,,,"54.35m 178' 4""","52.86m 173' 5""","16.69m 54' 9.25""",,,,,,,,,,,,,,,,,,,,,,,,,,,,,,,,,,,,,,,,,,,,,,,,,,,,,,,,,,,,,,,,,,,,,,,,,,,,,,,,,,,,,,,,,,,,,,,,,
7495806,Ahmed Magour,KENNESAW STATE,,,,,,,,,,,,,,,,,,,,,"74.40m 244' 1""",,,,,,,,,,,,,,,,,,,,,,,,,,,,,,,,,,,,,,,,,,,,,,,,,,,,,,,,,,,,,,,,,,,,,,,,,,,,,,,,,,,,,,,,,,,,,,,,,,,,,,,,,,,,,,,,
6900649,Damien Dilcher,IONA,,,1:52.26,3:59.52,,19:20.2,,3:38.85,13:55.44,,23:47.7,29:40.1,,7:59.12,,,,,,1:02.82,,,,,,,,,"7.04m 23' 1.25""",,,,,,,,,24:48.6,,,,,,,,,,,,,,,,,,,,,,,,,,,,,,,,,,,,,,,,,,,,,,,,,,,,,,,,,,,,,,,,,,,,,,,,,,,,,,,,,,,,,,,,,,,,,,,
9171332,Tyla Lumley,VANDERBILT,f,,,4:52.58,17:42.2,19:58.4,,4:31.12,16:05.36,,,,,9:27.66,,,,,,,,,,33:18.15,,,,,,,,,,,,,,,,,,,,,,,,,,,,,,,,,,,,,,,,,,,,,,,,,,,,19:59.3,,,,,,,,,,,,,,,,,,,,,,,,,,,,,,,,,,,,,,,,,,,,,,,,,,,,,,,,,
7968979,Ben Shughart,LIBERTY,m,,,,,,,,,,,,,,,,,,,,"77.41m 254' 0""",,,,,,,,,,,,,,,,,,,,,,,,,,,,,,,,,,,,,,,,,,,,,,,,,,,,,,,,,,,,,,,,,,,,,,,,,,,,,,,,,,,,,,,,,,,,,,,,,,,,,,,,,,,,,,,,
9170173,Rosie Mucharsky,NOTRE DAME,f,,2:06.28,4:34.49,16:39.5,,,4:17.84,,10:01.62,,,,,,,,,,,,,,,,,,,,,,,,,,,,,,,,,,,,,,,,,,,,,,,,,,,,,,,,,,,,,,,,,,,,,,,,,,,,,,,,,,,,,,,,,,,,,,,,,,,,,,,,,,,,,,,,,,,,,,,,,,,
7785853,Isabella Whittaker,PENN,,1:32.64,,,,,,,,,,,,,,7.39,12.24 (1.0),23.18 (1.3),37.66,50.17,,,,,,,,,,,,,,,,,,,1:10.12,,,,,,,,,,,,,,,,,,,,,,,,,,,,,,,,,,,,,,,,,,,,,,,,,,,,,,,,,,,,,,,,,,,,,,,,,,,,,,,,,,,,,,,,,,,,,,
9237157,Matthew Kathiravelu,PENN,m,,,,,,,,,,,,,,,,,,,,,"6.86m (2.4) 22' 6.25""","15.60m 51' 2.25""",,,,,"1.98m 6' 6""",,,,,,,,,,,,,,,,,,,,,,,,,,,,,,,,,,,,,,,,,,,,,,,,,,,,,,,,,,,,,,,,,,,,,,,,,,,,,,,,,,,,,,,,,,,,,,,,,,,,,,,,,
8369164,Charlotte Costich,PENN STATE,f,,,4:48.57,,19:55.2,,4:44.94,15:49.68,,,,,9:07.10,,,,,,,,,,32:57.53,,,,,,,,,,,,,,,,,,,,,,,,,,,,,,,,14:09.6,,,,,,,,,,,,,,,,,,,,,,,,,,,,,,,,,,,,,,,,,,,,,,,,,,,,,,,,,,,,,,,,,,,,,,,,,,,,,
8323727,Kya Epps,CINCINNATI,f,,,,,,,,,,,,,,,7.21,11.07 (2.1),22.55 (0.2),38.09,,,,,,,,,,,,,,,,,,,,,,,,,,,,,,,,,,,,,,,,,,,,,,,,,,,,,,,,,,,,,,,,,,,,,,,,,,,,,,,,,,,,,,,,,,,,,,,,,,,,,,,,,,,,,,,,,,
8711192,Dan Watcke,VILLANOVA,m,,1:46.32,,,,,3:49.57,,,,,2:17.77,,,,,,,,,,,,,,,,,,,,,,,,,,,,,,,,,,,,,,,,,,,,,,,,,,,,,,,,,,,,,,,,,,,,,,,,,,,,,,,,,,,,,,,,,,,,,,,,,,,,,,,,,,,,,,,,,,,,,,,,
8666637,Israel Henriques-Setho,RHODE ISLAND,m,,,,,,,,,,,,,,,6.92,10.85 (-0.7),21.97 (0.8),,,,"7.60m (+0.0) 24' 11.25""","15.08m (1.2) 49' 5.75""",,,,,,,,,,,,,,,,,,,,,,,,,,,,,,,,,,,,,,,,,,,,,,,,,,,,,,,,,,,,,,,,,,,,,,,,,,,,,,,,,,,,,,,,,,,,,,,,,,,,,,,,,,,,,,
8653579,Mehdi Guerrah,MARYLAND,m,1:19.91,,,,,,,,,29:46.5,,,,,7.13,,21.51 (1.9),,47.19,,,,,,,50.66,,,,,,,,,,,34:57.4,1:03.85,,,,,,,,,,,,,,,,,,,,,,,,,,,,,,,,,,,,,,,,,,,,,27:00.7,,,,,,,,,,,,,,,,,,,,,,,,,,,,,,,,,,,,,,,,,,,,,,,,,
8976367,Isaiah Riggins,ALABAMA STATE,m,,,,,,,,,,,,,,,7.25,10.87 (+0.0),21.56 (0.1),35.42,,,"7.59m (0.5) 24' 11""","16.01m (1.3) 52' 6.5""",,,,,,,,,,,,,,,,,,,,,,,,,,,,,,,,,,,,,,,,,,,,,,,,,,,,,,,,,,,,,,,,,,,,,,,,,,,,,,,,,,,,,,,,,,,,,,,,,,,,,,,,,,,,,,
7700480,Wes Porter,VIRGINIA,,,1:49.42,3:54.58,,17:48.8,,3:39.45,13:36.84,,23:21.6,30:25.4,,7:56.81,,,,,,,,,,,,,,,,,,,,,,,,,,,,,,,,,,,,,,,,,,,,,,,,,,,,,,,,,,,,,,,,,,,,,,,,,,,,,,,,,,,,,,,,,,,,,,,,,,,,,,,,,,,,,,,,,,,,,,,
8912476,Evaline Chepkoech,STEPHEN F. AUSTIN,f,,2:04.67,4:40.69,,20:01.7,,4:10.82,,,,,,,,,,,,,,,,,,,,,,,,,,,,,,,,,,,,,,,,,,,,,,,,,,,,,,,,,,,,,,,,,,,,,,,,,,,,,,,,,,,,,,,,,,,,,,,15:11.5,,,,,,,,,,,,,,,,,,,,,,,,,,,,,,
9253538,Daniel Clarke,TEXAS TECH,m,,,,,,,,,,,,,,,,,,,,,,,,7.72,,,,,,,,13.57 (1.3),,,,,,,,,,,,,,,,,,,,,,,,,,,,,,,,,,,,,,,,,,,,,,,,,,,,,,,,,,,,,,,,,,,,,,,,,,,,,,,,,,,,,,,,,,,,,,,,,,,,
8364078,Alyssa Quinones-Mixon,AUBURN,f,,,,,,,,,,,,,,,,,,,,,,,,,,,,,,,"4.44m 14' 6.75""",,,,,,,,,,,,,,,,,,,,,,,,,,,,,,,,,,,,,,,,,,,,,,,,,,,,,,,,,,,,,,,,,,,,,,,,,,,,,,,,,,,,,,,,,,,,,,,,,,,,,
8928567,Marissa Gordon,UALBANY,f,,2:33.70,,,,,,,,,,,,,,,25.71 (2.4),,,"14.54m 47' 8""","6.22m (1.0) 20' 5""",,,8.80,14.17 (2.0),,"1.48m 4' 10.25""","8.72m 28' 7.5""",2913,4000,,,,,,,,,,,,,,,,,,,,,,,,,,,,,,,,,,,,,,,,,,,,,,,,,,,,,,,,,,,,,,,,,,,,,,,,,,,,,,,,,,,,,,,,,,,,,,,,,,,,,,
8716529,Nontokozo Ncube,MINNESOTA,f,1:33.39,2:04.72,,18:25.1,,,,,,,,2:59.78,,,,,,,51.85,,,,,,,,,,,,,,,,,,,,,,1:21.46,,,,,,,,,,,,,,,,,,,,,,,,,,,,,,,,,,,,,,,,,,,,,,,,,,,,,,,,,,,,,,,,,,,,,,,,,,,,,,,,,,,,,,,,,,,
9244707,Isaiah Butler,CSUN,m,,,,,,,,,,,,,,,,,,,,,,,,,,,,"15.50m 50' 10.25""",,,,,"56.77m 186' 3""","57.23m 187' 9""","18.28m 59' 11.75""",,,,,,,,,,,,,,,,,,,,,,,,,,,,,,,,,,,,,,,,,,,,,,,,,,,,,,,,,,,,,,,,,,,,,,,,,,,,,,,,,,,,,,,,,,,,,,,,,
9010797,Asia Phillips,FLORIDA,f,,,,,,,,,,,,,,,,,,,,,"6.33m 20' 9.25""","13.59m (0.3) 44' 7""",,,,,,,,,,,,,,,,,,,,,,,,,,,,,,,,,,,,,,,,,,,,,,,,,,,,,,,,,,,,,,,,,,,,,,,,,,,,,,,,,,,,,,,,,,,,,,,,,,,,,,,,,,,,,,
9257081,Oscar Baltan Vivero,KENTUCKY,m,,,,,,,,,,,,,,,6.98,,20.90 (1.2),33.69,,,,,,,,,,,,,,,,,,,,,,,,,,,,,,,,,,,,,,,,,,,,,,,,,,,,,,,,,,,,,,,,,,,,,,,,,,,,,,,,,,,,,,,,,,,,,,,,,,,,,,,,,,,,,,,,,,
8786869,Brayden Packard,BYU,m,,1:48.01,4:06.80,,,,3:46.12,,9:15.69,24:46.1,,2:22.31,,,,,,,49.90,,,,,,,,,,,,,,,,,,,,,,,,,,,,,,,,,,,,,,,,,,,,,,,,,,,,,,,,,,,,,,,,20:53.0,,,,,,,,,,,,,,,,,,,,,,,,,,,,,,,,,,,,,,,,,,,,,,,,,
8321872,Parker Duskin,ARIZONA,m,,,,,,,,,,,,,,,6.81,10.62 (0.5),21.36 (1.8),35.17,,,,,,7.71,,57.17,,,,,,13.62 (1.8),,,,,,,,,,,,,,,,,,,,,,,,,,,,,,,,,,,,,,,,,,,,,,,,,,,,,,,,,,,,,,,,,,,,,,,,,,,,,,,,,,,,,,,,,,,,,,,,,,,,
9010282,Annaleise Taylor,OREGON,f,,,,,,,,,,,,,,,7.70,,24.97,39.91,56.50,,,,,8.46,13.52 (2.4),58.43,,,,,,,,,,,,,,,1:27.39,,,,,,,,,,,,,,,,,,,,,,,,,,,,,,,,,,,,,,,,,,,,,,,,,,,,,,,,,,,,,,,,,,,,,,,,,,,,,,,,,,,,,,,,,,,
8585021,Cobe Johnson,LOUISIANA TECH,m,,,,,,,,,,,,,,,6.98,10.73 (1.7),,,,,"7.85m (3.2) 25' 9.25""","14.72m 48' 3.5""",,,,,,,,,,,,,,,,,,,,,,,,,,,,,,,,,,,,,,,,,,,,,,,,,,,,,,,,,,,,,,,,,,,,,,,,,,,,,,,,,,,,,,,,,,,,,,,,,,,,,,,,,,,,,,
8705610,Amelliah Birdow,TEXAS,,,,,,,,,,,,,,,,,,23.26 (0.5),,53.06,,,,,,,54.79,,,,,,,,,,,,,,,1:19.02,,,,,,,,,,,,,,,,,,,,,,,,,,,,,,,,,,,,,,,,,,,,,,,,,,,,,,,,,,,,,,,,,,,,,,,,,,,,,,,,,,,,,,,,,,,
9247594,Rae Le Fay,SAN FRANCISCO,f,,2:08.05,4:54.45,,,,4:23.55,,10:22.66,,,,10:22.48,,,,,,,,,,,,,,,,,,,,,,,,,,,,,,,,,,,,,,,,,,,,,,,,,,,,,,,,,,,,,,,,,,,,,,,,,,,,,,,,,,,,,,,,,,,,,,,,,,,,,,,,,,,,,,,,,,,,,,,
9238133,Sierra Swangin,TOWSON,f,,,,,,,,,,,,,,,8.54,,27.70,,,,"4.44m (3.5) 14' 7""",,,,,,"1.75m 5' 8.75""",,,,,,,,,,,,,,,,,,,,,,,,,,,,,,,,,,,,,,,,,,,,,,,,,,,,,,,,,,,,,,,,,,,,,,,,,,,,,,,,,,,,,,,,,,,,,,,,,,,,,,,,,
9245403,Ray Glory-Ejoyokah,EASTERN MICHIGAN,m,,,,,,,,,,,,,,,,,,,,,,,,,,,,,,,,,"55.02m 180' 6""",,"18.41m 60' 5""",,,,,,,,,,,,,,,,,,,,,,,,,,,,,,,,,,,,,,,,,,,,,,,,,,,,,,,,,,,,,,,,,,,,,,,,,,,,,,,,,,,,,,,,,,,,,,,,,
9250528,Charlie Thorne,OKLAHOMA STATE,m,,1:58.19,,,,,,,,,,,,,,,,,46.10,,,,,,,,,,,,,,,,,,,,,,1:10.91,,,,,,,,,,,,,,,,,,,,,,,,,,,,,,,,,,,,,,,,,,,,,,,,,,,,,,,,,,,,,,,,,,,,,,,,,,,,,,,,,,,,,,,,,,,
8978545,Meg Madison,PRINCETON,f,,,4:44.16,,,,4:19.33,15:47.14,,,,,9:22.65,,,,,,,,,,,,,,,,,,,,,,,,,,,,,,,,,,,,,,,,,,,,,,,,,,,,,,,,,,,,,,,,,,,,,,,,,,,,,,,,,,,,,,,,,,,,,,,,,,,,,,,,,,,,,,,,,,,,,,,
8316982,Kody Blackwood,TEXAS,m,,,,,,,,,,,,,,,,,20.49 (3.4),34.08,45.24,,,,,7.83,,48.26,,,,,,13.75 (3.5),,,,,,,,,,,,,,,,,,,,,,,,,,,,,,,,,,,,,,,,,,,,,,,,,,,,,,,,,,,,,,,,,,,,,,,,,,,,,,,,,,,,,,,,,,,,,,,,,,,,
9316929,Antone Smith,ARIZONA,m,,,,,,,,,,,,,,,,10.40 (1.8),,,,,"7.16m 23' 6""","16.94m (1.8) 55' 7""",,,,,,,,,,,,,,,,,,,,,,,,,,,,,,,,,,,,,,,,,,,,,,,,,,,,,,,,,,,,,,,,,,,,,,,,,,,,,,,,,,,,,,,,,,,,,,,,,,,,,,,,,,,,,,
8676725,Jonathan Frazier,WASHINGTON,m,1:16.54,,,,,,,,,,,,,,,,,,47.71,,,,,7.92,,49.87,,,,,,14.26 (2.0),,,,,,,,,,,,,,,,,,,,,,,,,,,,,,,,,,,,,,,,,,,,,,,,,,,,,,,,,,,,,,,,,,,,,,,,,,,,,,,,,,,,,,,,,,,,,,,,,,,,
9268054,Troy Mcwilliams,VCU,m,,,,,,,,,,,,,,,,,,,,,,,,,,,,"15.42m 50' 7.25""",,,,,"42.22m 138' 6""","62.32m 204' 5""","19.95m 65' 5.5""",,,,,,,,,,,,,,,,,,,,,,,,,,,,,,,,,,,,,,,,,,,,,,,,,,,,,,,,,,,,,,,,,,,,,,,,,,,,,,,,,,,,,,,,,,,,,,,,,
9092869,Beatriz Mora Herencia,UALBANY,f,,,,,,,,,,,,,,,,,,,,"49.52m 162' 6""",,,,,,,,,,,,,,,,,,,,,,,,,,,,,,,,,,,,,,,,,,,,,,,,,,,,,,,,,,,,,,,,,,,,,,,,,,,,,,,,,,,,,,,,,,,,,,,,,,,,,,,,,,,,,,,,
9272459,Emmanuel Agbo Anih,CINCINNATI,m,,,,,,,,,,,,,,,,,,,,,,,,,,,,"13.50m 44' 3.5""",,,,,"55.29m 181' 5""",,,,,,,,,,,,,,,,,,,,,,,,,,,,,,,,,,,,,,,,,,,,,,,,,,,,,,,,,,,,,,,,,,,,,,,,,,,,,,,,,,,,,,,,,,,,,,,,,,,
8364214,Eric Hemphill Iii,TEXAS A&M,m,,,,,,,,,,,,,,,,,20.99 (0.2),33.77,45.56,,,,,,,,,,,,,,,,,,,,,,,,,,,,,,,,,,,,,,,,,,,,,,,,,,,,,,,,,,,,,,,,,,,,,,,,,,,,,,,,,,,,,,,,,,,,,,,,,,,,,,,,,,,,,,,,,
8994362,Summer Mosley,CSUN,f,,,,,,,,,,,,,,,,,,,,,,,,,,,,,,,,,"59.60m 195' 6""","61.71m 202' 5""","19.55m 64' 1.75""",,,,,,,,,,,,,,,,,,,,,,,,,,,,,,,,,,,,,,,,,,,,,,,,,,,,,,,,,,,,,,,,,,,,,,,,,,,,,,,,,,,,,,,,,,,,,,,,,
8682924,Joel Nyatusah,TEXAS TECH,m,,,,,,,,,,,,,,,7.09,,21.66 (1.6),,,,,,,7.87,,,,,,,,13.19 (3.4),,,,,,,,,,,,,,,,,,,,,,,,,,,,,,,,,,,,,,,,,,,,,,,,,,,,,,,,,,,,,,,,,,,,,,,,,,,,,,,,,,,,,,,,,,,,,,,,,,,,
9252903,Elijah Ferguson,TEXAS TECH,m,,,,,,,,,,,,,,,,,21.18 (2.9),,46.38,,,,,,,,,,,,,,,,,,,,,,,,,,,,,,,,,,,,,,,,,,,,,,,,,,,,,,,,,,,,,,,,,,,,,,,,,,,,,,,,,,,,,,,,,,,,,,,,,,,,,,,,,,,,,,,,,
7888818,Krystie Solomon,BYU,f,,2:02.21,,19:19.9,,17:17.0,,,,,,,,,,,,,56.48,,,,,,,,,,,,,,,,,,,,,,,,,,,,,,,,,,,,,,,,,,,,,,,,,,,,,,,,,,,,,,,,,,24:06.6,,,,,,,,,,,,,,,,,,,,,,,,,,,,,,,,,,,,,,,,,,,,,,,
7746444,Corde Long,ALABAMA,,,,,,,,,,,,,,,,,10.47,20.94,,47.30,,,,,7.93,,49.07,,,,,,13.76 (0.5),,,,,,,,,,,,,,,,,,,,,,,,,,,,,,,,,,,,,,,,,,,,,,,,,,,,,,,,,,,,,,,,,,,,,,,,,,,,,,,,,,,,,,,,,,,,,,,,,,,,
7044242,Shannon Meisberger,ARIZONA,,1:28.19,2:13.88,,,,,,,,,,,,,,,,,52.61,,,,,,,55.70,,,,,,,,,,,,,,,1:19.60,,,,,,,,,,,,,,,,,,,,,,,,,,,,,,,,,,,,,,,,,,,,,,,,,,,,,,,,,,,,,,,,,,,,,,,,,,,,,,,,,,,,,,,,,,,
8985441,Kourtney Rathke,MICHIGAN,f,,,,,,,,,,,,,,,,,,,,,"6.14m (3.5) 20' 1.75""",,,,,,,,,,"4.17m 13' 8.25""",,,,,,,,,,,,,,,,,,,,,,,,,,,,,,,,,,,,,,,,,,,,,,,,,,,,,,,,,,,,,,,,,,,,,,,,,,,,,,,,,,,,,,,,,,,,,,,,,,,,,
9245248,Joyce Oguama,ALABAMA,f,,,,,,,,,,,,,,,,,,,,,,,,,,,,,,,,,"62.13m 203' 10""",,,,,,,,,,,,,,,,,,,,,,,,,,,,,,,,,,,,,,,,,,,,,,,,,,,,,,,,,,,,,,,,,,,,,,,,,,,,,,,,,,,,,,,,,,,,,,,,,,,
7542360,Tara Simpson-Sullivan,RICE,,,,,,,,,,,,,,,,,,,,,,,,,,,,,,,,,,"42.16m 138' 4""","69.94m 229' 5""","22.18m 72' 9.25""",,,,,,,,,,,,,,,,,,,,,,,,,,,,,,,,,,,,,,,,,,,,,,,,,,,,,,,,,,,,,,,,,,,,,,,,,,,,,,,,,,,,,,,,,,,,,,,,,
9211045,Brady Goss,NORTH DAKOTA STATE,m,,,,,,,,14:41.25,8:46.27,25:54.3,,,,,,,,,,,,,,,,,,,,,,,,,,,,,,,,,,,,,,,,,,,,,,,,,,,,,,,,,,,,,,,,,,,,,,,,,,,,,,,,,,,,,,,,,,,,,,,,,,,,,,,,,,,,,,,,,,,,,,,,,,
8258982,Libby Hansen,MONTANA STATE,f,,,,,,,,,,,,,,,,,,,,,,,,,,,,,,,"4.15m 13' 7.25""",,,,,,,,,,,,,,,,,,,,,,,,,,,,,,,,,,,,,,,,,,,,,,,,,,,,,,,,,,,,,,,,,,,,,,,,,,,,,,,,,,,,,,,,,,,,,,,,,,,,,
8721011,Adrianna Coleman,CALIFORNIA,f,,,,,,,,,,,,,,,,,,,,,,,,,,,,,,,,,"47.83m 156' 11""","64.16m 210' 6""","20.60m 67' 7""",,,,,,,,,,,,,,,,,,,,,,,,,,,,,,,,,,,,,,,,,,,,,,,,,,,,,,,,,,,,,,,,,,,,,,,,,,,,,,,,,,,,,,,,,,,,,,,,,
8019706,Mykolas Alekna,OREGON,,,,,,,,,,,,,,,,,,,,,,,,,,,,,,,,,,"72.12m 236' 7""",,,,,,,,,,,,,,,,,,,,,,,,,,,,,,,,,,,,,,,,,,,,,,,,,,,,,,,,,,,,,,,,,,,,,,,,,,,,,,,,,,,,,,,,,,,,,,,,,,,
8709994,Ja'Kobe Tharp,AUBURN,m,,,,,,,,,,,,,,,,,20.61 (0.2),35.63,,,,,,7.32,,,,,,,,13.05 (0.1),,,,,,,,,,,,,,,,,,,,,,,,,,,,,,,,,,,,,,,,,,,,,,,,,,,,,,,,,,,,,,,,,,,,,,,,,,,,,,,,,,,,,,,,,,,,,,,,,,,,
7980281,Garrett Brown,STANFORD,,,,,,,,,,,,,2:53.66,,,7.18,11.39 (1.2),23.27,,,"40.98m 134' 5""","6.55m 21' 6""",,,8.13,,,"1.84m 6' 0.5""","11.80m 38' 8.75""",,5370,"5.57m 18' 3.25""",14.93 (0.4),,,,,,,,,,,,,,,,,,,,,,,,,,,,,,,,,,,,,,,,,,,,,,,,,,,,,,,,,,,,,,,,,,,,,,,,,,,,,,,,,,,,,,,,,,,,,,,,,,,,
9020090,Marion Jepngetich,NEW MEXICO,f,,,4:42.60,,19:27.6,,4:15.04,15:17.02,,,,,8:44.00,,,,,,,,,,,,,,,,,,,,,,,,,,,,,,,,,,,,,,,,,,,,,,,,,,,,,,,,,,,,,,,,,,,,,,,,,,,,,,,,,,,,,,,,,,,,,,,,,,,,,,,,,,,,,,,,,,,,,,,
8978532,Alysa Carrigan,PRINCETON,f,,,,,,,,,,,,,,,,,,,,,"5.87m (0.4) 19' 3.25""",,,,,,"1.83m 6' 0""",,,,,,,,,,,,,,,,,,,,,,,,,,,,,,,,,,,,,,,,,,,,,,,,,,,,,,,,,,,,,,,,,,,,,,,,,,,,,,,,,,,,,,,,,,,,,,,,,,,,,,,,,
8475863,Sydni Townsend,HOUSTON,,1:31.54,2:05.77,,,,,,,,,,3:02.19,,,,,24.75 (3.0),,52.63,,,,,8.86,14.71 (0.7),55.00,,,,,,,,,,,,,,,,,,,,,,,,,,,,,,,,,,,,,,,,,,,,,,,,,,,,,,,,,,,,,,,,,,,,,,,,,,,,,,,,,,,,,,,,,,,,,,,,,,,,,,,,,,
6995301,Robbie Springfield,KENTUCKY,,,,,,,,,,,,,,,,,,,,,,"7.71m 25' 3.5""","15.07m 49' 5.5""",,,,,,,,,,,,,,,,,,,,,,,,,,,,,,,,,,,,,,,,,,,,,,,,,,,,,,,,,,,,,,,,,,,,,,,,,,,,,,,,,,,,,,,,,,,,,,,,,,,,,,,,,,,,,,
8701624,Kashlee Dickinson,TEXAS TECH,f,,,,,,,,,,,,,,,,12.56,26.68,,,,,,,,,,"5' 0"" 1.52m",,,,"4.44m 14' 6.75""",,,,,,,,,,,,,,,,,,,,,,,,,,,,,,,,,,,,,,,,,,,,,,,,,,,,,,,,,,,,,,,,,,,,,,,,,,,,,,,,,,,,,,,,,,,,,,,,,,,,,
8327178,David Warmington,SOUTH CAROLINA,m,,,,,,,,,,,,,,,6.94,10.78 (0.9),21.93,,,,,,,7.78,,,,,,,,13.67 (1.5),,,,,,,,,,,,,,,,,,,,,,,,,,,,,,,,,,,,,,,,,,,,,,,,,,,,,,,,,,,,,,,,,,,,,,,,,,,,,,,,,,,,,,,,,,,,,,,,,,,,
8972216,Katie Mcfarland,OLE MISS,f,,,,,,,,,,,,,,,,,,,,,,,,,,,,,,,"4.15m 13' 7.25""",,,,,,,,,,,,,,,,,,,,,,,,,,,,,,,,,,,,,,,,,,,,,,,,,,,,,,,,,,,,,,,,,,,,,,,,,,,,,,,,,,,,,,,,,,,,,,,,,,,,,
9239755,Kercher Herring,ARKANSAS STATE,m,,,,,,,4:53.44,,,,,2:52.91,,,7.10,10.99 (1.7),,,50.01,"52.34m 171' 9""","7.09m (1.1) 23' 3.25""",,,8.77,,,"1.91m 6' 3.25""","12.84m 42' 1.5""",,5267,"4.93m 16' 2""",15.76 (1.2),"36.50m 119' 9""",,,7172,,,,,,,,,,,,,,,,,,,,,,,,,,,,,,,,,,,,,,,,,,,,,,,,,,,,,,,,,,,,,,,,,,,,,,,,,,,,,,,,,,,,,,,,,,,,,,,,
8323992,Andrew Berg,NORTH DAKOTA STATE,m,,,,,,,,,,,,,,,,,,,,,,"14.13m (3.3) 46' 4.25""",,,,,"2.11m 6' 11""",,,,,,,,,,,,,,,,,,,,,,,,,,,,,,,,,,,,,,,,,,,,,,,,,,,,,,,,,,,,,,,,,,,,,,,,,,,,,,,,,,,,,,,,,,,,,,,,,,,,,,,,,
7908134,Brynn Brown,NORTH CAROLINA,f,,,4:33.64,16:32.2,19:38.9,,4:13.60,15:43.09,,,,2:49.35,9:04.55,,,,,,,,,,33:13.74,,,,,,,,,,,,,,,,,,,,,,,,,,,,,,,,13:47.6,,,,,,,,,,,,,,,,,,,,,,,,,,,,,,,,,,,,,,,,,,,,,,,,,,,,,,,,,,,,,,,,,,,,,,,,,,,,,
8673229,Sandra Ferrari,WESTERN MICHIGAN,f,,,,,,,,,,,,,,,7.53,,25.55 (-0.7),,,,"6.29m (1.0) 20' 7.75""","11.64m (5.1) 38' 2.25""",,8.38,13.54 (1.9),,,,,,,,,,,,,,,,,,,,,,,,,,,,,,,,,,,,,,,,,,,,,,,,,,,,,,,,,,,,,,,,,,,,,,,,,,,,,,,,,,,,,,,,,,,,,,,,,,,,,,,,,,,
7717277,Carson Williams,FURMAN,,,1:51.55,3:55.46,14:08.3,17:52.2,,3:43.67,13:31.85,8:19.71,23:07.8,29:26.4,,7:55.87,,,,,,,,,,,,,,,,,,,,,,,,23:42.8,,,,,,,,,,,,,,,,,,,,,,,,,,,,,,,,,,,,,,,,,,,,,,,,,,,,,,,,,,,,,,,,,,,,,,,,,,,,,,,,,,,,,,,,,,,,,,,
9225633,Tyler Rogers,NORTHERN COLORADO,m,,,,,,,,,,,,,,,,10.59 (2.2),21.69 (1.8),,,,"7.72m 25' 4""",,,,,,"2.10m 6' 10.75""",,,,,,,,,,,,,,,,,,,,,,,,,,,,,,,,,,,,,,,,,,,,,,,,,,,,,,,,,,,,,,,,,,,,,,,,,,,,,,,,,,,,,,,,,,,,,,,,,,,,,,,,,
8924163,Macaela Walker,CINCINNATI,f,,,,,,,,,,,,,,,7.56,,24.71,39.11,,,,,,8.26,13.13 (0.9),55.91,,,,,,,,,,,,,,,,,,,,,,,,,,,,,,,,,,,,,,,,,,,,,,,,,,,,,,,,,,,,,,,,,,,,,,,,,,,,,,,,,,,,,,,,,,,,,,,,,,,,,,,,,,
9177946,Claire Stegall,FLORIDA,f,,2:01.07,4:25.91,,19:53.3,,4:06.47,,,,,2:41.72,,,,,,,,,,,,,,,,,,,,,,,,,,,,,,,,,,,,,,,,,,,,,,,,,,,,,,,,,,,,,,,,,,,,,,,,,,,,,,,,,,,,,,,,,,,,,,,,,,,,,,,,,,,,,,,,,,,,,,,,
8324611,Josephine Welin,WASHINGTON,f,,,4:38.86,,,,4:18.54,16:13.17,10:16.98,,,,9:15.87,,,,,,,,,,34:39.67,,,,,,,,,,,,,,,,,,,,,,,,,,,,,,,,,,,,,,,,,,,,,,,,,,,,,,,,,,,,,,,,,,,,,,,,,,,,,,,,,,,,,,,,,,,,,,,,,,,,,,,,,,,,,
9272642,Kelia Bentham,SAN DIEGO ST.,f,,,,,,,,,,,,,,,7.43,11.66 (-0.8),23.59 (2.0),,53.94,,,,,,,,,,,,,,,,,,,,,,,,,,,,,,,,,,,,,,,,,,,,,,,,,,,,,,,,,,,,,,,,,,,,,,,,,,,,,,,,,,,,,,,,,,,,,,,,,,,,,,,,,,,,,,,,,
8669761,Madison Knier,PENN,f,,2:40.03,,,,,,,,,,,,,8.37,,,,,"47.60m 156' 2""","5.32m 17' 5.5""",,,10.38,,,"1.63m 5' 4.25""","12.32m 40' 5""",3261,,,,,,,,,,,,,,,,,,,,,,,,,,,,,,,,,,,,,,,,,,,,,,,,,,,,,,,,,,,,,,,,,,,,,,,,,,,,,,,,,,,,,,,,,,,,,,,,,,,,,,,
9175582,Alan Hanna,KANSAS STATE,m,,,,,,,,,,,,,,,,,,,,,,,,,,,"2.25m 7' 4.5""",,,,,,,,,,,,,,,,,,,,,,,,,,,,,,,,,,,,,,,,,,,,,,,,,,,,,,,,,,,,,,,,,,,,,,,,,,,,,,,,,,,,,,,,,,,,,,,,,,,,,,,,,
9278131,Nieko Garnes,SOUTH ALABAMA,m,,,,,,,,,,,,,,,,,21.65 (-0.4),,47.40,,,,,8.33,,51.29,,,,,,,,,,,,,,,,,,,,,,,,,,,,,,,,,,,,,,,,,,,,,,,,,,,,,,,,,,,,,,,,,,,,,,,,,,,,,,,,,,,,,,,,,,,,,,,,,,,,,,,,,,
8321297,Matt Prebola,DUKE,m,,,,,,,,,,,,,,,,,,,,"71.01m 233' 0""",,,,,,,,,,,,,,,,,,,,,,,,,,,,,,,,,,,,,,,,,,,,,,,,,,,,,,,,,,,,,,,,,,,,,,,,,,,,,,,,,,,,,,,,,,,,,,,,,,,,,,,,,,,,,,,,
9246960,Rejoice Sule,TEXAS,f,,,,,,,,,,,,,,,7.39,11.17 (5.2),22.77 (3.7),39.07,,,,,,,,,,,,,,,,,,,,,,,,,,,,,,,,,,,,,,,,,,,,,,,,,,,,,,,,,,,,,,,,,,,,,,,,,,,,,,,,,,,,,,,,,,,,,,,,,,,,,,,,,,,,,,,,,,
9256433,Tyon Reed,FLORIDA A&M,m,1:26.82,,,,,,,,,,,,,,,,22.05 (0.1),35.33,49.83,,,,,,,51.43,,,,,,,,,,,,1:06.54,,,,,,,,,,,,,,,,,,,,,,,,,,,,,,,,,,,,,,,,,,,,,,,,,,,,,,,,,,,,,,,,,,,,,,,,,,,,,,,,,,,,,,,,,,,,,,
9260852,Lauren Kirby,MIAMI (FLA.),f,,,,,,,,,,,,,,,,,,,,,,,,,,,,"15.95m 52' 4""",,,,,"47.54m 156' 0""","52.27m 171' 6""","16.61m 54' 6""",,,,,,,,,,,,,,,,,,,,,,,,,,,,,,,,,,,,,,,,,,,,,,,,,,,,,,,,,,,,,,,,,,,,,,,,,,,,,,,,,,,,,,,,,,,,,,,,,
9014577,Sanaria Butler,ARKANSAS,f,,,,,,,,,,,,,,,,,22.92 (3.5),,49.86,,"5.75m 18' 10.5""",,,,,,,,,,,,,,,,,,,,,,,,,,,,,,,,,,,,,,,,,,,,,,,,,,,,,,,,,,,,,,,,,,,,,,,,,,,,,,,,,,,,,,,,,,,,,,,,,,,,,,,,,,,,,,,
6531718,Drake Schneider,MONTANA STATE,,,,,,,,,,,,,,,,7.05,,21.31 (2.2),,46.63,,"6.64m 21' 9.5""",,,8.41,,49.04,,,,,,14.59 (3.7),,,,,,,,,,,,,,,,,,,,,,,,,,,,,,,,,,,,,,,,,,,,,,,,,,,,,,,,,,,,,,,,,,,,,,,,,,,,,,,,,,,,,,,,,,,,,,,,,,,,
9246063,Alicia Khunou,OREGON,f,,,,,,,,,,,,,,,,,,,,,,,,,,,,"16.66m 54' 8""",,,,,"56.27m 184' 7""",,,,,,,,,,,,,,,,,,,,,,,,,,,,,,,,,,,,,,,,,,,,,,,,,,,,,,,,,,,,,,,,,,,,,,,,,,,,,,,,,,,,,,,,,,,,,,,,,,,
9237823,Khailan Vitalis,CLEMSON,m,,,,,,,,,,,,,,,,,22.37,35.03,,,,,,7.84,,,,,,,,13.59 (0.7),,,,,,,,,,,,,,,,,,,,,,,,,,,,,,,,,,,,,,,,,,,,,,,,,,,,,,,,,,,,,,,,,,,,,,,,,,,,,,,,,,,,,,,,,,,,,,,,,,,,
8984207,Ella Cooper,HARVARD,f,,,,,,,,,,,,,,,7.59,11.32 (1.3),23.00 (1.6),39.24,,,,,,,,,,,,,,,,,,,,,,,,,,,,,,,,,,,,,,,,,,,,,,,,,,,,,,,,,,,,,,,,,,,,,,,,,,,,,,,,,,,,,,,,,,,,,,,,,,,,,,,,,,,,,,,,,,
9250508,Natalia Issler,WAKE FOREST,f,,2:02.28,,,,,4:19.96,,,,,,,,,,,,56.52,,,,,,,,,,,,,,,,,,,,,,,,,,,,,,,,,,,,,,,,,,,,,,,,,,,,,,,,,,,,,,,,,,,,,,,,,,,,,,,,,,,,,,,,,,,,,,,,,,,,,,,,,,,,,,,,,
9248991,Aden Price,CHARLESTON SOUTHERN,m,,,,,,,,,,,,,,,,,20.86 (-0.4),33.30,45.67,,,,,,,,,,,,,,,,,,,,,,,,,,,,,,,,,,,,,,,,,,,,,,,,,,,,,,,,,,,,,,,,,,,,,,,,,,,,,,,,,,,,,,,,,,,,,,,,,,,,,,,,,,,,,,,,,
8331278,Joe Licata,PRINCETON,m,,,,,,,,,,,,,,,,,,,,,,,,,,,,"20.09m 65' 11""",,,,,"56.52m 185' 5""",,,,,,,,,,,,,,,,,,,,,,,,,,,,,,,,,,,,,,,,,,,,,,,,,,,,,,,,,,,,,,,,,,,,,,,,,,,,,,,,,,,,,,,,,,,,,,,,,,,
7718706,Corvell Todd,FLORIDA,,,,,,,,,,,,,,,,,,,,,,"6.62m (0.4) 21' 8.75""",,,,,,"2.29m 7' 6""",,,,,,,,,,,,,,,,,,,,,,,,,,,,,,,,,,,,,,,,,,,,,,,,,,,,,,,,,,,,,,,,,,,,,,,,,,,,,,,,,,,,,,,,,,,,,,,,,,,,,,,,,
9000471,Hannah Lowe,BAYLOR,f,,,,,,,,,,,,,,,7.32,11.38 (1.6),23.84 (0.2),,,,,,,,,,,,,,,,,,,,,,,,,,,,,,,,,,,,,,,,,,,,,,,,,,,,,,,,,,,,,,,,,,,,,,,,,,,,,,,,,,,,,,,,,,,,,,,,,,,,,,,,,,,,,,,,,,,
9014598,Amirah Sharpe,ARKANSAS,f,,,,,,,,,,,,,,,,11.98 (1.4),22.96 (3.0),,51.95,,,,,,,,,,,,,,,,,,,,,,,,,,,,,,,,,,,,,,,,,,,,,,,,,,,,,,,,,,,,,,,,,,,,,,,,,,,,,,,,,,,,,,,,,,,,,,,,,,,,,,,,,,,,,,,,,
7982341,Ashton Domingue,SAMFORD,,,,,,,,,,,,,,,,,,,,,"67.98m 223' 0""",,,,,,,,,,,,,,,,,,,,,,,,,,,,,,,,,,,,,,,,,,,,,,,,,,,,,,,,,,,,,,,,,,,,,,,,,,,,,,,,,,,,,,,,,,,,,,,,,,,,,,,,,,,,,,,,
8816848,Hayley Burns,NORTHERN ARIZONA,f,,2:03.05,4:35.77,,,,4:08.14,15:18.26,10:01.59,,,,8:48.10,,,,,,,,,,35:29.85,,,,,,,,,,,,,,,,,,,,,,,,,,,,,,,,,,,,,,,,,,,,,,,,,,,,,,,,,,,,,,,,,,,,,,,,,,,,,,,,,,,,,,,,,,,,,,,,,,,,,,,,,,,,,
8647408,Kelsey Daniel,TEXAS,m,,,,,,,,,,,,,,,6.81,,,,,,"8.21m 26' 11.25""","16.68m 54' 8.75""",,,,,,,,,,,,,,,,,,,,,,,,,,,,,,,,,,,,,,,,,,,,,,,,,,,,,,,,,,,,,,,,,,,,,,,,,,,,,,,,,,,,,,,,,,,,,,,,,,,,,,,,,,,,,,
7487909,Anthony Riley,OKLAHOMA,,,,,,,,,,,,,,,,,11.00 (2.0),,,,,"7.92m (+0.0) 26' 0""","14.59m (4.3) 47' 10.5""",,,,,,,,,,,,,,,,,,,,,,,,,,,,,,,,,,,,,,,,,,,,,,,,,,,,,,,,,,,,,,,,,,,,,,,,,,,,,,,,,,,,,,,,,,,,,,,,,,,,,,,,,,,,,,
8897525,Logan Hofstee,GONZAGA,f,,,,,19:36.6,,4:26.24,15:42.84,,,,,9:13.66,,,,,,,,,,32:21.15,,,,,,,,,,,,,,,,,,,,,,,,,,,,,,,,,,,,,,,,,,,,,,,,,,,,,,,,,,,,,,,,,,,,,,,,,,,,,,,,,,,,,,,,,,,,,,,,,,,,,,,,,,,,,
8667397,Edward Webb,BROWN,m,,,,,,,,,,,,,,,,,,,,"67.85m 222' 7""",,,,,,,,,,,,,,,,,,,,,,,,,,,,,,,,,,,,,,,,,,,,,,,,,,,,,,,,,,,,,,,,,,,,,,,,,,,,,,,,,,,,,,,,,,,,,,,,,,,,,,,,,,,,,,,,
8352185,Seth Johnson,CALIFORNIA,m,,,,,,,4:38.21,,,,,2:41.11,,,6.87,10.82 (0.4),22.09 (1.9),34.65,48.61,"57.27m 187' 11""","6.98m 22' 11""",,,7.99,,,"2.05m 6' 8.75""","12.82m 42' 0.75""",,5800,"4.60m 15' 1""",14.04 (1.2),"39.04m 128' 1""",,,7786,,,,,,,,,,,,,,,,,,,,,,,,,,,,,,,,,,,,,,,,,,,,,,,,,,,,,,,,,,,,,,,,,,,,,,,,,,,,,,,,,,,,,,,,,,,,,,,,
9020614,Laura Duckhorn,RICE,f,,2:21.62,,,,,,,,,,,,,,,25.47 (3.0),,,"43.81m 143' 9""","5.92m (3.9) 19' 5.25""",,,9.31,14.47 (2.7),,"1.55m 5' 1""","12.88m 42' 3.25""",3654,5485,,,,,,,,,,,,,,,,,,,,,,,,,,,,,,,,,,,,,,,,,,,,,,,,,,,,,,,,,,,,,,,,,,,,,,,,,,,,,,,,,,,,,,,,,,,,,,,,,,,,,,
7501493,Michaela Hawkins,COLORADO ST.,,,,,,,,,,,,,,,,,,,,,,,,,,,,,"15.91m 52' 2.5""",,,,,"61.24m 200' 11""","59.80m 196' 2""","20.91m 68' 7.25""",,,,,,,,,,,,,,,,,,,,,,,,,,,,,,,,,,,,,,,,,,,,,,,,,,,,,,,,,,,,,,,,,,,,,,,,,,,,,,,,,,,,,,,,,,,,,,,,,
9025416,Mason Louis,OHIO STATE,m,1:17.87,,,,,,,,,,,,,,,,,,45.85,,,,,,,,,,,,,,,,,,,,,,,,,,,,,,,,,,,,,,,,,,,,,,,,,,,,,,,,,,,,,,,,,,,,,,,,,,,,,,,,,,,,,,,,,,,,,,,,,,,,,,,,,,,,,,,,,
7984016,Kaden Pastian,NORTH DAKOTA STATE,m,,,,,,,,,,,,,,,,,,,,,,,,,,,,"18.82m 61' 9""",,,,,"57.73m 189' 5""","63.23m 207' 5""","20.52m 67' 4""",,,,,,,,,,,,,,,,,,,,,,,,,,,,,,,,,,,,,,,,,,,,,,,,,,,,,,,,,,,,,,,,,,,,,,,,,,,,,,,,,,,,,,,,,,,,,,,,,
8329424,Erin Wilde,MONTANA,f,,,,,,,,,,,,,,,,,,,,,,,,,,,"1.84m 6' 0.5""",,,,,,,,,,,,,,,,,,,,,,,,,,,,,,,,,,,,,,,,,,,,,,,,,,,,,,,,,,,,,,,,,,,,,,,,,,,,,,,,,,,,,,,,,,,,,,,,,,,,,,,,,
8369390,Christopher Licata,SOUTH CAROLINA,,,,,,,,,,,,,,,,,,,,,,,,,,,,,"20.51m 67' 3.5""",,,,,,,,,,,,,,,,,,,,,,,,,,,,,,,,,,,,,,,,,,,,,,,,,,,,,,,,,,,,,,,,,,,,,,,,,,,,,,,,,,,,,,,,,,,,,,,,,,,,,,,,
8986810,Kyaire Lawson,UALBANY,m,,,,,,,,,,,,,,,,,23.36,37.77,49.41,,,,,8.90,,51.47,,,,,,,,,,,,,,,,,,,,,,,,,,,,,,,,,,,,,,,,,,,,,,,,,,,,,,,,,,,,,,,,,,,,,,,,,,,,,,,,,,,,,,,,,,,,,,,,,,,,,,,,,,
8364058,Calen Jones,EAST TEXAS A&M,m,,,,,,,,,,,,,,,,,,,,,"6.46m (-1.7) 21' 2.5""",,,,,,"2.14m 7' 0.25""",,,,,,,,,,,,,,,,,,,,,,,,,,,,,,,,,,,,,,,,,,,,,,,,,,,,,,,,,,,,,,,,,,,,,,,,,,,,,,,,,,,,,,,,,,,,,,,,,,,,,,,,,
9242759,Ava Simms,UCLA,f,,,,,,,,,,,,,,,,,23.94,38.42,52.41,,,,,,,,,,,,,,,,,,,,,,,,,,,,,,,,,,,,,,,,,,,,,,,,,,,,,,,,,,,,,,,,,,,,,,,,,,,,,,,,,,,,,,,,,,,,,,,,,,,,,,,,,,,,,,,,,
8983311,Matthew Palchak,ARMY WEST POINT,m,,,,,,,,,,,,,,,,,,,,,,,,,,,,"18.18m 59' 7.75""",,,,,"48.02m 157' 6""",,"17.14m 56' 3""",,,,,,,,,,,,,,,,,,,,,,,,,,,,,,,,,,,,,,,,,,,,,,,,,,,,,,,,,,,,,,,,,,,,,,,,,,,,,,,,,,,,,,,,,,,,,,,,,
8671306,Prior Ochonogor,IOWA,m,1:19.79,1:56.75,,,,,,,,,,,,,,,21.75,,47.71,,,,,,,49.83,,,,,,,,,,,,,,,,,,,,,,,,,,,,,,,,,,,,,,,,,,,,,,,,,,,,,,,,,,,,,,,,,,,,,,,,,,,,,,,,,,,,,,,,,,,,,,,,,,,,,,,,,,
7041294,Branson Ellis,STEPHEN F. AUSTIN,,,,,,,,,,,,,,,,,,,,,,,,,,,,,,,,"5.86m 19' 2.75""",,,,,,,,,,,,,,,,,,,,,,,,,,,,,,,,,,,,,,,,,,,,,,,,,,,,,,,,,,,,,,,,,,,,,,,,,,,,,,,,,,,,,,,,,,,,,,,,,,,,,
8970339,Evander Thomas,TCU,m,,,,,,,,,,,,,,,,,21.63,,45.86,,,,,,,,,,,,,,,,,,,,,,,,,,,,,,,,,,,,,,,,,,,,,,,,,,,,,,,,,,,,,,,,,,,,,,,,,,,,,,,,,,,,,,,,,,,,,,,,,,,,,,,,,,,,,,,,,
8676206,Erin Allert,ARMY WEST POINT,f,,2:50.88,,,,,,,,,,,,,,,,,,,"5.38m 17' 8""","12.71m (4.0) 41' 8.5""",,9.88,,,"1.55m 5' 1""","8.39m 27' 6.5""",2668,,,,,,,,,,,,,,,,,,,,,,,,,,,,,,,,,,,,,,,,,,,,,,,,,,,,,,,,,,,,,,,,,,,,,,,,,,,,,,,,,,,,,,,,,,,,,,,,,,,,,,,
9280313,Michael Maiorano,UTAH STATE,m,,1:56.50,4:08.73,,18:51.0,,3:52.50,14:01.42,8:52.13,23:49.9,29:51.2,,8:04.50,,,,,,,,,,29:34.85,,,,,,,,,,,,,,,,,,,,,20:41.0,,,,,,,,,,,,,,,,,,,,,,,,,,,,,,,,,,,,,,,21:12.5,,,,,,,,,,,,,,,,,,,,,,,,,,,,,,,,,,,,,,,,,,,,,,,,,
7975783,Anthony Barmes,MINNESOTA,m,,,,,,,,,,,,,,,,,,,,,,,,,,,,,,,,,,"72.66m 238' 5""","21.12m 69' 3.5""",,,,,,,,,,,,,,,,,,,,,,,,,,,,,,,,,,,,,,,,,,,,,,,,,,,,,,,,,,,,,,,,,,,,,,,,,,,,,,,,,,,,,,,,,,,,,,,,,
8357407,Sam Hala'Ufia,ARIZONA,m,,,,,,,,,,,,,,,,,,,,,,,,,,,,"19.26m 63' 2.25""",,,,,"58.33m 191' 4""",,"18.02m 59' 1.5""",,,,,,,,,,,,,,,,,,,,,,,,,,,,,,,,,,,,,,,,,,,,,,,,,,,,,,,,,,,,,,,,,,,,,,,,,,,,,,,,,,,,,,,,,,,,,,,,,
7974891,Josh Bour,TEXAS TECH,m,,,,,,,,,,,,,,,6.66,10.16 (2.7),20.10 (3.8),,46.64,,,,,,,,,,,,,,,,,,,,,,,,,,,,,,,,,,,,,,,,,,,,,,,,,,,,,,,,,,,,,,,,,,,,,,,,,,,,,,,,,,,,,,,,,,,,,,,,,,,,,,,,,,,,,,,,,
9294700,Bradley Giblin,EASTERN KENTUCKY,m,,1:49.04,3:56.29,,,,3:37.12,13:41.41,,,,,7:50.90,,,,,,,,,,,,,,,,,,,,,,,,,,,,,,,,,,,,,,,,,,,,,,,,,,,,,,,,,,,,,,,,,,,,,,,,,,,,,,,,,,,,,,,,,,,,,,,,,,,,,,,,,,,,,,,,,,,,,,,
7028122,James Joycey,NORTH CAROLINA,,,,,,,,,,,,,,,,,,,,,,,,,,,,,"15.70m 51' 6.25""",,,,,,"69.29m 227' 4""","21.18m 69' 6""",,,,,,,,,,,,,,,,,,,,,,,,,,,,,,,,,,,,,,,,,,,,,,,,,,,,,,,,,,,,,,,,,,,,,,,,,,,,,,,,,,,,,,,,,,,,,,,,,
8318416,Quentin Peterson,GARDNER-WEBB,m,,,,,,,,,,,,,,,,,,,,,,,,,,,,"20.10m 65' 11.5""",,,,,"60.30m 197' 10""","62.50m 205' 1""","20.00m 65' 7.5""",,,,,,,,,,,,,,,,,,,,,,,,,,,,,,,,,,,,,,,,,,,,,,,,,,,,,,,,,,,,,,,,,,,,,,,,,,,,,,,,,,,,,,,,,,,,,,,,,
9280743,Cheyne West,EAST TEXAS A&M,m,,,,,,,,,,,,,,,,,21.30 (4.0),,48.87,,,,,7.91,,50.32,,,,,,13.83 (1.7),,,,,,,,,,,,,,,,,,,,,,,,,,,,,,,,,,,,,,,,,,,,,,,,,,,,,,,,,,,,,,,,,,,,,,,,,,,,,,,,,,,,,,,,,,,,,,,,,,,,
8369555,Madyson Wilson,VANDERBILT,f,1:29.94,2:11.87,,,,,,,,,,,,,,,25.12,39.85,52.99,,,,,8.98,,56.42,,,,,,,,,,,,,,,,,,,,,,,,,,,,,,,,,,,,,,,,,,,,,,,,,,,,,,,,,,,,,,,,,,,,,,,,,,,,,,,,,,,,,,,,,,,,,,,,,,,,,,,,,,
7983950,Steven Mcelroy,ARKANSAS,m,,,,,,,,,,,,,,,6.78,10.75 (1.7),20.53 (2.2),33.24,45.50,,,,,,,,,,,,,,,,,,,,,,,,,,,,,,,,,,,,,,,,,,,,,,,,,,,,,,,,,,,,,,,,,,,,,,,,,,,,,,,,,,,,,,,,,,,,,,,,,,,,,,,,,,,,,,,,,
9237566,Quinton Godfrey,DUKE,m,,,,,,,,,,,,,,,,,21.28 (0.9),34.29,46.69,,,,,,,,,,,,,,,,,,,1:07.66,,,,,,,,,,,,,,,,,,,,,,,,,,,,,,,,,,,,,,,,,,,,,,,,,,,,,,,,,,,,,,,,,,,,,,,,,,,,,,,,,,,,,,,,,,,,,,
9246999,Bailey Hashmi,BAYLOR,m,,,,,,,,,,,,,,,6.68,10.30 (1.5),20.72 (0.9),,,,,,,,,,,,,,,,,,,,,,,,,,,,,,,,,,,,,,,,,,,,,,,,,,,,,,,,,,,,,,,,,,,,,,,,,,,,,,,,,,,,,,,,,,,,,,,,,,,,,,,,,,,,,,,,,,,
6588923,Madison Wiltrout,NORTH CAROLINA,,,,,,,,,,,,,,,,,,,,,"60.03m 196' 11""",,,,,,,,,,,,,,,,,,,,,,,,,,,,,,,,,,,,,,,,,,,,,,,,,,,,,,,,,,,,,,,,,,,,,,,,,,,,,,,,,,,,,,,,,,,,,,,,,,,,,,,,,,,,,,,,
8268860,Carver Morgan,AMERICAN,m,,1:46.85,4:06.33,,18:16.6,,3:44.05,,,24:05.4,31:17.9,2:26.36,8:11.95,,,,,,,,,,,,,,,,,,,,,,,,,1:06.24,,,,,,,,,,,,,,25:49.7,,,,,,,,,,,,,,,,,,,,,,,,,,,,,,,,,,,,,,,,,26:07.0,26:32.3,,,,,,,,,,,,,,,,,,,,,,,,,,,,,,,,,,,,,,
7929852,Izzy Thornton-Bott,OREGON,,,2:04.36,4:32.69,,19:26.6,,4:08.64,16:42.69,,,,,9:13.70,,,,,,,,,,35:03.30,,,,,,,,,,,,,,,,,,,,,,,,,,,,,,,,,,,,,,,,,,,,,,,,,,,,,,,,,,,,,,,,,,,,,,,,,,,,,,,,,,,,,,,,,,,,,,,,,,,,,,,,,,,,,
8601784,Megan Roberts,TEXAS A&M,f,,,4:47.26,17:25.0,20:02.7,,4:26.17,15:50.29,,,,,9:17.14,10:46.7,,,,,,,,,32:57.74,,,,,,,,,,,,,,,,,,,,,,,,,,,,,,,,,,,,,,,,,,,,,,,,,,,,,,,,,,,,,,,,,,,,,,,,,,,,,,,,,,,,,,,,,,,,,,,,,,,,,,,,,,,,,
8331844,Tamiah Washington,TEXAS TECH,f,,,,,,,,,,,,,,,,,,,,,"6.38m (2.9) 20' 11.25""","13.73m (1.2) 45' 0.5""",,,,,,,,,,,,,,,,,,,,,,,,,,,,,,,,,,,,,,,,,,,,,,,,,,,,,,,,,,,,,,,,,,,,,,,,,,,,,,,,,,,,,,,,,,,,,,,,,,,,,,,,,,,,,,
7483726,Chris Van Niekerk,HIGH POINT,,,,,,,,,,,,,,,,,,,,,"59.93m 196' 7""",,,,,,,,"19.12m 62' 8.75""",,,,,"59.57m 195' 5""","49.85m 163' 6""","17.42m 57' 2""",,,,,,,,,,,,,,,,,,,,,,,,,,,,,,,,,,,,,,,,,,,,,,,,,,,,,,,,,,,,,,,,,,,,,,,,,,,,,,,,,,,,,,,,,,,,,,,,,
8982900,Holly Okuku,TEXAS,f,,,,,,,,,,,,,,,,11.35 (3.1),22.85 (-1.0),38.79,53.92,,,,,,,,,,,,,,,,,,,,,,,,,,,,,,,,,,,,,,,,,,,,,,,,,,,,,,,,,,,,,,,,,,,,,,,,,,,,,,,,,,,,,,,,,,,,,,,,,,,,,,,,,,,,,,,,,
9265579,Dior Williams,UT-RIO GRANDE VALLEY,f,,,,,,,,,,,,,,,,,24.59 (2.5),,,,,,,8.45,13.28 (2.7),,,,,,,,,,,,,,,,,,,,,,,,,,,,,,,,,,,,,,,,,,,,,,,,,,,,,,,,,,,,,,,,,,,,,,,,,,,,,,,,,,,,,,,,,,,,,,,,,,,,,,,,,,,
8710074,Akerah Jones,KENNESAW STATE,f,,,,,,,,,,,,,,,7.88,,24.86 (1.2),,,,,,,8.41,13.49 (2.0),1:04.25,,,,,,,,,,,,,,,,,,,,,,,,,,,,,,,,,,,,,,,,,,,,,,,,,,,,,,,,,,,,,,,,,,,,,,,,,,,,,,,,,,,,,,,,,,,,,,,,,,,,,,,,,,
8708917,La'Darion Dudley,NORTHWESTERN ST.,m,,,,,,,,,,,,,,,,,,,,,,,,,,,,"17.79m 58' 4.5""",,,,,"37.64m 123' 6""","33.88m 111' 2""","14.83m 48' 8""",,,,,,,,,,,,,,,,,,,,,,,,,,,,,,,,,,,,,,,,,,,,,,,,,,,,,,,,,,,,,,,,,,,,,,,,,,,,,,,,,,,,,,,,,,,,,,,,,
9250772,Nyariek Kur,UTSA,f,,,,,,,,,,,,,,,,,,,,,"6.20m (0.8) 20' 4.25""","13.09m (3.7) 42' 11.5""",,,,,"1.73m 5' 8""",,,,,,,,,,,,,,,,,,,,,,,,,,,,,,,,,,,,,,,,,,,,,,,,,,,,,,,,,,,,,,,,,,,,,,,,,,,,,,,,,,,,,,,,,,,,,,,,,,,,,,,,,
8984092,Harlow Tong,HARVARD,m,,,,,,,,,,,,,,,6.85,10.69 (1.4),20.89 (3.0),33.07,45.70,,,,,,,,,,,,,,,,,,,,,,,,,,,,,,,,,,,,,,,,,,,,,,,,,,,,,,,,,,,,,,,,,,,,,,,,,,,,,,,,,,,,,,,,,,,,,,,,,,,,,,,,,,,,,,,,,
8694346,Yan Vazquez,ARIZONA,m,1:20.64,2:06.96,,,,,,,,,,,,,,,21.99,34.24,47.64,,,,,8.14,,49.85,,,,,,,,,,,,,,,1:10.83,,,,,,,,,,,,,,,,,,,,,,,,,,,,,,,,,,,,,,,,,,,,,,,,,,,,,,,,,,,,,,,,,,,,,,,,,,,,,,,,,,,,,,,,,,,
7731611,Rachel Glenn,ARKANSAS,,,,,,,,,,,,,,,,,,23.03,,,,"4.47m 14' 8""",,,8.10,13.36 (2.1),54.02,"2.00m 6' 6.75""",,,,,,,,,,,,,,,,,,,,,,,,,,,,,,,,,,,,,,,,,,,,,,,,,,,,,,,,,,,,,,,,,,,,,,,,,,,,,,,,,,,,,,,,,,,,,,,,,,,,,,,,,
9282007,Nancy Cherop,CLEMSON,f,,,4:32.92,,,,4:11.81,15:21.11,,,,,8:51.10,,,,,,,,,,,,,,,,,,,,,,,,,,,,,,,,,,,,,,,,,,,,,,,,,,,,,,,,,,,,,,,,,,,,,,,,,,,,,,,,,,,,,,,,,,,,,,,,,,,,,,,,,,,,,,,,,,,,,,,
8013126,Hafez Mahadi,OKLAHOMA STATE,m,1:17.12,1:45.69,,,,,3:54.18,,,,,2:23.20,,,,,,,47.58,,,,,,,,,,,,,,,,,,,,,,,,,,,,,,,,,,,,,,,,,,,,,,,,,,,,,,,,,,,,,,,,,,,,,,,,,,,,,,,,,,,,,,,,,,,,,,,,,,,,,,,,,,,,,,,,,
8714172,Floyd Whitaker,OKLAHOMA,m,,,,,,,,,,,,,,,,,,,,,"7.08m (0.5) 23' 2.75""","16.44m 53' 11.25""",,,,,,,,,,15.48 (-1.4),,,,,,,,,,,,,,,,,,,,,,,,,,,,,,,,,,,,,,,,,,,,,,,,,,,,,,,,,,,,,,,,,,,,,,,,,,,,,,,,,,,,,,,,,,,,,,,,,,,,
9249800,Ade Lloyd,CINCINNATI,m,,,,,,,,,,,,,,,6.93,10.42 (3.5),21.04,32.93,45.43,,,,,,,,,,,,,,,,,,,,,,,,,,,,,,,,,,,,,,,,,,,,,,,,,,,,,,,,,,,,,,,,,,,,,,,,,,,,,,,,,,,,,,,,,,,,,,,,,,,,,,,,,,,,,,,,,
9108509,Kristen Jay,KENT STATE,f,,,,,,,,,,,,,,,,,,,,"51.28m 168' 3""",,,,,,,,,,,,,,"50.96m 167' 2""","15.96m 52' 4.5""",,,,,,,,,,,,,,,,,,,,,,,,,,,,,,,,,,,,,,,,,,,,,,,,,,,,,,,,,,,,,,,,,,,,,,,,,,,,,,,,,,,,,,,,,,,,,,,,,
7994391,Jack Rosner,ST. THOMAS (MINN.),m,,,,,,,4:31.34,,,,,2:42.87,,,7.05,10.57 (5.8),22.40,,48.35,"56.80m 186' 4""","7.05m (-0.6) 23' 1.75""",,,7.95,,52.00,"1.86m 6' 1.25""","13.71m 44' 11.75""",,5312,"4.85m 15' 11""",14.01 (1.8),"41.79m 137' 1""",,,7661,,,,,,,,,,,,,,,,,,,,,,,,,,,,,,,,,,,,,,,,,,,,,,,,,,,,,,,,,,,,,,,,,,,,,,,,,,,,,,,,,,,,,,,,,,,,,,,,
8321686,Mike Stein,IOWA,,,,,,,,,,,,,,,,,,,,,"81.19m 266' 4""",,,,,,,,,,,,,,,,,,,,,,,,,,,,,,,,,,,,,,,,,,,,,,,,,,,,,,,,,,,,,,,,,,,,,,,,,,,,,,,,,,,,,,,,,,,,,,,,,,,,,,,,,,,,,,,,
8621220,Shane Cohen,VIRGINIA,,,1:44.97,,,19:53.7,,3:47.34,,,24:54.1,32:03.3,,,,,,22.28 (0.2),,48.27,,,,,,,,,,,,,,,,,,,,,,,,,,,,,,,,,,,,,,,,,,,,,,,,,,,,,,,,,,,,,,,,,,,,,,,,,,,,,,,,,,,,,,,,,,,,,,23:51.7,26:37.6,,,,,,,,,,,,,,,,,,
9189999,Judy Chepkoech,FLORIDA,f,,,,,19:01.8,,,15:12.57,,,,,8:59.30,,,,,,,,,,32:04.01,,,,,,,,,,,,,,,,,,,,,,,,,,,,,,,,,,,,,,,,,,,,,,,,,,,,,,,,,,,,,,,,,,,,,,,,,,,,,,,,,,,,,,,,,,,,,,,,,,,,,,,,,,,,,
8895735,Ajani Dwyer,PENN STATE,m,,,,,,,,,,,,,,,6.52,9.93 (5.6),20.42 (4.3),,,,,,,,,,,,,,,,,,,,,,,,,,,,,,,,,,,,,,,,,,,,,,,,,,,,,,,,,,,,,,,,,,,,,,,,,,,,,,,,,,,,,,,,,,,,,,,,,,,,,,,,,,,,,,,,,,,
8671081,Rochele Solmon,HAMPTON,f,,,,,,,,,,,,,,,,,,,,,,,,,,,,"15.30m 50' 2.5""",,,,,"52.79m 173' 2""",,"12.13m 39' 9.75""",,,,,,,,,,,,,,,,,,,,,,,,,,,,,,,,,,,,,,,,,,,,,,,,,,,,,,,,,,,,,,,,,,,,,,,,,,,,,,,,,,,,,,,,,,,,,,,,,
8895220,Collins Kiprop Kipngok,KENTUCKY,m,,,3:59.71,,,,3:42.63,13:58.61,8:22.67,23:19.4,29:51.3,,7:50.83,,,,,,,,,,,,,,,,,,,,,,,,,,,,,,,,,,,,,,,,,,,,,,,,,,,,,,,,,,,,,,,,,,,,,,,,,,,,,,,,,,,,,,,,,,,,,,,,,,,,,,,,,,,,,,,,,,,,,,,
8682103,Nakhi Benjamin,N. CAROLINA A&T,m,,,,,,,,,,,,,,,6.79,10.89 (1.5),20.69 (1.4),33.51,,,,,,,,,,,,,,,,,,,,,,,,,,,,,,,,,,,,,,,,,,,,,,,,,,,,,,,,,,,,,,,,,,,,,,,,,,,,,,,,,,,,,,,,,,,,,,,,,,,,,,,,,,,,,,,,,,
8995142,Taylor Jackson,HOUSTON,f,,,,,,,,,,,,,,,7.44,11.52 (0.8),23.52 (2.4),,,,,,,,,,,,,,,,,,,,,,,,,,,,,,,,,,,,,,,,,,,,,,,,,,,,,,,,,,,,,,,,,,,,,,,,,,,,,,,,,,,,,,,,,,,,,,,,,,,,,,,,,,,,,,,,,,,
7905593,Emily Venters,UTAH,,,,,17:11.9,19:16.7,,4:24.33,15:20.37,,,,,8:58.50,,,,,,,,,,31:48.35,,,,,,,,,,,,,,,,,,,,,,,,,,,,,,,,,,,,,,,,,,,,,,,,,,,,,,,,,,,,,,,,,,,,,,,,,,,,,,,,,,,,,,,,,,,,,,,,,,,,,,,,,,,,,
8667856,Judd Armstrong,NC STATE,m,,,,,,,,,,,,,,,,,,,,,,,,,,,"2.11m 6' 11""",,,,,,,,,,,,,,,,,,,,,,,,,,,,,,,,,,,,,,,,,,,,,,,,,,,,,,,,,,,,,,,,,,,,,,,,,,,,,,,,,,,,,,,,,,,,,,,,,,,,,,,,,
8005699,Ana Da Silva,GEORGIA,,,,,,,,,,,,,,,,,,,,,,,,,,,,,"18.46m 60' 6.75""",,,,,,"64.60m 211' 11""","18.21m 59' 9""",,,,,,,,,,,,,,,,,,,,,,,,,,,,,,,,,,,,,,,,,,,,,,,,,,,,,,,,,,,,,,,,,,,,,,,,,,,,,,,,,,,,,,,,,,,,,,,,,
6904283,Finley Mclear,IOWA STATE,,1:18.16,1:45.66,4:24.85,,,,3:43.45,,,25:12.0,,,,,,,,,,,,,,,,,,,,,,,,,,,,,,,,,,,,,,,,,,,,,,,,,,,,,,,,,,,,,,,,,,,,,,,,,,,,,,,,,,,,,,,,,,,,,,,,,,,,,,,,,,,,,,,,,,,,,,,,,,
8362088,Khybah Dawson,TEXAS A&M,m,,,,,,,,,,,,,,,6.99,10.62 (3.2),21.23 (5.4),,,,"7.93m (1.5) 26' 0.25""",,,,,,"1.76m 5' 9.25""",,,,,,,,,,,,,,,,,,,,,,,,,,,,,,,,,,,,,,,,,,,,,,,,,,,,,,,,,,,,,,,,,,,,,,,,,,,,,,,,,,,,,,,,,,,,,,,,,,,,,,,,,
7493771,Mallory Kauffman,PENN STATE,,,,,,,,,,,,,,,,,,,,,,,,,,,,,"18.00m 59' 0.75""",,,,,"53.04m 174' 0""",,"16.45m 53' 11.75""",,,,,,,,,,,,,,,,,,,,,,,,,,,,,,,,,,,,,,,,,,,,,,,,,,,,,,,,,,,,,,,,,,,,,,,,,,,,,,,,,,,,,,,,,,,,,,,,,
7725310,Alencar Pereira,GEORGIA,,,,,,,,,,,,,,,,,,,,,,,,,,,,,,,,,,,"72.85m 239' 0""","21.89m 71' 10""",,,,,,,,,,,,,,,,,,,,,,,,,,,,,,,,,,,,,,,,,,,,,,,,,,,,,,,,,,,,,,,,,,,,,,,,,,,,,,,,,,,,,,,,,,,,,,,,,
7687405,Jasmine Jones,USC,,,,,,,,,,,,,,,,7.32,,23.81,,,,"6.10m (1.4) 20' 0.25""",,,7.77,12.58 (3.1),53.87,,,,,,,,,,,,,,,,,,,,,,,,,,,,,,,,,,,,,,,,,,,,,,,,,,,,,,,,,,,,,,,,,,,,,,,,,,,,,,,,,,,,,,,,,,,,,,,,,,,,,,,,,,
7982880,Tal Hamel,CHARLOTTE,m,,,,,,,,,,,,,,,6.80,10.63 (-0.9),20.72 (0.4),33.99,46.48,,,,,,,,,,,,,,,,,,,,,,,,,,,,,,,,,,,,,,,,,,,,,,,,,,,,,,,,,,,,,,,,,,,,,,,,,,,,,,,,,,,,,,,,,,,,,,,,,,,,,,,,,,,,,,,,,
8997256,Alivia Williams,IOWA,f,,,,,,,,,,,,,,,,,22.90 (4.6),37.74,52.67,,,,,,,,,,,,,,,,,,,,,,,,,,,,,,,,,,,,,,,,,,,,,,,,,,,,,,,,,,,,,,,,,,,,,,,,,,,,,,,,,,,,,,,,,,,,,,,,,,,,,,,,,,,,,,,,,
8581453,Charity Hufnagel,KENTUCKY,,,2:16.73,,,,,,,,,,,,,,,24.54 (2.2),,,"36.74m 120' 6""","5.96m (0.9) 19' 6.75""",,,8.67,13.74 (1.1),,"1.93m 6' 4""","13.43m 44' 0.75""",4315,5914,,,,,,,,,,,,,,,,,,,,,,,,,,,,,,,,,,,,,,,,,,,,,,,,,,,,,,,,,,,,,,,,,,,,,,,,,,,,,,,,,,,,,,,,,,,,,,,,,,,,,,
9277513,Liisa-Maria Lusti,OREGON,f,,2:20.38,,,,,,,,,,,,,,,23.67 (2.1),,,"41.05m 134' 8""","6.63m 21' 9""",,,8.45,13.58 (0.3),,"1.81m 5' 11.25""","11.81m 38' 9""",4498,5917,,,,,,,,,,,,,,,,,,,,,,,,,,,,,,,,,,,,,,,,,,,,,,,,,,,,,,,,,,,,,,,,,,,,,,,,,,,,,,,,,,,,,,,,,,,,,,,,,,,,,,
9011108,Silas Kiptanui,TULANE,m,,,,14:27.0,,,3:50.45,13:38.75,8:18.09,23:22.7,29:11.2,,8:02.96,,,,,,,,,,,,,,,,,,,,,,,,,,,,,,,,,,,,,,,,,,,,,,,,,,,,,,,,,,,,,,,,,,,,,,,,,,,,,,,,,,,,,,,,,,,,,,,,,,,,,,,,,,,,,,,,,,,,,,,
7721646,Shaun Maswanganyi,HOUSTON,,,,,,,,,,,,,,,,6.54,9.87 (3.8),19.93 (3.3),,49.99,,"7.52m 24' 8.25""",,,,,,,,,,,,,,,,,,,,,,,,,,,,,,,,,,,,,,,,,,,,,,,,,,,,,,,,,,,,,,,,,,,,,,,,,,,,,,,,,,,,,,,,,,,,,,,,,,,,,,,,,,,,,,,
9278609,Abisayo Gbakino,UT-ARLINGTON,m,,,,,,,,,,,,,,,,,,,,,"7.01m (1.9) 23' 0""","15.51m (2.5) 50' 10.75""",,,,,,,,,,,,,,,,,,,,,,,,,,,,,,,,,,,,,,,,,,,,,,,,,,,,,,,,,,,,,,,,,,,,,,,,,,,,,,,,,,,,,,,,,,,,,,,,,,,,,,,,,,,,,,
7722969,Jadyn Mays,OREGON,,,,,,,,,,,,,,,,7.07,10.83 (2.3),22.13 (2.7),37.24,,,,,,,,,,,,,,,,,,,,,,,,,,,,,,,,,,,,,,,,,,,,,,,,,,,,,,,,,,,,,,,,,,,,,,,,,,,,,,,,,,,,,,,,,,,,,,,,,,,,,,,,,,,,,,,,,,
8323592,Amani Sharif,AUSTIN PEAY,f,1:51.46,2:32.36,,,,,,,,,,,,,,,24.19 (1.4),,1:00.82,"27.66m 90' 9""","6.22m 20' 5""",,,8.56,14.28 (1.7),1:10.51,"1.65m 5' 5""","10.25m 33' 7.5""",3578,,,,,,,,,,,,,,,,,,,,,8.52,,,,,,,,,,,,,,,,,,,,,,,,,,,,,,,,,,,,,,,,,,,,,,,,,,,,,,,,,,,,,,,,,,,,,,,,,,,,,,,,,,
9245177,Jonathan Hopkins,CHARLOTTE,m,,,,,,,,,,,,,,,,,,,,,,,,,,,,,,,"5.32m 17' 5.5""",,,,,,,,,,,,,,,,,,,,,,,,,,,,,,,,,,,,,,,,,,,,,,,,,,,,,,,,,,,,,,,,,,,,,,,,,,,,,,,,,,,,,,,,,,,,,,,,,,,,,
9270239,Daisha Shular,EAST CAROLINA,f,,,,,,,,,,,,,,,7.55,11.33 (5.1),,,,,,,,,,,,,,,,,,,,,,,,,,,,,,,,,,,,,,,,,,,,,,,,,,,,,,,,,,,,,,,,,,,,,,,,,,,,,,,,,,,,,,,,,,,,,,,,,,,,,,,,,,,,,,,,,,,,
9163010,Nickson Kogei,CINCINNATI,m,,,,14:30.2,,,,13:40.01,,22:39.4,28:52.2,,8:03.75,,,,,,,,,,27:56.68,,,,,,,,,,,,,,,,,,,,,,,,,,,,,,,,,,,,,,,,,,,,,,,,,,,,,,,,,,,,,,,,,,,,,,,,,,,,,,,,,,,,,,,,,,,,,,,,,,,,,,,,,,,,,
7540432,Skyler Magula,CALIFORNIA,,,,,,,,,,,,,,,,,,,,,,,,,,,,,,,,"5.55m 18' 2.5""",,,,,,,,,,,,,,,,,,,,,,,,,,,,,,,,,,,,,,,,,,,,,,,,,,,,,,,,,,,,,,,,,,,,,,,,,,,,,,,,,,,,,,,,,,,,,,,,,,,,,
8600204,Kenton George,SC STATE,m,,,,,22:20.7,,4:25.43,,,29:10.2,,2:42.74,,,7.28,11.28 (2.6),,,52.04,"47.58m 156' 1""","6.46m (-0.8) 21' 2.5""",,,8.83,,,"1.95m 6' 4.75""","12.48m 40' 11.5""",,4832,"4.26m 13' 11.75""",15.60 (4.9),"35.51m 116' 6""",,,6833,,,,,,,,,,,,,,,,,,,,,,,,,,,,,,,,,,,,,,,,,,,,,,,,,,,,,,,,,,,,,,,,,,,,,,,,,,,,,,,23:13.1,,,,,,,,,,,,,,,,,
8324607,Saydi Orange,WASHINGTON,f,,,,,,,,,,,,,,,,,,,,"53.51m 175' 7""",,,,,,,,,,,,,,,,,,,,,,,,,,,,,,,,,,,,,,,,,,,,,,,,,,,,,,,,,,,,,,,,,,,,,,,,,,,,,,,,,,,,,,,,,,,,,,,,,,,,,,,,,,,,,,,,
9234464,Miles Lipka,RHODE ISLAND,m,,,,,,,4:30.49,,,,,2:47.51,,,7.48,11.57 (3.1),,,51.62,"58.52m 192' 0""","6.72m 22' 0.75""",,,8.49,,,"1.97m 6' 5.5""","13.60m 44' 7.5""",,5235,"4.48m 14' 8.25""",15.27 (+0.0),"38.86m 127' 6""",,,7126,,,,,,,,,,,,,,,,,,,,,,,,,,,,,,,,,,,,,,,,,,,,,,,,,,,,,,,,,,,,,,,,,,,,,,,,,,,,,,,,,,,,,,,,,,,,,,,,
8333592,Chance Cross,KENNESAW STATE,m,,,,,,,,,,,,,,,6.54,10.01 (3.8),20.58 (2.4),35.33,47.83,,,,,,,,"2.03m 6' 7.75""",,,,,,,,,,,,,,,,,,,,,,,,,,,,,,,,,,,,,,,,,,,,,,,,,,,,,,,,,,,,,,,,,,,,,,,,,,,,,,,,,,,,,,,,,,,,,,,,,,,,,,,,,
9196416,Pol Molins,ILLINOIS,m,,1:48.82,3:58.89,,,,3:39.26,,,24:33.0,32:40.3,2:23.70,8:05.00,,,,,,,,,,,,,,,,,,,,,,,,,,,,,,,,,,,,,,,,,,,,,,,,,,,,,,,,,,,,,,,,,,,,,,,,,,,,,,,,,,,,,,,,,,,,,,,,,,,,,,,,,,,,,,,,,,,,,,,
8320214,Devin Nugent,AUBURN,m,1:17.78,1:53.00,,,,,,,,,,,,,6.99,,21.61,33.65,47.03,,,,,,,48.90,,,,,,,,,,,,,,,,,,,,,,,,,,,,,,,,,,,,,,,,,,,,,,,,,,,,,,,,,,,,,,,,,,,,,,,,,,,,,,,,,,,,,,,,,,,,,,,,,,,,,,,,,,
8671717,Erica Ellis,KANSAS,,,,,,,,,,,,,,,,,,,,,,,,,,,,,,,,"4.50m 14' 9""",,,,,,,,,,,,,,,,,,,,,,,,,,,,,,,,,,,,,,,,,,,,,,,,,,,,,,,,,,,,,,,,,,,,,,,,,,,,,,,,,,,,,,,,,,,,,,,,,,,,,
9258315,Cara Salsberry,TULANE,f,,,,,,,,,,,,,,,,,,,,,,,,,,,,"12.93m 42' 5.25""",,,,,"51.75m 169' 9""","59.79m 196' 2""","19.08m 62' 7.25""",,,,,,,,,,,,,,,,,,,,,,,,,,,,,,,,,,,,,,,,,,,,,,,,,,,,,,,,,,,,,,,,,,,,,,,,,,,,,,,,,,,,,,,,,,,,,,,,,
7718696,Kade Mccall,KANSAS STATE,,,,,,,,,,,,,,,,,,,,,,,,,,,,,"13.30m 43' 7.75""",,,,,"43.42m 142' 5""","72.55m 238' 0""","22.70m 74' 5.75""",,,,,,,,,,,,,,,,,,,,,,,,,,,,,,,,,,,,,,,,,,,,,,,,,,,,,,,,,,,,,,,,,,,,,,,,,,,,,,,,,,,,,,,,,,,,,,,,,
8698826,Cordell Nwokeji,HOUSTON,m,,,,,,,,,,,,,,,,,,,,,,,,,,,,"19.77m 64' 10.5""",,,,,"52.38m 171' 10""",,,,,,,,,,,,,,,,,,,,,,,,,,,,,,,,,,,,,,,,,,,,,,,,,,,,,,,,,,,,,,,,,,,,,,,,,,,,,,,,,,,,,,,,,,,,,,,,,,,
7981804,Ryker Brown,MAINE,m,,,,,,,,,,,,,,,,,,,,,,,,,,,,"18.05m 59' 2.75""",,,,,"47.96m 157' 4""","59.54m 195' 4""","19.28m 63' 3.25""",,,,,,,,,,,,,,,,,,,,,,,,,,,,,,,,,,,,,,,,,,,,,,,,,,,,,,,,,,,,,,,,,,,,,,,,,,,,,,,,,,,,,,,,,,,,,,,,,
8996715,Zach Lewis,UC SAN DIEGO,m,,,,,,,,,,,,,,,,,,,,,,,,,,,,"18.14m 59' 6.25""",,,,,"56.65m 185' 10""",,,,,,,,,,,,,,,,,,,,,,,,,,,,,,,,,,,,,,,,,,,,,,,,,,,,,,,,,,,,,,,,,,,,,,,,,,,,,,,,,,,,,,,,,,,,,,,,,,,
8235499,Kenna Stimmel,VIRGINIA TECH,,,,,,,,,,,,,,,,,12.83 (-0.9),,,,,,,,,,,,,,,"4.45m 14' 7.25""",,,,,,,,,,,,,,,,,,,,,,,,,,,,,,,,,,,,,,,,,,,,,,,,,,,,,,,,,,,,,,,,,,,,,,,,,,,,,,,,,,,,,,,,,,,,,,,,,,,,,
9263252,Vasiliki Samolada,WISCONSIN,f,,,,,,,,,,,,,,,,,,,,,,,,,,,,,,,,,"51.81m 170' 0""",,,,,,,,,,,,,,,,,,,,,,,,,,,,,,,,,,,,,,,,,,,,,,,,,,,,,,,,,,,,,,,,,,,,,,,,,,,,,,,,,,,,,,,,,,,,,,,,,,,
8647432,Aaliyah Foster,KANSAS STATE,,,,,,,,,,,,,,,,7.57,,25.05,40.87,,,"6.75m (4.7) 22' 1.75""",,,,,,,,,,,,,,,,,,,,,,,,,,,,,,,,,,,,,,,,,,,,,,,,,,,,,,,,,,,,,,,,,,,,,,,,,,,,,,,,,,,,,,,,,,,,,,,,,,,,,,,,,,,,,,,
8672793,Sofie Groeninger,TULANE,f,,2:26.77,,,,,,,,,,,,,8.37,,26.33 (0.2),,,"39.04m 128' 1""","5.83m 19' 1.5""",,,9.00,14.37 (1.9),,"1.62m 5' 3.75""","14.20m 46' 7.25""",3886,5264,,,,,,,,,,,,,,,,,,,,,,,,,,,,,,,,,,,,,,,,,,,,,,,,,,,,,,,,,,,,,,,,,,,,,,,,,,,,,,,,,,,,,,,,,,,,,,,,,,,,,,
8316074,Ryan John,NC STATE,m,,,,,,,,,,,,,,,,,22.20 (0.3),,,,"7.13m (0.4) 23' 4.75""","16.01m (1.9) 52' 6.5""",,,,,,,,,,,,,,,,,,,,,,,,,,,,,,,,,,,,,,,,,,,,,,,,,,,,,,,,,,,,,,,,,,,,,,,,,,,,,,,,,,,,,,,,,,,,,,,,,,,,,,,,,,,,,,
9012860,Mariana Van Dyk,ABILENE CHRISTIAN,f,,,,,,,,,,,,,,,,,,,,,,,,,,,,"15.45m 50' 8.25""",,,,,"41.11m 134' 10""","55.22m 181' 2""","15.93m 52' 3.25""",,,,,,,,,,,,,,,,,,,,,,,,,,,,,,,,,,,,,,,,,,,,,,,,,,,,,,,,,,,,,,,,,,,,,,,,,,,,,,,,,,,,,,,,,,,,,,,,,
8705466,Nicole Grimes,OHIO STATE,f,,,,,,,,,,,,,,,,,,,,,,,,,,,,,,,"4.13m 13' 6.5""",,,,,,,,,,,,,,,,,,,,,,,,,,,,,,,,,,,,,,,,,,,,,,,,,,,,,,,,,,,,,,,,,,,,,,,,,,,,,,,,,,,,,,,,,,,,,,,,,,,,,
7958878,Ackelia Smith,TEXAS,,,,,,,,,,,,,,,,7.21,,23.78 (0.5),37.93,53.85,,"7.10m (3.1) 23' 3.5""","14.54m (1.9) 47' 8.5""",,,,,,,,,,,,,,,,,,,,,,,,,,,,,,,,,,,,,,,,,,,,,,,,,,,,,,,,,,,,,,,,,,,,,,,,,,,,,,,,,,,,,,,,,,,,,,,,,,,,,,,,,,,,,,
8986650,Ryan Muktar,MARSHALL,m,,,,,,,,,,,,,,,,,,,,,,,,,,,"2.12m 6' 11.5""",,,,,,,,,,,,,,,,,,,,,,,,,,,,,,,,,,,,,,,,,,,,,,,,,,,,,,,,,,,,,,,,,,,,,,,,,,,,,,,,,,,,,,,,,,,,,,,,,,,,,,,,,
9273317,Kellen Laroche,GEORGE MASON,m,,,,,,,,,,,,,,,,,,,,,"7.40m (1.1) 24' 3.5""",,,,,,"2.12m 6' 11.5""",,,,,,,,,,,,,,,,,,,,,,,,,,,,,,,,,,,,,,,,,,,,,,,,,,,,,,,,,,,,,,,,,,,,,,,,,,,,,,,,,,,,,,,,,,,,,,,,,,,,,,,,,
8316977,Lanae Thomas,TEXAS,,,,,,,,,,,,,,,,7.20,11.06 (0.7),22.12 (2.5),,51.22,,"6.43m (2.4) 21' 1.25""",,,,,,,,,,,,,,,,,,,,,,,,,,,,,,,,,,,,,,,,,,,,,,,,,,,,,,,,,,,,,,,,,,,,,,,,,,,,,,,,,,,,,,,,,,,,,,,,,,,,,,,,,,,,,,,
6079450,Darius King,NORTHERN IOWA,,,,,,,,,,,,,,,,,,,,,"56.53m 185' 5""",,,,,,,,"20.33m 66' 8.5""",,,,,"57.09m 187' 4""","58.33m 191' 4""","19.87m 65' 2.25""",,,,,,,,,,,,,,,,,,,,,,,,,,,,,,,,,,,,,,,,,,,,,,,,,,,,,,,,,,,,,,,,,,,,,,,,,,,,,,,,,,,,,,,,,,,,,,,,,
7728735,Rasheem Brown,TENNESSEE,,,,,,,,,,,,,,,,,,21.85 (1.6),,,,,,,7.63,,,,,,,,13.43 (2.3),,,,,,,,,,,,,,,,,,,,,,,,,,,,,,,,,,,,,,,,,,,,,,,,,,,,,,,,,,,,,,,,,,,,,,,,,,,,,,,,,,,,,,,,,,,,,,,,,,,,
9253522,Siiri Siirtola,TEXAS TECH,f,,,,,,,,,,,,,,,,,,,,,,,,8.36,13.42 (3.6),,,,,,,,,,,,,,,,,,,,,,,,,,,,,,,,,,,,,,,,,,,,,,,,,,,,,,,,,,,,,,,,,,,,,,,,,,,,,,,,,,,,,,,,,,,,,,,,,,,,,,,,,,,
8586752,Zephaniah Carico-Mclennan,SAMFORD,m,,1:46.59,,,,,3:47.91,,,,,,,,,,,,48.73,,,,,,,,,,,,,,,,,,,,,,,,,,,,,,,,,,,,,,,,,,,,,,,,,,,,,,,,,,,,,,,,,,,,,,,,,,,,,,,,,,,,,,,,,,,,,,,,,,,,,,,,,,,,,,,,,
8297328,Pat Vialva,OREGON,m,,,,,,,,,,,,,,,,,,,,"77.40m 253' 11""",,,,,,,,,,,,,,,,,,,,,,,,,,,,,,,,,,,,,,,,,,,,,,,,,,,,,,,,,,,,,,,,,,,,,,,,,,,,,,,,,,,,,,,,,,,,,,,,,,,,,,,,,,,,,,,,
9171955,Matias Reynaga,GEORGIA,m,,,3:59.28,,18:00.0,,3:43.00,13:32.16,,23:43.1,29:15.8,,7:59.70,,,,,,,,,,28:25.30,,,,,,,,,,,,,,,,,,,,,,,23:42.8,,,,,,,,,,,,,,,,,,,,,,,,,,,,,,,,23:05.17,,,,,,,,,,,,,,,,,,,,,,,,,,,,,,,,,,,,,,,,,,,,,,,,,,,,,,
7906901,Jinah Mickens-Malik,OKLAHOMA STATE,f,1:32.04,2:04.53,,,,,,,,,,,,13:47.0,,,,,54.55,,,,,,,,,,,,,,,,,,,,,,1:19.25,,,,,,,,,,,,,,,,,,,,,,,,,,,,,,,,,,,,,,,,,,,,,,,,,,,,,,,,,,,,,,,,,,,,,,,,,,,,,,,,,,,,,,,,,,,
7990595,Mason Hickel,OLE MISS,m,,,,,,,,,,,,,,,,,,,,,,,,,,,,"18.52m 60' 9.25""",,,,,"49.55m 162' 7""","66.05m 216' 8""","22.25m 73' 0""",,,,,,,,,,,,,,,,,,,,,,,,,,,,,,,,,,,,,,,,,,,,,,,,,,,,,,,,,,,,,,,,,,,,,,,,,,,,,,,,,,,,,,,,,,,,,,,,,
8673244,Lucy Fellows,LOUISVILLE,f,1:35.99,2:18.60,,,,,,,,,,,,,,,24.20 (1.8),,57.70,"41.59m 136' 5""","6.14m (1.8) 20' 1.75""",,,8.92,14.07 (2.7),,"1.68m 5' 6""","12.83m 42' 1.25""",3947,5625,,,,,,,,,,,,,,,,,,,,,,,,,,,,,,,,,,,,,,,,,,,,,,,,,,,,,,,,,,,,,,,,,,,,,,,,,,,,,,,,,,,,,,,,,,,,,,,,,,,,,,
8710058,Christopher Basking,NORFOLK STATE,m,,,,,,,,,,,,,,,6.82,10.18 (2.2),20.70 (2.1),35.39,,,,,,,,,,,,,,,,,,,,,,,,,,,,,,,,,,,,,,,,,,,,,,,,,,,,,,,,,,,,,,,,,,,,,,,,,,,,,,,,,,,,,,,,,,,,,,,,,,,,,,,,,,,,,,,,,,
9018352,Hannah Kemele,TEXAS STATE,f,,,,,,,,,,,,,,,,,,,,"49.77m 163' 3""",,,,,,,,"16.45m 53' 11.75""",,,,,,,,,,,,,,,,,,,,,,,,,,,,,,,,,,,,,,,,,,,,,,,,,,,,,,,,,,,,,,,,,,,,,,,,,,,,,,,,,,,,,,,,,,,,,,,,,,,,,,,,
8019442,Yukichi Ishii,PENN STATE,m,1:18.29,1:46.21,4:12.91,,18:09.9,,3:45.58,,,26:22.1,,2:18.76,,,,,,,,,,,,,,,,,,,,,,,,,25:02.7,,,,,,,,,,,,,,,26:50.9,,,,,,,,,,,,,,,,,,,,,,,,,,,,,,,,,,,,,,,,,,,,,,,,,,,,,,,,,,,,,,,,,,,,,,,,,,,,,,,,
7019595,Dontavious Hill,AUBURN,,,,,,,,,,,,,,,,,,,,,,,,,,,,"2.24m 7' 4.25""",,,,,,,,,,,,,,,,,,,,,,,,,,,,,,,,,,,,,,,,,,,,,,,,,,,,,,,,,,,,,,,,,,,,,,,,,,,,,,,,,,,,,,,,,,,,,,,,,,,,,,,,,
9192091,Mercy Biwott,WASHINGTON ST.,f,,,,,,,4:33.86,16:13.32,10:10.99,,,,9:28.11,,,,,,,,,,,,,,,,,,,,,,,,,,,,,,,,,,,,,,,,,,,,,,,,,,,,,,,,,,,,,,,,,,,,,,,,,,,,,,,,,,,,,,,,,,,,,,,,,,,,,,,,,,,,,,,,,,,,,,,
8329625,Bree Lumpkin,VIRGINIA,f,,,,,,,,,,,,,,,,,,,,"34.27m 112' 5""",,,,,,,,"12.84m 42' 1.5""",,,,,,"62.01m 203' 5""","18.58m 60' 11.5""",,,,,,,,,,,,,,,,,,,,,,,,,,,,,,,,,,,,,,,,,,,,,,,,,,,,,,,,,,,,,,,,,,,,,,,,,,,,,,,,,,,,,,,,,,,,,,,,,
9261392,Jolina Lange,NEBRASKA,f,,,,,,,,,,,,,,,,,,,,,,,,,,,,"17.30m 56' 9.25""",,,,,"45.63m 149' 8""",,,,,,,,,,,,,,,,,,,,,,,,,,,,,,,,,,,,,,,,,,,,,,,,,,,,,,,,,,,,,,,,,,,,,,,,,,,,,,,,,,,,,,,,,,,,,,,,,,,
8907906,Mayalee Osola,CAL ST. FULLERTON,f,,2:21.75,,,,,,,,,,,,,,,24.71 (1.0),,57.79,"37.66m 123' 7""","5.79m (2.6) 19' 0""",,,8.72,13.84 (0.3),,"1.60m 5' 3""","10.77m 35' 4""",3620,5228,,,,,,,,,,,,,,,,,,,,,,,,,,,,,,,,,,,,,,,,,,,,,,,,,,,,,,,,,,,,,,,,,,,,,,,,,,,,,,,,,,,,,,,,,,,,,,,,,,,,,,
9253349,Brynn Fuller,MONTANA,f,,,,,,,,,,,,,,,,,,,,"48.88m 160' 4""",,,,,,,,,,,,,,,,,,,,,,,,,,,,,,,,,,,,,,,,,,,,,,,,,,,,,,,,,,,,,,,,,,,,,,,,,,,,,,,,,,,,,,,,,,,,,,,,,,,,,,,,,,,,,,,,
9246848,Alyssa Jones,BAYLOR,f,,,,,,,,,,,,,,,7.63,11.80 (1.8),23.51,,53.92,,,,,,,,,,,,,,,,,,,,,,,,,,,,,,,,,,,,,,,,,,,,,,,,,,,,,,,,,,,,,,,,,,,,,,,,,,,,,,,,,,,,,,,,,,,,,,,,,,,,,,,,,,,,,,,,,
9240836,Wyatt Larkins,WEBER STATE,m,,,,,,,,,,,,,,,,,,,,,,,,,,,,,,,,,,"66.78m 219' 1""","20.25m 66' 5.25""",,,,,,,,,,,,,,,,,,,,,,,,,,,,,,,,,,,,,,,,,,,,,,,,,,,,,,,,,,,,,,,,,,,,,,,,,,,,,,,,,,,,,,,,,,,,,,,,,
9241724,Matthew St. Cyr,NORTHEASTERN,m,,,,,,,,,,,,,,,,11.47 (3.2),24.14 (1.1),,,"66.66m 218' 8""",,,,,,,,,,,,,,,,,,,,,,,,,,,,,,,,,,,,,,,,,,,,,,,,,,,,,,,,,,,,,,,,,,,,,,,,,,,,,,,,,,,,,,,,,,,,,,,,,,,,,,,,,,,,,,,,
8995494,Jade Whitfield,LOUISVILLE,,,,,,,,,,,,,,,,,,,,,,,,,,,,,,,,,,"58.80m 192' 11""",,"19.52m 64' 0.5""",,,,,,,,,,,,,,,,,,,,,,,,,,,,,,,,,,,,,,,,,,,,,,,,,,,,,,,,,,,,,,,,,,,,,,,,,,,,,,,,,,,,,,,,,,,,,,,,,
8981438,Reece Grosserode,NORTH DAKOTA STATE,m,,,,,,,,,,,,,,,,,,,,,"7.22m (0.4) 23' 8.25""","15.62m (2.1) 51' 3""",,,,,,,,,,,,,,,,,,,,,,,,,,,,,,,,,,,,,,,,,,,,,,,,,,,,,,,,,,,,,,,,,,,,,,,,,,,,,,,,,,,,,,,,,,,,,,,,,,,,,,,,,,,,,,
9280738,Jayshon Hardimon,EAST TEXAS A&M,m,,,,,,,,,,,,,,,6.89,10.55 (3.7),21.50 (+0.0),,,,,,,,,,,,,,,,,,,,,,,,,,,,,,,,,,,,,,,,,,,,,,,,,,,,,,,,,,,,,,,,,,,,,,,,,,,,,,,,,,,,,,,,,,,,,,,,,,,,,,,,,,,,,,,,,,,
8672394,Tayson Echohawk,OREGON,m,,,3:58.77,,,,3:37.52,13:39.15,,23:08.3,30:07.6,,7:55.16,,,,,,,,,,,,,,,,,,,,,,,,,,,,,,,,,,,,,,,,,,,,,,,,,,,,,,,,,,,,,,,,,,,,,,,,,,,,,,,,,,,,,,,,,,,,,,,,,,,,,,,,,,,,,,,,,,,,,,,
8931588,Olivia Foody,UCLA,f,,,4:48.90,,20:19.9,,4:23.08,16:24.55,11:09.72,,,,9:22.81,,,,,,,,,,33:20.31,,,,,,,,,,,,,,,,,,,,,,,,,,,,,,,,,,,,,,,,,,,,,,,,,,,,,,,,,,,,,,,,,,,,,,,,,,,,,,,,,,,,,,,,,,,,,,,,,,,,,,,,,,,,,
7891377,Miles Brown,MICHIGAN,m,1:14.67,1:44.68,,16:06.8,,,3:59.73,,,,,,,,,,,,46.70,,,,,,,,,,,,,,,,,,,,,,,,,,,,,,,,,,,,,15:53.5,,,,,,,,,,,,,,,,,,,,,,,,,,,,,,,,,,,,,,,,,,,,,,,,,,,,,,,,,,,,,,,,,,,,,,,,,,,,
9250709,Ryan Heeren,UTSA,m,,,,,,,4:33.06,,,,,2:41.17,,,7.13,10.77 (3.2),,,49.36,"51.32m 168' 4""","7.24m (3.1) 23' 9""",,,8.66,,,"1.93m 6' 4""","12.50m 41' 0.25""",,5366,"4.25m 13' 11.25""",15.25 (1.5),"35.93m 117' 10""",,,7224,,,,,,,,,,,,,,,,,,,,,,,,,,,,,,,,,,,,,,,,,,,,,,,,,,,,,,,,,,,,,,,,,,,,,,,,,,,,,,,,,,,,,,,,,,,,,,,,
9261957,Joshua Caleb,LSU,m,,,,,,,,,,,,,,,6.60,10.20 (1.0),20.44 (3.6),,,,,,,,,,,,,,,,,,,,,,,,,,,,,,,,,,,,,,,,,,,,,,,,,,,,,,,,,,,,,,,,,,,,,,,,,,,,,,,,,,,,,,,,,,,,,,,,,,,,,,,,,,,,,,,,,,,
8339449,Sophia Haberer,TEXAS STATE,f,,,,,,,,,,,,,,,,,,,,,,,,,,,,"16.48m 54' 1""",,,,,,"40.43m 132' 8""","16.39m 53' 9.25""",,,,,,,,,,,,,,,,,,,,,,,,,,,,,,,,,,,,,,,,,,,,,,,,,,,,,,,,,,,,,,,,,,,,,,,,,,,,,,,,,,,,,,,,,,,,,,,,,
8978334,Amber Wimbish,DUKE,f,1:30.81,2:05.48,,,,,,,,,,2:52.85,,,,,,,54.05,,,,,,,,,,,,,,,,,,,1:14.60,,,,,,,,,,,,,,,,,,,,,,,,,,,,,,,,,,,,,,,,,,,,,,,,,,,,,,,,,,,,,,,,,,,,,,,,,,,,,,,,,,,,,,,,,,,,,,
8009550,Ja'Darien Parker,EAST CAROLINA,m,,,,,,,,,,,,,,,6.82,9.83 (6.0),20.12 (3.4),,47.74,,,,,,,,,,,,,,,,,,,,,,,,,,,,,,,,,,,,,,,,,,,,,,,,,,,,,,,,,,,,,,,,,,,,,,,,,,,,,,,,,,,,,,,,,,,,,,,,,,,,,,,,,,,,,,,,,
8992097,Tyler Hughes,SOUTHERN MISS.,m,,,,,,,,,,,,,,,,,,,,,"6.68m 21' 11""",,,,,,"2.16m 7' 1""",,,,,,,,,,,,,,,,,,,,,,,,,,,,,,,,,,,,,,,,,,,,,,,,,,,,,,,,,,,,,,,,,,,,,,,,,,,,,,,,,,,,,,,,,,,,,,,,,,,,,,,,,
8710849,Elo Blessing Okpah,NEBRASKA,f,,,,,,,,,,,,,,,7.40,11.19 (1.8),23.89 (1.6),,,,,,,,,,,,,,,,,,,,,,,,,,,,,,,,,,,,,,,,,,,,,,,,,,,,,,,,,,,,,,,,,,,,,,,,,,,,,,,,,,,,,,,,,,,,,,,,,,,,,,,,,,,,,,,,,,,
9178220,Luke Johnson,GEORGETOWN,m,,,4:02.87,,18:18.6,,3:46.96,13:40.50,9:10.09,23:07.1,29:41.3,,8:00.38,,,,,,,,,,,,,,,,,,,,,,,,25:30.6,,,,,,,19:35.7,,,,,,,,25:07.7,,,,,,6:00.92,,,,,,,,,,,,,,,,,,,,,,,,,,,,,,,,,,,,,,,,,,,,,,,,,,,,,,,,,,,,,,,,,,,,,,,,,,
9267883,Damon Frabotta,OHIO STATE,m,1:30.04,,,,,,,,,,,,,,,,,34.01,46.89,,,,,8.14,,50.91,,,,,,,,,,,,,,,,,,,,,,,,,,,,,,,,,,,,,,,,,,,,,,,,,,,,,,,,,,,,,,,,,,,,,,,,,,,,,,,,,,,,,,,,,,,,,,,,,,,,,,,,,,
8338258,Carolina Visca,CALIFORNIA,,,,,,,,,,,,,,,,,,,,,"54.88m 180' 1""",,,,,,,,"10.75m 35' 3.25""",,,,,"34.73m 113' 11""",,,,,,,,,,,,,,,,,,,,,,,,,,,,,,,,,,,,,,,,,,,,,,,,,,,,,,,,,,,,,,,,,,,,,,,,,,,,,,,,,,,,,,,,,,,,,,,,,,,
9272228,Gator Young,ILLINOIS,m,,,,,,,,,,,,,,,,,,,,,,,,,,,,,,,"5.42m 17' 9.25""",,,,,,,,,,,,,,,,,,,,,,,,,,,,,,,,,,,,,,,,,,,,,,,,,,,,,,,,,,,,,,,,,,,,,,,,,,,,,,,,,,,,,,,,,,,,,,,,,,,,,
9014633,Arianna Sharpe,ARKANSAS,f,,,,,,,,,,,,,,,,11.89 (1.4),23.14 (3.8),,51.91,,,,,,,,,,,,,,,,,,,,,,,,,,,,,,,,,,,,,,,,,,,,,,,,,,,,,,,,,,,,,,,,,,,,,,,,,,,,,,,,,,,,,,,,,,,,,,,,,,,,,,,,,,,,,,,,,
9261404,Harshita Sehrawat,NEBRASKA,f,,,,,,,,,,,,,,,,,,,,,,,,,,,,,,,,,,"60.73m 199' 3""","19.17m 62' 10.75""",,,,,,,,,,,,,,,,,,,,,,,,,,,,,,,,,,,,,,,,,,,,,,,,,,,,,,,,,,,,,,,,,,,,,,,,,,,,,,,,,,,,,,,,,,,,,,,,,
9283682,Emily Harbach,RICE,f,,,,,,,,,,,,,,,,,,,,"56.47m 185' 3""",,,,,,,,,,,,,,,,,,,,,,,,,,,,,,,,,,,,,,,,,,,,,,,,,,,,,,,,,,,,,,,,,,,,,,,,,,,,,,,,,,,,,,,,,,,,,,,,,,,,,,,,,,,,,,,,
7727751,Jack Crull,BRADLEY,,,1:48.63,3:55.93,,17:50.0,,3:38.47,,9:46.04,23:36.8,30:53.4,,8:10.61,,,,,,,,,,,,,,,,,,,,,,,,27:32.7,,,,,,,,,24:20.5,,,,,,,,,,,,,,,,,,,,,,,,,,,,,,,,,,,,,,,,,,,,,,,,,,,,,,,,,,,,,,,,,,,,,,,,,,,,,,,,,,,,,,
7930022,Dayton Carlson,ARIZONA STATE,m,1:15.57,1:45.26,4:06.65,,,,3:49.29,,,24:36.3,30:33.3,2:23.45,,,,,,,48.73,,,,,,,,,,,,,,,,,,,,,,,,,,,,,,,,,,,,,,,,,,,,,,,,,,,,,,,,,,,,,,,,,,,,,,,,,,,,,,,,,,,,,,,,,,,,,,,,,,,,,,,,,,,,,,,,,
9009144,Dishawn Lamb,NORTHWESTERN ST.,m,,,,,,,,,,,,,,,6.71,10.61 (3.4),22.37,,,,"4.52m 14' 10""",,,7.92,,,,,,,,13.80 (1.7),,,,,,,,,,,,,,,,,,,,,,,,,,,,,,,,,,,,,,,,,,,,,,,,,,,,,,,,,,,,,,,,,,,,,,,,,,,,,,,,,,,,,,,,,,,,,,,,,,,,
8816560,Sydnie Vanek,ARIZONA,f,,,,,,,,,,,,,,,,,,,,,"6.63m (1.4) 21' 9""",,,,,,,,,,,,,,,,,,,,,,,,,,,,,,,,,,,,,,,,,,,,,,,,,,,,,,,,,,,,,,,,,,,,,,,,,,,,,,,,,,,,,,,,,,,,,,,,,,,,,,,,,,,,,,,
8336196,Brooke Moore,MINNESOTA,f,,,,,,,,,,,,,,,,12.71 (0.8),,,,,"5.63m (2.1) 18' 5.75""","13.34m (4.2) 43' 9.25""",,,,,,,,,,,,,,,,,,,,,,,,,,,,,,,,,,,,,,,,,,,,,,,,,,,,,,,,,,,,,,,,,,,,,,,,,,,,,,,,,,,,,,,,,,,,,,,,,,,,,,,,,,,,,,
8676284,Angelos Mantzouranis,MINNESOTA,m,,,,,,,,,,,,,,,,,,,,,,,,,,,,,,,,,,"78.61m 257' 11""","23.25m 76' 3.5""",,,,,,,,,,,,,,,,,,,,,,,,,,,,,,,,,,,,,,,,,,,,,,,,,,,,,,,,,,,,,,,,,,,,,,,,,,,,,,,,,,,,,,,,,,,,,,,,,
9274186,Seth Nelson,ILLINOIS STATE,m,,,,,,,,,,,,,,,,,,,,,,,,,,,,,,,"5.30m 17' 4.5""",,,,,,,,,,,,,,,,,,,,,,,,,,,,,,,,,,,,,,,,,,,,,,,,,,,,,,,,,,,,,,,,,,,,,,,,,,,,,,,,,,,,,,,,,,,,,,,,,,,,,
8948002,Camerin Williams,HIGH POINT,m,1:18.25,1:47.11,4:20.89,,20:37.7,,3:59.36,,,,,2:26.94,,,,,,,46.86,,,,,,,,,,,,,,,,,,,1:02.01,,,,,,,,,,,,,,,,,,,,,,,,,,,,,,,,,,,,,,,,,,,,,,,,,,,,,,,,,,,,,,,,,,,,,,,,,,,,,,,,,,,,,,,,,,,,,,
9271384,Daramola Ibukun,AUBURN,m,,,,,,,,,,,,,,,,,,,,,"7.82m 25' 8""",,,,,,,,,,,,,,,,,,,,,,,,,,,,,,,,,,,,,,,,,,,,,,,,,,,,,,,,,,,,,,,,,,,,,,,,,,,,,,,,,,,,,,,,,,,,,,,,,,,,,,,,,,,,,,,
8996754,Jaden Rucker,UC SAN DIEGO,m,,,,,,,,,,,,,,,,,,,,,"7.59m (0.1) 24' 11""","15.31m (2.5) 50' 2.75""",,,,,,,,,,,,,,,,,,,,,,,,,,,,,,,,,,,,,,,,,,,,,,,,,,,,,,,,,,,,,,,,,,,,,,,,,,,,,,,,,,,,,,,,,,,,,,,,,,,,,,,,,,,,,,
8974478,Kiera Davis,INDIANA,f,,,,,,,,,,,,,,,7.64,11.69 (-0.3),23.55 (0.5),37.64,52.30,,,,,,,,,,,,,,,,,,,,,,,,,,,,,,,,,,,,,,,,,,,,,,,,,,,,,,,,,,,,,,,,,,,,,,,,,,,,,,,,,,,,,,,,,,,,,,,,,,,,,,,,,,,,,,,,,
8326529,Ethan Fischer,SOUTH DAKOTA ST.,m,,,,,,,,,,,,,,,,,,,,,,,,,,,,,,,,,"60.27m 197' 9""","51.83m 170' 0""","19.37m 63' 6.75""",,,,,,,,,,,,,,,,,,,,,,,,,,,,,,,,,,,,,,,,,,,,,,,,,,,,,,,,,,,,,,,,,,,,,,,,,,,,,,,,,,,,,,,,,,,,,,,,,
7727878,Dubem Nwachukwu,ARIZONA STATE,,,,,,,,,,,,,,,,7.00,,21.07 (-0.3),,44.81,,,,,,,,,,,,,,,,,,,,,,1:10.19,,,,,,,,,,,,,,,,,,,,,,,,,,,,,,,,,,,,,,,,,,,,,,,,,,,,,,,,,,,,,,,,,,,,,,,,,,,,,,,,,,,,,,,,,,,
8672382,Dar Jankovic,CONNECTICUT,m,,,,,,,4:52.94,,,,,2:51.30,,,7.38,11.47 (2.2),,,52.26,"52.41m 171' 11""","6.67m (0.6) 21' 10.75""",,,8.83,,,"2.15m 7' 0.5""","12.78m 41' 11.25""",,5183,"4.55m 14' 11""",15.63 (-0.7),"40.59m 133' 2""",,,7072,,,,,,,,,,,,,,,,,,,,,,,,,,,,,,,,,,,,,,,,,,,,,,,,,,,,,,,,,,,,,,,,,,,,,,,,,,,,,,,,,,,,,,,,,,,,,,,,
7989960,Morgan Smalls,ILLINOIS,,,,,,,,,,,,,,,,7.49,11.31 (2.8),23.76 (3.3),,,,"6.58m (0.3) 21' 7.25""","13.17m (0.4) 43' 2.5""",,,,,"1.86m 6' 1.25""",,,,,,,,,,,,,,,,,,,,,,,,,,,,,,,,,,,,,,,,,,,,,,,,,,,,,,,,,,,,,,,,,,,,,,,,,,,,,,,,,,,,,,,,,,,,,,,,,,,,,,,,,
8975793,Beatrice Pettersson,OREGON STATE,f,,,,,,,,,,,,,,,,,,,,,,,,,,,,"15.81m 51' 10.5""",,,,,,"57.53m 188' 9""","17.95m 58' 10.75""",,,,,,,,,,,,,,,,,,,,,,,,,,,,,,,,,,,,,,,,,,,,,,,,,,,,,,,,,,,,,,,,,,,,,,,,,,,,,,,,,,,,,,,,,,,,,,,,,
8711937,Daniel Siaffa,UT-RIO GRANDE VALLEY,m,1:26.62,,,,,,,,,,,,,,,,22.94,,48.64,,"6.30m (+0.0) 20' 8""",,,7.97,,51.17,,,,,,13.84 (1.7),,,,,,,,,1:16.15,,,,,,,,,,,,,,,,,,,,,,,,,,,,,,,,,,,,,,,,,,,,,,,,,,,,,,,,,,,,,,,,,,,,,,,,,,,,,,,,,,,,,,,,,,,
8694002,Calvin Meyer,VIRGINIA TECH,m,,,,,,,,,,,,,,,6.77,10.41 (2.3),20.76 (3.9),34.77,47.69,,,,,,,,,,,,,,,,,,,,,,,,,,,,,,,,,,,,,,,,,,,,,,,,,,,,,,,,,,,,,,,,,,,,,,,,,,,,,,,,,,,,,,,,,,,,,,,,,,,,,,,,,,,,,,,,,
7612157,Kaylee Mitchell,OREGON STATE,,,2:08.20,4:32.95,16:09.9,19:08.4,,4:13.48,15:37.46,9:34.59,,,,8:51.06,,,,,,,,,,,,,,,,,,,,,,,,,,,,,,,,,,,,,,,,,,13:48.4,,,,,,,,,,,,,,,,,,,,,,,,,,,,,,,,,,,,,,,,,,,,,,,,,,,,,,,,,,,,,,,,,,,,,,,,,,,,,
8319513,Fred Moudani Likibi,CINCINNATI,,,,,,,,,,,,,,,,,,,,,,,,,,,,,"20.62m 67' 8""",,,,,"51.32m 168' 4""","42.55m 139' 7""","18.19m 59' 8.25""",,,,,,,,,,,,,,,,,,,,,,,,,,,,,,,,,,,,,,,,,,,,,,,,,,,,,,,,,,,,,,,,,,,,,,,,,,,,,,,,,,,,,,,,,,,,,,,,,
7730597,Jovaughn Martin,FLORIDA STATE,,,,,,,,,,,,,,,,6.63,9.94 (1.6),20.22 (0.1),,48.81,,,,,,,,,,,,,,,,,,,,,,,,,,,,,,,,,,,,,,,,,,,,,,,,,,,,,,,,,,,,,,,,,,,,,,,,,,,,,,,,,,,,,,,,,,,,,,,,,,,,,,,,,,,,,,,,,
8166779,Markim Felix,TAMU-KINGSVILLE,,,,,,,,,,,,,,,,,,,,,"74.17m 243' 4""",,,,,,,,,,,,,"32.83m 107' 8""",,,,,,,,,,,,,,,,,,,,,,,,,,,,,,,,,,,,,,,,,,,,,,,,,,,,,,,,,,,,,,,,,,,,,,,,,,,,,,,,,,,,,,,,,,,,,,,,,,,
8698758,Michaela Mouton,HOUSTON,f,,,,,,,,,,,,,,,,,22.75 (2.4),38.35,50.96,,,,,,,,,,,,,,,,,,,,,,,,,,,,,,,,,,,,,,,,,,,,,,,,,,,,,,,,,,,,,,,,,,,,,,,,,,,,,,,,,,,,,,,,,,,,,,,,,,,,,,,,,,,,,,,,,
8673340,Sophia Day,LOUISVILLE,f,,,,,,,,,,,,,,,,12.33 (2.0),24.58 (3.3),,,,"6.46m (3.5) 21' 2.5""","12.69m (0.4) 41' 7.75""",,,,,,,,,,,,,,,,,,,,,,,,,,,,,,,,,,,,,,,,,,,,,,,,,,,,,,,,,,,,,,,,,,,,,,,,,,,,,,,,,,,,,,,,,,,,,,,,,,,,,,,,,,,,,,
8981357,Caroline Aslerin,CHARLESTON SOUTHERN,f,1:35.14,,,,,,,,,,,,,,,,24.54 (0.8),,53.82,,,,,,,,,,,,,,,,,,,,,,,,,,,,,,,,,,,,,,,,,,,,,,,,,,,,,,,,,,,,,,,,,,,,,,,,,,,,,,,,,,,,,,,,,,,,,,,,,,,,,,,,,,,,,,,,,
6872531,Gable Sieperda,IOWA STATE,,,1:59.58,4:03.79,,18:09.1,,3:48.94,13:40.04,8:25.92,23:01.4,29:26.5,,7:53.76,,,,,,,,,,,,,,,,,,,,,,,,,,,,,,,,,,,,,,,,,,,,,,,,,,,,,,,,,,,,,,,,,,,,,,,,,,,,,,,,,,,,,,,,,,,,,,,,,,,,,,,,,,,,,,,,,,,,,,,
8694281,Brooke Nordman,ARIZONA,f,,,,,,,,,,,,,,,,,24.27 (2.7),39.96,55.48,,,,,8.69,,58.10,,,,,,,,,,,,,,,,,,,,,,,,,,,,,,,,,,,,,,,,,,,,,,,,,,,,,,,,,,,,,,,,,,,,,,,,,,,,,,,,,,,,,,,,,,,,,,,,,,,,,,,,,,
9001077,Damarien Jacobs,HOUSTON,m,,,,,,,,,,,,,,,,,21.45 (3.5),34.01,46.24,,,,,,,,,,,,,,,,,,,,,,,,,,,,,,,,,,,,,,,,,,,,,,,,,,,,,,,,,,,,,,,,,,,,,,,,,,,,,,,,,,,,,,,,,,,,,,,,,,,,,,,,,,,,,,,,,
8978267,Tristan Williams,KANSAS,m,,,,,,,,,,,,,,,,,21.28 (4.3),,47.26,,,,,,,,,,,,,,,,,,,,,,,,,,,,,,,,,,,,,,,,,,,,,,,,,,,,,,,,,,,,,,,,,,,,,,,,,,,,,,,,,,,,,,,,,,,,,,,,,,,,,,,,,,,,,,,,,
9009152,Elijah Rowe,NORTHWESTERN ST.,m,,,,,,,,,,,,,,,6.80,10.22 (4.4),20.82 (2.0),33.88,48.26,,"7.66m (5.4) 25' 1.75""",,,,,,,,,,,,,,,,,,,,1:22.54,,,,,,,,,,,,,,,,,,,,,,,,,,,,,,,,,,,,,,,,,,,,,,,,,,,,,,,,,,,,,,,,,,,,,,,,,,,,,,,,,,,,,,,,,,,
8695886,Marinna Atanmo,KENT STATE,f,1:35.59,2:15.88,,,,,,,,,,,,,,,25.23,,56.76,,,,,,,58.68,,,,,,,,,,,,,,,,,,,,,,,,,,,,,,,,,,,,,,,,,,,,,,,,,,,,,,,,,,,,,,,,,,,,,,,,,,,,,,,,,,,,,,,,,,,,,,,,,,,,,,,,,,
9257035,Meagan Ewers,KENTUCKY,f,,,,,,,,,,,,,,,,,,,,,,,,,,,,"15.28m 50' 1.75""",,,,,,"60.11m 197' 2""","20.56m 67' 5.5""",,,,,,,,,,,,,,,,,,,,,,,,,,,,,,,,,,,,,,,,,,,,,,,,,,,,,,,,,,,,,,,,,,,,,,,,,,,,,,,,,,,,,,,,,,,,,,,,,
8998463,Adren Parker,LONG BEACH ST.,m,,,,,,,,,,,,,,,,,22.38,,46.99,,,,,,,,,,,,,,,,,,,,,,,,,,,,,,,,,,,,,,,,,,,,,,,,,,,,,,,,,,,,,,,,,,,,,,,,,,,,,,,,,,,,,,,,,,,,,,,,,,,,,,,,,,,,,,,,,
8674190,Cheickna Traore,PENN STATE,,1:23.11,,,,,,,,,,,,,,6.54,10.15 (0.7),19.93 (-0.1),33.64,46.50,,,,,,,,,,,,,,,,,,,1:04.00,,,,,,,,,,,,,,,,,,,,,,,,,,,,,,,,,,,,,,,,,,,,,,,,,,,,,,,,,,,,,,,,,,,,,,,,,,,,,,,,,,,,,,,,,,,,,,
8325493,Seth Schnakenberg,NEBRASKA,m,,,,,,,,,,,,,,,,,,,,,,,,,,,,"14.93m 48' 11.75""",,,,,,"68.14m 223' 7""","21.12m 69' 3.5""",,,,,,,,,,,,,,,,,,,,,,,,,,,,,,,,,,,,,,,,,,,,,,,,,,,,,,,,,,,,,,,,,,,,,,,,,,,,,,,,,,,,,,,,,,,,,,,,,
7992443,Ty Mcphail,LOUISVILLE,m,,,,,,,,,,,,,,,,,,,,,,,,,,,,,,,"5.40m 17' 8.5""",,,,,,,,,,,,,,,,,,,,,,,,,,,,,,,,,,,,,,,,,,,,,,,,,,,,,,,,,,,,,,,,,,,,,,,,,,,,,,,,,,,,,,,,,,,,,,,,,,,,,
8263892,Riley Cole,UMASS AMHERST,m,,2:00.52,4:20.12,15:45.2,19:04.1,,3:53.36,14:14.69,8:46.92,25:02.9,31:28.9,2:35.70,8:21.35,,,,,,,,,,30:44.20,,,,,,,,,,,,,,,,,,,,,,15:43.3,,,,,,,,,,,,,5:52.64,,,,,,,,,,,,,,,,,,,,,,,,,,,,,,,,,,,,,,,,,,26:12.7,,,,,,,,,,,,,,,,,,,,,,,,,,,,,,,,
8238069,Nea Sanders,SMU,f,,,,,,,,,,,,,,,7.91,,24.53,42.39,58.02,,,,,8.26,12.93 (1.6),1:00.78,,,,,,,,,,,,,,,,,,,,,,,,,,,,,,,,,,,,,,,,,,,,,,,,,,,,,,,,,,,,,,,,,,,,,,,,,,,,,,,,,,,,,,,,,,,,,,,,,,,,,,,,,,
7974393,Shantae Foreman,CLEMSON,f,,,,,,,,,,,,,,,7.64,11.30 (1.9),23.79,37.99,,,"6.59m (2.1) 21' 7.5""","14.17m 46' 6""",,,,,"1.77m 5' 9.75""",,,,,,,,,,,,,,,,,,,,,,,,,,,,,,,,,,,,,,,,,,,,,,,,,,,,,,,,,,,,,,,,,,,,,,,,,,,,,,,,,,,,,,,,,,,,,,,,,,,,,,,,,
7730082,Oscar Smith,LOUISIANA TECH,m,,,,,,,,,,,,,,,,,21.85 (1.3),,,,,,,7.70,,53.44,,,,,,13.42 (0.8),,,,,,,,,,,,,,,,,,,,,,,,,,,,,,,,,,,,,,,,,,,,,,,,,,,,,,,,,,,,,,,,,,,,,,,,,,,,,,,,,,,,,,,,,,,,,,,,,,,,
8345791,Noa Smith,OHIO STATE,f,,,,,,,,,,,,,,,8.24,,25.92,,,,,,,8.49,13.75 (1.4),1:07.22,,,,,,,,,,,,,,,,,,,,,,,,,,,,,,,,,,,,,,,,,,,,,,,,,,,,,,,,,,,,,,,,,,,,,,,,,,,,,,,,,,,,,,,,,,,,,,,,,,,,,,,,,,
8364218,Ethan Sanders,TEXAS A&M,m,,,,,,,,,,,,,,,,,,,,,,,,,,,,"16.57m 54' 4.5""",,,,,"57.21m 187' 8""",,,,,,,,,,,,,,,,,,,,,,,,,,,,,,,,,,,,,,,,,,,,,,,,,,,,,,,,,,,,,,,,,,,,,,,,,,,,,,,,,,,,,,,,,,,,,,,,,,,
9276945,Bismack Kipchirchir,ALABAMA,m,,,4:00.23,,,,,,8:29.73,,,,7:55.18,,,,,,,,,,,,,,,,,,,,,,,,,,,,,,,,,,,,,,,,,,,,,,,,,,,,,,,,,,,,,,,,,,,,,,,,,,,,,,,,,,,,,,,,,,,,,,,,,,,,,,,,,,,,,,,,,,,,,,,
7730606,Ruta Lasmane,TEXAS TECH,,,,,,,,,,,,,,,,,,,,,,"6.42m (0.9) 21' 0.75""","14.47m 47' 5.75""",,,,,,,,,,,,,,,,,,,,,,,,,,,,,,,,,,,,,,,,,,,,,,,,,,,,,,,,,,,,,,,,,,,,,,,,,,,,,,,,,,,,,,,,,,,,,,,,,,,,,,,,,,,,,,
9245726,Thomas Cook,WRIGHT STATE,m,,,,,,,,,,,,,,,,,,,,,,,,,,,"2.11m 6' 11""",,,,,,,,,,,,,,,,,,,,,,,,,,,,,,,,,,,,,,,,,,,,,,,,,,,,,,,,,,,,,,,,,,,,,,,,,,,,,,,,,,,,,,,,,,,,,,,,,,,,,,,,,
8677138,Jahnaul Ritzie,CHARLOTTE,m,,,,,,,,,,,,,,,,,,,,,,,,,,,,"18.26m 59' 11""",,,,,"55.64m 182' 6""","35.74m 117' 3""","17.53m 57' 6.25""",,,,,,,,,,,,,,,,,,,,,,,,,,,,,,,,,,,,,,,,,,,,,,,,,,,,,,,,,,,,,,,,,,,,,,,,,,,,,,,,,,,,,,,,,,,,,,,,,
8283541,Hazel Gaspaire,NEVADA,f,1:45.38,2:42.58,,,,,,,,,,,,,,,,,,,"5.47m 17' 11.5""",,,9.34,15.62 (-0.5),,"1.78m 5' 10""","9.28m 30' 5.5""",3410,,,,,,,,,,,,,,,,,,,,,,,,,,,,,,,,,,,,,,,,,,,,,,,,,,,,,,,,,,,,,,,,,,,,,,,,,,,,,,,,,,,,,,,,,,,,,,,,,,,,,,,
9088091,Colin Winkler,CENTRAL CONNECTICUT,,,,,,,,,,,,,,,,,,,,,"74.97m 245' 11""",,,,,,,,,,,,,,,,,,,,,,,,,,,,,,,,,,,,,,,,,,,,,,,,,,,,,,,,,,,,,,,,,,,,,,,,,,,,,,,,,,,,,,,,,,,,,,,,,,,,,,,,,,,,,,,,
9234665,Vanessa Kobialka,HIGH POINT,f,,,,,,,,,,,,,,,,,,,,,,,,,,,,"13.85m 45' 5.25""",,,,,"52.89m 173' 6""",,"9.71m 31' 10.25""",,,,,,,,,,,,,,,,,,,,,,,,,,,,,,,,,,,,,,,,,,,,,,,,,,,,,,,,,,,,,,,,,,,,,,,,,,,,,,,,,,,,,,,,,,,,,,,,,
9262005,Jillian Scully,LSU,f,,,,,,,,,,,,,,,,,,,,,,,,,,,,"15.70m 51' 6.25""",,,,,"57.25m 187' 10""",,,,,,,,,,,,,,,,,,,,,,,,,,,,,,,,,,,,,,,,,,,,,,,,,,,,,,,,,,,,,,,,,,,,,,,,,,,,,,,,,,,,,,,,,,,,,,,,,,,
7923566,Matthew Smith,NOTRE DAME,m,,1:46.75,4:00.38,15:04.4,,,3:40.54,,,24:52.9,31:49.0,,,,,,,,50.49,,,,,,,,,,,,,,,,,,25:11.8,,,,,,,,,,,,,,,,,,,,,,,,,,,,,,,,,,,,,,,,,,,,,,,,,,,,,,,,,,,,,,,,,,,,,,,,,,,,,,,,,,,,,,,,,,,,,,,
9287053,Taniya Looney,NEW MEXICO,f,,,,,,,,,,,,,,,7.30,10.85 (2.1),22.66 (2.0),40.56,1:02.20,,,,,,,,,,,,,,,,,,,,,,,,,,,,,,,,,,,,,,,,,,,,,,,,,,,,,,,,,,,,,,,,,,,,,,,,,,,,,,,,,,,,,,,,,,,,,,,,,,,,,,,,,,,,,,,,,
8696087,Jordan Ware,N. CAROLINA A&T,m,,,,,,,,,,,,,,,6.70,10.09 (2.7),20.18 (2.3),33.20,49.06,,,,,,,,,,,,,,,,,,,,,,,,,,,,,,,,,,,,,,,,,,,,,,,,,,,,,,,,,,,,,,,,,,,,,,,,,,,,,,,,,,,,,,,,,,,,,,,,,,,,,,,,,,,,,,,,,
7736228,David Ajama,HOUSTON,,,,,,,,,,,,,,,,,,,,,,"7.58m (1.7) 24' 10.5""","16.07m (2.0) 52' 8.75""",,,,,"6' 10"" 2.08m",,,,,,,,,,,,,,,,,,,,,,,,,,,,,,,,,,,,,,,,,,,,,,,,,,,,,,,,,,,,,,,,,,,,,,,,,,,,,,,,,,,,,,,,,,,,,,,,,,,,,,,,,
8368391,Kennedy Hood,GEORGIA SOUTHERN,f,,,,,,,,,,,,,,,7.68,11.91 (1.8),25.41 (1.0),,,,"6.23m (-4.5) 20' 5.25""",,,,,,,,,,,,,,,,,,,,,,,,,,,,,,,,,,,,,,,,,,,,,,,,,,,,,,,,,,,,,,,,,,,,,,,,,,,,,,,,,,,,,,,,,,,,,,,,,,,,,,,,,,,,,,,
6550698,Zaresha Neal,BOWLING GREEN,,,,,,,,,,,,,,,,,,,,,,,,,,,,,"17.19m 56' 4.75""",,,,,"55.34m 181' 7""","46.04m 151' 0""","15.64m 51' 3.75""",,,,,,,,,,,,,,,,,,,,,,,,,,,,,,,,,,,,,,,,,,,,,,,,,,,,,,,,,,,,,,,,,,,,,,,,,,,,,,,,,,,,,,,,,,,,,,,,,
8680446,Julia Gunnell,KENTUCKY,f,,2:14.09,,,,,,,,,,,,,,,24.32 (1.4),,,"36.65m 120' 3""","5.69m (1.5) 18' 8""",,,8.48,14.32 (+0.0),,"1.66m 5' 5.25""","13.00m 42' 8""",4155,5626,,,,,,,,,,,,,,,,,,,,,,,,,,,,,,,,,,,,,,,,,,,,,,,,,,,,,,,,,,,,,,,,,,,,,,,,,,,,,,,,,,,,,,,,,,,,,,,,,,,,,,
8781836,Dre'Londe Johnson,LONG BEACH ST.,m,,,,,,,,,,,,,,,6.82,10.42 (2.5),21.17 (5.0),,,,,,,,,,,,,,,,,,,,,,,,,,,,,,,,,,,,,,,,,,,,,,,,,,,,,,,,,,,,,,,,,,,,,,,,,,,,,,,,,,,,,,,,,,,,,,,,,,,,,,,,,,,,,,,,,,,
7977784,Axelina Johansson,NEBRASKA,f,,,,,,,,,,,,,,,,,,,,,,,,,,,,"19.97m 65' 6.25""",,,,,"53.45m 175' 4""",,"19.77m 64' 10.5""",,,,,,,,,,,,,,,,,,,,,,,,,,,,,,,,,,,,,,,,,,,,,,,,,,,,,,,,,,,,,,,,,,,,,,,,,,,,,,,,,,,,,,,,,,,,,,,,,
7978888,Ismael Dembele,COLORADO ST.,m,,,,,,,,,,,,,,,,,,,,,"7.72m (2.0) 25' 4""","15.92m (4.2) 52' 2.75""",,,,,,,,,,,,,,,,,,,,,,,,,,,,,,,,,,,,,,,,,,,,,,,,,,,,,,,,,,,,,,,,,,,,,,,,,,,,,,,,,,,,,,,,,,,,,,,,,,,,,,,,,,,,,,
8684055,Milina Wepiwe,HARVARD,f,,,,,,,,,,,,,,,,,,,,,,,,,,,,"14.22m 46' 8""",,,,,"59.75m 196' 0""",,,,,,,,,,,,,,,,,,,,,,,,,,,,,,,,,,,,,,,,,,,,,,,,,,,,,,,,,,,,,,,,,,,,,,,,,,,,,,,,,,,,,,,,,,,,,,,,,,,
8321311,Chinenye Agina,DUKE,,,,,,,,,,,,,,,,,,,,,,,,,,,,"1.85m 6' 0.75""",,,,,,,,,,,,,,,,,,,,,,,,,,,,,,,,,,,,,,,,,,,,,,,,,,,,,,,,,,,,,,,,,,,,,,,,,,,,,,,,,,,,,,,,,,,,,,,,,,,,,,,,,
8435569,Valentina Barrios Bornacelli,MISSOURI,f,,,,,,,,,,,,,,,,,,,,"62.00m 203' 5""",,,,,,,,,,,,,"37.99m 124' 8""",,,,,,,,,,,,,,,,,,,,,,,,,,,,,,,,,,,,,,,,,,,,,,,,,,,,,,,,,,,,,,,,,,,,,,,,,,,,,,,,,,,,,,,,,,,,,,,,,,,
9263301,Maurice Gleaton Jr,GEORGIA,m,,,,,,,,,,,,,,,6.55,,20.99 (-1.0),,,,,,,,,,,,,,,,,,,,,,,,,,,,,,,,,,,,,,,,,,,,,,,,,,,,,,,,,,,,,,,,,,,,,,,,,,,,,,,,,,,,,,,,,,,,,,,,,,,,,,,,,,,,,,,,,,,
9359522,Norah Lind,AUBURN,f,,,,,,,,,,,,,,,,,,,,,,,,,,,,,,,,,,"63.74m 209' 1""",,,,,,,,,,,,,,,,,,,,,,,,,,,,,,,,,,,,,,,,,,,,,,,,,,,,,,,,,,,,,,,,,,,,,,,,,,,,,,,,,,,,,,,,,,,,,,,,,,
8996996,Celeste Polzonetti,UCLA,f,,,,,,,,,,,,,,,7.81,12.17 (0.7),24.20 (0.5),,,,,,,8.14,12.79 (1.8),,,,,,,,,,,,,,,,,,,,,,,,,,,,,,,,,,,,,,,,,,,,,,,,,,,,,,,,,,,,,,,,,,,,,,,,,,,,,,,,,,,,,,,,,,,,,,,,,,,,,,,,,,,
8040987,Gamali Felix,ARIZONA STATE,,,,,,,,,,,,,,,,6.82,,20.91 (1.2),33.54,45.12,,,,,,,,,,,,,,,,,,,,,,,,,,,,,,,,,,,,,,,,,,,,,,,,,,,,,,,,,,,,,,,,,,,,,,,,,,,,,,,,,,,,,,,,,,,,,,,,,,,,,,,,,,,,,,,,,
8674128,Troynelle Miller,CENTRAL ARKANSAS,f,,,,,,,,,,,,,,,7.39,11.45 (0.9),24.02 (1.2),,,,,,,,,,,,,,,,,,,,,,,,,,,,,,,,,,,,,,,,,,,,,,,,,,,,,,,,,,,,,,,,,,,,,,,,,,,,,,,,,,,,,,,,,,,,,,,,,,,,,,,,,,,,,,,,,,,
9258728,Grace Smith,VIRGINIA,f,,,,,,,,,,,,,,,7.68,12.20 (-0.7),,,,,"6.24m (2.3) 20' 5.75""",,,,,,,,,,,,,,,,,,,,,,,,,,,,,,,,,,,,,,,,,,,,,,,,,,,,,,,,,,,,,,,,,,,,,,,,,,,,,,,,,,,,,,,,,,,,,,,,,,,,,,,,,,,,,,,
9000631,Nikodem Pochopien,SOUTH FLORIDA,m,,,,,,,,,,,,,,,,,,,,,,,,,,,,,,,"5.35m 17' 6.5""",,,,,,,,,,,,,,,,,,,,,,,,,,,,,,,,,,,,,,,,,,,,,,,,,,,,,,,,,,,,,,,,,,,,,,,,,,,,,,,,,,,,,,,,,,,,,,,,,,,,,
9264647,Alexa Schwartz,FLORIDA STATE,f,,,,,,,,,,,,,,,,,,,,"55.17m 181' 0""",,,,,,,,,,,,,,,,,,,,,,,,,,,,,,,,,,,,,,,,,,,,,,,,,,,,,,,,,,,,,,,,,,,,,,,,,,,,,,,,,,,,,,,,,,,,,,,,,,,,,,,,,,,,,,,,
8623159,Sophia Gorriaran,HARVARD,f,1:28.10,2:00.46,4:29.53,,20:47.9,,4:12.60,,,,,2:37.72,,,,,,,53.82,,,,,,,,,,,,,,,,,,,1:11.99,,,,,,,,,,,,,,,,,,,,,,,,,,,,,,,,,,,,,,,,,,,,,,,,,,,,,,,,,,,,,,,,,,,,,,,,,,,,,,,,,,,,,,,,,,,,,,
7719642,Kyle Rademeyer,SOUTH ALABAMA,,,,,,,,,,,,,,,,,,,,,,,,,,,,,,,,"5.82m 19' 1""",,,,,,,,,,,,,,,,,,,,,,,,,,,,,,,,,,,,,,,,,,,,,,,,,,,,,,,,,,,,,,,,,,,,,,,,,,,,,,,,,,,,,,,,,,,,,,,,,,,,,
9354486,Chase Hight,TEXAS A&M-CC,m,,,,,,,,,,,,,,,,,,,,"65.73m 215' 8""",,,,,,,,,,,,,,,,,,,,,,,,,,,,,,,,,,,,,,,,,,,,,,,,,,,,,,,,,,,,,,,,,,,,,,,,,,,,,,,,,,,,,,,,,,,,,,,,,,,,,,,,,,,,,,,,
7554109,Chandler Gibbens,KANSAS,,,,4:06.48,,,,3:44.84,13:28.71,,,,,8:05.16,,,,,,,,,,28:10.87,,,,,,,,,,,,,,,,,,,,,,,,,,,,,,,,,,,,,,,,,,,,,,,,,,,,,,,,,,,,,,,,,,,,,,,,,,,,,,,,,,,,,,,,,,,,,,,,,,,,,,,,,,,,,
8994047,Nia Thompson,SAM HOUSTON,f,,,,,,,,,,,,,,,7.79,12.17 (2.6),24.63 (1.3),,,,"6.32m (1.2) 20' 9""",,,,,,,,,,,,,,,,,,,,,,,,,,,,,,,,,,,,,,,,,,,,,,,,,,,,,,,,,,,,,,,,,,,,,,,,,,,,,,,,,,,,,,,,,,,,,,,,,,,,,,,,,,,,,,,
8246772,Saga Hagelin,WEBER STATE,f,,2:16.43,4:41.97,17:47.5,17:54.0,16:55.3,4:24.24,16:12.26,9:56.69,,,,9:16.32,,,,,,,,,,,,,,,,,,,,,,,,,,,,,,,,18:25.4,,,,,,,,,,,,,,,,,,,,,,,,,,,,,,,,,,,,,,,,,,,,,,,,,,,,,,,,,,,,,,,,,,,,,,,18:09.4,,,,,,,,,,,,,,,,
7973952,Charlie Bartholomew,NORTHWESTERN ST.,m,1:27.30,,,,,,,,,,,,,,,,21.35 (1.3),,45.65,,,,,,,,,,,,,,,,,,,,,,1:08.93,,,,,,,,,,,,,,,,,,,,,,,,,,,,,,,,,,,,,,,,,,,,,,,,,,,,,,,,,,,,,,,,,,,,,,,,,,,,,,,,,,,,,,,,,,,
9261853,Jesse Myers,FLORIDA,m,,,,,,,,,,,,,,,6.93,,21.17,,,,,,,,,,,,,,,,,,,,,,,,,,,,,,,,,,,,,,,,,,,,,,,,,,,,,,,,,,,,,,,,,,,,,,,,,,,,,,,,,,,,,,,,,,,,,,,,,,,,,,,,,,,,,,,,,,,
8998434,Trinity Barnett,LONG BEACH ST.,f,,,,,,,,,,,,,,,7.27,11.33 (2.3),23.23 (0.3),,55.46,,,,,,,,,,,,,,,,,,,,,,,,,,,,,,,,,,,,,,,,,,,,,,,,,,,,,,,,,,,,,,,,,,,,,,,,,,,,,,,,,,,,,,,,,,,,,,,,,,,,,,,,,,,,,,,,,
8239785,Roisin Willis,STANFORD,,1:25.74,1:58.13,4:43.11,,20:59.6,,4:13.31,,,,,,,,,,,,52.89,,,,,,,,,,,,,,,,,,,,,,,,,,,,,,,,,,,,,,,,,,,,,,,,,,,,,,,,,,,,,,,,,,,,,,,,,,,,,,,,,,,,,,,,,,,,,,,,,,,,,,,,,,,,,,,,,
8605987,Abbey Nechanicky,COLORADO,f,,,,,19:42.4,,,15:42.12,,,,,,,,,,,,,,,32:23.93,,,,,,,,,,,,,,,,,,,,,,,,,,,,,,,,,,,,,,,,,,,,,,,,,,,,,,,,,,,,,,,,,,,,,,,,,,,,,,,,,,,,,,,,,,,,,,,,,,,,,,,,,,,,,
9009105,Margaret Conteh,NORTHWESTERN ST.,f,,,,,,,,,,,,,,,,,23.49 (1.6),,51.92,,,,,,,,,,,,,,,,,,,1:16.46,,,,,,,,,,,,,,,,,,,,,,,,,,,,,,,,,,,,,,,,,,,,,,,,,,,,,,,,,,,,,,,,,,,,,,,,,,,,,,,,,,,,,,,,,,,,,,
8996997,Taylor Snaer,UCLA,f,,,,,,,,,,,,,,,7.34,11.06 (3.8),22.07 (6.0),37.50,,,,,,,,,,,,,,,,,,,,,,,,,,,,,,,,,,,,,,,,,,,,,,,,,,,,,,,,,,,,,,,,,,,,,,,,,,,,,,,,,,,,,,,,,,,,,,,,,,,,,,,,,,,,,,,,,,
8601479,Juliet Cherubet,OREGON,f,,2:09.01,4:27.46,16:03.5,18:37.0,,4:07.75,15:25.41,,,,,8:52.30,,,,,,,,,,32:02.78,,,,,,,,,,,,,,,,,,,,,,,,,,,,,,,,,,,,,,,,,,,,,,,,,,,,,,,,,,,,,,,,,,,,,,,,,,,,,,,,,,,,,,,,,,,,,,,,,,,,,,,,,,,,,
8995342,Gavin Stafford,UTAH VALLEY,m,,,,,,,,,,,,,,,6.67,10.00 (7.7),20.50 (4.1),34.65,49.23,,"7.35m 24' 1.5""",,,,,,,,,,,,,,,,,,,,,,,,,,6.34,,,,,,,,,,,,,,,,,,,,,,,,,,,,,,,,,,,,,,,,,,,,,,,,,,,,,,,,,,,,,,,,,,,,,,,,,,,,,,,,,,,,,
6995394,Masai Russell,KENTUCKY,,,,,,,,,,,,,,,,7.40,11.54 (1.6),23.26 (1.4),39.05,54.86,,,,,7.75,12.32 (3.8),55.21,,,,,,,,,,,,,,,,,,,,,,,,,,,,,,,,,,,,,,,,,,,,,,,,,,,,,,,,,,,,,,,,,,,,,,,,,,,,,,,,,,,,,,,,,,,,,,,,,,,,,,,,,,
8894631,Tyheak Buie,N. CAROLINA A&T,m,,,,,,,,,,,,,,,7.17,,,,,,"7.10m (0.1) 23' 3.5""","15.87m (2.6) 52' 1""",,,,,,,,,,,,,,,,,,,,,,,,,,,,,,,,,,,,,,,,,,,,,,,,,,,,,,,,,,,,,,,,,,,,,,,,,,,,,,,,,,,,,,,,,,,,,,,,,,,,,,,,,,,,,,
9008200,Saad Hinti,TENNESSEE,,,,,,,,,,,,,,,,,,,32.46,46.40,,,,,,,48.44,,,,,,,,,,,,,,,,,,,,,,,,,,,,,,,,,,,,,,,,,,,,,,,,,,,,,,,,,,,,,,,,,,,,,,,,,,,,,,,,,,,,,,,,,,,,,,,,,,,,,,,,,,
9264646,Nafy Thiam,FLORIDA STATE,f,,,,,,,,,,,,,,,,,,,,,,,,,,,,"17.30m 56' 9.25""",,,,,"46.76m 153' 5""",,,,,,,,,,,,,,,,,,,,,,,,,,,,,,,,,,,,,,,,,,,,,,,,,,,,,,,,,,,,,,,,,,,,,,,,,,,,,,,,,,,,,,,,,,,,,,,,,,,
8271816,Reid Holloway,HIGH POINT,m,,,,,,,,,,,,,,,,,24.05 (3.7),,,,,,,,,,,,,,"5.32m 17' 5.5""",,,,,,,,,,,,,,,,,,,,,,,,,,,,,,,,,,,,,,,,,,,,,,,,,,,,,,,,,,,,,,,,,,,,,,,,,,,,,,,,,,,,,,,,,,,,,,,,,,,,,
8242360,Allison Dougherty,PENN STATE,f,,2:19.60,4:53.19,,20:12.6,,4:33.89,16:37.12,10:15.97,,,,9:37.18,,,,,,,,,,,,,,,,,,,,,,,,,,,,,,,,,,,,,,,,,,13:56.4,,,,,,,,,,,,,,,,,,,,,,,,,,,,,,,,,,,,,,,,,,,,,,,,,,,,,,,,,,,,,,,,,,,,,,,,,,,,,
6562838,Rachel Baxter,VIRGINIA TECH,,,,,,,,,,,,,,,,,,,,,,,,,,,,,,,,"4.62m 15' 1.75""",,,,,,,,,,,,,,,,,,,,,,,,,,,,,,,,,,,,,,,,,,,,,,,,,,,,,,,,,,,,,,,,,,,,,,,,,,,,,,,,,,,,,,,,,,,,,,,,,,,,,
7484522,Calvin Wetzel,TENNESSEE,m,,,,,,,,,,,,,,,,,21.56 (-0.1),33.30,46.85,,,,,8.40,,50.04,,,,,,,,,,,,1:05.19,,,,,,,,,,,,,,,,,,,,,,,,,,,,,,,,,,,,,,,,,,,,,,,,,,,,,,,,,,,,,,,,,,,,,,,,,,,,,,,,,,,,,,,,,,,,,,
9280514,Blake Sturgis,IDAHO,m,,,,,,,,,,,,,,,,,,,,"73.21m 240' 2""",,,,,,,,,,,,,,,,,,,,,,,,,,,,,,,,,,,,,,,,,,,,,,,,,,,,,,,,,,,,,,,,,,,,,,,,,,,,,,,,,,,,,,,,,,,,,,,,,,,,,,,,,,,,,,,,
8995207,Lucas Couron,LOUISVILLE,m,,,,,,,,,,,,,,,,,,,,,,,,,,,,,,,"5.36m 17' 7""",,,,,,,,,,,,,,,,,,,,,,,,,,,,,,,,,,,,,,,,,,,,,,,,,,,,,,,,,,,,,,,,,,,,,,,,,,,,,,,,,,,,,,,,,,,,,,,,,,,,,
8239784,Juliette Whittaker,STANFORD,f,1:25.64,1:59.44,4:30.92,,20:58.2,,4:09.35,,,,,2:37.54,,,,,,,53.74,,,,,,,,,,,,,,,,,,,,,,,,,,,,,,,,,,,,,,,,,,,,,,,,,,,,,,,,,,,,,,,,,,,,,,,,,,,,,,,,,,,,,,,,,,,,,,,,,,,,,,,,,,,,,,,,,
8984416,Joslyn Hamilton,SOUTH CAROLINA,f,,,,,,,,,,,,,,,7.44,11.44 (1.6),23.54 (1.0),38.79,55.75,,,,,8.06,12.91 (1.4),59.34,,,,,,,,,,,,,,,,,,,,,,,,,,,,,,,,,,,,,,,,,,,,,,,,,,,,,,,,,,,,,,,,,,,,,,,,,,,,,,,,,,,,,,,,,,,,,,,,,,,,,,,,,,
8671794,Gabriel Clement Ii,UCLA,m,,,,,,,,,,,,,,,7.02,,20.50 (0.9),32.52,45.22,,,,,,,,,,,,,,,,,,,,,,,,,,,,,,,,,,,,,,,,,,,,,,,,,,,,,,,,,,,,,,,,,,,,,,,,,,,,,,,,,,,,,,,,,,,,,,,,,,,,,,,,,,,,,,,,,
8992468,Anya Williams,NORTH DAKOTA,f,,,,,,,,,,,,,,,8.10,,27.18,,,,"5.70m (1.4) 18' 8.5""","12.48m (2.0) 40' 11.5""",,,,,"1.76m 5' 9.25""",,,,,,,,,,,,,,,,,,,,,,,,,,,,,,,,,,,,,,,,,,,,,,,,,,,,,,,,,,,,,,,,,,,,,,,,,,,,,,,,,,,,,,,,,,,,,,,,,,,,,,,,,
8980286,Kiara Strayhorn,ARKANSAS STATE,f,,,,,,,,,,,,,,,,,,,,,"6.43m (2.3) 21' 1.25""",,,8.42,13.94 (0.8),,"1.74m 5' 8.5""",,,,,,,,,,,,,,,,,,,,,,,,,,,,,,,,,,,,,,,,,,,,,,,,,,,,,,,,,,,,,,,,,,,,,,,,,,,,,,,,,,,,,,,,,,,,,,,,,,,,,,,,,
9245377,Alexa Smothers,HOUSTON,f,,,,,,,,,,,,,,,7.53,11.64 (1.0),23.30 (3.0),,,,,,,,,,,,,,,,,,,,,,,,,,,,,,,,,,,,,,,,,,,,,,,,,,,,,,,,,,,,,,,,,,,,,,,,,,,,,,,,,,,,,,,,,,,,,,,,,,,,,,,,,,,,,,,,,,,
6588918,Anna Keefer,NORTH CAROLINA,,,,,,,,,,,,,,,,7.32,11.23 (2.5),22.83 (1.5),,,,"6.55m 21' 6""",,,,,,,,,,,,,,,,,,,,,,,,,,,,,,,,,,,,,,,,,,,,,,,,,,,,,,,,,,,,,,,,,,,,,,,,,,,,,,,,,,,,,,,,,,,,,,,,,,,,,,,,,,,,,,,
7538550,Darius Luff,NEBRASKA,,,,,,,,,,,,,,,,,,,,,,,,,7.54,,,,,,,,13.19 (0.1),,,,,,,,,,,,,,,,,,,,,,,,,,,,,,,,,,,,,,,,,,,,,,,,,,,,,,,,,,,,,,,,,,,,,,,,,,,,,,,,,,,,,,,,,,,,,,,,,,,,
9276944,My'Kell Beck,ALABAMA,m,,,,,,,,,,,,,,,,,,,,,,,,,,,"2.17m 7' 1.5""",,,,,,,,,,,,,,,,,,,,,,,,,,,,,,,,,,,,,,,,,,,,,,,,,,,,,,,,,,,,,,,,,,,,,,,,,,,,,,,,,,,,,,,,,,,,,,,,,,,,,,,,,
6586906,Elijah Mason,WASHINGTON,,,,,,,,,,,,,,,,,,,,,,,,,,,,,"16.81m 55' 2""",,,,,"61.77m 202' 8""","51.41m 168' 8""","19.87m 65' 2.25""",,,,,,,,,,,,,,,,,,,,,,,,,,,,,,,,,,,,,,,,,,,,,,,,,,,,,,,,,,,,,,,,,,,,,,,,,,,,,,,,,,,,,,,,,,,,,,,,,
9262004,Shawnti Jackson,LSU,f,,,,,,,,,,,,,,,,10.90 (1.1),22.33 (0.1),35.89,,,,,,,,,,,,,,,,,,,,,,,,,,,,,,,,,,,,,,,,,,,,,,,,,,,,,,,,,,,,,,,,,,,,,,,,,,,,,,,,,,,,,,,,,,,,,,,,,,,,,,,,,,,,,,,,,,
6985951,Eli Gaughan,LSU,,,,,,,,,,,,,,,,,,,,,"70.27m 230' 6""",,,,,,,,,,,,,,,,,,,,,,,,,,,,,,,,,,,,,,,,,,,,,,,,,,,,,,,,,,,,,,,,,,,,,,,,,,,,,,,,,,,,,,,,,,,,,,,,,,,,,,,,,,,,,,,,
8676728,Trevontay Smith,WASHINGTON,m,,,,,,,,,,,,,,,,,,,,,"6.95m (-0.4) 22' 9.75""","15.85m (4.7) 52' 0""",,,,,,,,,,,,,,,,,,,,,,,,,,,,,,,,,,,,,,,,,,,,,,,,,,,,,,,,,,,,,,,,,,,,,,,,,,,,,,,,,,,,,,,,,,,,,,,,,,,,,,,,,,,,,,
9201195,Hannah Ielfield,TOLEDO,f,,,4:50.16,17:10.7,19:33.2,,,16:24.38,10:11.31,,,,9:28.65,,,,,,,,,,33:59.21,,,,,,,,,,,,,,,,,,,,,,,,,,,,,,,,,,,,,,,,,,,,,,,,,,,,,,,,,,,,,,,,,,,,,,,,,,,,,,,,,,,,,,,,,,,,,,,,,,,,,,,,,,,,,
8711961,Tyler Davis,AUBURN,m,,,,,,,,,,,,,,,6.64,10.05 (0.3),20.54 (2.1),33.97,,,,,,,,,,,,,,,,,,,,,,,,,,,,,,,,,,,,,,,,,,,,,,,,,,,,,,,,,,,,,,,,,,,,,,,,,,,,,,,,,,,,,,,,,,,,,,,,,,,,,,,,,,,,,,,,,,
7985915,Mine De Klerk,NEBRASKA,f,,,,,,,,,,,,,,,,,,,,,,,,,,,,"18.48m 60' 7.75""",,,,,"55.17m 181' 0""",,,,,,,,,,,,,,,,,,,,,,,,,,,,,,,,,,,,,,,,,,,,,,,,,,,,,,,,,,,,,,,,,,,,,,,,,,,,,,,,,,,,,,,,,,,,,,,,,,,
9343084,Marek Waltke,MEMPHIS,m,,,,,,,,,,,,,,,,,,,,"69.94m 229' 5""",,,,,,,,,,,,,,,,,,,,,,,,,,,,,,,,,,,,,,,,,,,,,,,,,,,,,,,,,,,,,,,,,,,,,,,,,,,,,,,,,,,,,,,,,,,,,,,,,,,,,,,,,,,,,,,,
8699666,Kamryn Cadle,NEW MEXICO ST.,f,,,,,,,,,,,,,,,,,,,,,,,,,,,,"15.41m 50' 6.75""",,,,,"45.15m 148' 1""","53.02m 173' 11""","16.56m 54' 4""",,,,,,,,,,,,,,,,,,,,,,,,,,,,,,,,,,,,,,,,,,,,,,,,,,,,,,,,,,,,,,,,,,,,,,,,,,,,,,,,,,,,,,,,,,,,,,,,,
8679598,Germain Lemaitre,GRAND CANYON,m,1:17.03,1:47.17,4:21.12,,,,3:52.24,,,,,,,,,,,,,,,,,,,,,,,,,,,,,,,,,,,,,,,,,,,,,,,,,,,,,,,,,,,,,,,,,,,,,,,,,,,,,,,,,,,,,,,,,,,,,,,,,,,,,,,,,,,,,,,,,,,,,,,,,,,,,
7974900,Olivia Lueking,OKLAHOMA,,,,,,,,,,,,,,,,,,,,,,,,,,,1:04.90,,,,,"4.59m 15' 0.75""",,,,,,,,,,,,,,,,,,,,,,,,,,,,,,,,,,,,,,,,,,,,,,,,,,,,,,,,,,,,,,,,,,,,,,,,,,,,,,,,,,,,,,,,,,,,,,,,,,,,,
9006137,Noelle Igberaese,ALABAMA,f,,,,,,,,,,,,,,,,,,,,,,,,,,,,,,,,,"37.62m 123' 5""","59.98m 196' 9""","19.42m 63' 8.75""",,,,,,,,,,,,,,,,,,,,,,,,,,,,,,,,,,,,,,,,,,,,,,,,,,,,,,,,,,,,,,,,,,,,,,,,,,,,,,,,,,,,,,,,,,,,,,,,,
9234371,Alexandria Scott,PITTSBURGH,f,1:33.84,2:17.96,,,,,,,,,,,,,,,25.19 (-0.6),,55.43,,,,,,,57.53,,,,,,,,,,,,,,,,,,,,,,,,,,,,,,,,,,,,,,,,,,,,,,,,,,,,,,,,,,,,,,,,,,,,,,,,,,,,,,,,,,,,,,,,,,,,,,,,,,,,,,,,,,
9261297,Joshua Onwunili,WISCONSIN,m,,,,,,,,,,,,,,,6.70,10.13 (2.5),20.46 (2.7),35.27,,,,,,,,,,,,,,,,,,,,,,,,,,,,,,,,,,,,,,,,,,,,,,,,,,,,,,,,,,,,,,,,,,,,,,,,,,,,,,,,,,,,,,,,,,,,,,,,,,,,,,,,,,,,,,,,,,
7785809,Scott Toney,PENN,,,,,,,,,,,,,,,,,,,,,,,,,,,,,,,,"5.54m 18' 2""",,,,,,,,,,,,,,,,,,,,,,,,,,,,,,,,,,,,,,,,,,,,,,,,,,,,,,,,,,,,,,,,,,,,,,,,,,,,,,,,,,,,,,,,,,,,,,,,,,,,,
8354210,Pj Ize-Iyamu,OREGON,m,,,,,,,,,,,,,,,6.61,9.80 (5.6),20.67 (0.9),,,,,,,,,,,,,,,,,,,,,,,,,,,,,,,,,,,,,,,,,,,,,,,,,,,,,,,,,,,,,,,,,,,,,,,,,,,,,,,,,,,,,,,,,,,,,,,,,,,,,,,,,,,,,,,,,,,
9263300,Jayden Finley,GEORGIA,m,,,,,,,,,,,,,,,6.64,10.24 (3.0),,,,,,,,,,,,,,,,,,,,,,,,,,,,,,,,,,,,,,,,,,,,,,,,,,,,,,,,,,,,,,,,,,,,,,,,,,,,,,,,,,,,,,,,,,,,,,,,,,,,,,,,,,,,,,,,,,,,
8979498,Jackson Bragg,TEXAS TECH,m,,,,,,,,,,,,,,,,,,,,,,,,,,,,,,,"5.54m 18' 2""",,,,,,,,,,,,,,,,,,,,,,,,,,,,,,,,,,,,,,,,,,,,,,,,,,,,,,,,,,,,,,,,,,,,,,,,,,,,,,,,,,,,,,,,,,,,,,,,,,,,,
7897037,Margot Appleton,VIRGINIA,,,2:06.27,4:25.03,16:21.5,19:44.0,,4:05.68,15:18.21,,,,,8:46.23,,,,,,,,,,,,,,,,,,,,,,,,,,,,,,,,,,,,,,,,,,13:23.4,,,,,,,,,,,,,,,,,,,,,,,,,,,,,,,,,,,,,,,,,,,,,,,,,,,,,,,,,,,,,,,,,,,,,,,,,,,,,
8673341,Maya Follmer,LOUISVILLE,f,,2:20.00,,,,,,,,,,,,,,12.91 (2.2),24.87 (1.6),,,"22.13m 72' 7""","6.01m (2.2) 19' 8.75""",,,8.71,14.63 (-2.5),,"1.64m 5' 4.5""","9.74m 31' 11.5""",3694,5036,,,,,,,,,,,,,,,,,,,,,,,,,,,,,,,,,,,,,,,,,,,,,,,,,,,,,,,,,,,,,,,,,,,,,,,,,,,,,,,,,,,,,,,,,,,,,,,,,,,,,,
8583843,Harvey Cramb,MONTANA STATE,m,,1:47.81,3:58.51,15:05.0,,,3:37.31,15:22.42,8:36.63,24:00.4,31:02.1,,8:07.33,,,,,,,,,,,,,,,,,,,,,,,,25:31.7,,,,,,,,,25:05.9,,,,,,,,,,,,,,,,,,,,,,,,,,,,,,,,,,,,,,,,,,,,,25:13.0,,,,,,,,,,,,,,,,,,,,,,,,,,,,,,,,,,,,,,,,,
8612202,Jessie Secor,COLORADO,f,,2:11.86,4:45.02,,18:57.7,17:18.4,4:17.38,15:30.66,,,,,8:50.63,,,,,,,,,,,,,,,,,,,,,,,,,,,,,,,,,,,,,,,,,,,,,,,,,,,,,,,,,,,,,,,,,,,,,,,,,,,,,,,,,,,,,,,,,,,,,,,,,,,,,,,,,,,,,,,,,,,,,,,
9199672,Victoria Lotz,BOISE STATE,f,,,,,,,,,,,,,,,,,,,,,,,,,,,,"15.52m 50' 11""",,,,,"49.06m 160' 11""","62.49m 205' 0""","19.21m 63' 0.25""",,,,,,,,,,,,,,,,,,,,,,,,,,,,,,,,,,,,,,,,,,,,,,,,,,,,,,,,,,,,,,,,,,,,,,,,,,,,,,,,,,,,,,,,,,,,,,,,,
8634275,Sydney Harris,GEORGIA,f,,,,,,,,,,,,,,,,,24.14 (-0.2),,52.35,,,"12.64m (-1.2) 41' 5.75""",,,,,,,,,,,,,,,,,,,,,,,,,,,,,,,,,,,,,,,,,,,,,,,,,,,,,,,,,,,,,,,,,,,,,,,,,,,,,,,,,,,,,,,,,,,,,,,,,,,,,,,,,,,,,,
9257034,Tressia Davis,KENTUCKY,f,,,,,,,,,,,,,,,,,23.70 (3.1),38.59,54.07,,,,,,,,,,,,,,,,,,,,,,,,,,,,,,,,,,,,,,,,,,,,,,,,,,,,,,,,,,,,,,,,,,,,,,,,,,,,,,,,,,,,,,,,,,,,,,,,,,,,,,,,,,,,,,,,,
8666905,Chris Boyd,ARKANSAS STATE,m,,,,,,,,,,,,,,,,,,,,,,,,,,,,"18.81m 61' 8.5""",,,,,"53.77m 176' 5""","58.41m 191' 8""","18.12m 59' 5.5""",,,,,,,,,,,,,,,,,,,,,,,,,,,,,,,,,,,,,,,,,,,,,,,,,,,,,,,,,,,,,,,,,,,,,,,,,,,,,,,,,,,,,,,,,,,,,,,,,
8807409,Samuel Vessat,PURDUE,m,,2:07.93,,22:46.2,,,4:55.87,,,39:32.8,,,,,,,20.48 (0.3),,44.82,,,,,,,,"1.65m 5' 5""",,,,,,,,,,,,,,,,,,,,,,,,,,,,,,,,,,,,,,,,,,,,,,,,,,,,,,,,,,,,,,,,,,,,,,,,,,,,,,,,,,,,,,,,,,31:15.0,,,,,,,,,,,,,,,
8320690,Zemaya Carson,CHARLESTON SOUTHERN,f,,,,,,,,,,,,,,,,,,,,,,,,,,,,"14.99m 49' 2.25""",,,,,"50.48m 165' 7""","58.54m 192' 1""","19.24m 63' 1.5""",,,,,,,,,,,,,,,,,,,,,,,,,,,,,,,,,,,,,,,,,,,,,,,,,,,,,,,,,,,,,,,,,,,,,,,,,,,,,,,,,,,,,,,,,,,,,,,,,
8998462,Vincent Jones,LONG BEACH ST.,m,,,,,,,,,,,,,,,,,21.38 (5.0),,46.62,,,,,,,,,,,,,,,,,,,,,,,,,,,,,,,,,,,,,,,,,,,,,,,,,,,,,,,,,,,,,,,,,,,,,,,,,,,,,,,,,,,,,,,,,,,,,,,,,,,,,,,,,,,,,,,,,
8701609,Aleksandr Gerasimov,NEBRASKA,m,,,,,,,,,,,,,,,,,,,,,,,,,,,"2.20m 7' 2.5""",,,,,,,,,,,,,,,,,,,,,,,,,,,,,,,,,,,,,,,,,,,,,,,,,,,,,,,,,,,,,,,,,,,,,,,,,,,,,,,,,,,,,,,,,,,,,,,,,,,,,,,,,
9269536,Joe Quez Keith,ALABAMA A&M,m,,,,,,,,,,,,,,,6.92,10.46 (0.5),20.91 (0.7),,45.96,,,,,,,,,,,,,,,,,,,,,,,,,,,,,,,,,,,,,,,,,,,,,,,,,,,,,,,,,,,,,,,,,,,,,,,,,,,,,,,,,,,,,,,,,,,,,,,,,,,,,,,,,,,,,,,,,
8669873,Simon Alexander,NAVY,m,,,,,,,,,,,,,,,7.06,10.92 (2.7),21.33 (0.9),34.89,47.11,,,,,,,,,,,,,,,,,,,,,,,,,,,,,,,,,,,,,,,,,,,,,,,,,,,,,,,,,,,,,,,,,,,,,,,,,,,,,,,,,,,,,,,,,,,,,,,,,,,,,,,,,,,,,,,,,
8676285,Ahmed Khadar,MINNESOTA,m,,,,,,,,,,,,,,,,,,,47.56,,,,,,,50.49,,,,,,,,,,,,,,,,,,,,,,,,,,,,,,,,,,,,,,,,,,,,,,,,,,,,,,,,,,,,,,,,,,,,,,,,,,,,,,,,,,,,,,,,,,,,,,,,,,,,,,,,,,
9241363,Tess Hannigan,NORTHERN ARIZONA,f,,2:19.43,5:07.18,,,,4:29.97,,10:16.18,,,,,,,,,,,,,,,,,,,,,,,,,,,,,,,,,,,,,,,,,,,,,,,,,,,,,,,,,,,,,,,,,,,,,,,,,,,,,,,,,,,,,,,,,,,,,,,,,,,,,,,,,,,,,,,,,,,,,,,,,,,
7993480,Miles Grant,SACRAMENTO ST.,,,,,,,,,,,,,,,,,,23.67 (0.7),,,,,,,,,,"2.20m 7' 2.5""",,,,,,,,,,,,,,,,,,,,,,,,,,,,,,,,,,,,,,,,,,,,,,,,,,,,,,,,,,,,,,,,,,,,,,,,,,,,,,,,,,,,,,,,,,,,,,,,,,,,,,,,,
8322838,Jhavor Bennett,KANSAS STATE,m,,,,,,,,,,,,,,,,,,,,,"7.57m (0.5) 24' 10""","16.40m (0.7) 53' 9.75""",,,,,,,,,,,,,,,,,,,,,,,,,,,,,,,,,,,,,,,,,,,,,,,,,,,,,,,,,,,,,,,,,,,,,,,,,,,,,,,,,,,,,,,,,,,,,,,,,,,,,,,,,,,,,,
8709956,Shonedra Richardson,AUBURN,f,,,,,,,,,,,,,,,7.58,11.55 (1.4),23.77 (0.8),,,,"6.22m (+0.0) 20' 5""",,,,,,,,,,,,,,,,,,,,,,,,,,,,,,,,,,,,,,,,,,,,,,,,,,,,,,,,,,,,,,,,,,,,,,,,,,,,,,,,,,,,,,,,,,,,,,,,,,,,,,,,,,,,,,,
8328865,Katy Stephens,NORTHERN IOWA,f,,2:24.20,,,,,,,,,,,,,8.11,,24.57 (1.3),,,"45.07m 147' 10""","6.29m (1.1) 20' 7.75""",,,9.21,13.86 (3.4),,"1.79m 5' 10.5""","12.83m 42' 1.25""",3859,5728,,,,,,,,,,,,,,,,,,,,,,,,,,,,,,,,,,,,,,,,,,,,,,,,,,,,,,,,,,,,,,,,,,,,,,,,,,,,,,,,,,,,,,,,,,,,,,,,,,,,,,
7974404,Makayla Long,COLORADO ST.,f,,,,,,,,,,,,,,,,,,,,,,,,,,,,"17.70m 58' 1""",,,,,"56.63m 185' 9""","60.29m 197' 10""","19.58m 64' 3""",,,,,,,,,,,,,,,,,,,,,,,,,,,,,,,,,,,,,,,,,,,,,,,,,,,,,,,,,,,,,,,,,,,,,,,,,,,,,,,,,,,,,,,,,,,,,,,,,
8672383,Orenthal Singletary,CONNECTICUT,m,1:20.15,,,,,,,,,,,,,,6.95,,21.38 (2.2),,47.66,,,,,,,50.33,,,,,,,,,,,,1:04.59,,,,,,,,,,,,,,,,,,,,,,,,,,,,,,,,,,,,,,,,,,,,,,,,,,,,,,,,,,,,,,,,,,,,,,,,,,,,,,,,,,,,,,,,,,,,,,
8679035,Sebastian Martinez,PRINCETON,m,,,4:07.16,,,,3:50.13,,8:47.50,,,2:27.12,7:59.87,,,,,,,,,,,,,,,,,,,,,,,,,,,,,,,,,,,,,,,,,,,,,,,,,,,,,,,,,,,,,,,,,,,,,,,,,,,,,,,,,,,,,,,,,,,,,,,,,,,,,,,,,,,,,,,,,,,,,,,
8359926,Shakeem Mckay,LSU,m,,,,,,,,,,,,,,,6.94,,20.74 (2.1),32.83,45.81,,,,,,,,,,,,,,,,,,,,,,,,,,,,,,,,,,,,,,,,,,,,,,,,,,,,,,,,,,,,,,,,,,,,,,,,,,,,,,,,,,,,,,,,,,,,,,,,,,,,,,,,,,,,,,,,,
8977605,Asher Jenkins,AIR FORCE,m,,,,,,,,,,,,,,,6.74,10.26 (0.9),20.61 (2.3),,,,,,,,,,,,,,,,,,,,,,,,,,,,,,6.28,,,,,,,,,,,,,,,,,,,,,,,,,,,,,,,,,,,,,,,,,,,,,,,,,,,,,,,,,,,,,,,,,,,,,,,,,,,,,,,,,,,,,
8983042,Arayana Ladson,FLORIDA A&M,f,,,,,,,,,,,,,,,7.54,11.43 (1.6),23.60 (0.8),,,,"6.29m (1.7) 20' 7.75""",,,8.36,13.29 (1.1),,,,,,,,,,,,,,,,,,,,,,,,,,,,,,,,,,,,,,,,,,,,,,,,,,,,,,,,,,,,,,,,,,,,,,,,,,,,,,,,,,,,,,,,,,,,,,,,,,,,,,,,,,,
7378969,Mikeisha Welcome,GEORGIA,,,,,,,,,,,,,,,,,,,,,,"6.15m 20' 2.25""","14.21m 46' 7.5""",,,,,,,,,,,,,,,,,,,,,,,,,,,,,,,,,,,,,,,,,,,,,,,,,,,,,,,,,,,,,,,,,,,,,,,,,,,,,,,,,,,,,,,,,,,,,,,,,,,,,,,,,,,,,,
9261956,Jackson Burney,LSU,m,,1:50.05,,,,,3:56.23,,,,,2:34.61,,,,,,,48.24,,,,,,,,,,,,,,,,,,,,,,,,,,,,,,,,,,,,,,,,,,,,,,,,,,,,,,,,,,,,,,,,,,,,,,,,,,,,,,,,,,,,,,,,,,,,,,,,,,,,,,,,,,,,,,,,,
8360077,Giszelle Hrehor,LONG BEACH ST.,f,,,,,,,,,,,,,,,,,,,,,,,,,,,,"12.54m 41' 1.75""",,,,,"43.13m 141' 6""","60.27m 197' 9""","19.56m 64' 2.25""",,,,,,,,,,,,,,,,,,,,,,,,,,,,,,,,,,,,,,,,,,,,,,,,,,,,,,,,,,,,,,,,,,,,,,,,,,,,,,,,,,,,,,,,,,,,,,,,,
8587816,Liam Newhart,WISCONSIN,m,,,3:58.43,15:48.8,,,3:39.45,13:40.60,,23:24.0,29:28.5,,8:02.69,,,,,,,,,,,,,,,,,,,,,,,,,,,,,,,,,,,,,,,,,,,,,,,,,,,,,,,,,,,,,,,,,,,,,,,,,,,,,,,,,,,,,,,,,,,,,,,,,,,,,,,,,,,,,,,,,,,,,,,
9267882,Kyler Brown,OHIO STATE,m,,,,,,,,,,,,,,,6.60,10.00 (5.6),20.27 (2.3),35.04,,,,,,,,,,,,,,,,,,,,,,,,,,,,,,,,,,,,,,,,,,,,,,,,,,,,,,,,,,,,,,,,,,,,,,,,,,,,,,,,,,,,,,,,,,,,,,,,,,,,,,,,,,,,,,,,,,
8946267,Matthew Endrody,NEW MEXICO,m,,1:46.21,3:55.22,15:01.8,,,3:37.66,14:20.02,,25:20.6,,,7:53.08,,,,,,,,"4.98m (+0.0) 16' 4.25""",,,,,,,"7.07m 23' 2.5""",,,,,,,,,,,,,,,,,,,,,,,,,,,,,,,,,,,,,,,,,,,,,,,,,,,,,,,,,,,,,,,,,,,,,,,,,,,,,,,,,,,,,,,,,,,,,,,,,,,,,,,,
9261405,Jana Lowka,NEBRASKA,f,,,,,,,,,,,,,,,,,,,,"56.74m 186' 2""",,,,,,,,,,,,,,,,,,,,,,,,,,,,,,,,,,,,,,,,,,,,,,,,,,,,,,,,,,,,,,,,,,,,,,,,,,,,,,,,,,,,,,,,,,,,,,,,,,,,,,,,,,,,,,,,
7842838,Kate Joyce,NORTH CAROLINA,,,,,,,,,,,,,,,,,,,,,"56.03m 183' 10""",,,,,,,,,,,,,,,,,,,,,,,,,,,,,,,,,,,,,,,,,,,,,,,,,,,,,,,,,,,,,,,,,,,,,,,,,,,,,,,,,,,,,,,,,,,,,,,,,,,,,,,,,,,,,,,,
8986893,Lokesh Sathyanathan,TARLETON STATE,,,,,,,,,,,,,,,,,10.70 (0.9),22.68,,,,"8.21m 26' 11.25""",,,,,,,"9.13m 29' 11.5""",,,,,,,,,,,,,,,,,,,,,,,,,,,,,,,,,,,,,,,,,,,,,,,,,,,,,,,,,,,,,,,,,,,,,,,,,,,,,,,,,,,,,,,,,,,,,,,,,,,,,,,,
9284146,Pia Beaulieu,PRINCETON,f,,2:16.51,4:47.87,,,,4:25.31,,10:01.99,,,,9:39.01,,,,,,,,,,,,,,,,,,,,,,,,,,,,,,,,,,,,,,,,,,,,,,,,,,,,,,,,,,,,,,,,,,,,,,,,,,,,,,,,,,,,,,,,,,,,,,,,,,,,,,,,,,,,,,,,,,,,,,,
8237221,Emma Little,TEXAS A&M,f,,,4:51.35,17:51.5,20:44.5,,4:26.90,16:53.88,10:16.08,,,,9:37.73,11:01.2,,,,,,,,,,,,,,,,,,,,,,,,,,,,,,,,,,,,,,,,,,17:57.1,,,,,,,,,,,,,,,,,,,,,,,,,,,,,,,,,,,,,,,,,,,,,,,,,,,,,,,,,,,,,,,,,,,,,,,,,,,,
8672403,Aiden Carter,OREGON,m,1:27.02,,,,,,4:56.28,,,,,2:45.52,,,6.99,10.77 (3.5),22.58 (2.1),,49.76,"52.89m 173' 6""","7.53m (1.5) 24' 8.5""",,,7.96,,,"2.07m 6' 9.5""","13.15m 43' 1.75""",,5908,"4.87m 15' 11.75""",14.03 (1.0),"35.15m 115' 4""",,,7497,,,,,,,,,,,,,,,,,,,,,,,,,,,,,,,,,,,,,,,,,,,,,,,,,,,,,,,,,,,,,,,,,,,,,,,,,,,,,,,,,,,,,,,,,,,,,,,,
6938512,Hayley Horvath,VIRGINIA TECH,,,,,,,,,,,,,,,,,,,,,,,,,,,,,,,,"4.27m 14' 0""",,,,,,,,,,,,,,,,,,,,,,,,,,,,,,,,,,,,,,,,,,,,,,,,,,,,,,,,,,,,,,,,,,,,,,,,,,,,,,,,,,,,,,,,,,,,,,,,,,,,,
8582252,George Couttie,VIRGINIA TECH,m,,1:50.45,3:52.02,,17:57.1,,3:36.72,13:33.55,,22:36.7,28:47.4,2:18.53,7:36.74,,,,,,,,,,,,,,,,,,,,,,,,,,,,,,,,,,,,,,,,,,,,,,,,,,,,,,,,,,,,,,,,,,,,,,,,,,,,,,,,,,,,,,,,,,,,,,,,,,,,,,,,,4:57.81,,,,,,,,,,,,,,
7975595,Philip Kastner,DUKE,m,,,,,,,5:07.48,,,,,2:53.98,,,7.03,10.72 (2.2),,,50.10,"52.66m 172' 9""","7.56m 24' 9.75""",,,8.08,,,"1.95m 6' 4.75""","14.69m 48' 2.5""",,5672,"4.80m 15' 9""",14.68 (0.6),"43.33m 142' 2""",,,7466,,,,,,,,,,,,,,,,,,,,,,,,,,,,,,,,,,,,,,,,,,,,,,,,,,,,,,,,,,,,,,,,,,,,,,,,,,,,,,,,,,,,,,,,,,,,,,,,
8682657,Ella Garvin,MIAMI (OHIO),f,,,,,,,,,,,,,,,,,,,,"24.11m 79' 1""",,,,9.56,15.36 (1.5),1:03.80,"1.78m 5' 10""","8.74m 28' 8.25""",,,,,,,,,,,,,,,,,,,,,,,,,,,,,,,,,,,,,,,,,,,,,,,,,,,,,,,,,,,,,,,,,,,,,,,,,,,,,,,,,,,,,,,,,,,,,,,,,,,,,,,,
9291714,Tristen Washington,MIAMI (FLA.),m,,,,,,,,,,,,,,,,10.64 (-0.5),,,,,,,,,,,,,,,,,,,,,,,,,,,,,,,,,,,,,,,,,,,,,,,,,,,,,,,,,,,,,,,,,,,,,,,,,,,,,,,,,,,,,,,,,,,,,,,,,,,,,,,,,,,,,,,,,,,,
9283400,Chase Lathrop,LOUISIANA,m,,,,,,,5:30.35,,,,,2:57.88,,,6.94,10.70 (1.3),,,52.29,"55.22m 181' 2""","7.18m (0.6) 23' 6.75""",,,8.70,,,"1.94m 6' 4.25""","14.69m 48' 2.5""",,5320,"4.20m 13' 9.25""",15.84 (1.3),"44.01m 144' 5""",,,7093,,,,,,,,,,,,,,,,,,,,,,,,,,,,,,,,,,,,,,,,,,,,,,,,,,,,,,,,,,,,,,,,,,,,,,,,,,,,,,,,,,,,,,,,,,,,,,,,
9013661,Terek Logan,SOUTH ALABAMA,m,,,,,,,,,,,,,,,,,,,,,,,,,,,"1.86m 6' 1.25""",,,,"5.53m 18' 1.75""",,,,,,,,,,,,,,,,,,,,,,,,,,,,,,,,,,,,,,,,,,,,,,,,,,,,,,,,,,,,,,,,,,,,,,,,,,,,,,,,,,,,,,,,,,,,,,,,,,,,,
9251725,Gabe Scott,MISS STATE,m,,,,,,,,,,,,,,,6.77,10.32 (1.2),20.85 (1.5),,,,,,,,,,,,,,,,,,,,,,,,,,,,,,,,,,,,,,,,,,,,,,,,,,,,,,,,,,,,,,,,,,,,,,,,,,,,,,,,,,,,,,,,,,,,,,,,,,,,,,,,,,,,,,,,,,,
9261393,Whitney Robinson,NEBRASKA,f,,,,,,,,,,,,,,,,,,,,,,"12.83m (0.3) 42' 1.25""",,,,,,,,,,,,,,,,,,,,,,,,,,,,,,,,,,,,,,,,,,,,,,,,,,,,,,,,,,,,,,,,,,,,,,,,,,,,,,,,,,,,,,,,,,,,,,,,,,,,,,,,,,,,,,
8868391,Chris Vance,AKRON,m,,,,,,,,,,,,,,,,,,,,,,,,,,,,"16.71m 54' 10""",,,,,"46.45m 152' 5""","63.22m 207' 5""","17.93m 58' 10""",,,,,,,,,,,,,,,,,,,,,,,,,,,,,,,,,,,,,,,,,,,,,,,,,,,,,,,,,,,,,,,,,,,,,,,,,,,,,,,,,,,,,,,,,,,,,,,,,
7036900,Cierra Pyles,VIRGINIA TECH,,,,,,,,,,,,,,,,,,,,,,"6.00m (4.4) 19' 8.25""","13.46m (2.6) 44' 2""",,8.41,13.40 (2.5),,,,,,,,,,,,,,,,,,,,,,,,,,,,,,,,,,,,,,,,,,,,,,,,,,,,,,,,,,,,,,,,,,,,,,,,,,,,,,,,,,,,,,,,,,,,,,,,,,,,,,,,,,,
8676339,Elsa Spoor,VIRGINIA,f,,2:13.41,,,,,,,,,,,,,,,24.80 (1.4),,,"33.97m 111' 5""","5.51m (1.8) 18' 1""",,,9.32,14.60 (2.6),,"1.76m 5' 9.25""","10.89m 35' 8.75""",3841,5472,,,,,,,,,,,,,,,,,,,,,,,,,,,,,,,,,,,,,,,,,,,,,,,,,,,,,,,,,,,,,,,,,,,,,,,,,,,,,,,,,,,,,,,,,,,,,,,,,,,,,,
7725444,Nico Morales,RUTGERS,,,,,,,,,,,,,,,,,,,,,,,,,,,,,,,,"5.41m 17' 9""",,,,,,,,,,,,,,,,,,,,,,,,,,,,,,,,,,,,,,,,,,,,,,,,,,,,,,,,,,,,,,,,,,,,,,,,,,,,,,,,,,,,,,,,,,,,,,,,,,,,,
9273204,Audrey Mcelmurry,SAN JOSE ST.,f,,,,,,,,,,,,,,,,,,,,,"5.70m (+0.0) 18' 8.5""","12.89m (2.1) 42' 3.5""",,,,,,,,,,,,,,,,,,,,,,,,,,,,,,,,,,,,,,,,,,,,,,,,,,,,,,,,,,,,,,,,,,,,,,,,,,,,,,,,,,,,,,,,,,,,,,,,,,,,,,,,,,,,,,
8986743,Lindsay Johnson,HOWARD,f,,,,,,,,,,,,,,,7.71,,24.37,38.80,54.65,,,,,8.38,13.31 (1.4),58.24,,,,,,,,,,,,,,,,,,,,,,,,,,,,,,,,,,,,,,,,,,,,,,,,,,,,,,,,,,,,,,,,,,,,,,,,,,,,,,,,,,,,,,,,,,,,,,,,,,,,,,,,,,
8731495,Jarvis Anderson,STEPHEN F. AUSTIN,m,,,,,,,,,,,,,,,7.09,10.79 (+0.0),,,47.19,,"6.63m 21' 9""","15.72m (4.9) 51' 7""",,8.35,,49.86,,,,,,,,,,,,,,,,,,,,,,,,,,,,,,,,,,,,,,,,,,,,,,,,,,,,,,,,,,,,,,,,,,,,,,,,,,,,,,,,,,,,,,,,,,,,,,,,,,,,,,,,,,
8584943,Tonie-Ann Forbes,TEXAS TECH,f,,,,,,,,,,,,,,,7.43,11.58 (2.9),25.96 (-1.9),,,,,,,7.91,12.75 (2.6),,,,,,,,,,,,,,,,,,,,,,,,,,,,,,,,,,,,,,,,,,,,,,,,,,,,,,,,,,,,,,,,,,,,,,,,,,,,,,,,,,,,,,,,,,,,,,,,,,,,,,,,,,,
8320110,Grant Lockwood,KANSAS,m,1:18.28,1:49.23,,,,,,,,,,,,,,,,,46.51,,,,,,,,,,,,,,,,,,,,,,1:07.79,,,,,,,,,,,,,,,,,,,,,,,,,,,,,,,,,,,,,,,,,,,,,,,,,,,,,,,,,,,,,,,,,,,,,,,,,,,,,,,,,,,,,,,,,,,
7980255,Marleen Mulla,SOUTH DAKOTA,f,,,,,,,,,,,,,,,,,,,,,,,,,,,"1.69m 5' 6.5""",,,,"4.63m 15' 2.25""",,,,,,,,,,,,,,,,,,,,,,,,,,,,,,,,,,,,,,,,,,,,,,,,,,,,,,,,,,,,,,,,,,,,,,,,,,,,,,,,,,,,,,,,,,,,,,,,,,,,,
9281578,Gavin Rossi,RUTGERS,m,,,4:10.41,,,,3:56.77,14:07.63,8:51.00,,,,8:08.29,,,,,,,,,,,,,,,,,,,,,,,,,,,,,,,,,,,,,,,,,,,,,,,,,,,,,,,,,,,,,,,,,,,,,,,,,,,,,,,,,,,,,,,,,,,,,,,,,,,,,,,,,,,,,,,,,,,,,,,
6548179,Jackson Morris,COLORADO ST.,,,,,,,,,,,,,,,,,,,,,"74.27m 243' 8""",,,,,,,,"17.82m 58' 5.75""",,,,,"58.38m 191' 6""",,,,,,,,,,,,,,,,,,,,,,,,,,,,,,,,,,,,,,,,,,,,,,,,,,,,,,,,,,,,,,,,,,,,,,,,,,,,,,,,,,,,,,,,,,,,,,,,,,,
9175444,Tomer Tarragano,NORTH CAROLINA,m,,,4:02.35,,17:58.7,,,13:27.37,,22:55.8,29:25.8,,7:47.96,,,,,,,,,,28:53.36,,,,,,,,,,,,,,,,,,,,,,,,,,,,,,,,,,,,,,,,,,,,,,,,,,,,,,,,,,,,,,,,,,,,,,,,,,,,,,,,,,,,,,,,,,,,,,,,,,,,,,,,,,,,,
9268389,Keith Fowler,SOUTHERN,m,,,,,,,,,,,,,,,,,,,,,"6.73m (0.8) 22' 1""",,,,,,"2.12m 6' 11.5""",,,,,15.28 (1.1),,,,,,,,,,,,,,,,,,,,,,,,,,,,,,,,,,,,,,,,,,,,,,,,,,,,,,,,,,,,,,,,,,,,,,,,,,,,,,,,,,,,,,,,,,,,,,,,,,,,
8676102,Leah Thames,SOUTHERN ILLINOIS,f,,,,,,,,,,,,,,,7.80,11.59 (1.9),22.69 (4.2),38.79,51.54,,,,,,,,,,,,,,,,,,,,,,,,,,,,,,,,,,,,,,,,,,,,,,,,,,,,,,,,,,,,,,,,,,,,,,,,,,,,,,,,,,,,,,,,,,,,,,,,,,,,,,,,,,,,,,,,,
7366920,Janette Schraft,IOWA STATE,,,2:11.47,4:44.17,16:50.5,20:16.2,,4:18.97,16:30.00,9:34.82,,,2:49.78,9:16.63,,,,,,,,,,,,,,,,,,,,,,,,,,,,1:25.85,,,,,,,,,,,,,,13:51.2,,,,,,,,,,,,,,,,,,,,,,,,,,,,,,,,,,,,,,,,,,,,,,,,,,,,,,,,,,,,,,,,,,,,,,,,,,,,,
7720187,Orry Willems,CINCINNATI,m,,,,,,,,,,,,,,,,,,,,,,,,,,,,,,,,,"46.28m 151' 10""","68.65m 225' 3""","20.62m 67' 8""",,,,,,,,,,,,,,,,,,,,,,,,,,,,,,,,,,,,,,,,,,,,,,,,,,,,,,,,,,,,,,,,,,,,,,,,,,,,,,,,,,,,,,,,,,,,,,,,,
8671297,Gizel Clayton,MEMPHIS,f,,,,,,,,,,,,,,,7.67,11.63 (4.3),24.35 (2.5),,,,,,,8.28,13.19 (1.1),,,,,,,,,,,,,,,,,,,,,,,,,,,,,,,,,,,,,,,,,,,,,,,,,,,,,,,,,,,,,,,,,,,,,,,,,,,,,,,,,,,,,,,,,,,,,,,,,,,,,,,,,,,
8996981,Tamaal Myers Ii,UCLA,m,1:19.07,1:58.41,,,,,,,,,,,,,,,,,48.09,,,,,,,49.67,,,,,,,,,,,,,,,,,,,,,,,,,,,,,,,,,,,,,,,,,,,,,,,,,,,,,,,,,,,,,,,,,,,,,,,,,,,,,,,,,,,,,,,,,,,,,,,,,,,,,,,,,,
8978227,Ethel Amissah,KANSAS,f,,,,,,,,,,,,,,,,,24.78 (1.2),,53.73,,,,,,,,,,,,,,,,,,,,,,,,,,,,,,,,,,,,,,,,,,,,,,,,,,,,,,,,,,,,,,,,,,,,,,,,,,,,,,,,,,,,,,,,,,,,,,,,,,,,,,,,,,,,,,,,,
8710409,Reem Tammam,LOUISIANA,f,,,,,,,,,,,,,,,,,,,,,"6.19m (1.6) 20' 3.75""","12.69m (1.6) 41' 7.75""",,,,,,,,,,,,,,,,,,,,,,,,,,,,,,,,,,,,,,,,,,,,,,,,,,,,,,,,,,,,,,,,,,,,,,,,,,,,,,,,,,,,,,,,,,,,,,,,,,,,,,,,,,,,,,
8368105,Brian Masai,ARKANSAS,m,,,3:58.82,,17:55.0,,3:33.17,13:27.64,9:11.40,23:10.2,29:21.5,,7:43.82,,,,,,,,,,28:45.78,,,,,,,,,,,,,,23:22.9,,,,,,,,,,,,,,,,,,,,,,,,,,,,,,,,,,,,,,,,,,,,,,,,,,,,,,,,,,,,,,,,,,,,,,,,,,,,,,,,,,,,,,,,,,,,,,,
8986597,Kaden Passey,BYU,m,,,,,,,4:25.65,,,,,2:34.31,,,7.19,11.13 (-0.2),22.55,,48.78,"55.85m 183' 3""","6.68m (1.3) 21' 11""",,,8.72,,,"1.79m 5' 10.5""","14.22m 46' 8""",,5184,"4.45m 14' 7.25""",15.76 (1.2),"47.34m 155' 4""",,,7356,,,,,,,,,,,6.88,,,8.37,,,,,,,,,,,,,,,,,,,,,,,,,,,,,,,,,,,,,,,,,,,,,,,,,,,,,,,,,,,,,,,,,,,,,,,,,,,,,,,,,,
8285251,Billah Jepkirui,OKLAHOMA STATE,f,,2:02.63,4:22.92,,19:27.5,,4:04.59,15:42.64,,,,2:43.48,8:45.22,,,,,,,,,,,,,,,,,,,,,,,,,,,,,,,,,,,,,,,,,,,,,,,,,,,,,,,,,,,,,,,,,,,,,,,,,,,,,,,,,,,,,,,,,,,,,,,,,,,,,,,,,,,,,,,,,,,,,,,
9247075,Mathis Vaitulukina,TEXAS,m,,,,,,,,,,,,,,,,,,,,,"7.78m (3.2) 25' 6.25""",,,,,,,,,,,,,,,,,,,,,,,,,,,,,,,,,,,,,,,,,,,,,,,,,,,,,,,,,,,,,,,,,,,,,,,,,,,,,,,,,,,,,,,,,,,,,,,,,,,,,,,,,,,,,,,
7967005,Sean Smith,IOWA,m,,,,,,,,,,,,,,,,,,,,,,,,,,,,,,,,,,"68.25m 223' 11""","22.49m 73' 9.5""",,,,,,,,,,,,,,,,,,,,,,,,,,,,,,,,,,,,,,,,,,,,,,,,,,,,,,,,,,,,,,,,,,,,,,,,,,,,,,,,,,,,,,,,,,,,,,,,,
8674703,Avery Hilliard,CORNELL,f,,,,,,,,,,,,,,,,,,,,,,,,,,,,,,,"4.36m 14' 3.5""",,,,,,,,,,,,,,,,,,,,,,,,,,,,,,,,,,,,,,,,,,,,,,,,,,,,,,,,,,,,,,,,,,,,,,,,,,,,,,,,,,,,,,,,,,,,,,,,,,,,,
8345801,Janela Spencer,OHIO STATE,f,,,,,,,,,,,,,,,7.67,,24.31 (3.5),,,,,,,8.13,12.52 (4.9),,,,,,,,,,,,,,,,,,,,,,,,,,,,,,,,,,,,,,,,,,,,,,,,,,,,,,,,,,,,,,,,,,,,,,,,,,,,,,,,,,,,,,,,,,,,,,,,,,,,,,,,,,,
9203151,Brenden Heitzig,DRAKE,m,,,4:14.61,,18:00.6,,3:47.28,14:04.32,,23:57.9,31:37.8,,8:05.93,,,,,,,,,,28:51.77,,,,,,,,,,,,,,,,,,,,,,,,,,,,,,,,,,,,,,,,,,,,,,,,,,,,,,,,,,,,,,,,,,,,,,,,,,,,,,,,,,,,,,,,,,,,,,,,,,,,,,,,,,,,,
8384958,Garrett Stanford,BYU,m,,,,,,,,13:48.99,8:43.82,23:26.4,29:48.6,,8:07.95,,,,,,,,,,,,,,,,,,,,,,,,,,,,,,,19:42.5,,,,,,,,,,,,,,,,,,,,,,,,,,,,,,,,,,,,,,,20:14.0,,,,,,,,,,,,,,,,,,,,,,,,,,,,,,,,,,,,,,,,,,,,,,,,,
8967351,Jaiden Gary,DEPAUL,m,,,,,,,,,,,,,,,,,,,,,,,,,,,,"18.58m 60' 11.5""",,,,,"50.49m 165' 8""","51.26m 168' 2""","18.31m 60' 1""",,,,,,,,,,,,,,,,,,,,,,,,,,,,,,,,,,,,,,,,,,,,,,,,,,,,,,,,,,,,,,,,,,,,,,,,,,,,,,,,,,,,,,,,,,,,,,,,,
7985515,Siniru Iheoma,PRINCETON,,,,,,,,,,,,,,,,,,,,,,,,,,,,,"15.58m 51' 1.5""",,,,,"56.20m 184' 4""",,"18.58m 60' 11.5""",,,,,,,,,,,,,,,,,,,,,,,,,,,,,,,,,,,,,,,,,,,,,,,,,,,,,,,,,,,,,,,,,,,,,,,,,,,,,,,,,,,,,,,,,,,,,,,,,
8005749,Victor Kibiego,TEXAS A&M,,,,4:06.38,14:49.1,,,3:44.59,13:45.80,8:25.48,22:28.3,28:21.2,,7:59.46,,,,,,,,,,,,,,,,,,,,,,,,,,,,,,,,,,,,,,,,,,,,,,,,,,,,,,,,,,,,,,,,,,,,,,,,,,,,,,,,,,,,,,,,,,,,,,,,,,,,,,,,,,,,,,,,,,,,,,,
9272012,Malith Yasiru,ARIZONA STATE,m,,,,,,,,,,,,,,,,,,,,,"7.05m (1.0) 23' 1.75""","16.50m (+0.0) 54' 1.75""",,,,,,,,,,,,,,,,,,,,,,,,,,,,,,,,,,,,,,,,,,,,,,,,,,,,,,,,,,,,,,,,,,,,,,,,,,,,,,,,,,,,,,,,,,,,,,,,,,,,,,,,,,,,,,
9281190,Annie Kerr,NORTH CAROLINA,f,,,,,,,,,,,,,,,,,,,,,,,,,,,,,,,"4.15m 13' 7.25""",,,,,,,,,,,,,,,,,,,,,,,,,,,,,,,,,,,,,,,,,,,,,,,,,,,,,,,,,,,,,,,,,,,,,,,,,,,,,,,,,,,,,,,,,,,,,,,,,,,,,
8321243,Kampton Kam,PENN,m,,,,,,,,,,,,,,,,,,,,,,,,,,,"2.25m 7' 4.5""",,,,,,,,,,,,,,,,,,,,,,,,,,,,,,,,,,,,,,,,,,,,,,,,,,,,,,,,,,,,,,,,,,,,,,,,,,,,,,,,,,,,,,,,,,,,,,,,,,,,,,,,,
8647433,Akala Garrett,SOUTH CAROLINA,f,1:30.56,,,,,,,,,,,,,,7.77,,23.98,,52.16,,,,,8.04,12.75 (2.6),53.73,,,,,,,,,,,,1:10.40,,,1:19.04,,,,,,,,,,,,,,,,,,,,,,,,,,,,,,,,,,,,,,,,,,,,,,,,,,,,,,,,,,,,,,,,,,,,,,,,,,,,,,,,,,,,,,,,,,,
9263316,Chelsi Williams,GEORGIA,f,,,,,,,,,,,,,,,,,,,,,"6.43m (0.5) 21' 1.25""",,,8.07,12.91 (0.6),,,,,,,,,,,,,,,,,,,,,,,,,,,,,,,,,,,,,,,,,,,,,,,,,,,,,,,,,,,,,,,,,,,,,,,,,,,,,,,,,,,,,,,,,,,,,,,,,,,,,,,,,,,
6901444,Shelby Moran,ARIZONA STATE,,,,,,,,,,,,,,,,,,,,,,,,,,,,,,,,,,"53.05m 174' 0""","70.58m 231' 7""","19.63m 64' 5""",,,,,,,,,,,,,,,,,,,,,,,,,,,,,,,,,,,,,,,,,,,,,,,,,,,,,,,,,,,,,,,,,,,,,,,,,,,,,,,,,,,,,,,,,,,,,,,,,
8983900,Val Galligan,MISSOURI,f,,,,,,,,,,,,,,,,,,,,"50.15m 164' 6""",,,,,,,,,,,,,,,,,,,,,,,,,,,,,,,,,,,,,,,,,,,,,,,,,,,,,,,,,,,,,,,,,,,,,,,,,,,,,,,,,,,,,,,,,,,,,,,,,,,,,,,,,,,,,,,,
7389301,Alex Maier,OKLAHOMA STATE,,,,3:56.44,15:12.1,,,,13:11.80,,22:49.1,28:58.2,,7:43.05,,,,,,,,,,28:12.68,,,,,,,,,,,,,,,,,,,,,,,,,,,,,,,,,,,,,,,,,,,,,,,,,,,,,,,,,,,,,,,,,,,,,,,,,,,,,,,,,,,,,,,,,,,,,,,,,,,,,,,,,,,,,
8675954,Hannah Togami,SOUTH CAROLINA,f,,,,,,,,,,,,,,,,,,,,,,,,,,,,,,,"4.27m 14' 0""",,,,,,,,,,,,,,,,,,,,,,,,,,,,,,,,,,,,,,,,,,,,,,,,,,,,,,,,,,,,,,,,,,,,,,,,,,,,,,,,,,,,,,,,,,,,,,,,,,,,,
8357580,Saqqara Ruffin,CALIFORNIA,f,,,,,,,,,,,,,,,,12.06 (1.5),26.89 (0.2),,,,,,,8.30,13.24 (2.1),,,,,,,,,,,,,,,,,,,,,,,,,,,,,,,,,,,,,,,,,,,,,,,,,,,,,,,,,,,,,,,,,,,,,,,,,,,,,,,,,,,,,,,,,,,,,,,,,,,,,,,,,,,
9250476,Rhet Punt,ABILENE CHRISTIAN,m,,,,,,,,,,,,,,,,,,,,,,,,,,,,"15.02m 49' 3.5""",,,,,"46.47m 152' 5""","64.70m 212' 3""","20.93m 68' 8""",,,,,,,,,,,,,,,,,,,,,,,,,,,,,,,,,,,,,,,,,,,,,,,,,,,,,,,,,,,,,,,,,,,,,,,,,,,,,,,,,,,,,,,,,,,,,,,,,
6586855,Virginia Miller,STANFORD,,,,,,,,,,,,,,,,,,,,,"55.26m 181' 3""",,,,,,,,,,,,,,,,,,,,,,,,,,,,,,,,,,,,,,,,,,,,,,,,,,,,,,,,,,,,,,,,,,,,,,,,,,,,,,,,,,,,,,,,,,,,,,,,,,,,,,,,,,,,,,,,
8239454,Hayden Kuhn,IOWA,m,,,4:09.41,,18:05.4,,3:54.30,13:52.01,8:48.01,24:40.8,31:56.9,,8:02.98,,,,,,,,,,30:38.89,,,,,,,,,,,,,,,,,,,,,,,,,,,,,,,,,,,,,,,,,,,,,,,,,,,,,,,,,,,,,,,,,,,,,,,,,,,,,,,,,,,,,,,,,,,,,,,,,,,,,,,,,,,,,
8691240,Odin Ferency,CHARLESTON SOUTHERN,m,,,,,,,,,,,,,,,,,,,,,,,,,,,,"17.80m 58' 4.75""",,,,,"49.98m 164' 0""","49.30m 161' 9""","16.02m 52' 6.75""",,,,,,,,,,,,,,,,,,,,,,,,,,,,,,,,,,,,,,,,,,,,,,,,,,,,,,,,,,,,,,,,,,,,,,,,,,,,,,,,,,,,,,,,,,,,,,,,,
8975194,Kristopher Stephens,NORFOLK STATE,m,,,,,,,,,,,,,,,,,,,,,"7.51m (1.0) 24' 7.75""","15.64m (1.6) 51' 3.75""",,8.75,,,"2.05m 6' 8.75""",,,,,,,,,,,,,,,,,,,,,,,,,,,,,,,,,,,,,,,,,,,,,,,,,,,,,,,,,,,,,,,,,,,,,,,,,,,,,,,,,,,,,,,,,,,,,,,,,,,,,,,,,
8005948,Cassidy Allen,AKRON,f,,,,,,,,,,,,,,,,,,,,,,"10.13m 33' 3""",,,,,,,,,"4.32m 14' 2""",,,,,,,,,,,,,,,,,,,,,,,,,,,,,,,,,,,,,,,,,,,,,,,,,,,,,,,,,,,,,,,,,,,,,,,,,,,,,,,,,,,,,,,,,,,,,,,,,,,,,
7003048,Bailey Hertenstein,COLORADO,,,2:06.74,4:35.22,,19:11.3,,4:13.48,15:10.98,10:35.79,,,2:51.59,9:19.87,,,,,,,,,,34:21.03,,,,,,,,,,,,,,,,,,,,,,,,,,,,,,,,,,,,,,,,,,,,,,,18:59.8,,,,,,,,,,,,,,,,,,,,,,,,,,,,,,,,,,,,,,,,,,,,,,,,,,,,,,,,,,,,,,
8997257,Damaris Mutunga,IOWA,f,1:26.69,,,,,,,,,,,,,,,,23.74 (0.1),37.80,51.57,,,,,,,,,,,,,,,,,,,,,,,,,,,,,,,,,,,,,,,,,,,,,,,,,,,,,,,,,,,,,,,,,,,,,,,,,,,,,,,,,,,,,,,,,,,,,,,,,,,,,,,,,,,,,,,,,
9007177,Jaicieonna Gero-Holt,ILLINOIS,f,,2:21.46,,,,,,,,,,,,,,,24.67 (3.1),,,"40.97m 134' 5""","5.94m 19' 6""",,,8.54,13.71 (2.4),,"1.88m 6' 2""","14.30m 46' 11""",4466,5994,,,,,,,,,,,,,,,,,,,,,,,,,,,,,,,,,,,,,,,,,,,,,,,,,,,,,,,,,,,,,,,,,,,,,,,,,,,,,,,,,,,,,,,,,,,,,,,,,,,,,,
8678188,Somiyah Braggs,PITTSBURGH,f,,,,,,,,,,,,,,,7.31,11.27 (4.1),23.26 (1.6),39.47,,,,,,,,,,,,,,,,,,,,,,,,,,,,,,,,,,,,,,,,,,,,,,,,,,,,,,,,,,,,,,,,,,,,,,,,,,,,,,,,,,,,,,,,,,,,,,,,,,,,,,,,,,,,,,,,,,
8664451,Victoria Aransiola,NEBRASKA,f,,,,,,,,,,,,,,,7.43,11.43 (4.4),22.87 (1.0),,57.95,,,,,,,,,,,,,,,,,,,,,,,,,,,,,,,,,,,,,,,,,,,,,,,,,,,,,,,,,,,,,,,,,,,,,,,,,,,,,,,,,,,,,,,,,,,,,,,,,,,,,,,,,,,,,,,,,
8107314,Valerie Clark,UTAH STATE,f,,,,,,,,,,,,,,,,,,,,"53.60m 175' 10""",,,,,,,,,,,,,,,,,,,,,,,,,,,,,,,,,,,,,,,,,,,,,,,,,,,,,,,,,,,,,,,,,,,,,,,,,,,,,,,,,,,,,,,,,,,,,,,,,,,,,,,,,,,,,,,,
9255875,Jason Keiser,NAVY,m,,,,,,,,,,,,,,,,,21.49 (2.9),34.96,,,,,,7.99,,53.27,,,,,,13.90 (2.1),,,,,,,,,,,,,,,,,,,,,,,,,,,,,,,,,,,,,,,,,,,,,,,,,,,,,,,,,,,,,,,,,,,,,,,,,,,,,,,,,,,,,,,,,,,,,,,,,,,,
8920567,Joy Naukot,WEST VIRGINIA,f,,,4:36.59,15:48.9,18:59.6,,4:19.78,15:11.91,,,,,8:52.65,,,,,,,,,,31:34.34,,,,,,,,,,,,,,,,,,,,,,,,,,,,,,,,,,,,,,,,,,,,,,,,,,,,,,,,,,,,,,,,,,,,,,,,,,,,,,,,,,,,,,,,,,,,,,,,,,,,,,,,,,,,,
7524772,Isaac Grimes,FLORIDA STATE,,,,,,,,,,,,,,,,6.76,10.55 (1.6),22.51,,49.25,,"8.35m 27' 4.75""","15.75m 51' 8.25""",,,,,,"7.57m 24' 10""",,,,,,,,,,,,,,,,,,,,,,,,,,,,,,,,,,,,,,,,,,,,,,,,,,,,,,,,,,,,,,,,,,,,,,,,,,,,,,,,,,,,,,,,,,,,,,,,,,,,,,,,
8364018,Matthew Rueff,AUBURN,m,,,,,,,,,,,,,,,,,,,,,,,,,,,,"63' 2.5"" 19.26m",,,,,"188' 9"" 57.53m",,"17.03m 55' 10.5""",,,,,,,,,,,,,,,,,,,,,,,,,,,,,,,,,,,,,,,,,,,,,,,,,,,,,,,,,,,,,,,,,,,,,,,,,,,,,,,,,,,,,,,,,,,,,,,,,
9175595,Kayla Goodwin,KANSAS STATE,f,,2:17.55,,,,,,,,,,,,,,,25.54 (1.8),,1:00.16,"40.76m 133' 9""","6.03m (2.2) 19' 9.5""","12.84m 42' 1.5""",,8.81,14.26 (0.9),1:03.20,"1.69m 5' 6.5""","12.25m 40' 2.25""",4018,5476,,,,,,,,,,,1:27.07,,,,,,,,,,,,,,,,,,,,,,,,,,,,,,,,,,,,,,,,,,,,,,,,,,,,,,,,,,,,,,,,,,,,,,,,,,,,,,,,,,,,,,,,,,,
9013071,Josphat Meli,WASHINGTON ST.,m,,,4:07.87,,,,3:52.23,13:47.61,,,,,8:05.49,,,,,,,,,,27:59.27,,,,,,,,,,,,,,,,,,,,,,,,,,,,,,,,,,,,,,,,,,,,,,,,,,,,,,,,,,,,,,,,,,,,,,,,,,,,,,,,,,,,,,,,,,,,,,,,,,,,,,,,,,,,,
8711776,Kameron Horton,WESTERN KENTUCKY,m,,,,,,,,,,,,,,,6.66,10.11 (0.7),20.29 (1.6),,49.36,,,,,7.89,,,,,,,,14.25 (3.5),,,,,,,,,,,,,,,,,,,,,,,,,,,,,,,,,,,,,,,,,,,,,,,,,,,,,,,,,,,,,,,,,,,,,,,,,,,,,,,,,,,,,,,,,,,,,,,,,,,,
7535860,Chris Robinson,ALABAMA,,1:16.71,1:49.52,,,,,,,,,,,,,,,22.03,,45.55,,,,,7.87,,48.36,,,,,,14.14 (-0.7),,,,,,1:05.08,,,1:09.45,,,,,,,,,,,,,,,,,,,,,,,,,,,,,,,,,,,,,,,,,,,,,,,,,,,,,,,,,,,,,,,,,,,,,,,,,,,,,,,,,,,,,,,,,,,
8354857,Helen Baumgarten,DEPAUL,f,,2:39.81,,,,,,,,,,,,,8.02,12.32 (3.2),24.43 (2.8),,,"34.17m 112' 1""","5.88m (0.5) 19' 3.5""",,,8.79,13.47 (1.4),1:04.06,"1.61m 5' 3.25""","9.16m 30' 0.75""",3051,4657,,,,,,,,,,,,,,,,,,,,,,,,,,,,,,,,,,,,,,,,,,,,,,,,,,,,,,,,,,,,,,,,,,,,,,,,,,,,,,,,,,,,,,,,,,,,,,,,,,,,,,
7503401,Joshua Zeller,MICHIGAN,,,,,,,,,,,,,,,,7.04,10.99 (1.1),21.77 (0.7),,,,,,,7.67,,,,,,,,13.19 (1.6),,,,,,,,,,,,,,,,,,,,,,,,,,,,,,,,,,,,,,,,,,,,,,,,,,,,,,,,,,,,,,,,,,,,,,,,,,,,,,,,,,,,,,,,,,,,,,,,,,,,
8676483,Kennedy Martinson,MINNESOTA,f,,2:14.06,,,,,,,,,,,,,,,25.00 (0.7),,,"27.33m 89' 8""","5.72m 18' 9.25""",,,8.41,13.71 (1.1),56.43,"1.70m 5' 7""","10.74m 35' 3""",3995,5326,"3.78m 12' 4.75""",,,,,,,,,,,,,,,,,,,,,,,,,,,,,,,,,,,,,,,,,,,,,,,,,,,,,,,,,,,,,,,,,,,,,,,,,,,,,,,,,,,,,,,,,,,,,,,,,,,,,
7981311,Kenneth Ikeji,HARVARD,,,,,,,,,,,,,,,,,,,,,,,,,,,,,,,,,,"39.35m 129' 1""","77.92m 255' 8""","24.39m 80' 0.25""",,,,,,,,,,,,,,,,,,,,,,,,,,,,,,,,,,,,,,,,,,,,,,,,,,,,,,,,,,,,,,,,,,,,,,,,,,,,,,,,,,,,,,,,,,,,,,,,,
8673951,Jelese Alexander,WICHITA STATE,f,,2:29.05,,,,,,,,,,,,,7.40,,,,,,"6.37m (2.1) 20' 10.75""",,,9.35,,,"1.87m 6' 1.5""","9.65m 31' 8""",3376,,,,,,,,,,,,,,,,,,,,,,,,,,,,,,,,,,,,,,,,,,,,,,,,,,,,,,,,,,,,,,,,,,,,,,,,,,,,,,,,,,,,,,,,,,,,,,,,,,,,,,,
8974013,Grace Degarimore,UTAH VALLEY,f,,,,,,,,,,,,,,,,,,,,"38.33m 125' 9""",,,,,,,,"15.83m 51' 11.25""",,,,,"52.95m 173' 9""","53.14m 174' 4""","17.99m 59' 0.25""",,,,,,,,,,,,,,,,,,,,,,,,,,,,,,,,,,,,,,,,,,,,,,,,,,,,,,,,,,,,,,,,,,,,,,,,,,,,,,,,,,,,,,,,,,,,,,,,,
8995006,Taite Priestley,UTAH STATE,m,,,,,,,,,,,,,,,,,,,,,,,,,,,"2.14m 7' 0.25""",,,,,,,,,,,,,,,,,,,,,,,,,,,,,,,,,,,,,,,,,,,,,,,,,,,,,,,,,,,,,,,,,,,,,,,,,,,,,,,,,,,,,,,,,,,,,,,,,,,,,,,,,
8907497,Eli Kaltreider,SACRAMENTO ST.,m,,,,,,,,,,,,,,,7.36,,,,,,"6.08m 19' 11.5""","13.91m (1.1) 45' 7.75""",,,,,"2.14m 7' 0.25""",,,,,,,,,,,,,,,,,,,,,,,,,,,,,,,,,,,,,,,,,,,,,,,,,,,,,,,,,,,,,,,,,,,,,,,,,,,,,,,,,,,,,,,,,,,,,,,,,,,,,,,,,
9262086,Marianna Wright,FLORIDA,f,,2:17.90,,,,,,,,,,,,,,,,,55.00,,,,,,,58.25,,,,,,,,,,,,,,,,,,,,,,,,,,,,,,,,,,,,,,,,,,,,,,,,,,,,,,,,,,,,,,,,,,,,,,,,,,,,,,,,,,,,,,,,,,,,,,,,,,,,,,,,,,
8905150,Reagan Gilmore,FLORIDA,f,,,4:51.96,17:00.4,20:11.6,,4:13.22,15:51.14,,,,,9:08.35,,,,,,,,,,33:38.46,,,,,,,,,,,,,,,,,,,,,,,,,,,,,,,,,,,,,,,,,,,,,,,,,,,,,,,,,,,,,,,,,,,,,,,,,,,,,,,,,,,,,,,,,,,,,,,,,,,,,,,,,,,,,
8674797,Ainsley Hamsher,YOUNGSTOWN ST.,f,,,,,,,,,,,,,,,,,,,,,,,,,,,,,,,"4.30m 14' 1.25""",,,,,,,,,,,,,,,,,,,,,,,,,,,,,,,,,,,,,,,,,,,,,,,,,,,,,,,,,,,,,,,,,,,,,,,,,,,,,,,,,,,,,,,,,,,,,,,,,,,,,
8712623,Oludoyin Soremi,FLORIDA STATE,f,,,,,,,,,,,,,,,,,23.16 (2.1),,58.96,,,,,,,,,,,,,,,,,,,,,,,,,,,,,,,,,,,,,,,,,,,,,,,,,,,,,,,,,,,,,,,,,,,,,,,,,,,,,,,,,,,,,,,,,,,,,,,,,,,,,,,,,,,,,,,,,
8995143,Norah Nwonumah,HOUSTON,f,,,,,,,,,,,,,,,7.73,11.73 (3.4),23.23 (3.0),,,,,,,,,,,,,,,,,,,,,,,,,,,,,,,,,,,,,,,,,,,,,,,,,,,,,,,,,,,,,,,,,,,,,,,,,,,,,,,,,,,,,,,,,,,,,,,,,,,,,,,,,,,,,,,,,,,
8354292,Shelby Moran,OREGON,,,,,,,,,,,,,,,,,,,,,,,,,,,,,,,,,,"57.28m 187' 11""","70.02m 229' 9""",,,,,,,,,,,,,,,,,,,,,,,,,,,,,,,,,,,,,,,,,,,,,,,,,,,,,,,,,,,,,,,,,,,,,,,,,,,,,,,,,,,,,,,,,,,,,,,,,,
8705109,Michael Scherk,DUKE,m,,,,,,,,,,,,,,,7.03,11.33 (-0.5),,36.19,,,,,,7.81,,,,,,,,13.69 (1.8),,,,,,,,,,,,,,,,,,,,,,,,,,,,,,,,,,,,,,,,,,,,,,,,,,,,,,,,,,,,,,,,,,,,,,,,,,,,,,,,,,,,,,,,,,,,,,,,,,,,
7731978,Ryan Willie,FLORIDA,,,,,,,,,,,,,,,,,,20.51 (1.3),32.91,44.25,,,,,,,,,,,,,,,,,,,,,,,,,,,,,,,,,,,,,,,,,,,,,,,,,,,,,,,,,,,,,,,,,,,,,,,,,,,,,,,,,,,,,,,,,,,,,,,,,,,,,,,,,,,,,,,,,
8721456,Chukwunonso Udeh,CALIFORNIA,m,,,,,,,,,,,,,,,6.92,10.62 (1.5),,,,,"7.62m (1.5) 25' 0""","13.98m 45' 10.5""",,,,,"1.90m 6' 2.75""",,,,,16.05 (+0.0),,,,,,,,,,,,,,,,,,,,,,,,,,,,,,,,,,,,,,,,,,,,,,,,,,,,,,,,,,,,,,,,,,,,,,,,,,,,,,,,,,,,,,,,,,,,,,,,,,,,
8321238,Shane Gardner,PENN,m,,,,,,,,,,,,,,,6.98,10.88 (2.1),21.86 (0.9),,53.19,,,,,7.69,,,,,,,,13.68 (2.0),,,,,,,,,,,,,,,,,,,,,,,,,,,,,,,,,,,,,,,,,,,,,,,,,,,,,,,,,,,,,,,,,,,,,,,,,,,,,,,,,,,,,,,,,,,,,,,,,,,,
8255866,Tanner Talley,KANSAS,m,,1:48.57,3:58.96,,18:33.6,,3:38.82,,,23:53.3,30:08.6,2:27.94,8:40.48,,,,,,,,,,,,,,,,,,,,,,,,24:57.5,,,,,,,,,,,,,,,,,,,,,,,,,,,,,,,,,,,,,,,,,,,,,,,,,,,,,,,,,,,,,,,,,,,,,,,,,,,,,,,,,,,,,,,,,,,,,,,
9166751,Henry Dixon,MICHIGAN,m,,1:49.37,3:56.81,15:29.8,,,3:38.70,,,,,,,,,,,,,,,,,,,,,,,,,,,,,,,,,,,,,,,,,,,,,,,,,,,,,,,,,,,,,,,,,,,,,,,,,,,,,,,,,,,,,,,,,,,,,,,,,,,,,,,,,,,,,,,,,,,,,,,,,,,,,
9265578,Treasure Vallerie,UT-RIO GRANDE VALLEY,f,,,,,,,,,,,,,,,8.44,,24.02 (1.6),,52.35,,,,,,,,,,,,,,,,,,,,,,,,,,,,,,,,,,,,,,,,,,,,,,,,,,,,,,,,,,,,,,,,,,,,,,,,,,,,,,,,,,,,,,,,,,,,,,,,,,,,,,,,,,,,,,,,,
8352192,Ali Sahaida,CALIFORNIA,f,,,,,,,,,,,,,,,,,,,,,,,,,,,,,,,"4.56m 14' 11.5""",,,,,,,,,,,,,,,,,,,,,,,,,,,,,,,,,,,,,,,,,,,,,,,,,,,,,,,,,,,,,,,,,,,,,,,,,,,,,,,,,,,,,,,,,,,,,,,,,,,,,
7930058,Justin Robinson,ARIZONA STATE,,,,,,,,,,,,,,,,6.76,10.49 (+0.0),20.37 (1.7),32.52,44.51,,,,,,,,,,,,,,,,,,,,,,,,,,,,,,,,,,,,,,,,,,,,,,,,,,,,,,,,,,,,,,,,,,,,,,,,,,,,,,,,,,,,,,,,,,,,,,,,,,,,,,,,,,,,,,,,,
7980941,Isabelle Esler,NOTRE DAME,f,,,,,,,,,,,,,,,,,,,,"53.35m 175' 0""",,,,,,,,,,,,,,,,,,,,,,,,,,,,,,,,,,,,,,,,,,,,,,,,,,,,,,,,,,,,,,,,,,,,,,,,,,,,,,,,,,,,,,,,,,,,,,,,,,,,,,,,,,,,,,,,
7531874,Cameron Miller,PURDUE,,,,,,,,,,,,,,,,6.77,10.25 (2.6),19.93 (2.9),32.43,,,,,,,,,,,,,,,,,,,,,,,,,,,,,,,,,,,,,,,,,,,,,,,,,,,,,,,,,,,,,,,,,,,,,,,,,,,,,,,,,,,,,,,,,,,,,,,,,,,,,,,,,,,,,,,,,,
8714489,Tima Godbless,LSU,f,,,,,,,,,,,,,,,7.08,10.91 (1.2),22.55 (-0.3),,,,,,,,,,,,,,,,,,,,,,,,,,,,,,,,,,,,,,,,,,,,,,,,,,,,,,,,,,,,,,,,,,,,,,,,,,,,,,,,,,,,,,,,,,,,,,,,,,,,,,,,,,,,,,,,,,,
8317998,Jamora Alves,ST. JOHN'S,f,,,,,,,,,,,,,,,,,33.25 (+0.0),,,"38.35m 125' 10""",,,,,,,,"15.69m 51' 5.75""",,,,,"57.56m 188' 10""",,"17.31m 56' 9.5""",,,,,,,,,,,,,,,,,,,,,,,,,,,,,,,,,,,,,,,,,,,,,,,,,,,,,,,,,,,,,,,,,,,,,,,,,,,,,,,,,,,,,,,,,,,,,,,,,
8973152,Brooke Wisdom,ST. THOMAS (MINN.),f,,,,,,,,,,,,,,,,,,,,,"5.32m 17' 5.5""","11.41m 37' 5.25""",,,,,,,,,"4.20m 13' 9.25""",,,,,,,,,,,,,,,,,,,,,,,,,,,,,,,,,,,,,,,,,,,,,,,,,,,,,,,,,,,,,,,,,,,,,,,,,,,,,,,,,,,,,,,,,,,,,,,,,,,,,
9245121,Colton Andress,TARLETON STATE,m,,,,,,,,,,,,,,,,,,,,,,,,,,,"2.11m 6' 11""",,,,,,,,,,,,,,,,,,,,,,,,,,,,,,,,,,,,,,,,,,,,,,,,,,,,,,,,,,,,,,,,,,,,,,,,,,,,,,,,,,,,,,,,,,,,,,,,,,,,,,,,,
7718984,Ramsey Hunt,EASTERN ILLINOIS,,,,,,,,5:23.60,,,,,,,,7.08,11.26 (2.4),23.21,,52.23,"56.82m 186' 5""","7.96m (+0.0) 26' 1.5""","14.79m (1.6) 48' 6.25""",,8.69,,,"1.95m 6' 4.75""","10.22m 33' 6.5""",,,"2.82m 9' 3""",14.96 (1.8),"27.84m 91' 4""",,,5797,,,,,,,,,,,,,,,,,,,,,,,,,,,,,,,,,,,,,,,,,,,,,,,,,,,,,,,,,,,,,,,,,,,,,,,,,,,,,,,,,,,,,,,,,,,,,,,,
9272252,Romi Tamir,ILLINOIS,f,,,,,,,,,,,,,,,,,,,,,"6.34m (0.7) 20' 9.75""","13.50m 44' 3.5""",,,,,,,,,,,,,,,,,,,,,,,,,,,,,,,,,,,,,,,,,,,,,,,,,,,,,,,,,,,,,,,,,,,,,,,,,,,,,,,,,,,,,,,,,,,,,,,,,,,,,,,,,,,,,,
9172207,Colby Jenks,WEBER STATE,m,1:20.20,1:47.69,4:26.47,,,,3:51.04,,9:50.24,,,2:27.46,,,,,,,,,,,,,,53.48,,,,,,,,,,,,,,,,,,,,,,,,,,,,,,,,,,,,,,,,,,,,,,,,,,,,,,,,,,,,,,,,,,,,,,,,,,,,,,,,,,,,,,,,,,,,,,,,,,,,,,,,,,
9249801,Miller Mabury,CINCINNATI,m,,2:08.87,,,,,4:44.58,,,,,2:50.39,,,7.14,11.16 (2.1),,,50.60,"49.24m 161' 6""","7.58m (3.6) 24' 10.5""",,,8.34,,,"1.96m 6' 5""","13.11m 43' 0.25""",,5427,"4.15m 13' 7.25""",14.74 (1.6),"36.48m 119' 8""",,,7045,,,,,,,,,,,,,,,,,,,,,,,,,,,,,,,,,,,,,,,,,,,,,,,,,,,,,,,,,,,,,,,,,,,,,,,,,,,,,,,,,,,,,,,,,,,,,,,,
9082018,Eman Goodloe,LONG BEACH ST.,m,,,,,,,,,,,,,,,,,,,,,,,,,,,,"14.64m 48' 0.5""",,,,,"42.40m 139' 1""","64.03m 210' 1""","19.05m 62' 6""",,,,,,,,,,,,,,,,,,,,,,,,,,,,,,,,,,,,,,,,,,,,,,,,,,,,,,,,,,,,,,,,,,,,,,,,,,,,,,,,,,,,,,,,,,,,,,,,,
8237935,Ari Trimble,UTAH VALLEY,f,,2:19.07,4:55.37,16:44.4,19:58.2,16:00.0,4:40.41,16:42.06,,,,,9:51.86,,,,,,,,,,33:45.29,,,,,,,,,,,,,,,,,,,,,,,,,,,,,,,,14:26.6,,,,,,,,,,21:20.3,,,,,,,,,,,,,,,,,,,,,,,,,,,,,,,,,,,,,,,,,,,,,,,,,,,,,,,,,,,,,,,,,,,
8246876,Justin Mumford,NAVY,m,,,4:10.11,16:09.0,,,,13:46.64,,23:18.5,29:28.9,,7:57.42,,,,,,,,,,29:01.38,,,,,,,,,,,,,,25:34.2,,,,,,,,,,,,,,,26:51.4,,,,,,,,,,,,,,,,,,,,,,,,,,,,,,,,,,,,,,,,,23:37.2,25:55.9,,,,,,,,,,,,,,,,,,,,,,,,,,,,,,,,,,,,,,
9164150,Kaleb Burroughs,SOUTH CAROLINA,m,1:19.89,1:46.78,4:05.28,,,,3:42.28,,,,,2:23.80,,,,,,,,,,,,,,,,,,,,,,,,,,,,,,,,,,,,,,,,,,,,,,,,,,,,,,,,,,,,,,,,,,,,,,,,,,,,,,,,,,,,,,,,,,,,,,,,,,,,,,,,,,,,,,,,,,,,,,,,
7730778,Riley Elliott,STEPHEN F. AUSTIN,m,,1:51.07,4:02.62,14:31.9,18:37.4,15:08.5,3:40.01,14:19.61,,23:01.2,30:38.9,,8:17.41,,,,,,,,,,,,,,,,,,,,,,,,,,,,,,,,,,,,,,,,,,,,,,,,,,,,,,,,,,,,,,,,,,,,,,,,,,,,,,,,,,,,,,,,,,,,,,,,,,,,,,,,,,15:50.8,,,,,,,,,,,,,
8324597,Sara Borton,WASHINGTON,f,,,,,,,,,,,,,,,,,,,,,,,,,,,,,,,"4.40m 14' 5.25""",,,,,,,,,,,,,,,,,,,,,,,,,,,,,,,,,,,,,,,,,,,,,,,,,,,,,,,,,,,,,,,,,,,,,,,,,,,,,,,,,,,,,,,,,,,,,,,,,,,,,
8994355,Camryn Harris,CSUN,f,,,,,,,,,,,,,,,,,,,,,"5.60m 18' 4.5""","12.86m (+0.0) 42' 2.25""",,,,,,,,,,,,,,,,,,,,,,,,,,,,,,,,,,,,,,,,,,,,,,,,,,,,,,,,,,,,,,,,,,,,,,,,,,,,,,,,,,,,,,,,,,,,,,,,,,,,,,,,,,,,,,
9281446,Miles Clark,CALIFORNIA,m,,,,,,,,,,,,,,,,,,,,,,,,,,,,,,,,,,"62.49m 205' 0""","19.49m 63' 11.5""",,,,,,,,,,,,,,,,,,,,,,,,,,,,,,,,,,,,,,,,,,,,,,,,,,,,,,,,,,,,,,,,,,,,,,,,,,,,,,,,,,,,,,,,,,,,,,,,,
7730797,Sara Killinen,VIRGINIA TECH,,,,,,,,,,,,,,,,,,,,,,,,,,,,,,,,,,,"71.02m 233' 0""","22.76m 74' 8.25""",,,,,,,,,,,,,,,,,,,,,,,,,,,,,,,,,,,,,,,,,,,,,,,,,,,,,,,,,,,,,,,,,,,,,,,,,,,,,,,,,,,,,,,,,,,,,,,,,
8996692,Sole Frederick,GEORGIA,f,,,,,,,,,,,,,,,,11.52 (2.7),23.12 (2.2),37.18,51.88,,,,,,,,,,,,,,,,,,,,,,,,,,,,,,,,,,,,,,,,,,,,,,,,,,,,,,,,,,,,,,,,,,,,,,,,,,,,,,,,,,,,,,,,,,,,,,,,,,,,,,,,,,,,,,,,,
8370630,Sariyah Horne-Kemp,NORTHERN ARIZONA,f,,,,,,,,,,,,,,,,,,,,,,,,,,,,"13.20m 43' 3.75""",,,,,"50.13m 164' 6""","60.10m 197' 2""","19.60m 64' 3.75""",,,,,,,,,,,,,,,,,,,,,,,,,,,,,,,,,,,,,,,,,,,,,,,,,,,,,,,,,,,,,,,,,,,,,,,,,,,,,,,,,,,,,,,,,,,,,,,,,
9005664,Cooper Rodgers,MISS STATE,m,,,,,,,,,,,,,,,6.98,,21.17 (3.0),,46.77,,,,,,,,,,,,,,,,,,,,,,,,,,,,,,,,,,,,,,,,,,,,,,,,,,,,,,,,,,,,,,,,,,,,,,,,,,,,,,,,,,,,,,,,,,,,,,,,,,,,,,,,,,,,,,,,,
9281016,Justine Kipkoech,COLORADO,m,,,3:58.87,,,,,13:24.80,,,,,,,,,,,,,,,,,,,,,,,,,,,,,,,,,,,,,,,,,,,,,,,,,,,,,,,,,,,,,,,,,,,,,,,,,,,,,,,,,,,,,,,,,,,,,,,,,,,,,,,,,,,,,,,,,,,,,,,,,,,,
9000466,Janae De Gannes,BAYLOR,f,,,,,,,,,,,,,,,7.52,11.18 (2.8),,,,,"6.72m (2.2) 22' 0.75""",,,,,,,,,,,,,,,,,,,,,,,,,,,,,,,,,,,,,,,,,,,,,,,,,,,,,,,,,,,,,,,,,,,,,,,,,,,,,,,,,,,,,,,,,,,,,,,,,,,,,,,,,,,,,,,
7495470,Randolph Ross,N. CAROLINA A&T,,,,,,,,,,,,,,,,,10.30 (2.3),20.26 (1.7),,43.85,,,,,,,,"2.05m 6' 8.75""",,,,,,,,,,,,,,,,,,,,,,,,,,,,,,,,,,,,,,,,,,,,,,,,,,,,,,,,,,,,,,,,,,,,,,,,,,,,,,,,,,,,,,,,,,,,,,,,,,,,,,,,,
7719803,Kenna Curry,NORTH DAKOTA,,,,,,,,,,,,,,,,,,,,,,,,,,,,,"16.36m 53' 8.25""",,,,,"56.02m 183' 9""","68.16m 223' 7""","22.87m 75' 0.5""",,,,,,,,,,,,,,,,,,,,,,,,,,,,,,,,,,,,,,,,,,,,,,,,,,,,,,,,,,,,,,,,,,,,,,,,,,,,,,,,,,,,,,,,,,,,,,,,,
8333252,Collin Forrest,INDIANA STATE,m,,,,,,,,,,,,,,,,,22.25 (3.0),,,,,,,7.91,,,,,,,,13.75 (3.3),,,,,,,,,,,,,,,,,,,,,,,,,,,,,,,,,,,,,,,,,,,,,,,,,,,,,,,,,,,,,,,,,,,,,,,,,,,,,,,,,,,,,,,,,,,,,,,,,,,,
8717163,Dennis Kipruto,ALABAMA,m,,,,,,,,13:24.36,,22:37.9,28:57.4,,7:56.24,,,,,,,,,,27:58.10,,,,,,,,,,,,,,,,,,,,23:14.3,,,,,,,,,,,,,,,,,,,,,,,23:22.1,,,,,,,,,,,,,,,,,,,,,,,,,,,,,,,,,,,,,,,,,,,,,,,,,,,,,,,,,,,,,,,,,,
8691779,Khristian Watson,ALABAMA,m,,,,,,,,,,,,,,,,,,,,,,,,,,,"2.17m 7' 1.5""",,,,,,,,,,,,,,,,,,,,,,,,,,,,,,,,,,,,,,,,,,,,,,,,,,,,,,,,,,,,,,,,,,,,,,,,,,,,,,,,,,,,,,,,,,,,,,,,,,,,,,,,,
8333602,Simon Seid,KENNESAW STATE,m,,,,,,,,,,,,,,,,,,,,,,,,,,,,,,,"5.36m 17' 7""",,,,,,,,,,,,,,,,,,,,,,,,,,,,,,,,,,,,,,,,,,,,,,,,,,,,,,,,,,,,,,,,,,,,,,,,,,,,,,,,,,,,,,,,,,,,,,,,,,,,,
9273510,Elliot Ryba,PURDUE,m,,,,,,,,,,,,,,,,,,,,,,,,,,,"2.16m 7' 1""",,,,,,,,,,,,,,,,,,,,,,,,,,,,,,,,,,,,,,,,,,,,,,,,,,,,,,,,,,,,,,,,,,,,,,,,,,,,,,,,,,,,,,,,,,,,,,,,,,,,,,,,,
7983382,Tristan Boatman,SAINT LOUIS,m,,,,,,,,,,,,,,,,,,,,,,,,,,,,"16.10m 52' 10""",,,,,"42.93m 140' 10""","64.07m 210' 2""","19.10m 62' 8""",,,,,,,,,,,,,,,,,,,,,,,,,,,,,,,,,,,,,,,,,,,,,,,,,,,,,,,,,,,,,,,,,,,,,,,,,,,,,,,,,,,,,,,,,,,,,,,,,
8352184,Luke Buddie,CALIFORNIA,m,,,,,,,4:39.65,,,,,2:45.44,,,7.24,11.17 (2.2),23.27 (2.7),36.97,51.53,"56.09m 184' 0""","7.06m (0.8) 23' 2""",,,8.52,,,"2.00m 6' 6.75""","13.05m 42' 9.75""",,5329,"4.50m 14' 9""",15.07 (0.9),"40.17m 131' 9""",,,7266,,,,,,,,,,,,,,,,,,,,,,,,,,,,,,,,,,,,,,,,,,,,,,,,,,,,,,,,,,,,,,,,,,,,,,,,,,,,,,,,,,,,,,,,,,,,,,,,
8344400,Ava Fitzgerald,SACRAMENTO ST.,f,,,,,,,,,,,,,,,7.73,11.96 (1.4),24.72 (1.1),,,,,,,8.29,13.15 (2.4),,,,,,,,,,,,,,,,,,,,,,,,,,,,,,,,,,,,,,,,,,,,,,,,,,,,,,,,,,,,,,,,,,,,,,,,,,,,,,,,,,,,,,,,,,,,,,,,,,,,,,,,,,,
7654872,Luke Jackson,DUKE,,,,,,,,,,,,,,,,,,,,,"74.35m 243' 11""",,,,,,,,,,,,,,,,,,,,,,,,,,,,,,,,,,,,,,,,,,,,,,,,,,,,,,,,,,,,,,,,,,,,,,,,,,,,,,,,,,,,,,,,,,,,,,,,,,,,,,,,,,,,,,,,
8682790,Joey Perry,NORTHERN IOWA,f,,2:14.83,,,,,,,,,,,,,8.07,,23.80 (3.1),,56.84,"32.66m 107' 2""","6.12m (1.9) 20' 1""",,,8.82,13.67 (5.6),58.11,"1.76m 5' 9.25""","11.84m 38' 10.25""",3953,5674,,,,,,,,,,,,,,,,,,,,,,,,,,,,,,,,,,,,,,,,,,,,,,,,,,,,,,,,,,,,,,,,,,,,,,,,,,,,,,,,,,,,,,,,,,,,,,,,,,,,,,
9272244,Emma Haeggblom,ILLINOIS,f,,,,,,,,,,,,,,,,,,,,,,,,,,,"1.81m 5' 11.25""",,,,,,,,,,,,,,,,,,,,,,,,,,,,,,,,,,,,,,,,,,,,,,,,,,,,,,,,,,,,,,,,,,,,,,,,,,,,,,,,,,,,,,,,,,,,,,,,,,,,,,,,,
8710576,Mckenzie Fairchild,TEXAS A&M,f,,,,,,,,,,,,,,,,,,,,"55.04m 180' 7""",,,,,,,"5' 0"" 1.52m","12.59m 41' 3.75""",,,,,"133' 4"" 40.64m","28.78m 94' 5""",,,,,,,,,,,,,,,,,,,,,,,,,,,,,,,,,,,,,,,,,,,,,,,,,,,,,,,,,,,,,,,,,,,,,,,,,,,,,,,,,,,,,,,,,,,,,,,,,,
8671757,Jacob Cookinham,ILLINOIS,,,,,,,,,,,,,,,,,,,,,,,,,,,,,"19.59m 64' 3.25""",,,,,,,,,,,,,,,,,,,,,,,,,,,,,,,,,,,,,,,,,,,,,,,,,,,,,,,,,,,,,,,,,,,,,,,,,,,,,,,,,,,,,,,,,,,,,,,,,,,,,,,,
8986542,Mikensi Smith,BYU,f,,,,,,,,,,,,,,,7.71,11.87 (3.0),24.25 (2.0),,,,,,,,,,,,,,,,,,,,,,,,,,,,,,,,,,,,,,,,,,,,,,,,,,,,,,,,,,,,,,,,,,,,,,,,,,,,,,,,,,,,,,,,,,,,,,,,,,,,,,,,,,,,,,,,,,,
7981350,Ashlyn Giles,HIGH POINT,f,,,,,,,,,,,,,,,,,,,,"38.77m 127' 2""",,,,,,,,"16.73m 54' 10.75""",,,,,"53.13m 174' 4""","50.18m 164' 7""","16.84m 55' 3""",,,,,,,,,,,,,,,,,,,,,,,,,,,,,,,,,,,,,,,,,,,,,,,,,,,,,,,,,,,,,,,,,,,,,,,,,,,,,,,,,,,,,,,,,,,,,,,,,
8321296,Zorawar Otal,DUKE,,,,,,,,,,,,,,,,,,,,,,,,,,,,,,,,,,"62.77m 205' 11""",,,,,,,,,,,,,,,,,,,,,,,,,,,,,,,,,,,,,,,,,,,,,,,,,,,,,,,,,,,,,,,,,,,,,,,,,,,,,,,,,,,,,,,,,,,,,,,,,,,
9246961,Anouk Krause-Jentsch,TEXAS,f,1:34.54,2:15.93,,,,,,,,,,,,,,,,38.41,53.04,,,,,,,56.40,,,,,,,,,,,,,,,1:19.81,,,,,,,,,,,,,,,,,,,,,,,,,,,,,,,,,,,,,,,,,,,,,,,,,,,,,,,,,,,,,,,,,,,,,,,,,,,,,,,,,,,,,,,,,,,
9260853,Adriana Kruzmane,MIAMI (FLA.),f,,,,,,,,,,,,,,,,,,,,,"6.12m (3.6) 20' 1""","13.48m (2.9) 44' 2.75""",,,,,,,,,,,,,,,,,,,,,,,,,,,,,,,,,,,,,,,,,,,,,,,,,,,,,,,,,,,,,,,,,,,,,,,,,,,,,,,,,,,,,,,,,,,,,,,,,,,,,,,,,,,,,,
8980615,Thea Dahl,MANHATTAN,f,,,,,,,,,,,,,,,,,,,,,,,,,,,,"10.78m 35' 4.5""",,,,,,"58.51m 191' 11""","17.02m 55' 10.25""",,,,,,,,,,,,,,,,,,,,,,,,,,,,,,,,,,,,,,,,,,,,,,,,,,,,,,,,,,,,,,,,,,,,,,,,,,,,,,,,,,,,,,,,,,,,,,,,,
8360333,Jaleel Croal,SOUTH FLORIDA,m,,,,,,,,,,,,,,,6.61,9.75 (6.0),19.95 (1.4),,47.96,,,,,,,,,,,,,,,,,,,,,,,,,,,,,,,,,,,,,,,,,,,,,,,,,,,,,,,,,,,,,,,,,,,,,,,,,,,,,,,,,,,,,,,,,,,,,,,,,,,,,,,,,,,,,,,,,
9067408,Roman Spikes,MARYLAND,m,,,,,,,,,,,,,,,,10.37 (0.3),20.58 (2.3),,,,,,,,,,,,,,,,,,,,,,,,,,,,,,,,,,,,,,,,,,,,,,,,,,,,,,,,,,,,,,,,,,,,,,,,,,,,,,,,,,,,,,,,,,,,,,,,,,,,,,,,,,,,,,,,,,,
8020082,David Foster,TEXAS A&M,m,,,,,,,,,,,,,,,6.54,9.91 (2.9),21.16 (1.6),,,,,,,,,,,,,,,,,,,,,,,,,,,,,,,,,,,,,,,,,,,,,,,,,,,,,,,,,,,,,,,,,,,,,,,,,,,,,,,,,,,,,,,,,,,,,,,,,,,,,,,,,,,,,,,,,,,
7974869,Khyland Wallace,OKLAHOMA,m,,,,,,,,,,,,,,,6.79,10.60 (0.7),,,,,"7.53m (2.4) 24' 8.5""",,,,,,,,,,,,,,,,,,,,,,,,,,,,,,,,,,,,,,,,,,,,,,,,,,,,,,,,,,,,,,,,,,,,,,,,,,,,,,,,,,,,,,,,,,,,,,,,,,,,,,,,,,,,,,,
6984395,Riley Felts,CHARLOTTE,,,,,,,,,,,,,,,,,,,,,,,,,,,,,,,,"4.55m 14' 11""",,,,,,,,,,,,,,,,,,,,,,,,,,,,,,,,,,,,,,,,,,,,,,,,,,,,,,,,,,,,,,,,,,,,,,,,,,,,,,,,,,,,,,,,,,,,,,,,,,,,,
8369954,Logan Hubler,BYU,m,,,,,,,,,,,,,,,6.91,10.90 (-0.2),21.07,33.86,48.26,,,,,7.82,,50.33,,,,,,14.01 (0.5),,,,,,,,,,,,,,,,,,8.28,,,,,,,,,,,,,,,,,,,,,,,,,,,,,,,,,,,,,,,,,,,,,,,,,,,,,,,,,,,,,,,,,,,,,,,,,,,,,,,,,,
8671491,Nathan Lebowitz,YALE,m,,,,,,,,,,,,,,,,,,,,"48.89m 160' 5""",,,,,,,,"13.45m 44' 1.5""",,,,,"54.71m 179' 6""","38.26m 125' 6""","17.25m 56' 7.25""",,,,,,,,,,,,,,,,,,,,,,,,,,,,,,,,,,,,,,,,,,,,,,,,,,,,,,,,,,,,,,,,,,,,,,,,,,,,,,,,,,,,,,,,,,,,,,,,,
8805766,Reuben Booysen,SOUTH ALABAMA,m,,,,,,,,,,,,,,,,,,,,"72.45m 237' 8""",,,,,,,,"15.22m 49' 11.25""",,,,,"44.05m 144' 6""","62.08m 203' 8""","13.87m 45' 6.25""",,,,,,,,,,,,,,,,,,,,,,,,,,,,,,,,,,,,,,,,,,,,,,,,,,,,,,,,,,,,,,,,,,,,,,,,,,,,,,,,,,,,,,,,,,,,,,,,,
8330891,Jakob Nutzel,QUEENS (N.C.),m,,,,,,,,,,,,,,,,,,,,,,,,,,,,"14.56m 47' 9.25""",,,,,"57.69m 189' 3""","35.23m 115' 7""","14.10m 46' 3.25""",,,,,,,,,,,,,,,,,,,,,,,,,,,,,,,,,,,,,,,,,,,,,,,,,,,,,,,,,,,,,,,,,,,,,,,,,,,,,,,,,,,,,,,,,,,,,,,,,
8989571,Colin Madison,TULSA,m,1:20.83,,,,,,,,,,,,,,,,,35.14,47.47,,,,,8.35,,50.80,,,,,,,,,,,,,,,1:10.44,,,,,,,,,,,,,,,,,,,,,,,,,,,,,,,,,,,,,,,,,,,,,,,,,,,,,,,,,,,,,,,,,,,,,,,,,,,,,,,,,,,,,,,,,,,
9000470,Aaryona Kinchen,BAYLOR,f,,,,,,,,,,,,,,,,,24.06 (3.4),39.00,54.32,,,,,,,,,,,,,,,,,,,,,,,,,,,,,,,,,,,,,,,,,,,,,,,,,,,,,,,,,,,,,,,,,,,,,,,,,,,,,,,,,,,,,,,,,,,,,,,,,,,,,,,,,,,,,,,,,
9334879,Brendan Clark,UC IRVINE,m,,,,,,,,,,,,,,,,,21.43 (0.5),,47.14,,,,,,,,,,,,,,,,,,,,,,,,,,,,,,,,,,,,,,,,,,,,,,,,,,,,,,,,,,,,,,,,,,,,,,,,,,,,,,,,,,,,,,,,,,,,,,,,,,,,,,,,,,,,,,,,,
8996684,Manuela Rotundo,GEORGIA,,,,,,,,,,,,,,,,,,,,,"64.17m 210' 6""",,,,,,,,,,,,,,,,,,,,,,,,,,,,,,,,,,,,,,,,,,,,,,,,,,,,,,,,,,,,,,,,,,,,,,,,,,,,,,,,,,,,,,,,,,,,,,,,,,,,,,,,,,,,,,,,
9251748,Jayden Thrower,MISS STATE,m,,,,,,,,,,,,,,,,,,,,,"7.03m (1.2) 23' 0.75""","15.60m (0.9) 51' 2.25""",,,,,,,,,,,,,,,,,,,,,,,,,,,,,,,,,,,,,,,,,,,,,,,,,,,,,,,,,,,,,,,,,,,,,,,,,,,,,,,,,,,,,,,,,,,,,,,,,,,,,,,,,,,,,,
8329649,Abigail Meckes,VIRGINIA,f,,,,,,,,,,,,,,,,,,,,"47.83m 156' 11""",,,,,,,,,,,,,,,,,,,,,,,,,,,,,,,,,,,,,,,,,,,,,,,,,,,,,,,,,,,,,,,,,,,,,,,,,,,,,,,,,,,,,,,,,,,,,,,,,,,,,,,,,,,,,,,,
8331804,Tajh Jones,INCARNATE WORD,m,,,,,,,,,,,,,,,,,,,,,"7.66m (3.9) 25' 1.75""","12.80m (2.1) 42' 0""",,,,,,,,,,,,,,,,,,,,,,,,,,,,,,,,,,,,,,,,,,,,,,,,,,,,,,,,,,,,,,,,,,,,,,,,,,,,,,,,,,,,,,,,,,,,,,,,,,,,,,,,,,,,,,
6995300,Josh Sobota,KENTUCKY,,,,,,,,,,,,,,,,,,,,,,,,,,,,,"20.88m 68' 6""",,,,,"58.44m 191' 9""","43.35m 142' 3""",,,,,,,,,,,,,,,,,,,,,,,,,,,,,,,,,,,,,,,,,,,,,,,,,,,,,,,,,,,,,,,,,,,,,,,,,,,,,,,,,,,,,,,,,,,,,,,,,,
7908135,Carlee Hansen,BYU,f,1:33.10,2:05.57,4:33.04,17:25.0,19:57.6,,4:07.64,15:43.54,,,,2:46.39,9:04.83,,,,,,,,,,,,,,,,,,,,,,,,,,,,,,,,,,,,,,,,,,,,,,,,,,,,,,,,,,,,,,,,,,,,,,,,17:58.7,,,,,,,,,,,,,,,,,,,,,,,,,,,,,,,,,,,,,,,,,,,,,,,
8972217,Max Armstrong,OLE MISS,m,1:15.11,1:46.06,,,,,,,,,,,,,,,,,47.51,,,,,,,,,,,,,,,,,,,,,,,,,,,,,,,,,,,,,,,,,,,,,,,,,,,,,,,,,,,,,,,,,,,,,,,,,,,,,,,,,,,,,,,,,,,,,,,,,,,,,,,,,,,,,,,,,
7990003,Adam Smith,NORTH CAROLINA,m,,,,,,,,,,,,,,,,,,,,"52.12m 171' 0""",,,,,,,,"15.39m 50' 6""",,,,,"55.83m 183' 2""",,,,,,,,,,,,,,,,,,,,,,,,,,,,,,,,,,,,,,,,,,,,,,,,,,,,,,,,,,,,,,,,,,,,,,,,,,,,,,,,,,,,,,,,,,,,,,,,,,,
6583856,Jordan Geist,ARIZONA,,,,,,,,,,,,,,,,,,,,,,,,,,,,,"21.59m 70' 10""",,,,,"57.56m 188' 10""","75.97m 249' 3""","22.24m 72' 11.75""",,,,,,,,,,,,,,,,,,,,,,,,,,,,,,,,,,,,,,,,,,,,,,,,,,,,,,,,,,,,,,,,,,,,,,,,,,,,,,,,,,,,,,,,,,,,,,,,,
7717276,Dylan Schubert,FURMAN,,,,3:58.38,14:02.9,,,3:42.33,13:17.89,,23:25.3,28:39.6,,7:52.82,,,,,,,,,,27:45.63,,,,,,,,,,,,,,23:57.4,,,,,,,,,,,,,,,,,,,,,,,,,,,,,,,,,,,,,,,,,,,,,,,,,,,,,,,,,,,,,,,,,,,,,,,,,,,,,,,,,,,,,,,,,,,,,,,
8327529,Brian Luciano,BINGHAMTON,m,,,,,,,,,,,,,,,,,,,,,,,,,,,,"13.49m 44' 3.25""",,,,,"47.57m 156' 1""","67.04m 219' 11""","21.70m 71' 2.5""",,,,,,,,,,,,,,,,,,,,,,,,,,,,,,,,,,,,,,,,,,,,,,,,,,,,,,,,,,,,,,,,,,,,,,,,,,,,,,,,,,,,,,,,,,,,,,,,,
9225632,Daniel Beckord,NORTHERN COLORADO,m,,,,,,,,,,,,,,,6.86,10.65 (0.9),22.34,,,,,,,7.81,,,,,,,,13.77 (0.8),,,,,,,,,,,,,,,,,,,,,,,,,,,,,,,,,,,,,,,,,,,,,,,,,,,,,,,,,,,,,,,,,,,,,,,,,,,,,,,,,,,,,,,,,,,,,,,,,,,,
9258752,Malik Allen,SOUTHERN ILLINOIS,m,,,,,,,,,,,,,,,,,,,,,,"15.51m (1.7) 50' 10.75""",,,,,,,,,,,,,,,,,,,,,,,,,,,,,,,,,,,,,,,,,,,,,,,,,,,,,,,,,,,,,,,,,,,,,,,,,,,,,,,,,,,,,,,,,,,,,,,,,,,,,,,,,,,,,,
8015548,Margaret Carroll,VILLANOVA,f,,,4:39.78,,,,4:25.82,15:54.86,,,,,9:08.51,,,,,,,,,,33:50.45,,,,,,,,,,,,,,,,,,,,,,,,,,,,,,,,,,,,,,,,,,,,,,,,,,,,,,,,,,,,,,,,,,,,,,,,,,,,,,,,,,,,,,,,,,,,,,,,,,,,,,,,,,,,,
7926572,Chloe Whiting,BRYANT,f,,2:26.65,4:51.70,17:09.3,20:41.9,,4:44.10,15:51.38,,,,,9:27.09,,,,,,1:05.79,,,,34:58.15,,,,,,,,,,,,,,,,,,,,,,17:54.2,,,,,,,,,,,,,,,,,,,,,,,,,,,,,,,,,,,,,,,,,,,,,,,,,,,,,,,,,,,,,,,,,,,,,,,,,,,,,,,,,,,,,,,
7730040,Sophie O'Sullivan,WASHINGTON,,,2:00.61,4:33.24,16:40.7,19:33.8,17:17.0,4:07.94,16:31.37,,,,,9:03.91,,,,,,,,,,,,,,,,,,,,,,,,,,,,,,,,,,,,,,,,,,,,,,,,,,,,,,,,,,,,,,,,,,,,,,,,,,,,,,,,,,,,,,,,,,,,,,,,,,,,,,,,,,,,,,,,,,,,,,,
8002777,Alexis Glasco,KENTUCKY,,,,,,,,,,,,,,,,7.40,11.29 (0.9),23.43 (3.2),,55.78,,,,,8.03,12.67 (1.9),58.36,,,,,,,,,,,,,,,,,,,,,,,,,,,,,,,,,,,,,,,,,,,,,,,,,,,,,,,,,,,,,,,,,,,,,,,,,,,,,,,,,,,,,,,,,,,,,,,,,,,,,,,,,,
8709429,Giovonni Walker,TEXAS STATE,m,,,,,,,,,,,,,,,,,,,,,"7.79m (4.0) 25' 6.75""","13.70m (-0.3) 44' 11.5""",,,,,"2.03m 6' 7.75""",,,,,,,,,,,,,,,,,,,,,,,,,,,,,,,,,,,,,,,,,,,,,,,,,,,,,,,,,,,,,,,,,,,,,,,,,,,,,,,,,,,,,,,,,,,,,,,,,,,,,,,,,
9276179,Joy Anderson,UC IRVINE,f,,2:10.94,,,,,,,,,,,,,,,23.98 (1.3),,,"36.89m 121' 0""","5.57m 18' 3.25""",,,8.64,14.19 (+0.0),,"1.75m 5' 8.75""","11.47m 37' 7.75""",4069,5740,,,,,,,,,,,,,,,,,,,,,,,,,,,,,,,,,,,,,,,,,,,,,,,,,,,,,,,,,,,,,,,,,,,,,,,,,,,,,,,,,,,,,,,,,,,,,,,,,,,,,,
9245249,Faith Osamuyi,ALABAMA,f,,,,,,,,,,,,,,,7.48,11.77 (-0.1),,,,,,,,8.23,13.28 (0.7),,,,,,,,,,,,,,,,,,,,,,,,,,,,,,,,,,,,,,,,,,,,,,,,,,,,,,,,,,,,,,,,,,,,,,,,,,,,,,,,,,,,,,,,,,,,,,,,,,,,,,,,,,,
8258983,Caroline Hawkes,MONTANA STATE,f,1:31.96,2:15.46,,,,,,,,,,,,,7.72,11.69 (1.9),23.41 (0.7),,52.64,,,,,,,,,,,,,,,,,,,,,,,,,,,,,,,,,,,,,,,,,,,,,,,,,,,,,,,,,,,,,,,,,,,,,,,,,,,,,,,,,,,,,,,,,,,,,,,,,,,,,,,,,,,,,,,,,
8011622,Nate Collier,OKLAHOMA STATE,m,,,,,,,,,,,,,,,,,,,,,,,,,,,,"17.44m 57' 2.75""",,,,,"58.92m 193' 4""","47.26m 155' 1""","13.43m 44' 0.75""",,,,,,,,,,,,,,,,,,,,,,,,,,,,,,,,,,,,,,,,,,,,,,,,,,,,,,,,,,,,,,,,,,,,,,,,,,,,,,,,,,,,,,,,,,,,,,,,,
8592511,Trent Mcfarland,MICHIGAN,m,,1:47.22,3:52.73,15:01.7,,,3:33.17,,,23:30.5,29:51.8,,7:50.75,,,,,,,,,,,,,,,,,,,,,,,,,,,,,,,,,,,,,,,,,,,,,,,,,,,,,,,,,,,,,,,,,,,,,,,,,,,,,,,,,,,,,,,,,,,,,,,,,,,,,,,,,,,,,,,,,,,,,,,
8342700,Christopher Milillo,WAGNER,m,,,,,,,,,,,,,,,,,,,,,,,,,,,,"13.32m 43' 8.5""",,,,,"39.28m 128' 10""","63.66m 208' 10""","19.45m 63' 9.75""",,,,,,,,,,,,,,,,,,,,,,,,,,,,,,,,,,,,,,,,,,,,,,,,,,,,,,,,,,,,,,,,,,,,,,,,,,,,,,,,,,,,,,,,,,,,,,,,,
8721010,Caisa-Marie Lindfors,CALIFORNIA,,,,,,,,,,,,,,,,,,,,,,,,,,,,,"16.67m 54' 8.25""",,,,,"62.57m 205' 3""",,,,,,,,,,,,,,,,,,,,,,,,,,,,,,,,,,,,,,,,,,,,,,,,,,,,,,,,,,,,,,,,,,,,,,,,,,,,,,,,,,,,,,,,,,,,,,,,,,,
7730386,Funminiyi Olajide,SMU,,,,,,,,,,,,,,,,7.70,12.03 (2.2),,,,,"6.70m (2.8) 21' 11.75""",,,,,,,,,,,,,,,,,,,,,,,,,,,,,,,,,,,,,,,,,,,,,,,,,,,,,,,,,,,,,,,,,,,,,,,,,,,,,,,,,,,,,,,,,,,,,,,,,,,,,,,,,,,,,,,
8017719,Nathaniel Ezekiel,BAYLOR,,1:18.08,1:53.74,,,,,,,,,,,,,,,22.29,,44.74,,,,,,,47.49,,,,,,,,,,,,,,,1:07.44,,,,,,,,,,,,,,,,,,,,,,,,,,,,,,,,,,,,,,,,,,,,,,,,,,,,,,,,,,,,,,,,,,,,,,,,,,,,,,,,,,,,,,,,,,,
9237930,Chase Johnson,LIBERTY,m,,,,,,,,,,,,,,,,,,,,,,,,,,,,,,,"5.22m 17' 1.5""",,,,,,,,,,,,,,,,,,,,,,,,,,,,,,,,,,,,,,,,,,,,,,,,,,,,,,,,,,,,,,,,,,,,,,,,,,,,,,,,,,,,,,,,,,,,,,,,,,,,,
9195942,Ainsley Campbell,ALABAMA STATE,m,1:21.07,1:52.32,4:34.04,18:13.3,,,4:15.11,,,28:25.9,,2:29.16,,,,,,,50.64,,,,,,,,,,,,,,,,,,,,,,,,,,,,,,,,,,,,,,,,,,,,,,,,,,,,,,,,,,,,,,,,,,,,,,,,,,,,,,,,,,,,,,,,,,,,,,,,,,,,,,,,,,,,,,,,,
7480799,Joe Waskom,WASHINGTON,,,,3:51.90,,,,3:35.86,13:52.36,8:35.71,23:32.9,29:08.7,2:18.77,8:00.19,,,,,,,,,,,,,,,,,,,,,,,,,,,,,,,20:33.0,,,,,,,,,,,,,,,,,,,,,,,,,,,,,,,,,,,,,,,,,,,,,,,,,,,,,,,,,,,,,,,,,,,,,,,,,,,,,,,,,,,,,,,,
8612042,Frida Giersdorff,NORTH DAKOTA,f,,2:23.94,4:56.29,17:40.6,21:11.9,,4:28.46,16:18.60,10:06.17,,,2:59.21,9:31.44,,,,,,,,,,,,,1:11.58,,,,,,,,,,,,,,,,,,,,,,,,,,,,,,,,,,,,,,,,,,,,,,,,,,,,,,,,,,,,,,,,,,,,,,,,,,,,,,,,,,,,,,,,,,,,,,,,,,,,,,,,,,
8591297,Anya Arroyo,SOUTH CAROLINA,f,,2:30.05,5:11.11,16:14.3,20:04.0,,4:30.30,15:52.56,,,,,9:32.82,,,,,,,,,,33:43.49,,,,,,,,,,,,,,,,,,,,,,,,,,,,,,,,,,,,,,,,,,,,,,,,,,,,19:32.0,,,,20:43.5,,,,,,,,,,,,,,,,,,,,,,,,,,,,,,,,,,,,,,,,,,,,,,,,,,,,,
8316983,Chris Brinkley,TEXAS,m,,,,,,,,,,,,,,,7.02,,21.21,33.20,46.70,,,,,8.10,,49.56,,,,,,14.23 (3.6),,,,,,1:03.08,,,1:09.93,,,,,,,,,,,,,,,,,,,,,,,,,,,,,,,,,,,,,,,,,,,,,,,,,,,,,,,,,,,,,,,,,,,,,,,,,,,,,,,,,,,,,,,,,,,
8842367,Kenechukwu Okonkwo,UC IRVINE,m,,,,,,,,,,,,,,,,,,,,,"6.95m (+0.0) 22' 9.75""","15.83m (1.6) 51' 11.25""",,,,,,,,,,,,,,,,,,,,,,,,,,,,,,,,,,,,,,,,,,,,,,,,,,,,,,,,,,,,,,,,,,,,,,,,,,,,,,,,,,,,,,,,,,,,,,,,,,,,,,,,,,,,,,
9171221,Eliza Nicholson,LOUISVILLE,f,,,,17:11.1,20:26.8,,4:28.36,15:50.95,,,,,,,,,,,,,,,,,,,,,,,,,,,,,,,,,,,,,,,,,,,,,,,,,,,,,,,,,,,,,,,,,,,,,,,,,,,,,,,,,,,,,,,,,,,,,,,,,,,,,,,,,,,,,,,,,,,,,,,,,,,,
7373057,Parker Stokes,GEORGETOWN,,,1:50.34,3:57.31,,,,3:40.75,,8:18.88,23:32.9,29:36.6,2:19.56,8:23.92,,,,,,,,,,,,,,,,,,,,,,,,24:15.7,,,,,,,,,,,,,,25:16.6,,,,,,,,,,,,,,,,,,,,,,,,,,,,,,,,,,,,,,,,,,,,,,,,,,,,,,,,,,,,,,,,,,,,,,,,,,,,,,,,,
8343536,Jada Foreman,USC,f,,,,,,,,,,,,,,,,,,,,,"6.17m (+0.0) 20' 3""","13.14m (2.2) 43' 1.5""",,,,,,,,,,,,,,,,,,,,,,,,,,,,,,,,,,,,,,,,,,,,,,,,,,,,,,,,,,,,,,,,,,,,,,,,,,,,,,,,,,,,,,,,,,,,,,,,,,,,,,,,,,,,,,
8022420,Daniel Norris,IOWA STATE,m,,,,,,,,,,,,,,,,,,,,,,,,,,,,"17.36m 56' 11.5""",,,,,"57.96m 190' 2""","58.64m 192' 5""","20.76m 68' 1.5""",,,,,,,,,,,,,,,,,,,,,,,,,,,,,,,,,,,,,,,,,,,,,,,,,,,,,,,,,,,,,,,,,,,,,,,,,,,,,,,,,,,,,,,,,,,,,,,,,
8705492,Mekhi Dupree,AUBURN,m,,,,,,,,,,,,,,,6.79,10.38 (2.3),20.34 (+0.0),,48.41,,,,,,,,,,,,,13.90 (1.9),,,,,,,,,,,,,,,,,,,,,,,,,,,,,,,,,,,,,,,,,,,,,,,,,,,,,,,,,,,,,,,,,,,,,,,,,,,,,,,,,,,,,,,,,,,,,,,,,,,,
9276948,Catalina Rodriguez,ALABAMA,f,,,,,,,,,,,,,,,,,,,,,,,,,,,,,,,,,,"63.58m 208' 7""",,,,,,,,,,,,,,,,,,,,,,,,,,,,,,,,,,,,,,,,,,,,,,,,,,,,,,,,,,,,,,,,,,,,,,,,,,,,,,,,,,,,,,,,,,,,,,,,,,
8731964,Iliana Triantafyllou,LOUISVILLE,f,,,,,,,,,,,,,,,,,,,,,,,,,,,,,,,"4.50m 14' 9""",,,,,,,,,,,,,,,,,,,,,,,,,,,,,,,,,,,,,,,,,,,,,,,,,,,,,,,,,,,,,,,,,,,,,,,,,,,,,,,,,,,,,,,,,,,,,,,,,,,,,
8673875,Adriana Clarke,ELON,f,,,,,,,,,,,,,,,,,,,,,,,,,,,,"13.79m 45' 3""",,,,,"31.60m 103' 8""","60.27m 197' 9""","20.04m 65' 9""",,,,,,,,,,,,,,,,,,,,,,,,,,,,,,,,,,,,,,,,,,,,,,,,,,,,,,,,,,,,,,,,,,,,,,,,,,,,,,,,,,,,,,,,,,,,,,,,,
8321259,Angeludi Asaah,PENN,f,,,,,,,,,,,,,,,,,,,,,,,,,,,,"16.52m 54' 2.5""",,,,,"59.50m 195' 2""",,"13.49m 44' 3.25""",,,,,,,,,,,,,,,,,,,,,,,,,,,,,,,,,,,,,,,,,,,,,,,,,,,,,,,,,,,,,,,,,,,,,,,,,,,,,,,,,,,,,,,,,,,,,,,,,
9252902,Kyzer Dunbar,TEXAS TECH,m,1:17.99,1:46.75,,,,,,,,,,,,,6.92,,21.67 (1.3),,45.62,,,,,,,,,,,,,,,,,,,,,,1:08.14,,,,,,,,,,,,,,,,,,,,,,,,,,,,,,,,,,,,,,,,,,,,,16.39,,,,,,,,,,,,,,,,,,,,,,,,,,,,,,,,,,,,,,,,,,,,,,
9257653,Max Mcfarlane,AIR FORCE,m,,,,,,,,,,,,,,,,,,,,,,,,,,,,,,,"5.34m 17' 6.25""",,,,,,,,,,,,,,,,,,,,,,,,,,,,,,,,,,,,,,,,,,,,,,,,,,,,,,,,,,,,,,,,,,,,,,,,,,,,,,,,,,,,,,,,,,,,,,,,,,,,,
8233413,Camryn Wennersten,FURMAN,f,,2:08.44,4:40.24,17:48.9,21:46.5,,4:14.56,,,,,2:46.90,,,,,,,,,,,,,,,,,,,,,,,,,,,,,,,,,,,,,,,,,,,,,,,,,,,,,,,,,,,,,,,,,,,,,,,,,,,,,,,,,,,,,,,,,,,,,,,,,,,,,,,,,,,,,,,,,,,,,,,,
8368723,Garrett Fox,FLORIDA,m,,,,,,,,,,,,,,,6.84,10.43 (2.2),20.77,,47.78,,,,,,,,,,,,,,,,,,,,,,,,,,,,,,,,,,,,,,,,,,,,,,,,,,,,,,,,,,,,,,,,,,,,,,,,,,,,,,,,,,,,,,,,,,,,,,,,,,,,,,,,,,,,,,,,,
8693637,Aaron Cummings,NORTH DAKOTA STATE,m,,,,,,,,,,,,,,,,,,,,,,,,,,,,,,,"5.30m 17' 4.5""",,,,,,,,,,,,,,,,,,,,,,,,,,,,,,,,,,,,,,,,,,,,,,,,,,,,,,,,,,,,,,,,,,,,,,,,,,,,,,,,,,,,,,,,,,,,,,,,,,,,,
8970031,Bryce Brazzell,TCU,f,,,,,,,,,,,,,,,,11.69 (3.5),23.64 (0.9),,55.07,,,,,,,,,,,,,,,,,,,,,,,,,,,,,,,,,,,,,,,,,,,,,,,,,,,,,,,,,,,,,,,,,,,,,,,,,,,,,,,,,,,,,,,,,,,,,,,,,,,,,,,,,,,,,,,,,
8010044,Nebtom N'Da,OKLAHOMA,f,,,,,,,,,,,,,,,7.50,11.53 (3.5),,,,,"6.25m (2.1) 20' 6.25""","12.07m (1.7) 39' 7.25""",,,,,,,,,,,,,,,,,,,,,,,,,,,,,,,,,,,,,,,,,,,,,,,,,,,,,,,,,,,,,,,,,,,,,,,,,,,,,,,,,,,,,,,,,,,,,,,,,,,,,,,,,,,,,,
7908284,Peter Walsdorf,SYRACUSE,m,,,4:13.27,,19:11.2,,3:49.39,13:32.20,,23:02.1,29:03.9,,7:52.29,,,,,,,,,,28:14.58,,,,,,,,,,,,,,24:41.3,,,,,,,,,,,,,,,25:16.1,,,,,,,,,,,,,,,,,,,,,,,,,,,,,,,,,,,,,,,,,,,,,,,,,,,,,,,,,,,,,,,,,,,,,,,,,,,,,,,,
9242902,Josiah Gaynor,FLORIDA A&M,m,,,,,,,,,,,,,,,,11.06 (1.3),,,,,"7.75m (0.5) 25' 5.25""",,,,,,,,,,,,,,,,,,,,,,,,,,,,,,,,,,,,,,,,,,,,,,,,,,,,,,,,,,,,,,,,,,,,,,,,,,,,,,,,,,,,,,,,,,,,,,,,,,,,,,,,,,,,,,,
8990635,Donna Douglas,NEBRASKA,f,,,,,,,,,,,,,,,,,,,,,,,,,,,,"17.19m 56' 4.75""",,,,,"58.78m 192' 10""","56.39m 185' 0""","20.75m 68' 1""",,,,,,,,,,,,,,,,,,,,,,,,,,,,,,,,,,,,,,,,,,,,,,,,,,,,,,,,,,,,,,,,,,,,,,,,,,,,,,,,,,,,,,,,,,,,,,,,,
8976366,Nickory Richards,ALABAMA STATE,m,,,,,,,,,,,,,,,6.91,10.70 (0.1),20.92 (1.1),33.60,46.15,,,,,,,,,,,,,,,,,,,,,,,,,,,,,,,,,,,,,,,,,,,,,,,,,,,,,,,,,,,,,,,,,,,,,,,,,,,,,,,,,,,,,,,,,,,,,,,,,,,,,,,,,,,,,,,,,
7700481,Conor Murphy,VIRGINIA,,,1:46.43,3:55.24,15:02.7,18:23.6,,3:39.75,,,24:11.8,,,7:53.17,,,,,,,,,,,,,,,,,,,,,,,,,,,,,,,,,,,,,,,,,,,,,,,,,,,,,,,,,,,,,,,,,,,,,,,,,,,,,,,,,,,,,,,,,,,,,,,,,,,,,,,,,,,,,,,,,,,,,,,
8329405,Hannah Schonhoff,ELON,f,,,,,,,,,,,,,,,,,,,,,,"10.40m 34' 1.5""",,,,,"1.76m 5' 9.25""",,,,,,,,,,,,,,,,,,,,,,,,,,,,,,,,,,,,,,,,,,,,,,,,,,,,,,,,,,,,,,,,,,,,,,,,,,,,,,,,,,,,,,,,,,,,,,,,,,,,,,,,,
8973164,Will Bynum,OKLAHOMA STATE,m,1:19.46,,,,,,,,,,,,,,,,,,46.10,,,,,,,,,,,,,,,,,,,,,,1:09.78,,,,,,,,,,,,,,,,,,,,,,,,,,,,,,,,,,,,,,,,,,,,,,,,,,,,,,,,,,,,,,,,,,,,,,,,,,,,,,,,,,,,,,,,,,,
9286589,Ashmika Korala,NEBRASKA,m,,,,,,,,,,,,,,,,,,,,,,"15.59m 51' 1.75""",,,,,,,,,,,,,,,,,,,,,,,,,,,,,,,,,,,,,,,,,,,,,,,,,,,,,,,,,,,,,,,,,,,,,,,,,,,,,,,,,,,,,,,,,,,,,,,,,,,,,,,,,,,,,,
8040123,Juvonna Cornette,NORTHWESTERN ST.,f,,,,,,,,,,,,,,,7.41,11.31 (2.0),23.17 (4.3),,57.25,,"5.21m 17' 1.25""",,,,,,,,,,,,,,,,,,,,,,,,,,,,,,,,,,,,,,,,,,,,,,,,,,,,,,,,,,,,,,,,,,,,,,,,,,,,,,,,,,,,,,,,,,,,,,,,,,,,,,,,,,,,,,,
9241504,Lilith Stenger,MEMPHIS,f,,,,,,,,,,,,,,,,,,,,,,,,,,,"1.76m 5' 9.25""",,,,,,,,,,,,,,,,,,,,,,,,,,,,,,,,,,,,,,,,,,,,,,,,,,,,,,,,,,,,,,,,,,,,,,,,,,,,,,,,,,,,,,,,,,,,,,,,,,,,,,,,,
7979847,Safin Wills,OREGON,,,,,,,,,,,,,,,,6.92,,,,,,"7.83m (4.0) 25' 8.25""","16.20m (0.3) 53' 1.75""",,,,,,,,,,,,,,,,,,,,,,,,,,,,,,,,,,,,,,,,,,,,,,,,,,,,,,,,,,,,,,,,,,,,,,,,,,,,,,,,,,,,,,,,,,,,,,,,,,,,,,,,,,,,,,
8257181,Dalia Frias,OREGON,f,,2:07.66,4:34.26,17:30.6,19:18.8,,4:17.13,15:48.32,,,,,8:55.78,,,,,,,,,,,,,,,,,,,,,,,,,,,,,,,,,,,,,,,,,,,,,,,,,,,,,,,,,,,,,,,,,,,,,,,,,,,,,,,,,,,,,,,,,,,,,,,,,,,,,,,,,,,,,,,,,,,,,,,
5965696,Logan Jolly,ARKANSAS,,,2:09.43,4:35.26,16:49.5,20:01.4,,4:17.73,15:52.05,9:34.76,,,2:55.91,9:03.02,,,,,,,,,,,,,,,,,,,,,,,,,,,,,,,,,,,,,,,,,,,,,6:49.12,,,,,,,,,,,,,,,,,,,,,,,,,,,,,,,,,,,,,,,,,,,,,,,,,,,,,,,,,,,,,,,,,,,,,,,,,,
8679347,Anthaya Charlton,FLORIDA,,,,,,,,,,,,,,,,7.24,10.87 (1.4),23.27 (2.9),,,,"6.98m 22' 11""",,,,,,,,,,,,,,,,,,,,,,,,,,,,,,,,,,,,,,,,,,,,,,,,,,,,,,,,,,,,,,,,,,,,,,,,,,,,,,,,,,,,,,,,,,,,,,,,,,,,,,,,,,,,,,,
8609550,Evans Kiplagat,NEW MEXICO,m,,,4:13.46,,,,3:43.92,13:18.05,8:57.08,22:58.7,28:50.7,,7:46.32,,,,,,,,,,27:59.71,,,,,"6.43m 21' 1.25""",,,,,,,,,,,,,,,,,,,,,,,,,,,,,,,,,,,,,,,,,,,,,,,,,,,,,,,,,,,,,,,,,,,,,,,,,,,,,,,,,,,,,,,,,,,,,,,,,,,,,,,,
8710413,Alaysha Veal,LOUISIANA,f,,,,,,,,,,,,,,,,,,,,,,,,,,,"1.83m 6' 0""",,,,,,,,,,,,,,,,,,,,,,,,,,,,,,,,,,,,,,,,,,,,,,,,,,,,,,,,,,,,,,,,,,,,,,,,,,,,,,,,,,,,,,,,,,,,,,,,,,,,,,,,,
8320761,Kasen Jeitz,ARMY WEST POINT,m,1:18.98,1:47.19,,,,,,,,,,,,,,,,,48.19,,,,,,,,,,,,,,,,,,,1:02.99,,,,,,,,,,,,,,,,,,,,,,,,,,,,,,,,,,,,,,,,,,,,,,,,,,,,,,,,,,,,,,,,,,,,,,,,,,,,,,,,,,,,,,,,,,,,,,
8376101,Naomi Johnson,UCLA,f,,,,,,,,,,,,,,,7.40,11.28 (0.2),22.91 (-0.2),37.93,51.79,,,,,,,,,,,,,,,,,,,,,,,,,,,,,,,,,,,,,,,,,,,,,,,,,,,,,,,,,,,,,,,,,,,,,,,,,,,,,,,,,,,,,,,,,,,,,,,,,,,,,,,,,,,,,,,,,
9081897,Justin Johnson,UC IRVINE,m,,,,,,,,,,,,,,,,10.39 (3.3),20.53 (0.8),,49.13,,,,,,,,,,,,,,,,,,,,,,,,,,,,,,,,,,,,,,,,,,,,,,,,,,,,,,,,,,,,,,,,,,,,,,,,,,,,,,,,,,,,,,,,,,,,,,,,,,,,,,,,,,,,,,,,,
9249071,Eatoniel Brown,NJIT,m,,,,,,,,,,,,,,,,,21.84 (2.6),34.56,48.30,,,,,,,51.30,,,,,,,,,,,,,,,,,,,,,,,,,,,,,,,,,,,,,,,,,,,,,,,,,,,,,,,,,,,,,,,,,,,,,,,,,,,,,,,,,,,,,,,,,,,,,,,,,,,,,,,,,,
8009459,Rachela Pace,UTSA,,,,,,,,,,,,,,,,,,,,,,"6.48m (0.5) 21' 3.25""","13.46m (1.9) 44' 2""",,,,,,,,,,,,,,,,,,,,,,,,,,,,,,,,,,,,,,,,,,,,,,,,,,,,,,,,,,,,,,,,,,,,,,,,,,,,,,,,,,,,,,,,,,,,,,,,,,,,,,,,,,,,,,
8998439,Jonelle Scott,LONG BEACH ST.,f,,,,,,,,,,,,,,,,12.18 (2.3),,,,,"5.06m (-2.1) 16' 7.25""",,,,,,,,,,"4.19m 13' 9""",,,,,,,,,,,,,,,,,,,,,,,,,,,,,,,,,,,,,,,,,,,,,,,,,,,,,,,,,,,,,,,,,,,,,,,,,,,,,,,,,,,,,,,,,,,,,,,,,,,,,
8296467,Chidubem,DELAWARE STATE,f,1:37.33,,,,,,,,,,,,,,,12.05 (1.9),24.66 (1.0),39.81,55.83,,,,,,,58.35,"1.28m 4' 2.25""",,,,,,,,,,,1:18.66,,,,,,,,,,,,,,,,,,,,,,,,,,,,,,,,,,,,,,,,,,,,,,,,,,,,,,,,,,,,,,,,,,,,,,,,,,,,,,,,,,,,,,,,,,,,,,
9018349,Charlize Goody,TEXAS STATE,f,,,,,,,,,,,,,,,,,,,,"52.62m 172' 8""",,,,,,,,,,,,,"49.95m 163' 10""",,,,,,,,,,,,,,,,,,,,,,,,,,,,,,,,,,,,,,,,,,,,,,,,,,,,,,,,,,,,,,,,,,,,,,,,,,,,,,,,,,,,,,,,,,,,,,,,,,,
8585020,Cullen Hronek,LOUISIANA TECH,m,,,,,,,,,,,,,,,,,22.07 (2.5),35.54,48.26,,,,,,,52.82,,,,,,,,,,,,,,,,,,,,,,,,,,,,,,,,,,,,,,,,,,,,,,,,,,,,,,,,,,,,,,,,,,,,,,,,,,,,,,,,,,,,,,,,,,,,,,,,,,,,,,,,,,
7537580,Claudio Romero,LSU,,,,,,,,,,,,,,,,,,,,,,,,,,,,,"18.47m 60' 7.25""",,,,,"67.29m 220' 9""","45.76m 150' 1""","18.47m 60' 7.25""",,,,,,,,,,,,,,,,,,,,,,,,,,,,,,,,,,,,,,,,,,,,,,,,,,,,,,,,,,,,,,,,,,,,,,,,,,,,,,,,,,,,,,,,,,,,,,,,,
8986974,Allison Tito,UC SANTA BARBARA,f,,2:31.44,,,,,,,,,,,,,,,25.94 (1.3),,,"28.79m 94' 5""","5.80m (+0.0) 19' 0.5""",,,9.27,14.90 (2.8),1:11.61,"1.78m 5' 10""","9.30m 30' 6.25""",3305,4711,,,,,,,,,,,,,,,,,,,,,,,,,,,,,,,,,,,,,,,,,,,,,,,,,,,,,,,,,,,,,,,,,,,,,,,,,,,,,,,,,,,,,,,,,,,,,,,,,,,,,,
8340033,Angelina Horn,UCF,f,,,,,,,,,,,,,,,,12.92 (0.2),,,,,,"12.90m (0.7) 42' 4""",,,,,,,,,,,,,,,,,,,,,,,,,,,,,,,,,,,,,,,,,,,,,,,,,,,,,,,,,,,,,,,,,,,,,,,,,,,,,,,,,,,,,,,,,,,,,,,,,,,,,,,,,,,,,,
8699955,Amani Britton,CSUN,f,,,,,,,,,,,,,,,,,,,,,,,,,,,,"14.43m 47' 4.25""",,,,,"51.04m 167' 5""",,"15.35m 50' 4.5""",,,,,,,,,,,,,,,,,,,,,,,,,,,,,,,,,,,,,,,,,,,,,,,,,,,,,,,,,,,,,,,,,,,,,,,,,,,,,,,,,,,,,,,,,,,,,,,,,
9261223,Jasiah Rivera,TEXAS A&M,m,,,,,,,,,,,,,,,,,,,,,,,,,,52.80,,,,,,13.66 (1.1),,,,,,,,,,,,,,,,,,,,,,,,,,,,,,,,,,,,,,,,,,,,,,,,,,,,,,,,,,,,,,,,,,,,,,,,,,,,,,,,,,,,,,,,,,,,,,,,,,,,
8336031,Jake Wall,MICHIGAN,m,,,,,,,,,,,,,,,,10.97 (2.5),,,,,"7.58m (1.5) 24' 10.5""",,,,,,,,,,,,,,,,,,,,,,,,,,,,,,,,,,,,,,,,,,,,,,,,,,,,,,,,,,,,,,,,,,,,,,,,,,,,,,,,,,,,,,,,,,,,,,,,,,,,,,,,,,,,,,,
7495942,Julia Fixsen,VIRGINIA TECH,,,,,,,,,,,,,,,,,,,,,,,,,,,,,,,,"4.58m 15' 0.25""",,,,,,,,,,,,,,,,,,,,,,,,,,,,,,,,,,,,,,,,,,,,,,,,,,,,,,,,,,,,,,,,,,,,,,,,,,,,,,,,,,,,,,,,,,,,,,,,,,,,,
8669890,Charles Skaggs,NAVY,m,,,,,,,4:41.68,,,,,2:43.32,,,7.26,11.09 (1.3),22.74 (0.5),,49.25,"49.30m 161' 9""","6.63m (2.4) 21' 9""",,,8.94,,56.21,"1.94m 6' 4.25""","12.45m 40' 10.25""",,4654,"3.45m 11' 3.75""",15.99 (2.7),"34.73m 113' 11""",,,6649,,1:07.67,,,,,,,,,,,,,,,,,,,,,,,,,,,,,,,,,,,,,,,,,,,,,,,,,,,,,,,,,,,,,,,,,,,,,,,,,,,,,,,,,,,,,,,,,,,,,,
8675919,Zaya Akins,SOUTH CAROLINA,f,,,,,,,,,,,,,,,,11.26 (1.7),22.84 (1.1),36.27,51.15,,,,,,,,,,,,,,,,,,,,,,,,,,,,,,,,,,,,,,,,,,,,,,,,,,,,,,,,,,,,,,,,,,,,,,,,,,,,,,,,,,,,,,,,,,,,,,,,,,,,,,,,,,,,,,,,,
9271366,Sophia Mazzoni,AUBURN,f,,,,,,,,,,,,,,,,,,,,"56.51m 185' 5""",,,,,,,,,,,,,,,,,,,,,,,,,,,,,,,,,,,,,,,,,,,,,,,,,,,,,,,,,,,,,,,,,,,,,,,,,,,,,,,,,,,,,,,,,,,,,,,,,,,,,,,,,,,,,,,,
8985933,Andre Jackson Ii,TENNESSEE,m,,,,,,,,,,,,,,,,,20.94 (0.5),32.78,45.68,,,,,,,,,,,,,,,,,,,,,,,,,,,,,,,,,,,,,,,,,,,,,,,,,,,,,,,,,,,,,,,,,,,,,,,,,,,,,,,,,,,,,,,,,,,,,,,,,,,,,,,,,,,,,,,,,
7535786,Mackenzie Hayward,TEXAS TECH,,,,,,,,,,,,,,,,,,,,,,,,,,,,,,,,"4.35m 14' 3.25""",,,,,,,,,,,,,,,,,,,,,,,,,,,,,,,,,,,,,,,,,,,,,,,,,,,,,,,,,,,,,,,,,,,,,,,,,,,,,,,,,,,,,,,,,,,,,,,,,,,,,
8322834,Shalom Olotu,KANSAS STATE,,,,,,,,,,,,,,,,,,,,,,"6.44m (0.7) 21' 1.5""","13.45m (3.0) 44' 1.5""",,,,,"1.65m 5' 5""",,,,,,,,,,,,,,,,,,,,,,,,,,,,,,,,,,,,,,,,,,,,,,,,,,,,,,,,,,,,,,,,,,,,,,,,,,,,,,,,,,,,,,,,,,,,,,,,,,,,,,,,,
6990067,Victor Shitsama,OKLAHOMA STATE,,,,4:11.13,15:06.9,,,3:48.59,13:53.45,8:29.89,22:31.0,29:16.1,,8:08.12,,,,,,,,,,28:51.86,,,,,,,,,,,,,,,,,,,,,,,,,,,,,,,,,,,,,,,,,,,,,,,,,,,,,,,,,,,,,,,,,,,,,,,,,,,,,,,,,,,,,,,,,,,,,,,,,,,,,,,,,,,,,
8699144,Alyssa Hope,USC,f,,,,,,,,,,,,,,,,,,,,,"6.35m (+0.0) 20' 10""","12.36m (+0.0) 40' 6.75""",,,,,"1.66m 5' 5.25""",,,,,,,,,,,,,,,,,,,,,,,,,,,,,,,,,,,,,,,,,,,,,,,,,,,,,,,,,,,,,,,,,,,,,,,,,,,,,,,,,,,,,,,,,,,,,,,,,,,,,,,,,
8668151,Brian O'Sullivan,RUTGERS,m,,,,,,,,,,,,,,,,,,,,,,,,,,,,,,,"5.63m 18' 5.5""",,,,,,,,,,,,,,,,,,,,,,,,,,,,,,,,,,,,,,,,,,,,,,,,,,,,,,,,,,,,,,,,,,,,,,,,,,,,,,,,,,,,,,,,,,,,,,,,,,,,,
7975999,Sydney Lake,ULM,f,,,,,,,,,,,,,,,,,,,,,,,,,,,,,,,,,"43.06m 141' 3""","60.95m 200' 0""","17.47m 57' 3.75""",,,,,,,,,,,,,,,,,,,,,,,,,,,,,,,,,,,,,,,,,,,,,,,,,,,,,,,,,,,,,,,,,,,,,,,,,,,,,,,,,,,,,,,,,,,,,,,,,
7724023,Leif Nelson,USC,,,,,,,,,,,,,,,,,,,,,"73.13m 239' 11""",,,,,,,"2.00m 6' 6.75""","16.28m 53' 5""",,,,,"46.81m 153' 7""",,,,,,,,,,,,,,,,,,,,,,,,,,,,,,,,,,,,,,,,,,,,,,,,,,,,,,,,,,,,,,,,,,,,,,,,,,,,,,,,,,,,,,,,,,,,,,,,,,,
8687859,Hallee Hughes,NEVADA,f,,,,,,,,,,,,,,,,,,,,"52.88m 173' 6""",,,,,,,,,,,,,"41.41m 135' 10""",,,,,,,,,,,,,,,,,,,,,,,,,,,,,,,,,,,,,,,,,,,,,,,,,,,,,,,,,,,,,,,,,,,,,,,,,,,,,,,,,,,,,,,,,,,,,,,,,,,
7729241,Jeff Duensing,CALIFORNIA,,,,,,,,,,,,,,,,,,,,,,,,,,,,,"19.98m 65' 6.75""",,,,,"44.83m 147' 1""",,,,,,,,,,,,,,,,,,,,,,,,,,,,,,,,,,,,,,,,,,,,,,,,,,,,,,,,,,,,,,,,,,,,,,,,,,,,,,,,,,,,,,,,,,,,,,,,,,,
9163477,Maccallum Rowe,GEORGETOWN,m,,,4:06.42,,18:52.7,,3:50.05,13:54.73,,23:18.5,29:39.5,,7:57.75,,,,,,,,,,28:21.64,,,,,,,,,,,,,,24:09.7,,,,,,,,,,,,,,,25:28.9,,,,,,,,,,,,,,,,,,,,,,,,,,,,,,,,,,,,,,,,,,,,,,,,,,,,,,,,,,,,,,,,,,,,,,,,,,,,,,,,
8014379,Ali Eren Unlu,ULM,m,,,,,,,,,,,,,,,,11.17 (1.2),,,,,"6.91m (-1.6) 22' 8""",,,,,,"2.23m 7' 3.75""",,,,,,,,,,,,,,,,,,,,,,,,,,,,,,,,,,,,,,,,,,,,,,,,,,,,,,,,,,,,,,,,,,,,,,,,,,,,,,,,,,,,,,,,,,,,,,,,,,,,,,,,,
8917337,Elizabeth Khatevi,TEXAS A&M-CC,f,,2:03.41,4:31.71,16:48.1,18:56.1,,4:09.80,16:37.26,,,,,8:59.74,,,,,,,,,,,,,,,,,,,,,,,,,,,,,,,,,,,,,,,,,,14:02.2,,,,,,,,,,,,,,,,,,,,,,16:36.8,,,,,,,,,,,,,,,,,,,,,,,,,,,,,,,,,,,,,,,,,,,,,,,,,,,,,,,
9226481,Richard Campbell,PENN STATE,m,,,,,,,,,,,,,,,,,,,,,,,,,,,"2.15m 7' 0.5""",,,,,,,,,,,,,,,,,,,,,,,,,,,,,,,,,,,,,,,,,,,,,,,,,,,,,,,,,,,,,,,,,,,,,,,,,,,,,,,,,,,,,,,,,,,,,,,,,,,,,,,,,
8684633,Ashton Whisler,COLORADO ST.,m,,,,,,,,,,,,,,,7.16,10.90 (1.6),21.67 (0.8),,46.64,,,,,,,,,,,,,,,,,,,,,,,,,,,,,,,,,,,,,,,,,,,,,,,,,,,,,,,,,,,,,,,,,,,,,,,,,,,,,,,,,,,,,,,,,,,,,,,,,,,,,,,,,,,,,,,,,
8691962,Karsen Beitz,MONTANA,m,,,,,,,,,,,,,,,6.69,10.17 (3.3),20.55 (1.9),35.71,,,,,,,,,,,,,,,,,,,,,,,,,,,,,,,,,,,,,,,,,,,,,,,,,,,,,,,,,,,,,,,,,,,,,,,,,,,,,,,,,,,,,,,,,,,,,,,,,,,,,,,,,,,,,,,,,,
8238064,Macey Hilton,SMU,f,,2:03.90,4:36.43,17:38.4,20:42.9,,4:16.73,,,,,2:48.04,9:13.07,10:44.8,,,,,56.94,,,,,,,,,,,,,,,,,,,,,,,,,,,,,,,,,,,,14:35.3,,,,,,,,,,,,,,,,,,,,,,17:51.1,,,,,,,,,,,,,,,,,,,,,,,,,,,,,,,,,,,,,,,,,,,,,,,,,,,,,,,
9025933,Amari Eugene,KANSAS CITY,m,,,,,,,,,,,,,,,,10.48 (3.1),20.88 (3.1),,,,,,,,,,,,,,,,,,,,,,,,,,,,,,,,,,,,,,,,,,,,,,,,,,,,,,,,,,,,,,,,,,,,,,,,,,,,,,,,,,,,,,,,,,,,,,,,,,,,,,,,,,,,,,,,,,,
7720826,Eerik Haamer,SOUTH DAKOTA,,,,,,,,,,,,,,,,,,,,,,,,,,,,,,,,"5.61m 18' 4.75""",,,,,,,,,,,,,,,,,,,,,,,,,,,,,,,,,,,,,,,,,,,,,,,,,,,,,,,,,,,,,,,,,,,,,,,,,,,,,,,,,,,,,,,,,,,,,,,,,,,,,
8977035,Brianna Selby,USC,f,,,,,,,,,,,,,,,7.15,10.74 (3.8),23.06 (-1.1),,,,,,,,,,,,,,,,,,,,,,,,,,,,,,,,,,,,,,,,,,,,,,,,,,,,,,,,,,,,,,,,,,,,,,,,,,,,,,,,,,,,,,,,,,,,,,,,,,,,,,,,,,,,,,,,,,,
8700917,Ida Breigan,UTSA,f,,,,,,,,,,,,,,,7.70,,23.39 (4.4),37.70,,,"6.74m (2.3) 22' 1.5""",,,,,,,,,,,,,,,,,,,,,,,,,,,,,,,,,,,,,,,,,,,,,,,,,,,,,,,,,,,,,,,,,,,,,,,,,,,,,,,,,,,,,,,,,,,,,,,,,,,,,,,,,,,,,,,
8331577,Jaiah Hopf,DEPAUL,f,,,,,,,,,,,,,,,,,,,,,"6.14m 20' 1.75""","13.26m (2.3) 43' 6""",,,,,,,,,,,,,,,,,,,,,,,,,,,,,,,,,,,,,,,,,,,,,,,,,,,,,,,,,,,,,,,,,,,,,,,,,,,,,,,,,,,,,,,,,,,,,,,,,,,,,,,,,,,,,,
8710014,Garry Munro,LOUISIANA,m,,,,,,,,,,,,,,,6.80,10.40 (2.6),20.77 (+0.0),,,,,,,,,,,,,,,,,,,,,,,,,,,,,,,,,,,,,,,,,,,,,,,,,,,,,,,,,,,,,,,,,,,,,,,,,,,,,,,,,,,,,,,,,,,,,,,,,,,,,,,,,,,,,,,,,,,
9257038,Kemarah Howard,KENTUCKY,f,,,,,,,,,,,,,,,,,,,,,"5.53m 18' 1.75""",,,,,,"1.90m 6' 2.75""",,,,,,,,,,,,,,,,,,,,,,,,,,,,,,,,,,,,,,,,,,,,,,,,,,,,,,,,,,,,,,,,,,,,,,,,,,,,,,,,,,,,,,,,,,,,,,,,,,,,,,,,,
9279490,Nikolaos Polychroniou,VIRGINIA,m,,,,,,,,,,,,,,,,,,,,,,,,,,,,,,,,,,"69.15m 226' 10""","23.06m 75' 8""",,,,,,,,,,,,,,,,,,,,,,,,,,,,,,,,,,,,,,,,,,,,,,,,,,,,,,,,,,,,,,,,,,,,,,,,,,,,,,,,,,,,,,,,,,,,,,,,,
8634279,Reign Redmond,GEORGIA,f,,,,,,,,,,,,,,,7.15,11.24 (1.4),23.17 (1.9),,,,,,,,,,,,,,,,,,,,,,,,,,,,,,,,,,,,,,,,,,,,,,,,,,,,,,,,,,,,,,,,,,,,,,,,,,,,,,,,,,,,,,,,,,,,,,,,,,,,,,,,,,,,,,,,,,,
8367747,Jasai Taylor,TROY,m,,,,,,,,,,,,,,,,,22.46 (3.2),36.25,49.47,,,,,,,50.91,,,,,,,,,,,,,,,,,,,,,,,,,,,,,,,,,,,,,,,,,,,,,,,,,,,,,,,,,,,,,,,,,,,,,,,,,,,,,,,,,,,,,,,,,,,,,,,,,,,,,,,,,,
7927990,Albert Velikonja,FURMAN,m,,1:55.74,4:00.04,,,,3:42.67,13:40.11,,23:38.4,30:19.5,2:27.09,7:57.01,,,,,,,,,,,,,,,,,,,,,,,,,,,,,,,18:46.9,,25:54.3,,,,,,,,,,,,,,,,,,,,,,,,,,,,,,,,,,,,,,,,,,,,,,,,,,,,,,,,,,,,,,,,,,,,,,,,,,,,,,,,,,,,,,
9279605,Soumaila Sabo,TEXAS TECH,m,,,,,,,,,,,,,,,,,,,,,"7.24m (1.5) 23' 9""","16.00m 52' 6""",,,,,,,,,,,,,,,,,,,,,,,,,,,,,,,,,,,,,,,,,,,,,,,,,,,,,,,,,,,,,,,,,,,,,,,,,,,,,,,,,,,,,,,,,,,,,,,,,,,,,,,,,,,,,,
8258409,Karo Oghomi,LOUISIANA TECH,m,,,,,,,,,,,,,,,6.74,10.15 (5.3),20.61 (2.7),,,,,,,,,,,,,,,,,,,,,,,,,,,,,,,,,,,,,,,,,,,,,,,,,,,,,,,,,,,,,,,,,,,,,,,,,,,,,,,,,,,,,,,,,,,,,,,,,,,,,,,,,,,,,,,,,,,
8368627,Tyra Wilson,FLORIDA STATE,,,,,,,,,,,,,,,,,,25.39,37.54,53.11,,,,,8.30,13.16 (1.9),55.39,,,,,,,,,,,,,,,,,,,,,,,,,,,,,,,,,,,,,,,,,,,,,,,,,,,,,,,,,,,,,,,,,,,,,,,,,,,,,,,,,,,,,,,,,,,,,,,,,,,,,,,,,,
9262419,Lilly Ver Beek,VIRGINIA TECH,f,,2:40.92,,,,,,,,,,,,,7.62,12.23 (-0.5),,,,,"6.22m (2.7) 20' 5""",,,8.76,,,"1.53m 5' 0.25""","11.61m 38' 1.25""",3608,,,,,,,,,,,,,,,,,,,,,,,,,,,,,,,,,,,,,,,,,,,,,,,,,,,,,,,,,,,,,,,,,,,,,,,,,,,,,,,,,,,,,,,,,,,,,,,,,,,,,,,
8892194,Thomas Wlazlowski,APP STATE,m,,,4:12.07,,18:09.7,,3:52.98,14:01.49,8:49.96,24:12.5,31:56.4,,8:09.12,,,,,,,,,,,,,,,,,,,,,,,,,,,,,,,,,,,,,,,,,,,,,,,,,,,,,,,,,,,,,,,,,,,,,,,,,,,,,,,,,,,,,,,,,,,,,,,,,,,,,,,,,,,,,,,,,,,,,,,
8336027,Cade Moran,NEBRASKA,m,,,,,,,,,,,,,,,,,,,,,,,,,,,,"20.40m 66' 11.25""",,,,,"59.96m 196' 9""",,"19.05m 62' 6""",,,,,,,,,,,,,,,,,,,,,,,,,,,,,,,,,,,,,,,,,,,,,,,,,,,,,,,,,,,,,,,,,,,,,,,,,,,,,,,,,,,,,,,,,,,,,,,,,
8985499,Abraham Johnson,ARKANSAS,,,,,,,,,,,,,,,,,,24.10,,,,"6.74m (2.4) 22' 1.5""","16.49m 54' 1.25""",,,,,"2.02m 6' 7.5""",,,,,,,,,,,,,,,,,,,,,,,,,,,,,,,,,,,,,,,,,,,,,,,,,,,,,,,,,,,,,,,,,,,,,,,,,,,,,,,,,,,,,,,,,,,,,,,,,,,,,,,,,
8899222,Addie Meldrum,BYU,f,,2:18.61,4:44.72,18:04.6,21:00.5,16:02.0,4:28.17,,10:12.11,,,2:48.49,,,,,,,,,,,,,,,,,,,,,,,,,,,,,,,,,,,,,,,,,,,,,,,,,,,,,,,,,,,,,,,,,,,,,,,,,,,,,,,,,,,,,,,,,,,,,,,,,,,,,,,,,,,,,,,,,,,,,,,,
8602424,Justin Walker,ALABAMA A&M,m,,,,,,,,,,,,,,,7.11,10.84 (0.9),21.44 (2.2),,,,"7.67m (0.4) 25' 2""",,,,,,,,,,,,,,,,,,,,,,,,,,,,,,,,,,,,,,,,,,,,,,,,,,,,,,,,,,,,,,,,,,,,,,,,,,,,,,,,,,,,,,,,,,,,,,,,,,,,,,,,,,,,,,,
5966782,Madison Boreman,COLORADO,,,2:07.51,4:33.59,16:48.1,19:39.5,,4:14.19,,9:33.02,,,,,,,,,,,,,,,,,,,,,,,,,,,,,,,,,,,,,,,,,,,,,,,,,,,,,,,,,,,,,,,,,,,,,,,,,,,,,,,,,,,,,,,,,,,,,,,,,,,,,,,,,,,,,,,,,,,,,,,,,,,
9359094,Nubia Evans-Shields,DELAWARE,f,,,,,,,,,,,,,,,,,,,,,,,,,,,,,,,,,"51.56m 169' 2""",,,,,,,,,,,,,,,,,,,,,,,,,,,,,,,,,,,,,,,,,,,,,,,,,,,,,,,,,,,,,,,,,,,,,,,,,,,,,,,,,,,,,,,,,,,,,,,,,,,
8466147,Brinton Paulson,BYU,m,,,,,,,,,,,,,,,,,,,,"69.87m 229' 3""",,,,,,,,,,,,,,,,,,,,,,,,,,,,,,,,,,,,,,,,,,,,,,,,,,,,,,,,,,,,,,,,,,,,,,,,,,,,,,,,,,,,,,,,,,,,,,,,,,,,,,,,,,,,,,,,
8322988,J'Voughnn Blake,DARTMOUTH,m,1:18.43,1:47.09,,,,,3:57.20,,,,,2:22.33,,,,,,,49.06,,,,,,,,,,,,,,,,,,,,,,,,,,,,,,,,,,,,,,,,,,,,,,,,,,,,,,,,,,,,,,,,,,,,,,,,,,,,,,,,,,,,,,,,,,,,,,,,,,,,,,,,,,,,,,,,,
8003629,Leah Bertrand,OHIO STATE,,,,,,,,,,,,,,,,7.19,10.91 (2.2),22.54 (0.7),39.94,,,,,,,,,,,,,,,,,,,,,,,,,,,,,,,,,,,,,,,,,,,,,,,,,,,,,,,,,,,,,,,,,,,,,,,,,,,,,,,,,,,,,,,,,,,,,,,,,,,,,,,,,,,,,,,,,,
8609287,Dalton Mortensen,BYU,m,,,4:14.58,,,,4:03.77,14:02.94,,23:41.1,31:06.4,,8:17.83,,,,,,,,,,28:45.69,,,,,,,,,,,,,,,,,,,,,20:28.0,,,,,,,,,,,,,,,,,,,,,,,,,,,,,,,,,,,,,,,21:26.9,,,,,,,,,,,,,,,,,,,,,,,,,,,,,,,,,,,,,,,,,,,,,,,,,
8009674,Reinaldo Rodrigues,ARIZONA,,,,,,,,,,,,,,,,6.92,10.81 (0.8),22.06 (1.0),,,,"8.05m (3.6) 26' 5""",,,,,,,,,,,,,,,,,,,,,,,,,,,,,,,,,,,,,,,,,,,,,,,,,,,,,,,,,,,,,,,,,,,,,,,,,,,,,,,,,,,,,,,,,,,,,,,,,,,,,,,,,,,,,,,
9189238,Isaac Hirshman-Chandler,FLORIDA STATE,m,,,4:04.22,,,,3:42.22,13:37.67,,23:33.4,29:49.5,,7:55.13,,,,,,,,,,,,,,,,,,,,,,,,,,,,,,,,,,,,,,,,,,,,,,,,,,,,,,,,,,,,,,,,,,,,,,,,,,,,,,,,,,,,,,,,,,,,,,,,,,,,,,,,,,,,,,,,,,,,,,,
8896211,Paul Kiprotich,STEPHEN F. AUSTIN,m,,,4:11.47,,18:20.5,15:09.5,3:50.29,13:52.85,,22:55.4,29:45.1,,8:08.18,,,,,,,,,,28:30.69,,,,,,,,,,,,,,,,,,,,,,,,,,,,,,,,,,,,,,,,,,,,,,,,,,,,,,,,,,,,,,,,,,,,,,,,,,,,,,,,,,,,,,,,,,,,,,,,,,,,,,,,,,,,,
8364038,Ava Riche,TEXAS A&M,f,,,,,,,,,,,,,,,,12.81 (-0.3),,,,,"5.63m (3.0) 18' 5.75""",,,,,,,,,,"4.18m 13' 8.5""",,,,,,,,,,,,,,,,,,,,,,,,,,,,,,,,,,,,,,,,,,,,,,,,,,,,,,,,,,,,,,,,,,,,,,,,,,,,,,,,,,,,,,,,,,,,,,,,,,,,,
7722948,Jhordyn Stallworth,MISS STATE,,,,,,,,,,,,,,,,,,,,,,,,,,,,,"17.30m 56' 9.25""",,,,,"54.14m 177' 7""",,"18.81m 61' 8.5""",,,,,,,,,,,,,,,,,,,,,,,,,,,,,,,,,,,,,,,,,,,,,,,,,,,,,,,,,,,,,,,,,,,,,,,,,,,,,,,,,,,,,,,,,,,,,,,,,
8979528,Kyle Archie,NORTH CAROLINA,m,,,,,,,,,,,,,,,,,,,,,,,,,,,"2.11m 6' 11""",,,,,,,,,,,,,,,,,,,,,,,,,,,,,,,,,,,,,,,,,,,,,,,,,,,,,,,,,,,,,,,,,,,,,,,,,,,,,,,,,,,,,,,,,,,,,,,,,,,,,,,,,
8706569,Xzamion Parker,SAM HOUSTON,m,,,,,,,,,,,,,,,6.61,10.21 (3.8),20.79 (1.5),,,,,,,,,,,,,,,,,,,,,,,,,,,,,,,,,,,,,,,,,,,,,,,,,,,,,,,,,,,,,,,,,,,,,,,,,,,,,,,,,,,,,,,,,,,,,,,,,,,,,,,,,,,,,,,,,,,
8694275,Olivia Dillon,ARIZONA,f,,,,,,,,,,,,,,,,,,,,,,,,,14.68 (-0.2),,,,,,"4.12m 13' 6.25""",,,,,,,,,,,,,,,,,,,,,,,,,,,,,,,,,,,,,,,,,,,,,,,,,,,,,,,,,,,,,,,,,,,,,,,,,,,,,,,,,,,,,,,,,,,,,,,,,,,,,
7975599,Zorawar Otal,DUKE,,,,,,,,,,,,,,,,,,,,,,,,,,,,,,,,,,"62.77m 205' 11""",,,,,,,,,,,,,,,,,,,,,,,,,,,,,,,,,,,,,,,,,,,,,,,,,,,,,,,,,,,,,,,,,,,,,,,,,,,,,,,,,,,,,,,,,,,,,,,,,,,
8710002,Praiyer Jones,LOUISIANA,m,,,,,,,,,,,,,,,,,,,,,,,,,,,,"18.15m 59' 6.75""",,,,,"51.36m 168' 6""",,"17.14m 56' 3""",,,,,,,,,,,,,,,,,,,,,,,,,,,,,,,,,,,,,,,,,,,,,,,,,,,,,,,,,,,,,,,,,,,,,,,,,,,,,,,,,,,,,,,,,,,,,,,,,
8972221,Jordan Urrutia,OLE MISS,m,,,,,,,,,,,,,,,6.74,10.14 (-0.1),20.31 (2.7),33.06,46.22,,,,,,,,,,,,,,,,,,,,,,,,,,,,,,,,,,,,,,,,,,,,,,,,,,,,,,,,,,,,,,,,,,,,,,,,,,,,,,,,,,,,,,,,,,,,,,,,,,,,,,,,,,,,,,,,,
8015591,Tacoria Humphrey,ILLINOIS,,,,,,,,,,,,,,,,7.42,11.52 (1.1),24.30,43.39,1:03.06,,"6.94m 22' 9.25""",,,,,,"1.83m 6' 0""",,,,,,,,,,,,,,,,,,,,,,,,,,,,,,,,,,,,,,,,,,,,,,,,,,,,,,,,,,,,,,,,,,,,,,,,,,,,,,,,,,,,,,,,,,,,,,,,,,,,,,,,,
9273988,Astrid Teran,CAL POLY,f,,,,,,,,,,,,,,,,,,,,,,,,,,,,,,,"4.16m 13' 7.75""",,,,,,,,,,,,,,,,,,,,,,,,,,,,,,,,,,,,,,,,,,,,,,,,,,,,,,,,,,,,,,,,,,,,,,,,,,,,,,,,,,,,,,,,,,,,,,,,,,,,,
8669243,Natalia Carrillo,UC RIVERSIDE,f,,,,,,,,,,,,,,,7.65,11.62 (2.3),23.90 (1.4),,,,,,,,,,,,,,,,,,,,,,,,,,,,,,,,,,,,,,,,,,,,,,,,,,,,,,,,,,,,,,,,,,,,,,,,,,,,,,,,,,,,,,,,,,,,,,,,,,,,,,,,,,,,,,,,,,,
8681427,Lassale Hewlett,N. CAROLINA A&T,m,,,,,,,,,,,,,,,6.74,10.38 (3.8),21.89 (3.2),,,,,,,,,,,,,,,,,,,,,,,,,,,,,,,,,,,,,,,,,,,,,,,,,,,,,,,,,,,,,,,,,,,,,,,,,,,,,,,,,,,,,,,,,,,,,,,,,,,,,,,,,,,,,,,,,,,
6994527,Erin Mcmeniman,GEORGIA,,,,,,,,,,,,,,,,,,,,,"53.32m 174' 11""",,,,,,,,,,,,,,,,,,,,,,,,,,,,,,,,,,,,,,,,,,,,,,,,,,,,,,,,,,,,,,,,,,,,,,,,,,,,,,,,,,,,,,,,,,,,,,,,,,,,,,,,,,,,,,,,
8613262,Ben Brown,TULSA,m,,,4:07.09,15:12.1,,,3:54.81,13:47.82,,23:40.2,29:53.7,,7:52.57,,,,,,,,,,28:31.35,,,,,,,,,,,,,,,,,,,,,,,,,,,,,,,,,,,,,,,,,,,,,,,,,,,,,,,,,,,,,,,,,,,,,,,,,,,,,,,,,,,,,,,,,,,,,,,,,,,,,,,,,,,,,
8666362,Jordan Pierre,ARKANSAS,m,,,,,,,,,,,,,,,7.03,,20.52 (3.7),33.24,44.12,,,,,,,,,,,,,,,,,,,,,,,,,,,,,,,,,,,,,,,,,,,,,,,,,,,,,,,,,,,,,,,,,,,,,,,,,,,,,,,,,,,,,,,,,,,,,,,,,,,,,,,,,,,,,,,,,
8989814,Kitania Headley,MINNESOTA,f,1:30.47,2:13.00,,,,,,,,,,,,,,,,,55.53,,,,,,,58.62,,,,,,,,,,,,,,,1:26.48,,,,,,,,,,,,,,,,,,,,,,,,,,,,,,,,,,,,,,,,,,,,,,,,,,,,,,,,,,,,,,,,,,,,,,,,,,,,,,,,,,,,,,,,,,,
8677123,Tajauni Elliott,CHARLOTTE,m,,,,,,,,,,,,,,,,,20.76 (4.7),35.16,47.45,,,,,,,,,,,,,,,,,,,,,,,,,,,,,,,,,,,,,,,,,,,,,,,,,,,,,,,,,,,,,,,,,,,,,,,,,,,,,,,,,,,,,,,,,,,,,,,,,,,,,,,,,,,,,,,,,
8647595,Brian Musau,OKLAHOMA STATE,m,,,3:54.78,,,,3:39.27,13:11.29,,22:07.0,28:41.2,2:24.54,7:38.04,,,,,,,,,,30:43.87,,,,,,,,,,,,,,,,,,,,,,,,,,,,,,,,,,,,,,,,,,,,,,,,,,,,,,,,,,,,,,,,,,,,,,,,,,,,,,,,,,,,,,,,,,,,,,,,,,,,,,,,,,,,,
8981177,Josh - Ty Brown,SE LOUISIANA,m,,,,,,,,,,,,,,,,,,,,,,,,,,,,"18.01m 59' 1.25""",,,,,"50.36m 165' 3""",,,,,,,,,,,,,,,,,,,,,,,,,,,,,,,,,,,,,,,,,,,,,,,,,,,,,,,,,,,,,,,,,,,,,,,,,,,,,,,,,,,,,,,,,,,,,,,,,,,
8592989,Leo Young,STANFORD,m,,1:49.81,3:56.17,,,,3:38.00,13:24.84,,22:55.0,29:15.4,2:25.75,7:52.46,,,,,,,,,,,,,,,,,,,,,,,,,,,,,,,,,,,,,,,,,,,,,,,,,,,,,,,,,,,,,,,,,,,,,,,,,,,,,,,,,,,,,,,,,,,,,,,,,,,,,,,,,,,,,,,,,,,,,,,
7386914,Athanas Kioko,CAMPBELL,,,1:49.05,4:02.38,,17:55.2,,3:38.52,13:13.47,,22:58.5,28:40.9,,7:49.28,,,,,,,,,,28:16.11,,,,,,,,,,,,,,,,,,,,,,,,,,,,,,,,,,,,,,,,,,,,,,,,,,,,,,,,,,,,,,,,,,,,,,,,,,,,,,,,,,,,,,,,,,,,,,,,,,,,,,,,,,,,,
8343520,Matteo Mitchell,USC,m,,,,,,,,,,,,,,,,,,,,"28.20m 92' 6""",,,,,,,,,,,,,"39.06m 128' 2""","64.23m 210' 9""","18.84m 61' 9.75""",,,,,,,,,,,,,,,,,,,,,,,,,,,,,,,,,,,,,,,,,,,,,,,,,,,,,,,,,,,,,,,,,,,,,,,,,,,,,,,,,,,,,,,,,,,,,,,,,
9008975,Osawese Agbonkonkon,TEXAS,m,,,,,,,,,,,,,,,,,,,,,,,,,,,"2.17m 7' 1.5""",,,,,,,,,,,,,,,,,,,,,,,,,,,,,,,,,,,,,,,,,,,,,,,,,,,,,,,,,,,,,,,,,,,,,,,,,,,,,,,,,,,,,,,,,,,,,,,,,,,,,,,,,
7496293,Kaylah Robinson,TEXAS A&M,,,,,,,,,,,,,,,,7.62,11.69 (1.3),23.48 (4.9),,,,,,,8.02,12.49 (2.5),,,,,,,,,,,,,,,,,,,,,,,,,,,,,,,,,,,,,,,,,,,,,,,,,,,,,,,,,,,,,,,,,,,,,,,,,,,,,,,,,,,,,,,,,,,,,,,,,,,,,,,,,,,
7712279,Natalie Block,MILWAUKEE,f,,2:20.69,,,,,,,,,,,,,,,24.36 (4.9),38.52,54.58,"23.81m 78' 1""","5.83m 19' 1.5""",,,8.22,13.14 (2.4),56.27,"1.62m 5' 3.75""","10.50m 34' 5.5""",3763,4898,,,,,,,,,,,,,,,,,,,,8.44,,,,,,,,,,,,,,,,,,,,,,,,,,,,,,,,,,,,,,,,,,,,,,,,,,,,,,,,,,,,,,,,,,,,,,,,,,,,,,,,,,
8679078,Morgan Little,OKLAHOMA,f,,,,,,,,,,,,,,,7.28,11.35 (2.8),23.89 (3.6),,,,"6.31m 20' 8.5""",,,,,,,,,,,,,,,,,,,,,,,,,,,,,,,,,,,,,,,,,,,,,,,,,,,,,,,,,,,,,,,,,,,,,,,,,,,,,,,,,,,,,,,,,,,,,,,,,,,,,,,,,,,,,,,
8316079,Daniel Kidd,CLEMSON,m,1:19.94,,,,,,,,,,,,,,,10.88 (1.9),20.75 (2.2),33.88,47.87,,,,,,,,,,,,,,,,,,,,,,,,,,,,,,,,,,,,,,,,,,,,,,,,,,,,,,,,,,,,,,,,,,,,,,,,,,,,,,,,,,,,,,,,,,,,,,,,,,,,,,,,,,,,,,,,,
8483146,Erin Tack,ARIZONA,f,,,,,,,,,,,,,,,,,,,,"54.37m 178' 4""",,,,,,,,"12.56m 41' 2.5""",,,,,,,,,,,,,,,,,,,,,,,,,,,,,,,,,,,,,,,,,,,,,,,,,,,,,,,,,,,,,,,,,,,,,,,,,,,,,,,,,,,,,,,,,,,,,,,,,,,,,,,,
8994230,Maddy Kelley,NORTH CAROLINA,f,,,,,,,,,,,,,,,,,,,,,,,,,,,,,,,"4.25m 13' 11.25""",,,,,,,,,,,,,,,,,,,,,,,,,,,,,,,,,,,,,,,,,,,,,,,,,,,,,,,,,,,,,,,,,,,,,,,,,,,,,,,,,,,,,,,,,,,,,,,,,,,,,
8673926,Tyler Nichols,SOUTHERN MISS.,m,,,,,,,,,,,,,,,7.03,10.42 (4.2),,,,,"8.19m (1.5) 26' 10.5""",,,,,,"2.18m 7' 1.75""",,,,,,,,,,,,,,,,,,,,,,,,,,,,,,,,,,,,,,,,,,,,,,,,,,,,,,,,,,,,,,,,,,,,,,,,,,,,,,,,,,,,,,,,,,,,,,,,,,,,,,,,,
9008133,Amare Williams,FLORIDA STATE,m,,,,,,,,,,,,,,,6.82,10.59 (1.4),20.87,,47.37,,,,,,,,,,,,,,,,,,,,,,,,,,,,,,,,,,,,,,,,,,,,,,,,,,,,,,,,,,,,,,,,,,,,,,,,,,,,,,,,,,,,,,,,,,,,,,,,,,,,,,,,,,,,,,,,,
7721149,Dorian Chaigneau,YOUNGSTOWN ST.,,,,,,,,,,,,,,,,,,,,,,,,,,,,,,,,"5.52m 18' 1.25""",,,,,,,,,,,,,,,,,,,,,,,,,,,,,,,,,,,,,,,,,,,,,,,,,,,,,,,,,,,,,,,,,,,,,,,,,,,,,,,,,,,,,,,,,,,,,,,,,,,,,
9246957,Bayleigh Minor,TEXAS,f,,,,,,,,,,,,,,,,,23.95 (3.7),,51.12,,,,,,,,,,,,,,,,,,,,,,1:19.51,,,,,,,,,,,,,,,,,,,,,,,,,,,,,,,,,,,,,,,,,,,,,,,,,,,,,,,,,,,,,,,,,,,,,,,,,,,,,,,,,,,,,,,,,,,
8019789,Vimbayi Maisvorewa,GEORGIA,f,1:35.13,2:19.87,,20:59.4,,,,,,,,,,,,,23.49 (1.9),37.75,50.25,,,,,,,,,,,,,,,,,,,,,,,,,,,,,,,,,,,,,,,,,,,,,,,,,,,,,,,,,,,,,,,,,,,,,,,,,,,,,,,,,,,,,,,,,,,,,,,,,,,,,,,,,,,,,,,,,
7922383,Ajia Hughes,NEW MEXICO,f,,,,,,,,,,,,,,,8.26,,,,,,"6.19m (3.3) 20' 3.75""","12.78m (0.8) 41' 11.25""",,,15.59 (1.4),,"1.84m 6' 0.5""",,,,,,,,,,,,,,,,,,,,,,,,,,,,,,,,,,,,,,,,,,,,,,,,,,,,,,,,,,,,,,,,,,,,,,,,,,,,,,,,,,,,,,,,,,,,,,,,,,,,,,,,,
8671761,Payton Kasper,KANSAS,m,,,,,,,4:52.15,,,,,2:44.22,,,7.36,11.37 (-0.9),,,52.27,"43.56m 142' 11""","6.90m 22' 7.75""",,,8.56,,,"1.81m 5' 11.25""","12.24m 40' 2""",,5270,"5.23m 17' 1.75""",15.46 (2.2),"29.43m 96' 7""",,,6294,,,,,,,,,,,,,,,,,,,,,,,,,,,,,,,,,,,,,,,,,,,,,,,,,,,,,,,,,,,,,,,,,,,,,,,,,,,,,,,,,,,,,,,,,,,,,,,,
9262272,Mario Santin,ULM,m,1:21.55,1:58.35,,,,,,,,,,,,,,,,,47.83,,,,,,,51.12,,,,,,,,,,,,,,,,,,,,,,,,,,,,,,,,,,,,,,,,,,,,,,,,,,,,,,,,,,,,,,,,,,,,,,,,,,,,,,,,,,,,,,,,,,,,,,,,,,,,,,,,,,
8978694,Keith Griffin Iii,OKLAHOMA,m,,,,,,,,,,,,,,,6.92,,21.38 (0.4),34.47,46.71,,,,,,,,,,,,,,,,,,,,,,1:15.12,,,,,,,,,,,,,,,,,,,,,,,,,,,,,,,,,,,,,,,,,,,,,,,,,,,,,,,,,,,,,,,,,,,,,,,,,,,,,,,,,,,,,,,,,,,
8967998,Bethany Tate,LIBERTY,f,,,,,,,,,,,,,,,,,,,,,,,,,,,,"15.87m 52' 1""",,,,,"49.91m 163' 9""",,"14.07m 46' 2""",,,,,,,,,,,,,,,,,,,,,,,,,,,,,,,,,,,,,,,,,,,,,,,,,,,,,,,,,,,,,,,,,,,,,,,,,,,,,,,,,,,,,,,,,,,,,,,,,
8983326,Maya Rollins,VIRGINIA,f,,,,,,,,,,,,,,,7.77,12.09 (2.6),24.66 (1.6),,,,,,,8.30,13.24 (0.8),,,,,,,,,,,,,,,,,,,,,,,,,,,,,,,,,,,,,,,,,,,,,,,,,,,,,,,,,,,,,,,,,,,,,,,,,,,,,,,,,,,,,,,,,,,,,,,,,,,,,,,,,,,
9255101,Carrie Vannoy,HOWARD,f,,,,,,,,,,,,,,,7.72,,24.51,39.95,56.20,,,,,8.49,13.57 (2.0),59.72,,,,,,,,,,,,,,,,,,,,,,,,,,,,,,,,,,,,,,,,,,,,,,,,,,,,,,,,,,,,,,,,,,,,,,,,,,,,,,,,,,,,,,,,,,,,,,,,,,,,,,,,,,
8803542,Walker Deede,UTAH STATE,m,,,,,,,,,,,,,,,,,,,,"74.90m 245' 9""",,,,,,,,,,,,,,,,,,,,,,,,,,,,,,,,,,,,,,,,,,,,,,,,,,,,,,,,,,,,,,,,,,,,,,,,,,,,,,,,,,,,,,,,,,,,,,,,,,,,,,,,,,,,,,,,
8014768,Tarajh Hudson,NORTHWESTERN ST.,m,,,,,,,,,,,,,,,,,,,,,,,,,,,,"16.35m 53' 7.75""",,,,,"56.85m 186' 6""","50.94m 167' 1""","16.82m 55' 2.25""",,,,,,,,,,,,,,,,,,,,,,,,,,,,,,,,,,,,,,,,,,,,,,,,,,,,,,,,,,,,,,,,,,,,,,,,,,,,,,,,,,,,,,,,,,,,,,,,,
7910071,Cameron Jacobs,UTAH VALLEY,m,,,4:19.06,16:05.8,18:52.8,14:43.0,4:04.74,14:35.35,8:48.90,25:03.8,,,8:23.99,,,,,,,,,,,,,,,,,,,,,,,,26:57.2,,,,,,,,,25:31.4,,,,,,,,,,,,6:02.01,,,,,,,,,,,,,,,,,,,,,,,,,22:05.0,,,,,,,,,,,,,,,,,,,,,,,,,,,,,,,,,,,,,,,,,,,,,,,,,
8608707,Constanze Paoli,IDAHO,f,,2:15.28,4:45.87,16:32.0,21:14.5,,4:25.82,16:09.33,9:50.89,,,,9:24.33,,,,,,,,,,,,,,,,,,,,,,,,,,,,,,,,,,,,,,,,,,,,,,,,,,,,,,,,,,,,,,,,,,,,,,,,,,,,,,,,,,,,,,,,,,,,,,,,,,,,,,,18:25.1,,,,,,,,,,,,,,,,
7038695,Keyshawn King,TEXAS TECH,,,,,,,,,,,,,,,,,,,,,,"7.26m (3.2) 23' 10""","16.77m (1.3) 55' 0.25""",,,,,,,,,,,,,,,,,,,,,,,,,,,,,,,,,,,,,,,,,,,,,,,,,,,,,,,,,,,,,,,,,,,,,,,,,,,,,,,,,,,,,,,,,,,,,,,,,,,,,,,,,,,,,,
9003840,Lilly Nichols,APP STATE,f,,,,,,,,,,,,,,,,,,,,,,,,,,,,,,,"4.27m 14' 0""",,,,,,,,,,,,,,,,,,,,,,,,,,,,,,,,,,,,,,,,,,,,,,,,,,,,,,,,,,,,,,,,,,,,,,,,,,,,,,,,,,,,,,,,,,,,,,,,,,,,,
9247079,Neo Modibe,TEXAS,m,,,,,,,,,,,,,,,,,20.79 (3.0),,48.47,,,,,,,,,,,,,,,,,,,,,,,,,,,,,,,,,,,,,,,,,,,,,,,,,,,,,,,,,,,,,,,,,,,,,,,,,,,,,,,,,,,,,,,,,,,,,,,,,,,,,,,,,,,,,,,,,
9236993,Keshawn Allen,LIPSCOMB,m,,,,,,,,,,,,,,,7.18,,22.99 (0.4),,,,,,,8.03,,54.22,,,,,,13.87 (3.5),,,,,,,,,,,,,,,,,,,,,,,,,,,,,,,,,,,,,,,,,,,,,,,,,,,,,,,,,,,,,,,,,,,,,,,,,,,,,,,,,,,,,,,,,,,,,,,,,,,,
8967977,Trevor Veenstra,LIBERTY,m,,,,,,,,,,,,,,,,,,,,,,,,,,,,"18.04m 59' 2.25""",,,,,"54.33m 178' 3""","59.90m 196' 6""","18.75m 61' 6.25""",,,,,,,,,,,,,,,,,,,,,,,,,,,,,,,,,,,,,,,,,,,,,,,,,,,,,,,,,,,,,,,,,,,,,,,,,,,,,,,,,,,,,,,,,,,,,,,,,
9257079,Brock Conrad,KENTUCKY,m,,,,,,,,,,,,,,,,,,,,,,,,,,,,"16.38m 53' 9""",,,,,"52.55m 172' 5""","63.77m 209' 3""","19.49m 63' 11.5""",,,,,,,,,,,,,,,,,,,,,,,,,,,,,,,,,,,,,,,,,,,,,,,,,,,,,,,,,,,,,,,,,,,,,,,,,,,,,,,,,,,,,,,,,,,,,,,,,
8666948,Carly Pujol,ARKANSAS STATE,f,,,,,,,,,,,,,,,,,,,,,,,,,,,,,,,"4.42m 14' 6""",,,,,,,,,,,,,,,,,,,,,,,,,,,,,,,,,,,,,,,,,,,,,,,,,,,,,,,,,,,,,,,,,,,,,,,,,,,,,,,,,,,,,,,,,,,,,,,,,,,,,
9194518,Sean Cronin,LA SALLE,m,,1:51.31,4:03.20,,,,3:40.26,,,,,2:25.08,,,,,,,,,,,,,,,,,,,,,,,,,,,,,,,,,,,,,,,,,,,,,,,,,,,,,,,,,,,,,,,,,,,,,,,,,,,,,,,,,,,,,,,,,,,,,,,,,,,,,,,,,,,,,,,,,,,,,,,,
9239365,Alexander Rhodes,WASHINGTON,m,,,,,,,,,,,,,,,,,20.83 (1.2),,44.94,,,,,,,,,,,,,,,,,,,,,,,,,,,,,,,,,,,,,,,,,,,,,,,,,,,,,,,,,,,,,,,,,,,,,,,,,,,,,,,,,,,,,,,,,,,,,,,,,,,,,,,,,,,,,,,,,
8704016,Jaylon Wells,LONG BEACH ST.,m,,,,,,,,,,,,,,,,,,,,,,,,,,,,"18.39m 60' 4""",,,,,,"49.98m 164' 0""","15.73m 51' 7.25""",,,,,,,,,,,,,,,,,,,,,,,,,,,,,,,,,,,,,,,,,,,,,,,,,,,,,,,,,,,,,,,,,,,,,,,,,,,,,,,,,,,,,,,,,,,,,,,,,
7729851,Sean Dixon-Bodie,FLORIDA,,,,,,,,,,,,,,,,,,,,,,"8.00m (2.2) 26' 3""","16.89m (2.6) 55' 5""",,,,,,,,,,,,,,,,,,,,,,,,,,,,,,,,,,,,,,,,,,,,,,,,,,,,,,,,,,,,,,,,,,,,,,,,,,,,,,,,,,,,,,,,,,,,,,,,,,,,,,,,,,,,,,
8585671,Alexis Lamb,WEST VIRGINIA,f,,,,17:09.6,19:44.3,,,15:50.27,,,,,9:39.38,,,,,,,,,,33:37.41,,,,,,,,,,,,,,,,,,,,,,,,,,,,,,,,,,,,,,,,,,,,,,,,,,,,,,,,,,,,,,,,,,,,,,,,,,,,,,,,,,,,,,,,,,,,,,,,,,,,,,,,,,,,,
9001369,Jizzale Davis,UT-RIO GRANDE VALLEY,f,,,,,,,,,,,,,,,7.59,11.42 (2.0),23.30 (1.8),,57.16,,,,,,,,,,,,,,,,,,,,,,,,,,,,,,,,,,,,,,,,,,,,,,,,,,,,,,,,,,,,,,,,,,,,,,,,,,,,,,,,,,,,,,,,,,,,,,,,,,,,,,,,,,,,,,,,,
8675923,Jameesia Ford,SOUTH CAROLINA,f,,,,,,,,,,,,,,,7.24,10.87 (1.6),21.98 (0.9),35.83,50.25,,,,,,,,,,,,,,,,,,,,,,,,,,,,,,,,,,,,,,,,,,,,,,,,,,,,,,,,,,,,,,,,,,,,,,,,,,,,,,,,,,,,,,,,,,,,,,,,,,,,,,,,,,,,,,,,,
8917862,Bethany Michalak,NC STATE,f,,,4:35.91,16:24.4,19:14.9,,4:17.85,15:43.84,,,,2:47.69,,,,,,,,,,,,,,,,,,,,,,,,,,,,,,,,,,,,,,,,,,,,,,,,,,,,,,,,,,,,,,,,,,,,,,,,,,,,,,,,,,,,,,,,,,,,,,,,,,,,,,,,,,,,,,,,,,,,,,,,
7982248,Melissa Riggins,GEORGETOWN,f,1:28.54,2:01.97,4:24.98,16:39.3,19:31.7,,4:07.67,,,,,2:40.67,8:52.82,,,,,,56.35,,,,,,,,,,,,,,,,,,,,,,,,,,,,,,,,,,,,,,,,,,,,,,,,,,,,,,,,,,,,,,,,,,,,,,,,,,,,,,,,,,,,,,,,,,,,,,,,,,,,,,,,,,,,,,,,,
9253387,Callie Wilson,MONTANA,f,,,,,,,,,,,,,,,7.26,11.34 (2.2),23.36 (2.4),,,,,,,,,,,,,,,,,,,,,,,,,,,,,,,,,,,,,,,,,,,,,,,,,,,,,,,,,,,,,,,,,,,,,,,,,,,,,,,,,,,,,,,,,,,,,,,,,,,,,,,,,,,,,,,,,,,
9007317,Jeff King,CENTRAL ARKANSAS,m,,,,,,,,,,,,,,,,,,,,"66.56m 218' 4""",,,,,,,,,,,,,,,,,,,,,,,,,,,,,,,,,,,,,,,,,,,,,,,,,,,,,,,,,,,,,,,,,,,,,,,,,,,,,,,,,,,,,,,,,,,,,,,,,,,,,,,,,,,,,,,,
9170518,Annie Miller,FURMAN,f,,2:08.57,4:43.05,17:46.8,21:09.9,,4:21.24,,10:13.12,,,2:48.34,9:43.50,,,,,,,,,,,,,,,,,,,,,,,,,,,,,,,25:11.9,,,,,,,,,,,,,,,,,,,,,,,,,,,,,,,,,,,,,,,,,,,,,,,,,,,,,,,,,,,,,,,,,,,,,,,,,,,,,,,,,,,,,,,,
8678612,Davi Torres,TARLETON STATE,m,,,,,,,4:44.67,,,,,,,,,11.26 (2.6),22.29 (2.1),,50.66,"45.50m 149' 3""","6.54m (2.3) 21' 5.5""","14.78m (0.8) 48' 6""",,,,54.15,"2.14m 7' 0.25""","10.60m 34' 9.5""",,,"3.20m 10' 6""",15.11 (1.2),"29.69m 97' 5""",,,6501,,,,,,,,,,,,,,,,,,,,,,,,,,,,,,,,,,,,,,,,,,,,,,,,,,,,,,,,,,,,,,,,,,,,,,,,,,,,,,,,,,,,,,,,,,,,,,,,
7910773,Brian Fay,WASHINGTON,,,1:50.51,3:52.03,,,,3:40.43,13:16.52,8:32.47,22:57.8,28:17.2,,7:43.85,,,,,,,,,,28:22.31,,,,,,,,,,,,,,,,,,,,,,,,,,,,,,,,,,,,,,,,,,,,,,,,,,,,,,,,,,,,,,,,,,,,,,,,,,,,,,,,,,,,,,,,,,,,,,,,,,,,,,,,,,,,,
9278487,Tom Tersek,USC,m,,,,,,,,,,,,,,,,,,,,"74.54m 244' 7""",,,,,,,,,,,,,,,,,,,,,,,,,,,,,,,,,,,,,,,,,,,,,,,,,,,,,,,,,,,,,,,,,,,,,,,,,,,,,,,,,,,,,,,,,,,,,,,,,,,,,,,,,,,,,,,,
8714651,Onyah Onyinye Favour,SE LOUISIANA,f,1:41.73,2:11.73,,,,,,,,,,,,,7.39,11.80 (1.3),23.19 (1.8),,50.25,,,,,,,,,,,,,,,,,,,,,,,,,,,,,,,,,,,,,,,,,,,,,,,,,,,,,,,,,,,,,,,,,,,,,,,,,,,,,,,,,,,,,,,,,,,,,,,,,,,,,,,,,,,,,,,,,
8383213,Tony Nelson,MINNESOTA,m,,,,,,,,,,,,,,,,,,,,,,,,,,,,"18.03m 59' 2""",,,,,,,,,,,,,,,,,,,,,,,,,,,,,,,,,,,,,,,,,,,,,,,,,,,,,,,,,,,,,,,,,,,,,,,,,,,,,,,,,,,,,,,,,,,,,,,,,,,,,,,,
8362656,George Garcia,TEXAS TECH,m,,1:48.67,,,,,,,,,,,,,,,21.18 (2.2),,45.51,,,,,,,,,,,,,,,,,,,,,,1:08.14,,,,,,,,,,,,,,,,,,,,,,,,,,,,,,,,,,,,,,,,,,,,,,,,,,,,,,,,,,,,,,,,,,,,,,,,,,,,,,,,,,,,,,,,,,,
8625281,Mackenzie Robinson,HOWARD,f,,,,,,,,,,,,,,,7.59,11.36 (3.0),23.55 (2.9),38.96,58.84,,,,,,,,,,,,,,,,,,,,,,,,,,,,,,,,,,,,,,,,,,,,,,,,,,,,,,,,,,,,,,,,,,,,,,,,,,,,,,,,,,,,,,,,,,,,,,,,,,,,,,,,,,,,,,,,,
9006013,Laraigh Allen,SAN DIEGO ST.,f,,,,,,,,,,,,,,,,11.94 (-0.8),23.80 (1.0),,53.79,,,,,,,,,,,,,,,,,,,,,,,,,,,,,,,,,,,,,,,,,,,,,,,,,,,,,,,,,,,,,,,,,,,,,,,,,,,,,,,,,,,,,,,,,,,,,,,,,,,,,,,,,,,,,,,,,
7008872,Jonathan Jones,TEXAS,,1:15.12,1:45.83,,,,,,,,,,,,,,,21.08,,44.43,,,,,,,,,,,,,,,,,,,1:17.05,,,1:06.68,,,,,,,,,,,,,,,,,,,,,,,,,,,,,,,,,,,,,,,,,,,,,,,,,,,,,,,,,,,,,,,,,,,,,,,,,,,,,,,,,,,,,,,,,,,
9237300,Quentin Mitchell,SACRAMENTO ST.,m,,,,,,,,,,,,,,,,,,,,,,,,,,,"2.11m 6' 11""",,,,,,,,,,,,,,,,,,,,,,,,,,,,,,,,,,,,,,,,,,,,,,,,,,,,,,,,,,,,,,,,,,,,,,,,,,,,,,,,,,,,,,,,,,,,,,,,,,,,,,,,,
9018324,Manfred Mannamaa,TEXAS STATE,m,,,,,,,,,,,,,,,,,,,,,,,,,,,,,,,,,"49.93m 163' 10""","66.99m 219' 9""","19.42m 63' 8.75""",,,,,,,,,,,,,,,,,,,,,,,,,,,,,,,,,,,,,,,,,,,,,,,,,,,,,,,,,,,,,,,,,,,,,,,,,,,,,,,,,,,,,,,,,,,,,,,,,
8017580,Trenton Givens,COLORADO ST.,m,,,,,,,,,,,,,,,7.03,10.67 (2.8),21.72,,,,,,,7.76,,52.28,,,,,,13.49 (-0.2),,,,,,,,,,,,,,,,,,,,,,,,,,,,,,,,,,,,,,,,,,,,,,,,,,,,,,16.24,,,,,,,,,,,,,,,,,,,,,,,,,,,,,,,,,,,,,,,,,,,,,,
7687408,Temitope Ojora,USC,,,,,,,,,,,,,,,,,,,,,,"6.37m (1.7) 20' 10.75""","13.90m (2.0) 45' 7.25""",,,,,"1.80m 5' 10.75""",,,,,,,,,,,,,,,,,,,,,,,,,,,,,,,,,,,,,,,,,,,,,,,,,,,,,,,,,,,,,,,,,,,,,,,,,,,,,,,,,,,,,,,,,,,,,,,,,,,,,,,,,
9013991,Ryan Gruss,KENT STATE,m,,,,,,,,,,,,,,,6.80,10.42 (4.0),20.91 (0.4),,,,,,,,,,,,,,,,,,,,,,,,,,,,,,,,,,,,,,,,,,,,,,,,,,,,,,,,,,,,,,,,,,,,,,,,,,,,,,,,,,,,,,,,,,,,,,,,,,,,,,,,,,,,,,,,,,,
9261999,Kennedi Burks,LSU,f,,,,,,,,,,,,,,,,,23.93 (3.2),,52.33,,,,,,,,,,,,,,,,,,,,,,,,,,,,,,,,,,,,,,,,,,,,,,,,,,,,,,,,,,,,,,,,,,,,,,,,,,,,,,,,,,,,,,,,,,,,,,,,,,,,,,,,,,,,,,,,,
8919743,Kathryn Koonts,TULSA,f,,,4:57.85,,20:45.1,,,16:39.56,10:18.66,,,,9:30.71,11:22.3,,,,,,,,,,,,,,,,,,,,,,,,,,,,,,,,,,,,,,,,,,,,,,,,,,,,,,,,,,,,,,,,,,,,,,,,,,,,,,,,,,,,,,,,,,,,,,,,,,,,,,,,,,,,,,,,,,,,,,
8339038,Kaia Harris,MISSOURI,,,,,,,,,,,,,,,,,,,,,,,,,,,,,,,,,,"57.52m 188' 8""","53.13m 174' 4""","18.67m 61' 3""",,,,,,,,,,,,,,,,,,,,,,,,,,,,,,,,,,,,,,,,,,,,,,,,,,,,,,,,,,,,,,,,,,,,,,,,,,,,,,,,,,,,,,,,,,,,,,,,,
8028386,Miranda Tcheutchoua,CINCINNATI,f,,,,,,,,,,,,,,,,,,,,,,,,,,,,"8.93m 29' 3.75""",,,,,,"60.32m 197' 11""","19.36m 63' 6.25""",,,,,,,,,,,,,,,,,,,,,,,,,,,,,,,,,,,,,,,,,,,,,,,,,,,,,,,,,,,,,,,,,,,,,,,,,,,,,,,,,,,,,,,,,,,,,,,,,
8042870,Grace Nwokocha,N. CAROLINA A&T,,,,,,,,,,,,,,,,7.36,10.97 (0.6),22.44 (0.5),,53.22,,,,,,,,,,,,,,,,,,,,,,,,,,,,,,,,,,,,,,,,,,,,,,,,,,,,,,,,,,,,,,,,,,,,,,,,,,,,,,,,,,,,,,,,,,,,,,,,,,,,,,,,,,,,,,,,,
7208883,John Keenan,NOTRE DAME,,,,,,,,,,,,,,,,,,,,,"75.96m 249' 2""",,,,,,,,,,,,,,,,,,,,,,,,,,,,,,,,,,,,,,,,,,,,,,,,,,,,,,,,,,,,,,,,,,,,,,,,,,,,,,,,,,,,,,,,,,,,,,,,,,,,,,,,,,,,,,,,
8674148,Jaden Schneeberger,CENTRAL ARKANSAS,m,,,,,,,,,,,,,,,,,,,,,,,,,,,,"18.49m 60' 8""",,,,,"47.23m 154' 11""","66.73m 218' 11""","20.86m 68' 5.25""",,,,,,,,,,,,,,,,,,,,,,,,,,,,,,,,,,,,,,,,,,,,,,,,,,,,,,,,,,,,,,,,,,,,,,,,,,,,,,,,,,,,,,,,,,,,,,,,,
7986572,Rogerio Amaral,TULANE,m,,,3:56.54,,,,3:43.40,13:49.33,,23:45.7,30:04.3,,7:58.77,,,,,,,,,,28:23.41,,,,,,,,,,,,,,,,,,,,,,,,,,,,,,,,,,,,,,,,,,,,,,,,,,,,,,,,,,,,,,,,,,,,,,,,,,,,,,,,,,,,,,,,,,,,,,,,,,,,,,,,,,,,,
8981360,Kazu Kimura,UC RIVERSIDE,m,,,,,,,,,,,,,,,7.04,10.89 (1.2),,,,,"7.56m (1.0) 24' 9.75""",,,,,,"2.12m 6' 11.5""",,,,,,,,,,,,,,,,,,,,,,,,,,,,,,,,,,,,,,,,,,,,,,,,,,,,,,,,,,,,,,,,,,,,,,,,,,,,,,,,,,,,,,,,,,,,,,,,,,,,,,,,,
8714578,Gerrit Visser,SE LOUISIANA,m,,,,,,,,,,,,,,,,11.71,,,,,,,,,,,,,,,,,,"62.86m 206' 3""","17.40m 57' 1""",,,,,,,,,,,,,,,,,,,,,,,,,,,,,,,,,,,,,,,,,,,,,,,,,,,,,,,,,,,,,,,,,,,,,,,,,,,,,,,,,,,,,,,,,,,,,,,,,
8936391,Roan Kelly,VIRGINIA TECH,m,,1:47.76,3:58.10,,17:53.2,,3:40.84,,,24:36.2,,2:23.87,8:06.29,,,,,,50.74,,,,,,,,,,,,,,,,,,,,,,,23:41.8,,,,,,,,,,,,,,,,,,,,,,,,,,,,,,,,,,,,,,,,,,,,,,,,,,,,,,,,,,,,,,,,,,,,,,,,,,,,,,,,,,,,,,,,,,
7519684,Jan'Taijah Jones,USC,,,,,,,,,,,,,,,,,11.80 (0.5),22.99 (1.5),36.85,50.31,,,,,,,,,,,,,,,,,,,,,,,,,,,,,,,,,,,,,,,,,,,,,,,,,,,,,,,,,,,,,,,,,,,,,,,,,,,,,,,,,,,,,,,,,,,,,,,,,,,,,,,,,,,,,,,,,
8369558,Allyria Mcbride,VANDERBILT,,1:31.29,,,,,,,,,,,,,,,,24.30,37.78,53.47,,"6.13m 20' 1.5""",,,8.75,,55.65,,,,,,,,,,,,,,,,,,,,,,,,,,,,,,,,,,,,,,,,,,,,,,,,,,,,,,,,,,,,,,,,,,,,,,,,,,,,,,,,,,,,,,,,,,,,,,,,,,,,,,,,,,
9250905,Daisy Monie,UTSA,f,,,,,,,,,,,,,,,,,,,,,,,,,,,,"16.71m 54' 10""",,,,,"52.86m 173' 5""",,,,,,,,,,,,,,,,,,,,,,,,,,,,,,,,,,,,,,,,,,,,,,,,,,,,,,,,,,,,,,,,,,,,,,,,,,,,,,,,,,,,,,,,,,,,,,,,,,,
9252938,Elijah Clark,TENNESSEE,m,,,,,,,,,,,,,,,6.79,10.17 (0.4),21.61 (0.1),,,,,,,,,,,,,,,,,,,,,,,,,,,,,,,,,,,,,,,,,,,,,,,,,,,,,,,,,,,,,,,,,,,,,,,,,,,,,,,,,,,,,,,,,,,,,,,,,,,,,,,,,,,,,,,,,,,
8620191,Dylan Decambre,VIRGINIA TECH,m,1:19.93,1:47.21,,,17:39.7,,3:43.36,,,24:09.6,,2:18.81,8:18.37,,,,,,49.73,,,,,,,,,,,,,,,,,,,,,,,,,,,,,,,,,,,,,,,,,,,,,,,,,,,,,,,,,,,,,,,,,,,,,,,,,,,,,,,,,,,,,,,,,,,,,,,,,,,,,,,,,,,,,,,,,
9003246,Dominique Hall,NORTH TEXAS,m,,,,,,,,,,,,,,,,,,,,,"6.91m (2.4) 22' 8""","15.48m (3.9) 50' 9.5""",,,,,,,,,,,,,,,,,,,,,,,,,,,,,,,,,,,,,,,,,,,,,,,,,,,,,,,,,,,,,,,,,,,,,,,,,,,,,,,,,,,,,,,,,,,,,,,,,,,,,,,,,,,,,,
8719872,Kobe Mendez,LOUISIANA,m,,,,,,,,,,,,,,,,,22.35 (0.5),,,,,,,7.94,,57.12,,,,,,13.88 (1.8),,,,,,,,,,,,,,,,,,,,,,,,,,,,,,,,,,,,,,,,,,,,,,,,,,,,,,,,,,,,,,,,,,,,,,,,,,,,,,,,,,,,,,,,,,,,,,,,,,,,
8978084,James Coleman,NC STATE,m,,,,,,,,,,,,,,,,10.61 (0.6),21.19 (0.7),,,,,,,8.01,,50.38,,,,,,13.98 (-1.2),,,,,,,,,,,,,,,,,,,,,,,,,,,,,,,,,,,,,,,,,,,,,,,,,,,,,,,,,,,,,,,,,,,,,,,,,,,,,,,,,,,,,,,,,,,,,,,,,,,,
7002878,Malin Smith,TEXAS TECH,,,,,,,,,,,,,,,,,,,,,,,,,,,,,"16.95m 55' 7.5""",,,,,"57.84m 189' 9""","44.10m 144' 8""","19.05m 62' 6""",,,,,,,,,,,,,,,,,,,,,,,,,,,,,,,,,,,,,,,,,,,,,,,,,,,,,,,,,,,,,,,,,,,,,,,,,,,,,,,,,,,,,,,,,,,,,,,,,
7886978,Nikolaos Polychroniou,USC,,,,,,,,,,,,,,,,,,,,,,,,,,,,,,,,,,,"75.24m 246' 10""","21.09m 69' 2.5""",,,,,,,,,,,,,,,,,,,,,,,,,,,,,,,,,,,,,,,,,,,,,,,,,,,,,,,,,,,,,,,,,,,,,,,,,,,,,,,,,,,,,,,,,,,,,,,,,
8590131,Gabe Nash,NEBRASKA,m,1:17.37,1:46.95,4:06.48,,19:08.6,,3:46.37,,,25:09.3,35:01.5,,,,,,,,50.00,,,,,,,,,,,,,,,,,,,,,,,,,,,,,,,,,,,,,,,,,,,,,,,,,,,,,,,,,,,,,,,,,,,,,,,,,,,,,,,,,,,,,,,,,,,,,,,,,,,,,,,,,,,,,,,,,
9016414,Inara Ukawuba,CALIFORNIA,f,,,,,,,,,,,,,,,,11.89 (1.5),,,,,,,,8.45,13.17 (3.1),,,,,,,,,,,,,,,,,,,,,,,,,,,,,,,,,,,,,,,,,,,,,,,,,,,,,,,,,,,,,,,,,,,,,,,,,,,,,,,,,,,,,,,,,,,,,,,,,,,,,,,,,,,
9237584,Olivia Hughes,DUKE,f,,2:21.14,,,,,,,,,,,,,,,25.42 (1.4),,,"33.47m 109' 10""","5.54m (1.6) 18' 2.25""",,,8.95,14.63 (2.7),,"1.67m 5' 5.75""","12.46m 40' 10.5""",3695,5294,,,,,,,,,,,,,,,,,,,,,,,,,,,,,,,,,,,,,,,,,,,,,,,,,,,,,,,,,,,,,,,,,,,,,,,,,,,,,,,,,,,,,,,,,,,,,,,,,,,,,,
8603167,Kaleb Nastari,PENN STATE,m,1:16.89,1:47.19,4:10.38,,,,3:47.88,,,,,2:20.84,,,,,,,,,,,,,,,,,,,,,,,,,,,,,,,,,,,,,,,,,,,,,,,,,,,,,,,,,,,,,,,,,,,,,,,,,,,,,,,,,,,,,,,,,,,,,,,,,,,,,,,,,,,,,,,,,,,,,,,,
9257055,Naseera Efua Quansah,KENTUCKY,f,,,,,,,,,,,,,,,7.47,11.45 (3.0),23.93 (5.0),,,,,,,,,,,,,,,,,,,,,,,,,,,,,,,,,,,,,,,,,,,,,,,,,,,,,,,,,,,,,,,,,,,,,,,,,,,,,,,,,,,,,,,,,,,,,,,,,,,,,,,,,,,,,,,,,,,
8616365,Kaia Schmidt,UC IRVINE,f,,2:09.14,4:51.70,18:26.6,20:38.4,,4:20.94,16:53.20,10:16.88,,,,,,,,,,,,,,,,,,,,,,,,,,,,,,,,,,,,,,,,,,,,,,,,,,,,,,,,,,,,,,,,,,,,,,,,,,,,,,,,,,,,,,,,,,,,,,,,,,,,,,,,,,,,,,,,,,,,,,,,,,,
7979191,Valentina Barrios Bornacelli,WASHINGTON ST.,,,,,,,,,,,,,,,,,,,,,"54.03m 177' 3""",,,,,,,,,,,,,,,,,,,,,,,,,,,,,,,,,,,,,,,,,,,,,,,,,,,,,,,,,,,,,,,,,,,,,,,,,,,,,,,,,,,,,,,,,,,,,,,,,,,,,,,,,,,,,,,,
9234828,Gavin Nelson,MONMOUTH,m,,,,,,,,,,,,,,,,,,,,,,,,,,,"2.12m 6' 11.5""",,,,,,,,,,,,,,,,,,,,,,,,,,,,,,,,,,,,,,,,,,,,,,,,,,,,,,,,,,,,,,,,,,,,,,,,,,,,,,,,,,,,,,,,,,,,,,,,,,,,,,,,,
8928419,Audrey Camp Cazier,WEBER STATE,f,,2:19.50,4:54.65,17:08.4,21:26.8,18:15.6,4:31.02,16:35.08,10:17.81,,,,9:39.74,,,,,,,,,,,,,,,,,,,,,,,,,,,,,,,,,,,,,,,,,,15:00.1,,,,,,,,,,,,,,,,,,,,,,,,,,,,,,,,,,,,,,,,19:21.9,,,,,,,,,,,,,,,,,,,,,,,,,,,,,,,,,,,,,
8023572,Samuel Navarro,MISS STATE,m,1:20.74,1:45.32,4:08.31,,,,3:47.19,14:42.92,9:49.32,,,2:26.61,,,,,,,,,,,,,,,,,,,,,,,,,,,,,,,,,,,,,,,,,,,,,,,,,,,,,,,,,,,,,,,,,,,,,,,,,,,,,,,,,,,,,,,,,,,,,,,,,,,,,,,,,,,,,,,,,,,,,,,,
8676821,Leonardo Ramos,COLORADO ST.,m,,,,,,,,,,,,,,,,,,,,,,,,,,,,"18.93m 62' 1.25""",,,,,"57.76m 189' 6""","65.52m 214' 11""","19.72m 64' 8.5""",,,,,,,,,,,,,,,,,,,,,,,,,,,,,,,,,,,,,,,,,,,,,,,,,,,,,,,,,,,,,,,,,,,,,,,,,,,,,,,,,,,,,,,,,,,,,,,,,
8336230,Hakeem Ford,MINNESOTA,m,,,,,,,,,,,,,,,,11.44 (3.1),,,,,"7.63m (2.7) 25' 0.5""","16.54m (1.5) 54' 3.25""",,,,,,,,,,,,,,,,,,,,,,,,,,,,,,,,,,,,,,,,,,,,,,,,,,,,,,,,,,,,,,,,,,,,,,,,,,,,,,,,,,,,,,,,,,,,,,,,,,,,,,,,,,,,,,
8706142,Cedricka Williams,TENNESSEE,f,,,,,,,,,,,,,,,,,,,,"39.66m 130' 1""",,,,,,,,"13.14m 43' 1.5""",,,,,"61.07m 200' 4""","52.79m 173' 2""","20.37m 66' 10""",,,,,,,,,,,,,,,,,,,,,,,,,,,,,,,,,,,,,,,,,,,,,,,,,,,,,,,,,,,,,,,,,,,,,,,,,,,,,,,,,,,,,,,,,,,,,,,,,
8667363,Elle Riley,BROWN,f,,,,,,,,,,,,,,,,,24.61 (-0.1),,57.63,,,,,8.48,13.44 (-0.3),56.07,,,,,,,,,,,,,,,,,,,,,,,,,,,,,,,,,,,,,,,,,,,,,,,,,,,,,,,,,,,,,,,,,,,,,,,,,,,,,,,,,,,,,,,,,,,,,,,,,,,,,,,,,,
9260633,Tia Brown,BYU,f,,2:18.74,,,,,,,,,,,,,,,25.06 (1.7),,,"37.22m 122' 1""","5.97m 19' 7""",,,8.38,13.77 (2.6),1:00.15,"1.62m 5' 3.75""","11.43m 37' 6""",3997,5402,,,,,,,,,,,,,,,,,,,,8.13,,,,,,,,,,,,,,,,,,,,,,,,,,,,,,,,,,,,,,,,,,,,,,,,,,,,,,,,,,,,,,,,,,,,,,,,,,,,,,,,,,
7888835,Rebekah Erikson,BYU,,,,6:48.01,,,,,,,,,,,,,,,,,,,,,,,,,,,,"4.39m 14' 4.75""",,,,,,,,,,,,,,,,,,,,,,,,,,,,,,,,,,,,,,,,,,,,,,,,,,,,,,,,,,,,,,,,,,,,,,,,,,,,,,,,,,,,,,,,,,,,,,,,,,,,,
8324562,Chandler Ault,WASHINGTON,,,,,,,,,,,,,,,,,,,,,"79.31m 260' 2""",,,,,,,,,,,,,,,,,,,,,,,,,,,,,,,,,,,,,,,,,,,,,,,,,,,,,,,,,,,,,,,,,,,,,,,,,,,,,,,,,,,,,,,,,,,,,,,,,,,,,,,,,,,,,,,,
9253796,Nyah Edwards,OLE MISS,f,,,,,,,,,,,,,,,,,,,,,,,,,,,,,,,,,,"62.16m 203' 11""","20.81m 68' 3.25""",,,,,,,,,,,,,,,,,,,,,,,,,,,,,,,,,,,,,,,,,,,,,,,,,,,,,,,,,,,,,,,,,,,,,,,,,,,,,,,,,,,,,,,,,,,,,,,,,
7371800,Ezekiel Rop,IOWA STATE,,,,3:58.77,,17:54.9,,3:36.92,13:36.77,,23:34.2,29:49.8,2:25.96,7:58.77,,,,,,,,,,,,,,,,,,,,,,,,23:31.3,,,,,,,,,,,,,,,,,,,,,,,,,,,,,,,,,,,,,,,,,,,,,,,,,,,,,,,,,,,,,,,,,,,,,,,,,,,,,,,,,,,,,,,,,,,,,,,
9272024,Duaine Mayrant,ARIZONA STATE,m,,,,,,,,,,,,,,,,,21.76 (1.3),,47.40,,,,,,,,,,,,,,,,,,,,,,1:12.40,,,,,,,,,,,,,,,,,,,,,,,,,,,,,,,,,,,,,,,,,,,,,,,,,,,,,,,,,,,,,,,,,,,,,,,,,,,,,,,,,,,,,,,,,,,
8237169,Cj Singleton,NOTRE DAME,,,,4:03.84,,,,,13:38.87,8:27.46,23:05.8,29:47.7,,7:52.13,,,,,,,,,,,,,,,,,,,,,,,,23:45.9,,,,,,,,,,,,,,,,,,,,,,,,,,,,,,,,,,,,,,,,,,,,,,,,,,,,,,,,,,,,,,,,,,,,,,,,,,,,,,,,,,,,,,,,,,,,,,,
9172421,Adele Martin,PENN,f,,,4:52.09,,21:38.9,,4:25.43,,10:17.26,,,2:47.85,9:50.85,,,,,,,,,,,,,,,,,,,,,,,,,,,,,,,,,,,,,,,,,,,,,,,,,,,,,,,,,,,,,,,,,,,,,,,,,,,,,,,,,,,,,,,,,,,,,,,,,,,,,,,,,,,,,,,,,,,,,,,
7989150,Makayla Hunter,INDIANA,f,,,,,,,,,,,,,,,,,,,,"48.36m 158' 8""",,,,,,,,"17.32m 56' 10""",,,,,"48.30m 158' 5""","55.03m 180' 6""","20.68m 67' 10.25""",,,,,,,,,,,,,,,,,,,,,,,,,,,,,,,,,,,,,,,,,,,,,,,,,,,,,,,,,,,,,,,,,,,,,,,,,,,,,,,,,,,,,,,,,,,,,,,,,
9293461,Karabo Letebele,ARKANSAS,m,,,,,,,,,,,,,,,6.53,9.99 (2.5),20.48 (2.3),,,,,,,,,,,,,,,,,,,,,,,,,,,,,,,,,,,,,,,,,,,,,,,,,,,,,,,,,,,,,,,,,,,,,,,,,,,,,,,,,,,,,,,,,,,,,,,,,,,,,,,,,,,,,,,,,,,
9273635,David Richards,TEXAS STATE,m,,,,,,,4:53.44,,,,,2:56.09,,,7.21,11.03 (1.3),23.15 (-0.5),,50.06,"52.15m 171' 1""","6.98m (1.3) 22' 11""",,,8.34,,,"1.94m 6' 4.25""","12.45m 40' 10.25""",,4998,"4.23m 13' 10.5""",14.45 (0.0),"38.94m 127' 9""",,,7213,,,,,,,,,,,,,,,,,,,,,,,,,,,,,,,,,,,,,,,,,,,,,,,,,,,,,,,,,,,,,,,,,,,,,,,,,,,,,,,,,,,,,,,,,,,,,,,,
8617831,Anna Harden,AIR FORCE,f,,,4:48.89,17:53.8,20:38.0,17:51.0,4:20.48,16:11.13,,,,,9:27.21,,,,,,,,,,,,,,,,,,,,,,,,,,,,,,,,,,,,,,,,,,,,,,,,,,,,,,,,,,,,,,,,,,,,,,,,,,,,,,,,,,,,,,,,,,,,,,,,,,,,,,,,,,,,,,,,,,,,,,,
8319070,Haydn Brotschi,COLUMBIA,m,,,,,,,,,,,,,,,7.05,10.77 (1.9),21.35 (0.2),33.98,45.20,,,,,,,,,,,,,,,,,,,,,,,,,,,,,,,,,,,,,,,,,,,,,,,,,,,,,,,,,,,,,,,,,,,,,,,,,,,,,,,,,,,,,,,,,,,,,,,,,,,,,,,,,,,,,,,,,
7367311,Amanda Vestri,SYRACUSE,,,,4:47.54,17:01.0,19:50.1,16:42.2,,15:42.48,,,,,9:04.36,,,,,,,,,,32:08.26,,,,,,,,,,,,,,,,,,,,,,,,,,,,,,,,14:02.2,,,,,,,,,,,,,,,,12:37.07,,,,,,,,,,,,,,,,,,,,,,,,,,,,,,,,,,,,,,,,,,,,,,,,,,,,,,,,,,,,,
8720573,Kamron Neal,TEXAS TECH,m,1:24.72,,,,,,,,,,,,,,6.77,10.18 (5.0),20.27 (3.1),32.86,48.08,,,,,,,,,,,,,,,,,,,,,,,,,,,,,,,,,,,,,,,,,,,,,,,,,,,,,,,,,,,,,,,,,,,,,,,,,,,,,,,,,,,,,,,,,,,,,,,,,,,,,,,,,,,,,,,,,
8318374,Gary Moore,KANSAS STATE,m,,,,,,,,,,,,,,,,,,,,,,,,,,,,"18.85m 61' 10.25""",,,,,"56.90m 186' 8""","67.68m 222' 0""","23.54m 77' 2.75""",,,,,,,,,,,,,,,,,,,,,,,,,,,,,,,,,,,,,,,,,,,,,,,,,,,,,,,,,,,,,,,,,,,,,,,,,,,,,,,,,,,,,,,,,,,,,,,,,
7987288,Sam Whitmarsh,TEXAS A&M,,1:16.90,1:44.46,,,,,3:40.74,,,,,,,,,,,,,,,,,,,,,,,,,,,,,,,,,,,,,,,,,,,,,,,,,,,,,,,,,,,,,,,,,,,,,,,,,,,,,,,,,,,,,,,,,,,,,,,,,,,,,,,,,,,,,,,,,,,,,,,,,,,,,
8592376,Gianni Allwein,CINCINNATI,m,,1:49.36,4:00.19,14:49.2,19:29.6,,3:39.68,,,24:03.3,30:56.0,2:24.80,8:21.63,,,,,,,,,,,,,,,,,,,,,,,,,,,,,,,,,,,,,,,,,,,,,,,,,,,,,,,,,,,,,,,,,,,,,,,,,,,,,,,,,,,,,,,,,,,,,,,,,,,,,,,,,,,,,,,,,,,,,,,
9242754,Paige Echsner,UCLA,f,,,,,,,,,,,,,,,,,,,,,,,,,,,,,,,"4.17m 13' 8.25""",,,"18.64m 61' 2""",,,,,,,,,,,,,,,,,,,,,,,,,,,,,,,,,,,,,,,,,,,,,,,,,,,,,,,,,,,,,,,,,,,,,,,,,,,,,,,,,,,,,,,,,,,,,,,,,,
9253515,Auceane Bouijoux,TEXAS TECH,f,,,,,,,,,,,,,,,,,,,,,,,,8.32,13.29 (3.6),,,,,,,,,,,,,,,,,,,,,,,,,,,,,,,,,,,,,,,,,,,,,,,,,,,,,,,,,,,,,,,,,,,,,,,,,,,,,,,,,,,,,,,,,,,,,,,,,,,,,,,,,,,
9189255,Rylee Blade,FLORIDA STATE,f,,,4:53.30,,19:29.1,,4:22.07,15:29.45,,,,,9:03.46,,,,,,,,,,32:35.72,,,,,,,,,,,,,,,,,,,,,,,,,,,,,,,,,,,,,,,,,,,,,,,,,,,,,,,,,,,,,,,,,,,,,,,,,,,,,,,,,,,,,,,,,,,,,,,,,,,,,,,,,,,,,
8665935,Cameron Guadiano,KENNESAW STATE,m,,,,,,,,,,,,,,,7.02,10.92 (0.3),21.15 (2.5),,49.70,,,,,7.85,,52.34,,,,,,13.63 (3.1),,,,,,,,,,,,,,,,,,,,,,,,,,,,,,,,,,,,,,,,,,,,,,,,,,,,,,,,,,,,,,,,,,,,,,,,,,,,,,,,,,,,,,,,,,,,,,,,,,,,
8010896,Anna Hall,FLORIDA,,1:34.38,2:03.11,,,,,,,,,,,,,,,23.13 (0.4),,,"45.12m 148' 0""","6.74m (3.3) 22' 1.5""",,,8.31,13.33 (-0.7),54.48,"1.89m 6' 2.25""","13.54m 44' 5.25""",4618,6458,,,,,,,,,,,,,,,,,,,,,,,,,,,,,,,,,,,,,,,,,,,,,,,,,,,,,,,,,,,,,,,,,,,,,,,,,,,,,,,,,,,,,,,,,,,,,,,,,,,,,,
7723549,Kayla Thorpe,MARYLAND,,,,,,,,,,,,,,,,,,,,,"53.44m 175' 4""",,,,,,,,"14.85m 48' 8.75""",,,,,"40.53m 133' 0""",,"13.70m 44' 11.5""",,,,,,,,,,,,,,,,,,,,,,,,,,,,,,,,,,,,,,,,,,,,,,,,,,,,,,,,,,,,,,,,,,,,,,,,,,,,,,,,,,,,,,,,,,,,,,,,,
7729144,Maria Deaviz,VILLANOVA,,,,,,,,,,,,,,,,,,,,,,,,,,,,,"17.97m 58' 11.5""",,,,,"52.58m 172' 6""",,"16.16m 53' 0.25""",,,,,,,,,,,,,,,,,,,,,,,,,,,,,,,,,,,,,,,,,,,,,,,,,,,,,,,,,,,,,,,,,,,,,,,,,,,,,,,,,,,,,,,,,,,,,,,,,
9001685,Garner Ezell,SAMFORD,m,,,,,,,5:01.98,,,,,3:00.65,,,7.00,10.80 (+0.0),22.06 (0.6),,49.50,"42.39m 139' 1""","6.82m 22' 4.5""",,,9.27,,,"1.88m 6' 2""","11.59m 38' 0.25""",,4893,"4.60m 15' 1""",16.71 (1.3),"35.35m 116' 0""",,,6505,,,,,,,,,,,,,,,,,,,,,,,,,,,,,,,,,,,,,,,,,,,,,,,,,,,,,,,,,,,,,,,,,,,,,,,,,,,,,,,,,,,,,,,,,,,,,,,,
9006140,Cleo Agyepong,HOUSTON,f,,,,,,,,,,,,,,,,,,,,,,,,,,,,"16.94m 55' 7""",,,,,,,,,,,,,,,,,,,,,,,,,,,,,,,,,,,,,,,,,,,,,,,,,,,,,,,,,,,,,,,,,,,,,,,,,,,,,,,,,,,,,,,,,,,,,,,,,,,,,,,,
8932239,Kennady Anderson,ILLINOIS,f,,2:11.47,4:47.32,17:51.1,20:55.8,,4:22.00,,10:18.80,,,2:51.93,9:34.69,,,,,,,,,,,,,,,,,,,,,,,,,,,,,,,,,,,,,,,,,,,,,,,,,,,,,,,,,,,,,,,,,,,,,,,,,,,,,,,,,,,,,,,,,,,,,,,,,,,,,,,,,,,,,,,,,,,,,,,
7975665,Maxwell Forte,DUKE,m,1:23.15,,,,,,4:37.19,,,,,2:43.06,,,6.95,10.60 (1.9),,,47.71,"49.53m 162' 6""","7.77m (0.5) 25' 6""","13.98m (1.3) 45' 10.5""",,8.11,,,"1.92m 6' 3.5""","13.94m 45' 9""",,5598,"4.75m 15' 7""",14.34 (2.2),"45.25m 148' 5""",,,7853,,,,,,,,,,,,,,,,,,,,,,,,,,,,,,,,,,,,,,,,,,,,,,,,,,,,,,,,,,,,,,,,,,,,,,,,,,,,,,,,,,,,,,,,,,,,,,,,
6576733,Edward Jeans,OKLAHOMA,,,,,,,,,,,,,,,,,,,,,,,,,,,,,,,,,,"39.28m 128' 10""","68.10m 223' 5""","20.05m 65' 9.5""",,,,,,,,,,,,,,,,,,,,,,,,,,,,,,,,,,,,,,,,,,,,,,,,,,,,,,,,,,,,,,,,,,,,,,,,,,,,,,,,,,,,,,,,,,,,,,,,,
9249266,Chanice Spicer,ALABAMA STATE,f,,,,,,,,,,,,,,,,11.72 (2.6),24.06 (0.1),,55.10,,,,,,,,,,,,,,,,,,,,,,,,,,,,,,,,,,,,,,,,,,,,,,,,,,,,,,,,,,,,,,,,,,,,,,,,,,,,,,,,,,,,,,,,,,,,,,,,,,,,,,,,,,,,,,,,,
9262073,Payton Payne,FLORIDA,f,,,,,,,,,,,,,,,7.33,11.54 (1.3),,,,,,,,,,,,,,,,,,,,,,,,,,,,,,,,,,,,,,,,,,,,,,,,,,,,,,,,,,,,,,,,,,,,,,,,,,,,,,,,,,,,,,,,,,,,,,,,,,,,,,,,,,,,,,,,,,,,
8354288,Emily Fitzsimmons,OREGON,f,,,,,,,,,,,,,,,,,,,,,,,,,,,,,,,"4.48m 14' 8.25""",,,,,,,,,,,,,,,,,,,,,,,,,,,,,,,,,,,,,,,,,,,,,,,,,,,,,,,,,,,,,,,,,,,,,,,,,,,,,,,,,,,,,,,,,,,,,,,,,,,,,
9013657,Will Fredrick,SOUTH ALABAMA,m,,,,,,,,,,,,,,,6.84,10.54 (1.3),,,,,"6.48m 21' 3.25""",,,,,,,,,,"5.35m 17' 6.5""",,,,,,,,,,,,,,,,,,,,,,,,,,,,,,,,,,,,,,,,,,,,,,,,,,,,,,,,,,,,,,,,,,,,,,,,,,,,,,,,,,,,,,,,,,,,,,,,,,,,,
8634255,Alexander Kolesnikoff,GEORGIA,,,,,,,,,,,,,,,,,,,,,,,,,,,,,"20.69m 67' 10.75""",,,,,"53.07m 174' 1""","52.01m 170' 8""","15.97m 52' 4.75""",,,,,,,,,,,,,,,,,,,,,,,,,,,,,,,,,,,,,,,,,,,,,,,,,,,,,,,,,,,,,,,,,,,,,,,,,,,,,,,,,,,,,,,,,,,,,,,,,
8362093,Carli Makarawu,KENTUCKY,,,,,,,,,,,,,,,,6.60,10.02 (3.9),19.84 (0.3),32.72,46.54,,,,,,,,,,,,,,,,,,,,,,,,,,,,,,,,,,,,,,,,,,,,,,,,,,,,,,,,,,,,,,,,,,,,,,,,,,,,,,,,,,,,,,,,,,,,,,,,,,,,,,,,,,,,,,,,,
6533143,Jordan West,ARKANSAS,,,,,,,,,,,,,,,,,,,,,,,,,,,,,"20.76m 68' 1.5""",,,,,"56.59m 185' 8""","51.98m 170' 6""","18.44m 60' 6""",,,,,,,,,,,,,,,,,,,,,,,,,,,,,,,,,,,,,,,,,,,,,,,,,,,,,,,,,,,,,,,,,,,,,,,,,,,,,,,,,,,,,,,,,,,,,,,,,
8354908,Eddy Vu,NORTHWESTERN ST.,m,,,,,,,,,,,,,,,6.66,10.28 (4.3),21.14 (0.9),,50.58,,"5.97m 19' 7""",,,,,,,,,,,,,,,,,,,,,,,,,,,,,,,,,,,,,,,,,,,,,,,,,,,,,,,,,,,,,,,,,,,,,,,,,,,,,,,,,,,,,,,,,,,,,,,,,,,,,,,,,,,,,,,
9168702,Victoria Rodriguez,WAKE FOREST,f,,,4:50.72,,20:27.4,,4:23.03,,10:09.14,,,2:47.24,9:40.08,,,,,,,,,,,,,,,,,,,,,,,,,,,,,,,,,,,,,,,,,,,,,,,,,,,,,,,,,,,,,,,,,,,,,,,,,,,,,,,,,,,,,,,,,,,,,,,,,,,,,,,,,,,,,,,,,,,,,,,
7908093,Sylvana Northrop,UC SAN DIEGO,f,,2:13.48,4:44.09,17:08.4,20:01.4,,4:20.07,15:45.18,,,,,9:24.62,,,,,,,,,,,,,,,,,,,,,,,,,,,,,,,,,,,,,,,,,,10:18.8,,,,,,,,,,,,,,,,,,,,,,,,,,,,,,,,,,,,,,,,,,,,,,,,,,,,,,,,,,,,,,,,,23:20.1,,,,,,,,,,,,
7718475,Benjamin Conacher,VIRGINIA TECH,,,,,,,,,,,,,,,,,,,,,,,,,,,,,,,,"5.61m 18' 4.75""",,,,,,,,,,,,,,,,,,,,,,,,,,,,,,,,,,,,,,,,,,,,,,,,,,,,,,,,,,,,,,,,,,,,,,,,,,,,,,,,,,,,,,,,,,,,,,,,,,,,,
7722564,Bradley Jelmert,ARKANSAS STATE,,,,,,,,,,,,,,,,,11.22 (2.9),,,,,"6.52m (3.6) 21' 4.75""",,,,,,,,,,"5.72m 18' 9.25""",,,,,,,,,,,,,,,,,,,,,,,,,,,,,,,,,,,,,,,,,,,,,,,,,,,,,,,,,,,,,,,,,,,,,,,,,,,,,,,,,,,,,,,,,,,,,,,,,,,,,
9267508,Tyson Seeser,IOWA STATE,m,,,,,,,,,,,,,,,,,,,,,,,,,,,"2.16m 7' 1""",,,,,,,,,,,,,,,,,,,,,,,,,,,,,,,,,,,,,,,,,,,,,,,,,,,,,,,,,,,,,,,,,,,,,,,,,,,,,,,,,,,,,,,,,,,,,,,,,,,,,,,,,
8649335,Savannah Chadic,JACKSONVILLE,f,,,,,,,,,,,,,,,7.93,,24.11,,52.06,,,,,,,,,,,,,,,,,,,,,,,,,,,,,,,,,,,,,,,,,,,,,,,,,,,,,,,,,,,,,,,,,,,,,,,,,,,,,,,,,,,,,,,,,,,,,,,,,,,,,,,,,,,,,,,,,
8701629,Amori Pierson,TEXAS TECH,f,,,,,,,,,,,,,,,,12.94,27.98,,,,,,,,,,,"17.84m 58' 6.5""",,,,,"56.46m 185' 3""",,,,,,,,,,,,,,,,,,,,,,,,,,,,,,,,,,,,,,,,,,,,,,,,,,,,,,,,,,,,,,,,,,,,,,,,,,,,,,,,,,,,,,,,,,,,,,,,,,,
9276319,Maya Anderson,GEORGIA STATE,f,,,,,,,,,,,,,,,7.98,,25.19 (-0.8),,,,,,,8.34,13.24 (0.1),,,,,,,,,,,,,,,,,,,,,,,,,,,,,,,,,,,,,,,,,,,,,,,,,,,,,,,,,,,,,,,,,,,,,,,,,,,,,,,,,,,,,,,,,,,,,,,,,,,,,,,,,,,
9007497,Michael Middleton,OHIO STATE,m,,,,,,,,,,,,,,,,,,35.31,46.85,,,,,,,,,,,,,,,,,,,,,,,,,,,,,,,,,,,,,,,,,,,,,,,,,,,,,,,,,,,,,,,,,,,,,,,,,,,,,,,,,,,,,,,,,,,,,,,,,,,,,,,,,,,,,,,,,
8893496,James Dargan,STANFORD,m,,,3:58.35,,,,3:40.98,13:35.57,,23:18.1,29:35.4,,7:44.36,,,,,,,,,,,,,,,,,,,,,,,,,,,,,,,,,,,,,,,,,,,,,,,,,,,,,,,,,,,,,,,,,,,,,,,,,,,,,,,,,,,,,,,,,,,,,,,,,,,,,,,,,,,,,,,,,,,,,,,
9195734,Victor Kipkoech,TEXAS TECH,m,,,4:10.57,14:52.0,,,3:50.33,13:43.14,,22:56.7,29:24.7,,7:53.85,,,,,,,,,,28:36.87,,,,,,,,,,,,,,,,,,,,,,,,,,,,,,,,,,,,,,,,,,,,,,,,,,,,,,,,,,,,,,,,,,,,,,,,,,,,,,,,,,,,,,,,,,,,,,,,,,,,,,,,,,,,,
9224490,Zariel Macchia,BYU,f,,2:21.92,4:38.02,,19:50.3,,4:15.82,,,,,,9:15.59,,,,,,,,,,,,,,,,,,,,,,,,,,,,,,,,,,,,,,,,,,,,,,,,,,,,,,,,,,,,,,,,,,,,,,,,,,,,,,,,,,,,,,,,,,,,,,,,,,,,,,,,,,,,,,,,,,,,,,,
9245183,Michael Rice Jr.,CHARLOTTE,m,,1:50.35,,,,,,,,,,,,,,,21.77 (-0.4),,46.34,,,,,,,,,,,,,,,,,,,1:03.16,,,,,,,,,,,,,,,,,,,,,,,,,,,,,,,,,,,,,,,,,,,,,,,,,,,,,,,,,,,,,,,,,,,,,,,,,,,,,,,,,,,,,,,,,,,,,,
9269516,Hamdi Ali,UCLA,m,,,,,,,,,,,,,,,,,,,,,,,,,,,"2.22m 7' 3.25""",,,,,,,,,,,,,,,,,,,,,,,,,,,,,,,,,,,,,,,,,,,,,,,,,,,,,,,,,,,,,,,,,,,,,,,,,,,,,,,,,,,,,,,,,,,,,,,,,,,,,,,,,
8991399,Zach Mylenek,PURDUE,m,,,,,,,,,,,,,,,,,21.27 (2.8),33.74,47.07,,,,,,,,,,,,,,,,,,,,,,,,,,,,,,,,,,,,,,,,,,,,,,,,,,,,,,,,,,,,,,,,,,,,,,,,,,,,,,,,,,,,,,,,,,,,,,,,,,,,,,,,,,,,,,,,,
7524768,Jeremiah Davis,FLORIDA STATE,,,,,,,,,,,,,,,,6.69,,,,,,"8.37m 27' 5.5""","16.78m (-1.3) 55' 0.75""",,,,,,,,,,,,,,,,,,,,,,,,,,,,,,,,,,,,,,,,,,,,,,,,,,,,,,,,,,,,,,,,,,,,,,,,,,,,,,,,,,,,,,,,,,,,,,,,,,,,,,,,,,,,,,
7722972,Jaida Ross,OREGON,,,,,,,,,,,,,,,,,,,,,,,,,,,,,"20.01m 65' 7.75""",,,,,"59.74m 196' 0""",,"17.72m 58' 1.75""",,,,,,,,,,,,,,,,,,,,,,,,,,,,,,,,,,,,,,,,,,,,,,,,,,,,,,,,,,,,,,,,,,,,,,,,,,,,,,,,,,,,,,,,,,,,,,,,,
8687875,Garrett Nelson,UTAH VALLEY,m,,,,,,,,,,,,,,,6.85,10.37 (5.1),21.43 (4.5),36.16,,,,,,,,,,,,,,,,,,,,,,,,,,,,,6.42,,,,,,,,,,,,,,,,,,,,,,,,,,,,,,,,,,,,,,,,,,,,,,,,,,,,,,,,,,,,,,,,,,,,,,,,,,,,,,,,,,,,,
9007478,Morgan Hallett,OHIO STATE,f,,,,,,,,,,,,,,,,,,,,,,,,,,,,"15.45m 50' 8.25""",,,,,"56.52m 185' 5""","55.66m 182' 7""","18.27m 59' 11.25""",,,,,,,,,,,,,,,,,,,,,,,,,,,,,,,,,,,,,,,,,,,,,,,,,,,,,,,,,,,,,,,,,,,,,,,,,,,,,,,,,,,,,,,,,,,,,,,,,
8720932,Rowan Hamilton,CALIFORNIA,,,,,,,,,,,,,,,,,,,,,,,,,,,,,,,,,,,"77.18m 253' 2""","22.36m 73' 4.5""",,,,,,,,,,,,,,,,,,,,,,,,,,,,,,,,,,,,,,,,,,,,,,,,,,,,,,,,,,,,,,,,,,,,,,,,,,,,,,,,,,,,,,,,,,,,,,,,,
6537946,Benji Phillips,NORTH DAKOTA STATE,,,,,,,,,,,,,,,,,,,,,"75.27m 246' 11""",,,,,,,,,,,,,,,,,,,,,,,,,,,,,,,,,,,,,,,,,,,,,,,,,,,,,,,,,,,,,,,,,,,,,,,,,,,,,,,,,,,,,,,,,,,,,,,,,,,,,,,,,,,,,,,,
7982255,Saraiah Walkes,EASTERN MICHIGAN,f,,,,,,,,,,,,,,,7.37,11.45 (1.1),23.19 (-0.4),38.77,52.88,,,,,,,,,,,,,,,,,,,,,,,,,,,,,,,,,,,,,,,,,,,,,,,,,,,,,,,,,,,,,,,,,,,,,,,,,,,,,,,,,,,,,,,,,,,,,,,,,,,,,,,,,,,,,,,,,
7921199,Rodolfo Sanchez,LOYOLA (ILL.),m,,1:52.08,4:06.11,,,,3:40.53,,,24:23.8,32:04.4,,,,,,,,,,,,,,,,,,,,,,,,,,25:45.0,,,,,,,,,,,,,,,,,,,,,,,,,,,,19:15.8,,,,,,,,,,,,,,,,,,,,,,,,,,,,,,,,,,,,,,,,,,,,,,,,,,,,,,,,,,,,,,,,,,,
9249797,John Apel,CINCINNATI,m,,,,,,,,,,,,,,,7.13,,21.54 (2.1),34.39,47.18,,,,,,,,,,,,,,,,,,,,,,,,,,,,,,,,,,,,,,,,,,,,,,,,,,,,,,,,,,,,,,,,,,,,,,,,,,,,,,,,,,,,,,,,,,,,,,,,,,,,,,,,,,,,,,,,,
7376675,Mercy Chelangat,ALABAMA,,,,4:57.95,16:02.1,18:33.7,,4:19.92,15:17.28,,,,,8:53.16,,,,,,,,,,31:55.80,,,,,,,,,,,,,,,,,19:42.1,,,,,,,,,,,,,,,,,,,,,,,,,,,,,,,,,,,,,,,,,,,,,,,,,,,,,,,,,,,,,,,,,,,,,14:29.8,,,,,,,,,,,,21:14.4,,,,,,,,,,,
8693352,Tamara Aimufia,UC SAN DIEGO,f,,,,,,,,,,,,,,,,12.84 (0.5),,,,,"6.15m (1.0) 20' 2.25""","13.01m (0.1) 42' 8.25""",,,,,,,,,,,,,,,,,,,,,,,,,,,,,,,,,,,,,,,,,,,,,,,,,,,,,,,,,,,,,,,,,,,,,,,,,,,,,,,,,,,,,,,,,,,,,,,,,,,,,,,,,,,,,,
8278827,Jack Gregorski,PRINCETON,m,,,4:19.42,,17:33.8,,3:49.30,13:53.59,,24:06.8,,,8:08.52,,,,,,,,,,29:09.06,,,,,,,,,,,,,,27:06.9,,,,,,,,,,,,,,,,,,,,,,,,,,,,,,,,,17:14.9,,,,,,,,,,,,,,,,,,,,,,,,,,,,,,,,,,,,,,,,,,,,,,,,,,,,,,,,,,,,,,
8336016,Trinity Henderson,MICHIGAN,f,,,,,,,,,,,,,,,7.67,12.15 (0.2),24.22 (1.6),38.74,54.43,,,,,,,,,,,,,,,,,,,,,,,,,,,,,,,,,,,,,,,,,,,,,,,,,,,,,,,,,,,,,,,,,,,,,,,,,,,,,,,,,,,,,,,,,,,,,,,,,,,,,,,,,,,,,,,,,
9009601,Jesse Imemba,COLORADO ST.,m,,,,,,,,,,,,,,,,,,,,,,,,,,,"2.13m 6' 11.75""",,,,,,,,,,,,,,,,,,,,,,,,,,,,,,,,,,,,,,,,,,,,,,,,,,,,,,,,,,,,,,,,,,,,,,,,,,,,,,,,,,,,,,,,,,,,,,,,,,,,,,,,,
8978534,Kameil Crane,PRINCETON,f,,,,,,,,,,,,,,,,,,,,"48.10m 157' 10""",,,,,,,,,,,,,,,,,,,,,,,,,,,,,,,,,,,,,,,,,,,,,,,,,,,,,,,,,,,,,,,,,,,,,,,,,,,,,,,,,,,,,,,,,,,,,,,,,,,,,,,,,,,,,,,,
8895230,Janet Jepkemboi Amimo,KENTUCKY,f,,1:59.01,,16:30.4,20:06.4,16:40.0,4:13.58,,,,,2:43.23,,,,,,,,,,,,,,,,,,,,,,,,,,,,,,,,,,,,,,,,,,,,,,,,,,,,,,,,,,,,,,,,,,,,,,,,,,,,,,,,,,,,,,,,,,,,,,,,,,,,,,,,,,,,,,,,,,,,,,,,
7984694,Alex Bernstein,DEPAUL,m,,,,,,,,,,,,,,,,,,,,,,,,,,,,,,,,,"41.75m 137' 0""","71.84m 235' 8""","21.65m 71' 0.5""",,,,,,,,,,,,,,,,,,,,,,,,,,,,,,,,,,,,,,,,,,,,,,,,,,,,,,,,,,,,,,,,,,,,,,,,,,,,,,,,,,,,,,,,,,,,,,,,,
8705548,Marcus Brown,OHIO STATE,m,,,,,,,,,,,,,,,6.71,10.36 (2.9),20.80 (3.1),33.98,,,,,,,,,,,,,,,,,,,,,,,,,,,,,,,,,,,,,,,,,,,,,,,,,,,,,,,,,,,,,,,,,,,,,,,,,,,,,,,,,,,,,,,,,,,,,,,,,,,,,,,,,,,,,,,,,,
8709992,Kanyinsola Ajayi,AUBURN,m,,,,,,,,,,,,,,,6.45,9.84 (0.7),,,,,,,,,,,,,,,,,,,,,,,,,,,,,,,,,,,,,,,,,,,,,,,,,,,,,,,,,,,,,,,,,,,,,,,,,,,,,,,,,,,,,,,,,,,,,,,,,,,,,,,,,,,,,,,,,,,,
8672717,Brazil Neal,OREGON,f,,,,,,,,,,,,,,,7.37,11.47 (2.5),23.61 (0.3),,,,,,,,,,,,,,,,,,,,,,,,,,,,,,,,,,,,,,,,,,,,,,,,,,,,,,,,,,,,,,,,,,,,,,,,,,,,,,,,,,,,,,,,,,,,,,,,,,,,,,,,,,,,,,,,,,,
9011661,Selva Prabhu,KANSAS STATE,m,,,,,,,,,,,,,,,,,,,,,"7.35m 24' 1.5""","17.19m (4.6) 56' 4.75""",,,,,,,,,,,,,,,,,,,,,,,,,,,,,,,,,,,,,,,,,,,,,,,,,,,,,,,,,,,,,,,,,,,,,,,,,,,,,,,,,,,,,,,,,,,,,,,,,,,,,,,,,,,,,,
8906782,Blezzin Kimutai,TULANE,f,,,5:00.74,,19:24.7,,4:32.41,15:54.12,,,,,9:21.66,,,,,,,,,,33:28.35,,,,,,,,,,,,,,,,,,,,,,,,,,,,,,,,13:36.1,,,,,,,,,,,,,,,,,,,,19:31.7,,,,,,,,,,,,,,,,,,,,,,,,,,,,,,,,,,,,,,,,,,,,,,,,,,,,,,,,,
9251348,Kinzlee Riddle,UTAH,f,,,,,,,,,,,,,,,7.52,11.82 (-0.4),23.88 (-0.2),,53.66,,,,,,,,,,,,,,,,,,,,,,,,,,,,,,,,,,,,,,,,,,,,,,,,,,,,,,,,,,,,,,,,,,,,,,,,,,,,,,,,,,,,,,,,,,,,,,,,,,,,,,,,,,,,,,,,,
7731969,Pj Austin,FLORIDA,,,,,,,,,,,,,,,,6.53,9.88 (5.5),20.79 (-0.2),38.04,,,"8.01m 26' 3.5""",,,,,,,,,,,,,,,,,,,,,,,,,,,,,,,,,,,,,,,,,,,,,,,,,,,,,,,,,,,,,,,,,,,,,,,,,,,,,,,,,,,,,,,,,,,,,,,,,,,,,,,,,,,,,,,
8321679,Austin Busch,IOWA,m,,,,,,,,,,,,,,,,,,,,,,,,,,,,"16.00m 52' 6""",,,,,,"66.78m 219' 1""","21.32m 69' 11.5""",,,,,,,,,,,,,,,,,,,,,,,,,,,,,,,,,,,,,,,,,,,,,,,,,,,,,,,,,,,,,,,,,,,,,,,,,,,,,,,,,,,,,,,,,,,,,,,,,
9242564,Mary Grusky,DUQUESNE,f,,,,,,,,,,,,,,,,,,,,"51.75m 169' 9""",,,,,,,,"12.03m 39' 5.75""",,,,,"37.48m 122' 11""",,,,,,,,,,,,,,,,,,,,,,,,,,,,,,,,,,,,,,,,,,,,,,,,,,,,,,,,,,,,,,,,,,,,,,,,,,,,,,,,,,,,,,,,,,,,,,,,,,,
8701622,Alyssa Colbert,TEXAS TECH,f,,,,,,,,,,,,,,,7.17,10.96 (4.1),23.41,,,,,,,,,,,,,,,,,,,,,,,,,,,,,,,,,,,,,,,,,,,,,,,,,,,,,,,,,,,,,,,,,,,,,,,,,,,,,,,,,,,,,,,,,,,,,,,,,,,,,,,,,,,,,,,,,,,
7791359,Micaela Degenero,COLORADO,,,2:04.23,4:33.92,,19:50.2,,4:09.38,,,,,,,,,,,,,,,,,,,,,,,,,,,,,,,,,,,,,,,,,,,,,,,,,,,,,,,,,,,,,,,,,,,,,,,,,,,,,,,,,,,,,,,,,,,,,,,,,,,,,,,,,,,,,,,,,,,,,,,,,,,,,
8332686,Chloe Fair,GEORGIA,,1:30.21,,,,,,,,,,,,,,,,24.13,38.06,52.60,,,,,,,55.81,"0.74m 2' 5""",,,,,,,,,,,,,,,,,,,,,,,,,,,,,,,,,,,,,,,,,,,,,,,,,,,,,,,,,,,,,,,,,,,,,,,,,,,,,,,,,,,,,,,,,,,,,,,,,,,,,,,,,
9000359,Serena Tate,MIAMI (FLA.),f,,,,,,,,,,,,,,,,,24.40 (0.9),38.83,52.03,,,,,,,,,,,,,,,,,,,,,,,,,,,,,,,,,,,,,,,,,,,,,,,,,,,,,,,,,,,,,,,,,,,,,,,,,,,,,,,,,,,,,,,,,,,,,,,,,,,,,,,,,,,,,,,,,
8324302,Stephen Clunis,KANSAS CITY,m,,,,,,,,,,,,,,,6.61,10.18 (5.2),21.86 (3.5),,51.75,,,,,,,,,,,,,,,,,,,,,,,,,,,,,,,,,,,,,,,,,,,,,,,,,,,,,,,,,,,,,,,,,,,,,,,,,,,,,,,,,,,,,,,,,,,,,,,,,,,,,,,,,,,,,,,,,
8917740,Debora Cherono,TEXAS A&M,f,,2:09.35,4:36.34,,19:50.4,,4:15.99,16:02.04,9:32.10,,,,9:02.81,,,,,,,,,,,,,,,,,,,,,,,,,,,,,,,,,,,,,,,,,,,,,,,,,,,,,,,,,,,,,,,,,,,,,,,,,,,,,,,,,,,,,,,,,,,,,,,,,,,,,,,,,,,,,,,,,,,,,,,
9237608,Karl Pohlak,DUKE,m,,,,,,,,,,,,,,,,,,,,,,,,,,,,,,,"5.33m 17' 5.75""",,,,,,,,,,,,,,,,,,,,,,,,,,,,,,,,,,,,,,,,,,,,,,,,,,,,,,,,,,,,,,,,,,,,,,,,,,,,,,,,,,,,,,,,,,,,,,,,,,,,,
8270328,Michael Bohlke,GEORGE WASHINGTON,m,,1:55.07,4:03.94,,18:29.2,,3:40.66,13:53.64,,23:21.1,30:16.7,2:27.54,7:57.06,,,,,,,,,,,,,,,,,,,,,,,,24:37.7,,,,,,,,,,,,,,,,,,,,,,,,,,,,,,,,,,,,,,,,,,,,,,,,,,,,,,,,24:25.0,,,,,,,,,,,,,,,,,,,,,,,,,,,,,,,,,,,,,,,
7070432,De' Vion Wilson,HOUSTON,,,,,,,,,,,,,,,,7.01,,21.81,,48.78,,,,,7.55,,51.21,,,,,,13.24 (2.2),,,,,,,,,,,,,,,,,,,,,,,,,,,,,,,,,,,,,,,,,,,,,,,,,,,,,,,,,,,,,,,,,,,,,,,,,,,,,,,,,,,,,,,,,,,,,,,,,,,,
8669767,Samantha Strydesky,PENN,f,,,,,,,,,,,,,,,,,,,,,,,,,,,"1.76m 5' 9.25""",,,,,,,,,,,,,,,,,,,,,,,,,,,,,,,,,,,,,,,,,,,,,,,,,,,,,,,,,,,,,,,,,,,,,,,,,,,,,,,,,,,,,,,,,,,,,,,,,,,,,,,,,
9175584,Chase Mcmullen,KANSAS STATE,m,,,,,,,4:19.40,,,,,2:37.72,,,7.28,11.13 (-0.2),,,47.86,"35.40m 116' 2""","6.71m (2.5) 22' 0.25""",,,8.85,,,"1.97m 6' 5.5""","11.13m 36' 6.25""",,5059,"4.53m 14' 10.25""",15.37 (+0.0),"34.18m 112' 2""",,,7137,,,,,,,,,,,,,,,,,,,,,,,,,,,,,,,,,,,,,,,,,,,,,,,,,,,,,,,,,,,,,,,,,,,,,,,,,,,,,,,,,,,,,,,,,,,,,,,,
9251574,Tam Gavenas,HARVARD,m,,,,,,,3:41.77,13:41.43,,,,,,,,,,,,,,,,,,,,,,,,,,,,,,,,,,,,,,,,,,,,,,,,,,,,,,,,,,,,,,,,,,,,,,,,,,,,,,,,,,,,,,,,,,,,,,,,,,,,,,,,,,,,,,,,,,,,,,,,,,,,
8689860,Akaoma Odeluga,OLE MISS,f,,,,,,,,,,,,,,,,,,,,,,,,,,,,"19.23m 63' 1.25""",,,,,"52.00m 170' 7""","67.19m 220' 5""","23.66m 77' 7.5""",,,,,,,,,,,,,,,,,,,,,,,,,,,,,,,,,,,,,,,,,,,,,,,,,,,,,,,,,,,,,,,,,,,,,,,,,,,,,,,,,,,,,,,,,,,,,,,,,
6997785,Elija Godwin,GEORGIA,,,,,,,,,,,,,,,,6.76,10.47 (-0.4),20.32 (1.6),33.54,44.50,,,,,,,,,,,,,,,,,,,,,,,,,,,,,,,,,,,,,,,,,,,,,,,,,,,,,,,,,,,,,,,,,,,,,,,,,,,,,,,,,,,,,,,,,,,,,,,,,,,,,,,,,,,,,,,,,
8588377,Brooke Wilson,WAKE FOREST,f,,,4:41.65,16:48.5,19:54.8,,4:22.01,15:47.75,,,,,9:05.73,,,,,,,,,,32:50.07,,,,,,,,,,,,,,,,,,,,,,,,,,,,,,,,,,,,,,,,,,,,,,,,,,,,,,,,,,,,,,,,,,,,,,,,,,,,,,,,,,,,,,,,,,,,,,,,,,,,,,,,,,,,,
9246065,Greyson Glivinski,OREGON,f,,,,,,,,,,,,,,,,,,,,"52.63m 172' 8""",,,,,,,,,,,,,,,,,,,,,,,,,,,,,,,,,,,,,,,,,,,,,,,,,,,,,,,,,,,,,,,,,,,,,,,,,,,,,,,,,,,,,,,,,,,,,,,,,,,,,,,,,,,,,,,,
8995040,Brayden Hill,STEPHEN F. AUSTIN,m,,,,,,,,,,,,,,,,,,,,"39.33m 129' 0""",,,,,,,,,,,"5.22m 17' 1.5""",,,,,,,,,,,,,,,,,,,,,,,,,,,,,,,,,,,,,,,,,,,,,,,,,,,,,,,,,,,,,,,,,,,,,,,,,,,,,,,,,,,,,,,,,,,,,,,,,,,,,
7688021,Carter Solomon,NOTRE DAME,,,,3:57.13,,18:31.0,,3:43.04,13:26.11,,22:55.9,29:18.8,,7:57.94,,,,,,,,,,29:47.22,,,,,,,,,,,,,,23:37.7,,,,,,,,,,,,,,,,,,,,,,,,,,,,,,,,,,,,,,,,,,,,,,,,,,,,,,,,,,,,,,,,,,,,,,,,,,,,,,,,,,,,,,,,,,,,,,,
9280753,Amara Idinna,EAST TEXAS A&M,f,,,,,,,,,,,,,,,,,,,,,,,,8.39,13.42 (2.0),,"1.73m 5' 8""",,,,,,,,,,,,,,,,,,,,,,,,,,,,,,,,,,,,,,,,,,,,,,,,,,,,,,,,,,,,,,,,,,,,,,,,,,,,,,,,,,,,,,,,,,,,,,,,,,,,,,,,,
8350628,Ashley Lingueno,UT-RIO GRANDE VALLEY,f,,2:30.82,,,,,,,,,,,,,7.71,,24.65 (2.5),,,"21.70m 71' 2""","5.90m (2.4) 19' 4.25""",,,8.50,13.96 (2.7),,"1.62m 5' 3.75""","11.06m 36' 3.5""",3254,4738,,,,,,,,,,,,,,,,,,,,,,,,,,,,,,,,,,,,,,,,,,,,,,,,,,,,,,,,,,,,,,,,,,,,,,,,,,,,,,,,,,,,,,,,,,,,,,,,,,,,,,
8978076,Mariama Hunt,NC STATE,f,,,,,,,,,,,,,,,,12.08 (1.6),25.22 (-1.3),,,,"6.43m (4.6) 21' 1.25""","12.86m (1.6) 42' 2.25""",,,,,,,,,,,,,,,,,,,,,,,,,,,,,,,,,,,,,,,,,,,,,,,,,,,,,,,,,,,,,,,,,,,,,,,,,,,,,,,,,,,,,,,,,,,,,,,,,,,,,,,,,,,,,,
8318056,Joshua Knox,OLE MISS,m,,,,,,,,,,,,,,,7.04,10.28 (2.8),21.05 (1.3),,46.14,,,,,,,,,,,,,,,,,,,,,,,,,,,,,,,,,,,,,,,,,,,,,,,,,,,,,,,,,,,,,,,,,,,,,,,,,,,,,,,,,,,,,,,,,,,,,,,,,,,,,,,,,,,,,,,,,
7975793,Adam Phillips,DRAKE,m,,,,,,,,,,,,,,,,,,,,,,,,,,,,"16.78m 55' 0.75""",,,,,"56.19m 184' 4""","64.13m 210' 5""","22.03m 72' 3.5""",,,,,,,,,,,,,,,,,,,,,,,,,,,,,,,,,,,,,,,,,,,,,,,,,,,,,,,,,,,,,,,,,,,,,,,,,,,,,,,,,,,,,,,,,,,,,,,,,
8324569,Evan Jenkins,WASHINGTON,m,,,3:57.21,,,,3:47.18,13:22.28,,,,,7:46.17,,,,,,,,,,28:03.51,,,,,,,,,,,,,,,,,,,,,,,,,,,,,,,,,,,,,,,,,,,,,,,,,,,,,,,,,,,,,,,,,,,,,,,,,,,,,,,,,,,,,,,,,,,,,,,,,,,,,,,,,,,,,
8678658,Juliette Laracuente-Huebner,CINCINNATI,f,1:40.23,2:13.42,,,,,,,,,,,,,,,23.83 (2.3),39.35,55.46,"37.73m 123' 9""","6.36m 20' 10.5""","12.70m (2.8) 41' 8""",,8.22,13.81 (2.5),,"1.78m 5' 10""","13.20m 43' 3.75""",4442,6086,,,,,,,,,,,,,,,,,,,,,,,,,,,,,,,,,,,,,,,,,,,,,,,,,,,,,,,,,,,,,,,,,,,,,,,,,,,,,,,,,,,,,,,,,,,,,,,,,,,,,,
8019612,Randy Espinoza,NORTHERN ARIZONA,m,,1:53.25,4:08.47,,,,3:47.96,14:01.59,8:41.64,,,,8:06.43,,,,,,,,,,,,,,,,,,,,,,,,,,,,,,,,,,,,,,,,,,,,,,,,,,,,,,,,,,,,,,,,,,,,,,,,,,,,,,,,,,,,,,,,,,,,,,,,,,,,,,,,,,,,,,,,,,,,,,,
8326104,Nathan Kent,NAVY,m,,,,,,,,,,,,,,,6.88,10.35 (1.6),20.56 (1.3),,45.23,,,,,,,,,,,,,,,,,938,,,,,,,,,,,,,,,,,,,,,,,,,,,,,,,,,,,,,,,,,,,,,,,,,,,,,,,,,,,,,,,,,,,,,,,,,,,,,,,,,,,,,,,,,,,,,,,,
9260854,Aniyah Brown,MIAMI (FLA.),f,,,,,,,,,,,,,,,7.48,11.48 (2.8),24.22,,,,,,,,,,,,,,,,,,,,,,,,,,,,,,,,,,,,,,,,,,,,,,,,,,,,,,,,,,,,,,,,,,,,,,,,,,,,,,,,,,,,,,,,,,,,,,,,,,,,,,,,,,,,,,,,,,,
8893649,Drew Zundell,SYRACUSE,m,,,3:59.04,,19:00.7,,3:39.98,13:44.02,,23:51.7,,,8:02.50,,8.13,,,,,,,,,,,,,,,,,,,,,,,,,,,,,,,,,,,,,25:56.7,,,,,,,,,,,,,,,,,,,,,,,,,,,,,,,,,,,,,,,,,,,,,,,,,,,,,,,,,,,,,,,,,,,,,,,,,,,,,,,,
8999126,Amirah Shaheed,OREGON,f,,,,,,,,,,,,,,,7.38,11.13 (3.8),23.25 (0.1),,,,,,,,,,,,,,,,,,,,,,,,,,,,,,,,,,,,,,,,,,,,,,,,,,,,,,,,,,,,,,,,,,,,,,,,,,,,,,,,,,,,,,,,,,,,,,,,,,,,,,,,,,,,,,,,,,,
9270442,Amari Noble,AKRON,m,,,,,,,,,,,,,,,,,,,,,,,,,,,,"15.19m 49' 10""",,,,,"57.90m 189' 11""","53.62m 175' 11""","18.79m 61' 7.75""",,,,,,,,,,,,,,,,,,,,,,,,,,,,,,,,,,,,,,,,,,,,,,,,,,,,,,,,,,,,,,,,,,,,,,,,,,,,,,,,,,,,,,,,,,,,,,,,,
8324586,Leland Lieberg,WASHINGTON,m,,,,,,,,,,,,,,,,,,,,,"6.47m 21' 2.75""",,,,,,"2.14m 7' 0.25""",,,,,,,,,,,,,,,,,,,,,,,,,,,,,,,,,,,,,,,,,,,,,,,,,,,,,,,,,,,,,,,,,,,,,,,,,,,,,,,,,,,,,,,,,,,,,,,,,,,,,,,,,
9260911,Nandy Kihuyu,MIAMI (FLA.),f,,,,,,,,,,,,,,,7.55,11.72 (1.0),23.60 (4.7),38.52,52.98,,,,,,,,,,,,,,,,,,,,,,,,,,,,,,,,,,,,,,,,,,,,,,,,,,,,,,,,,,,,,,,,,,,,,,,,,,,,,,,,,,,,,,,,,,,,,,,,,,,,,,,,,,,,,,,,,
8974813,Sarah Trainor,CONNECTICUT,f,,,4:52.70,,21:00.4,,4:23.24,,9:56.25,,,2:48.73,,,,,,,,,,,,,,,,,,,,,,,,,,,,,,,,,,,,,,,,,,,,,,,,,,,,,,,,,,,,,,,,,,,,,,,,,,,,,,,,,,,,,,,,,,,,,,,,,,,,,,,,,,,,,,,,,,,,,,,,
8734868,Nickson Chebii,AUBURN,m,,,4:09.89,14:44.2,,,3:41.83,13:35.20,,22:44.9,29:07.8,,7:57.74,,,,,,,,,,28:39.16,,,,,,,,,,,,,,,,,,,,23:22.4,,,,,,,,,,,,,,,,,,,,,,,,,,,,,,,,,,,,,,,,,,,,,,,,,,,,,,,,,,,,,,,,,,,,,,,,,,,,,,,,,,,,,,,,,
7723779,Corinne Jemison,MICHIGAN,,,,,,,,,,,,,,,,,,,,,,,,,,,,,"17.24m 56' 6.75""",,,,,"60.07m 197' 1""",,"15.51m 50' 10.75""",,,,,,,,,,,,,,,,,,,,,,,,,,,,,,,,,,,,,,,,,,,,,,,,,,,,,,,,,,,,,,,,,,,,,,,,,,,,,,,,,,,,,,,,,,,,,,,,,
8585457,Rocky Hansen,WAKE FOREST,m,,1:49.27,3:57.90,,,,3:35.75,13:12.65,,22:18.6,28:38.0,,7:56.53,,,,,,,,,,,,,,,,,,,,,,,,26:42.1,,,,,,,,,,,,,,,,,,,,,,,,,,,,,,,,,,,,,,,,,,,,,,,,,,,,,,,,,,,,,,,,,,,,,,,,,,,,,,,,,,,,,,,,,,,,,,,
7720155,Andrew Nolan,MICHIGAN STATE,m,,1:52.73,4:02.08,,18:17.7,,3:43.52,13:54.55,8:37.83,22:59.3,29:45.7,,7:57.76,,,,,,,,,,,,,,,,,,,,,,,,24:18.2,,,,,,,,,,,,,,,26:16.3,,,,,,,,,,,,,,,,,,,,,,,,,,,,,,,,,,,,,,,,,,,,,,,,,,,,,,,,,,,,,,,,,,,,,,,,,,,,,,,,
9007998,Juan Marais,RICE,m,,,,,,,,,,,,,,,,,,,,,,,,,,,,,,,,,"62.55m 205' 2""",,,,,,,,,,,,,,,,,,,,,,,,,,,,,,,,,,,,,,,,,,,,,,,,,,,,,,,,,,,,,,,,,,,,,,,,,,,,,,,,,,,,,,,,,,,,,,,,,,,
9265569,Jefferson Jean,UT-RIO GRANDE VALLEY,m,,,,,,,,,,,,,,,,,22.80 (1.7),,,,,,,7.90,,,,,,,,13.91 (3.1),,,,,,,,,,,,,,,,,,,,,,,,,,,,,,,,,,,,,,,,,,,,,,,,,,,,,,,,,,,,,,,,,,,,,,,,,,,,,,,,,,,,,,,,,,,,,,,,,,,,
7988930,Emily Stefan,BOISE STATE,f,1:39.78,2:24.62,,,,,,,,,,,,,7.76,12.36 (-3.2),24.48 (0.5),,59.72,"30.05m 98' 7""","6.21m (2.7) 20' 4.5""",,,8.77,13.97 (1.8),,"1.58m 5' 2.25""","11.91m 39' 1""",3821,5177,,,,,,,,,,,,,,,,,,,,,,,,,,,,,,,,,,,,,,,,,,,,,,,,,,,,,,,,,,,,,,,,,,,,,,,,,,,,,,,,,,,,,,,,,,,,,,,,,,,,,,
9260784,Steven Franco,MIAMI (FLA.),m,,,,,,,4:41.50,,,,,2:49.97,,,7.15,11.02 (1.0),22.44 (2.3),35.87,48.92,"56.82m 186' 5""","6.99m (-0.7) 22' 11.25""",,,8.30,,,"1.95m 6' 4.75""","14.12m 46' 4""",,5118,"4.35m 14' 3.25""",14.85 (1.4),"40.65m 133' 4""",,,7289,,1:08.13,,,,,,,,,,,,,,,,,,,,,,,,,,,,,,,,,,,,,,,,,,,,,,,,,,,,,,,,,,,,,,,,,,,,,,,,,,,,,,,,,,,,,,,,,,,,,,
7486888,Louis Gordon,UALBANY,,,,,,,,,,,,,,,,7.03,,,,,,"7.83m (0.3) 25' 8.25""",,,,,,"2.19m 7' 2.25""",,,,,,,,,,,,,,,,,,,,,,,,,,,,,,,,,,,,,,,,,,,,,,,,,,,,,,,,,,,,,,,,,,,,,,,,,,,,,,,,,,,,,,,,,,,,,,,,,,,,,,,,,
8986545,Katharine Beachler,BYU,f,,,,,,,,,,,,,,,,,,,,"48.79m 160' 1""",,,,,,,,"15.08m 49' 5.75""",,,,,"40.08m 131' 6""","53.30m 174' 10""","14.75m 48' 4.75""",,,,,,,,,,,,,,,,,,,,,,,,,,,,,,,,,,,,,,,,,,,,,,,,,,,,,,,,,,,,,,,,,,,,,,,,,,,,,,,,,,,,,,,,,,,,,,,,,
9272243,Katharina Graman,ILLINOIS,f,,,,,,,,,,,,,,,7.71,11.99 (2.0),,,,,"6.47m (+0.0) 21' 2.75""","13.88m (1.2) 45' 6.5""",,8.67,,,,,,,,,,,,,,,,,,,,,,,,,,,,,,,,,,,,,,,,,,,,,,,,,,,,,,,,,,,,,,,,,,,,,,,,,,,,,,,,,,,,,,,,,,,,,,,,,,,,,,,,,,,,
7720913,Emily March,IOWA STATE,,,,,,,,,,,,,,,,,,,,,,,,,,,,,"13.22m 43' 4.5""",,,,,"58.27m 191' 2""","58.50m 191' 11""","18.67m 61' 3""",,,,,,,,,,,,,,,,,,,,,,,,,,,,,,,,,,,,,,,,,,,,,,,,,,,,,,,,,,,,,,,,,,,,,,,,,,,,,,,,,,,,,,,,,,,,,,,,,
8321012,Xavier Preston,SOUTHERN ILLINOIS,m,,,,,,,,,,,,,,,6.71,10.38 (2.4),20.98,33.76,47.75,,,,,,,,,,,,,,,,,,,,,,,,,,,,,,,,,,,,,,,,,,,,,,,,,,,,,,,,,,,,,,,,,,,,,,,,,,,,,,,,,,,,,,,,,,,,,,,,,,,,,,,,,,,,,,,,,
7730010,Jayden White,WASHINGTON,,,,,,,,,,,,,,,,,,,,,,,,,,,,,,,,,,"52.18m 171' 2""","70.21m 230' 4""","23.73m 77' 10.25""",,,,,,,,,,,,,,,,,,,,,,,,,,,,,,,,,,,,,,,,,,,,,,,,,,,,,,,,,,,,,,,,,,,,,,,,,,,,,,,,,,,,,,,,,,,,,,,,,
8283707,Colton Rhodes,OKLAHOMA,m,,,,,,,,,,,,,,,,,,,,,,,,,,,,,,,"5.42m 17' 9.25""",,,,,,,,,,,,,,,,,,,,,,,,,,,,,,,,,,,,,,,,,,,,,,,,,,,,,,,,,,,,,,,,,,,,,,,,,,,,,,,,,,,,,,,,,,,,,,,,,,,,,
8915550,Kyle Iorg,MONTANA,m,,,,,,,,,,,,,,,,,,,,"73.15m 240' 0""",,,,,,,,,,,,,,,,,,,,,,,,,,,,,,,,,,,,,,,,,,,,,,,,,,,,,,,,,,,,,,,,,,,,,,,,,,,,,,,,,,,,,,,,,,,,,,,,,,,,,,,,,,,,,,,,
8021682,Savannah Simms,RICE,f,1:37.09,,,,,,,,,,,,,,,,26.39 (1.2),,56.69,,,"13.19m (3.5) 43' 3.25""",,,,59.14,,,,,,,,,,,,,,,,,,,,,,,,,,,,,,,,,,,,,,,,,,,,,,,,,,,,,,,,,,,,,,,,,,,,,,,,,,,,,,,,,,,,,,,,,,,,,,,,,,,,,,,,,,
9263297,Le'Ezra Brown,GEORGIA,m,,,,,,,,,,,,,,,,,,,,,,,,7.56,,,,,,,,13.22 (1.5),,,,,,,,,,,,,,,,,,,,,,,,,,,,,,,,,,,,,,,,,,,,,,,,,,,,,,,,,,,,,,,,,,,,,,,,,,,,,,,,,,,,,,,,,,,,,,,,,,,,
8324085,Anna Thomason,SE MISSOURI,f,,2:20.09,,,,,,,,,,,,,,12.06 (-1.2),24.35 (3.8),,58.05,"38.49m 126' 3""","5.86m (+0.0) 19' 2.75""","10.95m 35' 11.25""",,8.34,13.42 (3.1),,"1.69m 5' 6.5""","11.36m 37' 3.25""",3982,5260,,,,,,,,,,,,,,,,,7.14,,,8.13,,,,,,,,,,,,,,,,,,,,,,,,,,,,,,,,,,,,,,,,,,,,,,,,,,,,,,,,,,,,,,,,,,,,,,,,,,,,,,,,,,
8713432,Kalen Beavers,NORTHWESTERN ST.,m,,,,,,,,,,,,,,,6.69,10.20 (3.4),20.72 (1.5),,50.08,,,,,,,,,,,,,,,,,,,,,,,,,,,,6.47,,,,,,,,,,,,,,,,,,,,,,,,,,,,,,,,,,,,,,,,,,,,,,,,,,,,,,,,,,,,,,,,,,,,,,,,,,,,,,,,,,,,,
8010976,Alexandre Malanda,KENT STATE,,,,,,,,,,,,,,,,7.44,,,,,,"7.70m (3.7) 25' 3.25""","16.30m 53' 5.75""",,,,,,,,,,,,,,,,,,,,,,,,,,,,,,,,,,,,,,,,,,,,,,,,,,,,,,,,,,,,,,,,,,,,,,,,,,,,,,,,,,,,,,,,,,,,,,,,,,,,,,,,,,,,,,
8983881,A'Laji Bradley,KENTUCKY,f,,,,,,,,,,,,,,,,,22.80 (2.4),38.04,51.15,,,,,,,,,,,,,,,,,,,,,,,,,,,,,,,,,,,,,,,,,,,,,,,,,,,,,,,,,,,,,,,,,,,,,,,,,,,,,,,,,,,,,,,,,,,,,,,,,,,,,,,,,,,,,,,,,
6985983,A'Nan Bridgett,RUTGERS,,,,,,,,,,,,,,,,6.74,10.36 (1.5),21.86 (1.4),,,,"7.97m (2.6) 26' 1.75""",,,,,,"2.03m 6' 7.75""",,,,,,,,,,,,,,,,,,,,,,,,,,,,,,,,,,,,,,,,,,,,,,,,,,,,,,,,,,,,,,,,,,,,,,,,,,,,,,,,,,,,,,,,,,,,,,,,,,,,,,,,,
8694069,Nick Bailey,GRAMBLING,m,,,,,,,,,,,,,,,,,22.37 (5.1),,51.03,,,,,,,,"2.12m 6' 11.5""",,,,,,,,,,,,,,,,,,,,,,,,,,,,,,,,,,,,,,,,,,,,,,,,,,,,,,,,,,,,,,,,,,,,,,,,,,,,,,,,,,,,,,,,,,,,,,,,,,,,,,,,,
8691791,Myejoi Williams,ALABAMA,,,,,,,,,,,,,,,,,,,,,,,,,,,,,"17.85m 58' 6.75""",,,,,"52.99m 173' 10""","51.60m 169' 3""","19.04m 62' 5.75""",,,,,,,,,,,,,,,,,,,,,,,,,,,,,,,,,,,,,,,,,,,,,,,,,,,,,,,,,,,,,,,,,,,,,,,,,,,,,,,,,,,,,,,,,,,,,,,,,
7494773,Abbey Glynn,COLORADO,,1:28.48,2:11.32,,,,,,,,,,,,,,,,,51.77,,,,,,,55.75,,,,,,,,,,,,,,,1:18.19,,,,,,,,,,,,,,,,,,,,,,,,,,,,,,,,,,,,,,,,,,,,,,,,,,,,,,,,,,,,,,,,,,,,,,,,,,,,,,,,,,,,,,,,,,,
8003659,Kentre Patterson,OHIO STATE,,,,,,,,,,,,,,,,,,22.93 (0.2),,,,,,,7.81,,,,,,,,13.39 (1.6),,,,,,,,,,,,,,,,,,,,,,,,,,,,,,,,,,,,,,,,,,,,,,,,,,,,,,,,,,,,,,,,,,,,,,,,,,,,,,,,,,,,,,,,,,,,,,,,,,,,
9003308,Daryl Bachmann,NEW ORLEANS,m,,,,,,,,,,,,,,,6.99,10.40 (2.4),21.14 (1.9),,,,,,,,,,,,,,,,,,,,,,,,,,,,,,,,,,,,,,,,,,,,,,,,,,,,,,,,,,,,,,,,,,,,,,,,,,,,,,,,,,,,,,,,,,,,,,,,,,,,,,,,,,,,,,,,,,,
9242899,Joseph Derosier,FLORIDA A&M,m,,,,,,,,,,,,,,,,,21.48 (0.6),,,,,,,7.72,,,,,,,,13.50 (0.6),,,,,,,,,,,,,,,,,,,,,,,,,,,,,,,,,,,,,,,,,,,,,,,,,,,,,,,,,,,,,,,,,,,,,,,,,,,,,,,,,,,,,,,,,,,,,,,,,,,,
9252175,Dylan Mcelhinney,HARVARD,,,2:10.30,4:42.28,,,,4:10.98,,,,,2:48.72,9:45.94,,,,,,,,,,,,,,,,,,,,,,,,,,,,,,,,,,,,,,,,,,,,,,,,,,,,,,,,,,,,,,,,,,,,,,,,,,,,,,,,,,,,,,,,,,,,,,,,,,,,,,,,,,,,,,,,,,,,,,,
7002873,Caisja Chandler,USC,,,,,,,,,,,,,,,,7.30,10.99 (1.1),22.27 (2.5),37.70,56.32,,,,,,,,,,,,,,,,,,,,,,,,,,,,,,,,,,,,,,,,,,,,,,,,,,,,,,,,,,,,,,,,,,,,,,,,,,,,,,,,,,,,,,,,,,,,,,,,,,,,,,,,,,,,,,,,,
8653908,Brian Boler,PRINCETON,m,,1:55.27,4:00.17,,,,3:40.51,13:40.75,8:31.28,23:42.5,,,7:52.44,,,,,,,,,,,,,,,,,,,,,,,,25:45.2,,,,,,,,,,,,,,,,,,,,,,,,,,,,,,,,,,,,,,,,,,,,,,,,,,,,,,,,,,,,,,,,,,,,,,,,,,,,,,,,,,,,,,,,,,,,,,,
7727055,Terrence Jones,TEXAS TECH,,,,,,,,,,,,,,,,6.45,9.91 (1.0),19.87 (0.9),,,,,,,,,,,,,,,,,,,,,,,,,,,,,,,,,,,,,,,,,,,,,,,,,,,,,,,,,,,,,,,,,,,,,,,,,,,,,,,,,,,,,,,,,,,,,,,,,,,,,,,,,,,,,,,,,,,
8593346,Hunter Kitchen,BYU,m,,1:56.27,4:09.98,,,,3:50.12,13:37.26,9:03.97,24:12.1,,,8:08.73,,,,,,,,,,28:15.08,,,,,,,,,,,,,,,,,,,,,20:14.0,,,,,,,,,,,,,,,,,,,,,,,,,,,,,,,,,,,,,,,20:37.0,,,,,,,,,,,,,,,,,,,,,,,,,,,,,,,,,,,,,,,,,,,,,,,,,
8703127,Joao Dalandrea,KENNESAW STATE,m,,,,,,,,,,,,,,,,,,,,,,,,,,,,,,,,,"55.57m 182' 4""","53.71m 176' 2""","17.05m 55' 11.25""",,,,,,,,,,,,,,,,,,,,,,,,,,,,,,,,,,,,,,,,,,,,,,,,,,,,,,,,,,,,,,,,,,,,,,,,,,,,,,,,,,,,,,,,,,,,,,,,,
7972555,Grace Anigbata,TCU,,,,,,,,,,,,,,,,,,,,,,"5.77m 18' 11.25""","13.58m 44' 6.75""",,,,,,,,,,,,,,,,,,,,,,,,,,,,,,,,,,,,,,,,,,,,,,,,,,,,,,,,,,,,,,,,,,,,,,,,,,,,,,,,,,,,,,,,,,,,,,,,,,,,,,,,,,,,,,
8664682,Cody Johnston,ILLINOIS,m,,,,,,,,,,,,,,,,,,,,,,,,,,,,,,,"5.70m 18' 8.25""",,,,,,,,,,,,,,,,,,,,,,,,,,,,,,,,,,,,,,,,,,,,,,,,,,,,,,,,,,,,,,,,,,,,,,,,,,,,,,,,,,,,,,,,,,,,,,,,,,,,,
9260907,Jocelyn Pringle,MIAMI (FLA.),f,,,,,,,,,,,,,,,,,,,,,,,,,,,,"11.18m 36' 8.25""",,,,,"40.07m 131' 5""","65.03m 213' 4""","21.54m 70' 8""",,,,,,,,,,,,,,,,,,,,,,,,,,,,,,,,,,,,,,,,,,,,,,,,,,,,,,,,,,,,,,,,,,,,,,,,,,,,,,,,,,,,,,,,,,,,,,,,,
9281011,Barbora Stejfova,KANSAS,f,,,,,,,,,,,,,,,,,,,,,,,,,,,,,,,,,"31.68m 103' 11""","62.90m 206' 4""","21.44m 70' 4.25""",,,,,,,,,,,,,,,,,,,,,,,,,,,,,,,,,,,,,,,,,,,,,,,,,,,,,,,,,,,,,,,,,,,,,,,,,,,,,,,,,,,,,,,,,,,,,,,,,
8998408,Breyunna Dowell,TEXAS A&M-CC,f,,,,,,,,,,,,,,,,,,,,,,,,,,,,"13.01m 42' 8.25""",,,,,,"59.11m 193' 11""","20.61m 67' 7.5""",,,,,,,,,,,,,,,,,,,,,,,,,,,,,,,,,,,,,,,,,,,,,,,,,,,,,,,,,,,,,,,,,,,,,,,,,,,,,,,,,,,,,,,,,,,,,,,,,
8397826,Amaris Tyynismaa,NC STATE,,,2:15.40,4:32.56,16:23.7,19:07.0,,4:09.48,15:30.37,,,,2:58.31,8:55.52,,,,,,,,,,32:52.92,,,,,,,,,,,,,,,,,19:39.8,,,,,,,,,,,,,,,,,,,,,,,,,,,,,,,,,,,,,,,,,,,,,,,,,,,,,,,,,,,,,,,,,,,,,,,,,,,,,,,,,,,,,,,,,,,,
8988408,Jazmen Newberry,UCF,f,,,,,,,,,,,,,,,7.43,11.42 (4.3),22.81 (2.7),37.66,51.17,,,,,,,,,,,,,,,,,,,,,,,,,,,,,,,,,,,,,,,,,,,,,,,,,,,,,,,,,,,,,,,,,,,,,,,,,,,,,,,,,,,,,,,,,,,,,,,,,,,,,,,,,,,,,,,,,
8705620,Tia Williams,TCU,f,,,,,,,,,,,,,,,,,24.03,,52.36,,,,,,,56.37,,,,,,,,,,,,,,,1:20.52,,,,,,,,,,,,,,,,,,,,,,,,,,,,,,,,,,,,,,,,,,,,,,,,,,,,,,,,,,,,,,,,,,,,,,,,,,,,,,,,,,,,,,,,,,,
8259511,Carson Turner,OLE MISS,m,1:16.72,1:47.66,,,,,,,,,,,,,,,,,47.25,,,,,,,,,,,,,,,,,,,,,,,,,22:54.6,,,,,,,,,,,,,,,,,,,,,,,,,,,,,,,,,,,,,,,,,,,,,,,,,,,,,,,,,,,,,,,,,,,,,,,,,,,,,,,,,,,,,,,,
7974317,Tarees Rhoden,CLEMSON,,1:16.10,1:45.70,,,,,,,,,,2:24.50,,,,,,33.65,45.60,,,,,,,,,,,,,,,,,,,,,,,,,,,,,,,,,,,,,,,,,,,,,,,,,,,,,,,,,,,,,,,,,,,,,,,,,,,,,,,,,,,,,,,,,,,,,,,,,,,,,,,,,,,,,,,,,
8283711,Carter Cukerstein,MIAMI (FLA.),m,,,,,,,,,,,,,,,6.63,10.33 (3.7),21.11 (3.6),,,,,,,,,,,,,,,,,,,,,,,,,,,,,,,,,,,,,,,,,,,,,,,,,,,,,,,,,,,,,,,,,,,,,,,,,,,,,,,,,,,,,,,,,,,,,,,,,,,,,,,,,,,,,,,,,,,
9295394,Njabulo Mbatha,AUBURN,m,,,,,,,,,,,,,,,,,,,48.52,,,,,,,50.76,,,,,,,,,,,,,,,,,,,,,,,,,,,,,,,,,,,,,,,,,,,,,,,,,,,,,,,,,,,,,,,,,,,,,,,,,,,,,,,,,,,,,,,,,,,,,,,,,,,,,,,,,,
8968349,Khalil Antoine,MISS STATE,m,,,,,,,,,,,,,,,7.23,,,,,,,"16.25m (0.4) 53' 3.75""",,8.20,,,"2.18m 7' 1.75""",,,,,,,,,,,,,,,,,,,,,,,,,,,,,,,,,,,,,,,,,,,,,,,,,,,,,,,,,,,,,,,,,,,,,,,,,,,,,,,,,,,,,,,,,,,,,,,,,,,,,,,,,
8899194,Sona Kourilova,UTAH,f,,2:14.65,4:49.49,18:17.0,20:56.9,,4:33.58,,10:10.47,,,2:58.31,9:43.09,,,,,,,,,,,,,,,,,,,,,,,,,,,,,,,,,,,,,,,,,,,,,,,,,,,,,,,,,,,,,,,,,,,,,,,,,,,,,,,,,,,,,,,,,,,,,,,,,,,,,,,,,,,,,,,,,,,,,,,
9261183,Bradie Menegatti,TEXAS A&M,f,1:38.11,2:26.11,,,,,,,,,,,,,,,25.13 (4.3),,,"30.91m 101' 5""","5.87m 19' 3.25""",,,8.80,14.38 (1.9),,"1.83m 6' 0""","12.37m 40' 7""",4131,4801,,,,,,,,,,,,,,,,,,,,,,,,,,,,,,,,,,,,,,,,,,,,,,,,,,,,,,,,,,,,,,,,,,,,,,,,,,,,,,,,,,,,,,,,,,,,,,,,,,,,,,
8974690,Landon Fontenot,IOWA,m,1:19.93,,,,,,,,,,,,,,,,20.83 (1.3),,45.88,,,,,,,,,,,,,,,,,,,,,,,,,,,,,,,,,,,,,,,,,,,,,,,,,,,,,,,,,,,,,,,,,,,,,,,,,,,,,,,,,,,,,,,,,,,,,,,,,,,,,,,,,,,,,,,,,
8694340,Tyler Michelini,ARIZONA,m,,,,,,,,,,,,,,,,,,,,,,,,,,,,"19.91m 65' 4""",,,,,,"63.68m 208' 11""","19.38m 63' 7""",,,,,,,,,,,,,,,,,,,,,,,,,,,,,,,,,,,,,,,,,,,,,,,,,,,,,,,,,,,,,,,,,,,,,,,,,,,,,,,,,,,,,,,,,,,,,,,,,
8674114,Raghan Allen,CENTRAL ARKANSAS,f,,,,,,,,,,,,,,,7.41,11.38 (1.9),23.33 (3.0),,56.59,,,,,,,,,,,,,,,,,,,,,,,,,,,,,,,,,,,,,,,,,,,,,,,,,,,,,,,,,,,,,,,,,,,,,,,,,,,,,,,,,,,,,,,,,,,,,,,,,,,,,,,,,,,,,,,,,
9274381,Jacob Stanley,KENT STATE,m,,,,,,,,,,,,,,,6.75,10.32 (0.5),,,,,,,,,,,,,,,,,,,,,,,,,,,,,,,,,,,,,,,,,,,,,,,,,,,,,,,,,,,,,,,,,,,,,,,,,,,,,,,,,,,,,,,,,,,,,,,,,,,,,,,,,,,,,,,,,,,,
5971060,Jonathan Davis,ILLINOIS,,,1:48.77,3:54.59,,,,3:36.85,13:49.55,,23:22.8,29:06.2,,7:49.92,,,,,,,,,,,,,,,,,,,,,,,,23:11.6,,,,,,,,,,,,,,,24:44.0,,,,,,,,,,,,,,,,,,,,,,,,,,,,,,,,,,,,,,,,,,,,,,,,,,,,,,,,,,,,,,,,,,,,,,,,,,,,,,,,
8713936,Kayden Engel,SOUTH ALABAMA,f,,2:29.14,,,,,,,,,,,,,8.63,,26.33 (0.7),,,"35.21m 115' 6""","5.40m (2.8) 17' 8.75""",,,9.18,15.08 (1.2),1:03.85,"1.76m 5' 9.25""","10.17m 33' 4.5""",3285,4875,,,,,,,,,,,,,,,,,,,,,,,,,,,,,,,,,,,,,,,,,,,,,,,,,,,,,,,,,,,,,,,,,,,,,,,,,,,,,,,,,,,,,,,,,,,,,,,,,,,,,,
8974917,Chris Lupkes,IDAHO STATE,m,,,,,,,,,,,,,,,,,,,,,,,,,,,,"17.05m 55' 11.25""",,,,,"36.06m 118' 4""","64.95m 213' 1""","18.50m 60' 8.5""",,,,,,,,,,,,,,,,,,,,,,,,,,,,,,,,,,,,,,,,,,,,,,,,,,,,,,,,,,,,,,,,,,,,,,,,,,,,,,,,,,,,,,,,,,,,,,,,,
8321680,Sal Capaldo,IOWA,m,,2:06.42,,,,,4:41.45,,,,,2:44.76,,,6.98,10.54 (3.8),21.04 (1.3),,48.67,"46.20m 151' 7""","7.15m 23' 5.5""",,,8.18,,,"2.04m 6' 8.25""","12.65m 41' 6""",3676,5670,"4.70m 15' 5""",14.19 (2.2),"38.16m 125' 2""",,,7333,,,,,,,,,,,,,,,,,,,,,,,,,,,,,,,,,,,,,,,,,,,,,,,,,,,,,,,,,,,,,,,,,,,,,,,,,,,,,,,,,,,,,,,,,,,,,,,,
8351078,Matilde Carboncini,KENT STATE,f,,2:24.86,,,,,,,,,,,,,,12.63 (0.8),25.16 (1.4),,1:00.51,"37.95m 124' 6""","5.91m 19' 4.75""",,,8.65,14.44 (0.8),,"1.67m 5' 5.75""","11.28m 37' 0.25""",3797,5131,,,,,,,,,,,,,,,,,,,,,,,,,,,,,,,,,,,,,,,,,,,,,,,,,,,,,,,,,,,,,,,,,,,,,,,,,,,,,,,,,,,,,,,,,,,,,,,,,,,,,,
9010820,Davian Burke,GEORGE MASON,m,,,,,,,,,,,,,,,,,,,,,,,,7.95,,52.39,,,,,,13.80 (2.2),,,,,,,,,,,,,,,,,,,,,,,,,,,,,,,,,,,,,,,,,,,,,,,,,,,,,,,,,,,,,,,,,,,,,,,,,,,,,,,,,,,,,,,,,,,,,,,,,,,,
9026154,Dyimond Walker,N. CAROLINA A&T,m,1:18.39,1:48.29,,,,,,,,,,,,,,,21.69 (-0.9),,46.88,,,,,,,,,,,,,,,,,,,,,,1:10.15,,,,,,,,,,,,,,,,,,,,,,,,,,,,,,,,,,,,,,,,,,,,,,,,,,,,,,,,,,,,,,,,,,,,,,,,,,,,,,,,,,,,,,,,,,,
8721451,Jeremiah Bolanos,CALIFORNIA,m,,,,,,,,,,,,,,,,,,,,,"6.93m (1.3) 22' 9""","15.57m (-0.5) 51' 1""",,,,,,,,,,,,,,,,,,,,,,,,,,,,,,,,,,,,,,,,,,,,,,,,,,,,,,,,,,,,,,,,,,,,,,,,,,,,,,,,,,,,,,,,,,,,,,,,,,,,,,,,,,,,,,
8242189,Grace Hartman,NC STATE,,,,4:24.76,16:25.9,18:52.6,,4:06.74,14:58.11,,,,2:47.49,8:46.57,,,,,,,,,,31:20.60,,,,,,,,,,,,,,,,,,,,,,,,,,,,,,,,,,,,,,,,,,,,,,,,,,,,,,,,,,,,,,,,,,,,,,,,,,,,,,,,,,,,,,,,,,,,,,,,,,,,,,,,,,,,,
8030181,Phethisang Makhethe,ILLINOIS,f,,,,,,,,,,,,,,,,,,,,,,,,,,,,,,,,,,"68.73m 225' 6""","24.40m 80' 0.75""",,,,,,,,,,,,,,,,,,,,,,,,,,,,,,,,,,,,,,,,,,,,,,,,,,,,,,,,,,,,,,,,,,,,,,,,,,,,,,,,,,,,,,,,,,,,,,,,,
8709984,Malique Smith-Band,FLORIDA,m,,,,,,,,,,,,,,,6.70,10.26 (3.1),20.73 (4.5),33.28,46.24,,,,,,,,,,,,,,,,,,,,,,,,,,,,,,,,,,,,,,,,,,,,,,,,,,,,,,,,,,,,,,,,,,,,,,,,,,,,,,,,,,,,,,,,,,,,,,,,,,,,,,,,,,,,,,,,,
8995144,Evgenia Maria Panagiotou,HOUSTON,f,,,,,,,,,,,,,,,,,,,,,,,,,,,,,,,"4.26m 13' 11.75""",,,,,,,,,,,,,,,,,,,,,,,,,,,,,,,,,,,,,,,,,,,,,,,,,,,,,,,,,,,,,,,,,,,,,,,,,,,,,,,,,,,,,,,,,,,,,,,,,,,,,
8691953,Sage Burbach,NEBRASKA,f,,,,,,,,,,,,,,,,,,,,,,,,,,,,"16.15m 53' 0""",,,,,,"55.38m 181' 8""","19.19m 62' 11.5""",,,,,,,,,,,,,,,,,,,,,,,,,,,,,,,,,,,,,,,,,,,,,,,,,,,,,,,,,,,,,,,,,,,,,,,,,,,,,,,,,,,,,,,,,,,,,,,,,
8973047,Kevin Bello,ARKANSAS,m,,,,,,,,,,,,,,,6.73,10.49 (1.6),20.89 (-0.3),,47.03,,,,,,,,,,,,,,,,,,,,,,,,,,,,,,,,,,,,,,,,,,,,,,,,,,,,,,,,,,,,,,,,,,,,,,,,,,,,,,,,,,,,,,,,,,,,,,,,,,,,,,,,,,,,,,,,,
8599966,Tyson Adams,NC STATE,m,,,,,,,,,,,,,,,,10.47 (3.0),22.52 (0.3),,,,"8.05m (4.9) 26' 5""",,,,,,,,,,,,,,,,,,,,,,,,,,,,,,,,,,,,,,,,,,,,,,,,,,,,,,,,,,,,,,,,,,,,,,,,,,,,,,,,,,,,,,,,,,,,,,,,,,,,,,,,,,,,,,,
8677780,Amelia Benjamin,UALBANY,f,,,,,,,,,,,,,,,,,26.38,,,,"5.53m (+0.0) 18' 1.75""",,,,,,"1.83m 6' 0""",,,,,,,,,,,,,,,,,,,,,,,,,,,,,,,,,,,,,,,,,,,,,,,,,,,,,,,,,,,,,,,,,,,,,,,,,,,,,,,,,,,,,,,,,,,,,,,,,,,,,,,,,
9277515,Marie Josee Bovele Linaka,OREGON,f,,,,,,,,,,,,,,,,,,,,,,,,,,,,,,,,,"59.01m 193' 7""",,,,,,,,,,,,,,,,,,,,,,,,,,,,,,,,,,,,,,,,,,,,,,,,,,,,,,,,,,,,,,,,,,,,,,,,,,,,,,,,,,,,,,,,,,,,,,,,,,,
7988588,Kenson Tate,LAMAR,m,,,,,,,,,,,,,,,6.83,10.43 (2.9),20.92 (0.5),,,,"8.02m 26' 3.75""",,,,,,,,,,,,,,,,,,,,,,,,,,,,,,,,,,,,,,,,,,,,,,,,,,,,,,,,,,,,,,,,,,,,,,,,,,,,,,,,,,,,,,,,,,,,,,,,,,,,,,,,,,,,,,,
6598708,Joy Mcarthur,USC,,,,,,,,,,,,,,,,,,,,,,,,,,,,,,,,,,,"66.61m 218' 6""","18.89m 61' 11.75""",,,,,,,,,,,,,,,,,,,,,,,,,,,,,,,,,,,,,,,,,,,,,,,,,,,,,,,,,,,,,,,,,,,,,,,,,,,,,,,,,,,,,,,,,,,,,,,,,
8892760,Madi Siana,MONTANA STATE,f,,,4:59.18,17:08.9,21:10.7,,4:30.86,16:25.77,,,,,9:47.69,,,,,,,,,,33:49.85,,,,,,,,,,,,,,,,,,,,,,18:35.6,,,,,,,,,,,,,,,,,,,,,,,,,,,,,,,,,,,,,,,,,,,,,,,,,,,,,,,,,,,,,,,,,,,,,,,,,,,,,,,,,,,,,,,
8356882,Logan Garnica,UTAH STATE,m,,,4:11.19,,,,3:51.81,14:06.81,8:29.92,,,,7:59.79,,,,,,,,,,,,,,,,,,,,,,,,,,,,,,,,,,,,,,,,,,,,,,,,,,,,,,,,,,,,,,,,,,,,,,,,,,,,,,,,,,,,,,,,,,,,,,,,,,,,,,,,,,,,,,,,,,,,,,,
8366921,Brooke Overholt,VANDERBILT,,,,,,,,,,,,,,,,7.79,,24.05 (0.8),39.04,53.40,,,,,8.44,13.59 (3.5),56.64,,,,,,,,,,,,1:17.57,,,,,,,,,,,,,,,,,,,,,,,,,,,,,,,,,,,,,,,,,,,,,,,,,,,,,,,,,,,,,,,,,,,,,,,,,,,,,,,,,,,,,,,,,,,,,,
8676484,Sofia Condon,MINNESOTA,f,,,,,,,,,,,,,,,,,,,,,,,,,,,,,,,"4.33m 14' 2.5""",,,,,,,,,,,,,,,,,,,,,,,,,,,,,,,,,,,,,,,,,,,,,,,,,,,,,,,,,,,,,,,,,,,,,,,,,,,,,,,,,,,,,,,,,,,,,,,,,,,,,
8990080,Miguel Rosario,GRAND CANYON,m,,,,,,,,,,,,,,,6.62,10.09 (1.4),20.13 (2.8),,,,,,,,,,,,,,,,,,,,,,,,,,,,,,,,,,,,,,,,,,,,,,,,,,,,,,,,,,,,,,,,,,,,,,,,,,,,,,,,,,,,,,,,,,,,,,,,,,,,,,,,,,,,,,,,,,,
8335440,Macaria Moore-Bastide,CINCINNATI,f,,,,,,,,,,,,,,,,,,,,,,"10.42m (-0.9) 34' 2.25""",,,,,"1.83m 6' 0""",,,,,,,,,,,,,,,,,,,,,,,,,,,,,,,,,,,,,,,,,,,,,,,,,,,,,,,,,,,,,,,,,,,,,,,,,,,,,,,,,,,,,,,,,,,,,,,,,,,,,,,,,
8996713,Marcus Harris,UC SAN DIEGO,m,,,,,,,,,,,,,,,,,,,,,"7.13m (1.2) 23' 4.75""","15.53m (0.2) 50' 11.5""",,,,,,,,,,,,,,,,,,,,,,,,,,,,,,,,,,,,,,,,,,,,,,,,,,,,,,,,,,,,,,,,,,,,,,,,,,,,,,,,,,,,,,,,,,,,,,,,,,,,,,,,,,,,,,
7910646,Ben Shearer,ARKANSAS,m,,1:51.57,3:58.56,14:55.3,,,3:38.89,13:21.99,,22:50.2,29:26.1,2:21.81,7:46.96,,,,,,,,,,,,,,,,,,,,,,,,,,,,,,,,,,,,,,,,,,,,,,,,,,,,,,,,,,,,,,,,,,,,,,,,,,,,,,,,,,,,,,,,,,,,,,,,,,,,,,,,,,,,,,,,,,,,,,,
9251325,Ava John,PRINCETON,f,,2:13.96,,,,,,,,,,,,,,,25.84 (0.3),41.14,,"34.02m 111' 7""","5.80m (-2.5) 19' 0.5""",,,8.77,14.26 (1.4),,"1.60m 5' 3""","11.27m 36' 11.75""",3916,5268,,,,,,,,,,,,,,,,,,,,,,,,,,,,,,,,,,,,,,,,,,,,,,,,,,,,,,,,,,,,,,,,,,,,,,,,,,,,,,,,,,,,,,,,,,,,,,,,,,,,,,
9013631,Samuel Toili,OKLAHOMA,m,,,,,,,,,,,,,,,6.81,,21.62 (-1.0),,45.86,,,,,,,,,,,,,,,,,,,,,,1:08.47,,,,,,,,,,,,,,,,,,,,,,,,,,,,,,,,,,,,,,,,,,,,,,,,,,,,,,,,,,,,,,,,,,,,,,,,,,,,,,,,,,,,,,,,,,,
7538541,Kevin Shubert,NEBRASKA,,,,,,,,,,,,,,,,,,,,,,,,,,,,,"19.89m 65' 3.25""",,,,,"47.54m 156' 0""",,,,,,,,,,,,,,,,,,,,,,,,,,,,,,,,,,,,,,,,,,,,,,,,,,,,,,,,,,,,,,,,,,,,,,,,,,,,,,,,,,,,,,,,,,,,,,,,,,,
9272015,Preston Beery,ARIZONA STATE,m,,,,,,,,,,,,,,,,,,,,"43.98m 144' 3""",,,,,,,,"18.50m 60' 8.5""",,,,,"51.22m 168' 0""",,,,,,,,,,,,,,,,,,,,,,,,,,,,,,,,,,,,,,,,,,,,,,,,,,,,,,,,,,,,,,,,,,,,,,,,,,,,,,,,,,,,,,,,,,,,,,,,,,,
6985940,Tzuriel Pedigo,LSU,,,,,,,,,,,,,,,,,,,,,"79.79m 261' 9""",,,,,,,,"14.40m 47' 3""",,,,,"34.24m 112' 4""",,,,,,,,,,,,,,,,,,,,,,,,,,,,,,,,,,,,,,,,,,,,,,,,,,,,,,,,,,,,,,,,,,,,,,,,,,,,,,,,,,,,,,,,,,,,,,,,,,,
8710377,Kimola Hines,LOUISIANA,f,,,,,,,,,,,,,,,,,,,,,,,,,,,,"10.47m 34' 4.25""",,,,,"54.96m 180' 4""","54.88m 180' 1""","17.50m 57' 5""",,,,,,,,,,,,,,,,,,,,,,,,,,,,,,,,,,,,,,,,,,,,,,,,,,,,,,,,,,,,,,,,,,,,,,,,,,,,,,,,,,,,,,,,,,,,,,,,,
7919037,Maia Ramsden,HARVARD,,,2:09.99,4:24.83,17:00.1,19:24.4,,4:05.65,15:29.06,,,,2:43.03,8:46.84,,,,,,,,,,,,,,,,,,,,,,,,,,,,,,,,,,,,,,,,,,13:35.9,,16:33.3,,,,,,,,,,,,,,,,,,,,,,,,,,,,,,,,,,,,,,,,,,,,,,,,,,,,,,,,,,,,,,,,,,,,,,,,,,,
8679566,Ali Upshaw,NORTHERN ARIZONA,f,,,4:38.98,,,,,15:27.86,,,,,9:09.42,,,,,,,,,,32:22.42,,,,,,,,,,,,,,,,,,,,,,,,,,,,,,,,,,,,,,,,,,,,,,,,,,,,,,,,,,,,,,,,,,,,,,,,,,,,,,,,,,,,,,,,,,,,,,,,,,,,,,,,,,,,,
8972011,Rider Cooper,CAL ST. FULLERTON,m,,1:58.52,,,,,,,,,,,,,6.99,,20.59 (1.5),,46.42,,,,,,,,,,,,,,,,,,,,,,,,,,,,,,,,,,,,,,,,,,,,,,,,,,,,,,,,,,,,,,,,,,,,,,,,,,,,,,,,,,,,,,,,,,,,,,,,,,,,,,,,,,,,,,,,,
7728699,Zach Landa,ARIZONA,,,,,,,,,,,,,,,,,,,,,,,,,,,,,"20.64m 67' 8.75""",,,,,"59.41m 194' 11""","62.15m 203' 11""","22.34m 73' 3.5""",,,,,,,,,,,,,,,,,,,,,,,,,,,,,,,,,,,,,,,,,,,,,,,,,,,,,,,,,,,,,,,,,,,,,,,,,,,,,,,,,,,,,,,,,,,,,,,,,
8328120,Bobby Mcclosky,LAFAYETTE,m,,,,,,,,,,,,,,,,,,,,"66.20m 217' 2""","5.14m 16' 10.5""",,,,,,"1.47m 4' 9.75""",,,,,,,,,,,,,,,,,,,,,,,,,,,,,,,,,,,,,,,,,,,,,,,,,,,,,,,,,,,,,,,,,,,,,,,,,,,,,,,,,,,,,,,,,,,,,,,,,,,,,,,,,
9328922,Jayden Green,MINNESOTA,m,,,,,,,,,,,,,,,,10.20 (4.4),20.50 (2.3),,47.89,,,,,,,,,,,,,,,,,,,,,,,,,,,,,,,,,,,,,,,,,,,,,,,,,,,,,,,,,,,,,,,,,,,,,,,,,,,,,,,,,,,,,,,,,,,,,,,,,,,,,,,,,,,,,,,,,
8323296,Ava Studney,APP STATE,f,,,,,,,,,,,,,,,,,,,,,,,,,,,,,,,"4.11m 13' 5.75""",,,,,,,,,,,,,,,,,,,,,,,,,,,,,,,,,,,,,,,,,,,,,,,,,,,,,,,,,,,,,,,,,,,,,,,,,,,,,,,,,,,,,,,,,,,,,,,,,,,,,
8261387,Evan Thornton-Sherman,OLE MISS,m,,1:48.32,3:59.67,,,,3:39.42,13:32.99,,23:04.1,29:51.6,2:23.06,7:54.62,,,,,,,,,,,,,,,,,,,,,,,,,,,,,,,,,,,,,,,,,,,,,,,,,,,,,,,,,,,,,,,,,,,,,,,,,,,,,,,,,,,,,,,,,,,,,,,,,,,,,,,,,,,,,,,,,,,,,,,
9263311,Lisa Raye,GEORGIA,f,,,,,,,,,,,,,,,7.36,11.25 (1.1),23.02 (1.3),,,,,,,,,,,,,,,,,,,,,,,,,,,,,,,,,,,,,,,,,,,,,,,,,,,,,,,,,,,,,,,,,,,,,,,,,,,,,,,,,,,,,,,,,,,,,,,,,,,,,,,,,,,,,,,,,,,
9000158,Greyson Golda,CENTRAL CONNECTICUT,m,,,,,,,,,,,,,,,,,,,,,,,,,,,,"18.26m 59' 11""",,,,,"53.34m 175' 0""","57.78m 189' 7""","19.04m 62' 5.75""",,,,,,,,,,,,,,,,,,,,,,,,,,,,,,,,,,,,,,,,,,,,,,,,,,,,,,,,,,,,,,,,,,,,,,,,,,,,,,,,,,,,,,,,,,,,,,,,,
8971847,Michael Carter,BETHUNE-COOKMAN,m,,,,,,,,,,,,,,,6.98,10.82 (3.2),21.96 (0.3),,,,"7.89m (0.6) 25' 10.75""","14.87m (0.2) 48' 9.5""",,,,,,,,,,,,,,,,,,,,,,,,,,,,,,,,,,,,,,,,,,,,,,,,,,,,,,,,,,,,,,,,,,,,,,,,,,,,,,,,,,,,,,,,,,,,,,,,,,,,,,,,,,,,,,
8323916,Sophie Gonzalez,LIBERTY,f,,,,,,,,,,,,,,,,,,,,,,,,,,,,,,,,,,"62.08m 203' 8""","18.82m 61' 9""",,,,,,,,,,,,,,,,,,,,,,,,,,,,,,,,,,,,,,,,,,,,,,,,,,,,,,,,,,,,,,,,,,,,,,,,,,,,,,,,,,,,,,,,,,,,,,,,,
9239381,Veronica Vacca,WASHINGTON,f,,,,,,,,,,,,,,,,,,,,,,,,,,,,,,,"4.50m 14' 9""",,,,,,,,,,,,,,,,,,,,,,,,,,,,,,,,,,,,,,,,,,,,,,,,,,,,,,,,,,,,,,,,,,,,,,,,,,,,,,,,,,,,,,,,,,,,,,,,,,,,,
9251519,Henry Risser,WISCONSIN,m,1:16.31,1:47.33,,,,,,,,,,,,,,,,,47.40,,,,,,,,,,,,,,,,,,,,,,,,,,,,,,,,,,,,,,,,,,,,,,,,,,,,,,,,,,,,,,,,,,,,,,,,,,,,,,,,,,,,,,,,,,,,,,,,,,,,,,,,,,,,,,,,,
9264657,Shamar Reid,FLORIDA STATE,m,,,,,,,,,,,,,,,,,,,,,,,,,,,,"18.27m 59' 11.25""",,,,,"65.87m 216' 1""",,,,,,,,,,,,,,,,,,,,,,,,,,,,,,,,,,,,,,,,,,,,,,,,,,,,,,,,,,,,,,,,,,,,,,,,,,,,,,,,,,,,,,,,,,,,,,,,,,,
9171953,Will Aitken,GEORGIA,m,,,4:01.70,,18:01.1,,3:51.48,13:59.03,8:49.86,23:17.8,29:16.1,,8:01.56,,,,,,,,,,28:32.25,,,,,,,,,,,,,,,,,,,,,,,,,,,,,,,,,,,,,,,,,,,,,,,,,,,,,,,,,,,,,,,,,,,,,,,,,,,,,,,,,,,,,,,,,,,,,,,,,,,,,,,,,,,,,
9235658,Constanza Acevedo,YALE,f,,,,,,,,,,,,,,,,,,,,"48.47m 159' 0""",,,,,,,,,,,,,,,,,,,,,,,,,,,,,,,,,,,,,,,,,,,,,,,,,,,,,,,,,,,,,,,,,,,,,,,,,,,,,,,,,,,,,,,,,,,,,,,,,,,,,,,,,,,,,,,,
9247072,Gabe Remy,TEXAS,m,,,,,,,,,,,,,,,6.69,10.09 (2.6),20.41 (3.5),35.28,50.55,,,,,,,,,,,,,,,,,,,,,,,,,,,,6.33,,,,,,,,,,,,,,,,,,,,,,,,,,,,,,,,,,,,,,,,,,,,,,,,,,,,,,,,,,,,,,,,,,,,,,,,,,,,,,,,,,,,,
8237621,Mehdi Yanouri,OKLAHOMA STATE,,1:19.51,1:46.50,4:05.52,,,,3:45.05,,,25:29.6,,2:22.00,9:04.05,,,,,,,,,,,,,,,,,,,,,,,,,,,,,,,,,,,,,,,,1:08:58.4,,,,,,,,,,,,,,,,,,,,,,,,,,,,,,,,,,,,,,,,,,,,,,,,,,,,,,,,,,,,,,,,,,,,,,,,,,,,,,,
8974653,Isaiah Hayes,SYRACUSE,m,,,,,,,,,,,,,,,,,,,,,,,,7.98,,,,,,,,13.79 (1.2),,,,,,,,,,,,,,,,,,,,,,,,,,,,,,,,,,,,,,,,,,,,,,,,,,,,,,,,,,,,,,,,,,,,,,,,,,,,,,,,,,,,,,,,,,,,,,,,,,,,
8986590,Jonah Heimuli,BYU,m,1:17.39,,,,,,,,,,,,,,7.11,,21.79 (3.7),34.48,46.69,,,,,,,,,,,,,,,,,,,,,,1:08.96,,,,,,6.67,,,,,,,,,,,,,,,,,,,,,,,,,,,,,,,,,,,,,,,,,,,,,,,,,,,,,,,,,,,,,,,,,,,,,,,,,,,,,,,,,,,,,
8271041,Colin Sahlman,NORTHERN ARIZONA,m,1:17.24,1:44.42,3:52.30,,,,3:33.96,13:23.12,,23:07.1,28:33.9,,7:36.71,,,,,,47.93,,,,,,,,,,,,,,,,,,,,,,,,,,,,,,,,,,,,,,,,,,,,,,,,,,,,,,,,,,,,,,,,,,,,,,,,24:16.8,,,,,,,22:10.2,,,,,,,,,,,,,,,,,,,,,,,,,,,,,,,,,,
8584801,Kelli Gaffney,CAL POLY,f,,,4:50.85,,20:07.5,,4:31.18,16:15.11,,,,,9:20.05,,,,,,,,,,33:49.78,,,,,,,,,,,,,,,,,,,,,,,,,,,,,,,,,,,,,,,,,,,,,,,,,,,,,,,,,,,,,,,,,,,,,,,,,,,,,,,,,,,,,,,,,,,,,,,,,,,,,,,,,,,,,
8585713,Louise Stonham,MISS STATE,f,,,5:03.35,17:10.0,20:17.0,,4:42.15,16:38.77,10:18.52,,,,9:39.73,,,,,,,,,,34:45.75,,,,,,,,,,,,,,,,,,,,,,,,,,,,,,,,,,,,,,,,,,,,,,,,,,,,,,,,,,,,,,,,,,,,,,,,,,,,,,,,,,,,,,,,,,,,,,,,,,,,,,,,,,,,,
8350350,Frank Bradley-Reed,LOUISIANA TECH,m,,,,,,,,,,,,,,,,,21.00 (2.4),33.88,45.88,,,,,,,,,,,,,,,,,,,,,,,,,,,,,,,,,,,,,,,,,,,,,,,,,,,,,,,,,,,,,,,,,,,,,,,,,,,,,,,,,,,,,,,,,,,,,,,,,,,,,,,,,,,,,,,,,
9250563,Nick Masterman,WAKE FOREST,m,,,,,,,,,,,,,,,,,,,,"64.54m 211' 9""",,,,,,,,,,,,,,,,,,,,,,,,,,,,,,,,,,,,,,,,,,,,,,,,,,,,,,,,,,,,,,,,,,,,,,,,,,,,,,,,,,,,,,,,,,,,,,,,,,,,,,,,,,,,,,,,
8673096,Macee Rivers,ILLINOIS STATE,f,,,,,,,,,,,,,,,,,,,,,,,,8.30,12.91 (5.6),,,,,,,,,,,,,,,,,,,,,,,,,,,,,,,,,,,,,,,,,,,,,,,,,,,,,,,,,,,,,,,,,,,,,,,,,,,,,,,,,,,,,,,,,,,,,,,,,,,,,,,,,,,
8984283,Katy Taylor,COLORADO ST.,f,,,,,,,,,,,,,,,,,,,,,,,,,,,,"12.63m 41' 5.25""",,,,,"51.55m 169' 1""","47.64m 156' 3""","16.07m 52' 8.75""",,,,,,,,,,,,,,,,,,,,,,,,,,,,,,,,,,,,,,,,,,,,,,,,,,,,,,,,,,,,,,,,,,,,,,,,,,,,,,,,,,,,,,,,,,,,,,,,,
8333384,Alex Deroussel,GEORGE MASON,m,,,4:16.00,,,,3:57.34,14:33.18,8:50.29,,,2:32.83,8:26.36,,,,,,,,,,,,,,,,,,,,,,,,,,,,,,,,,,,,,,,,,,,,,,,,,,,,,,,,,,,,,,,,,,,,,,,,,,,,,,,,,,,,,,,,,,,,,,,,,,,,,,,,,,,,,,,,,,,,,,,
7389214,Gabby Hentemann,OKLAHOMA STATE,,,2:14.29,4:42.03,,20:13.3,,,15:45.44,,,,2:56.57,9:04.34,,,,,,,,,,33:17.48,,,,,,,,,,,,,,,,,,,,,,,,,,,,,,,,,,,,,,,,,,,,,,,,,,,,,,,,,,,,,,,,,,,,,,,,,,,,,,,,,,,,,,,,,,,,,,,,,,,,,,,,,,,,,
8981828,Matthew Acquah,UMASS AMHERST,m,,,,,,,,,,,,,,,,,,,,,"6.32m (1.3) 20' 9""","15.56m (1.2) 51' 0.75""",,,,,,,,,,,,,,,,,,,,,,,,,,,,,,,,,,,,,,,,,,,,,,,,,,,,,,,,,,,,,,,,,,,,,,,,,,,,,,,,,,,,,,,,,,,,,,,,,,,,,,,,,,,,,,
8982707,Martin Barco,WASHINGTON,m,,1:46.69,3:57.26,,,,3:37.94,,,,,2:21.77,,,,,,,,,,,,,,,,,,,,,,,,,,,,,,,,,,,,,,,,,,,,,,,,,,,,,,,,,,,,,,,,,,,,,,,,,,,,,,,,,,,,,,,,,,,,,,,,,,,,,,,,,,,,,,,,,,,,,,,,
8354256,Anthony Trucks,HOUSTON,m,,,,,,,,,,,,,,,6.99,,22.26 (4.2),,,,,,,7.71,,54.67,,,,,,13.60 (3.1),,,,,,,,,,,,,,,,,,,,,,,,,,,,,,,,,,,,,,,,,,,,,,,,,,,,,,,,,,,,,,,,,,,,,,,,,,,,,,,,,,,,,,,,,,,,,,,,,,,,
8321706,Brooklyn Robinson,NORFOLK STATE,f,,,,,,,,,,,,,,,7.48,11.35 (3.6),24.36 (1.9),,,,"5.87m (1.9) 19' 3.25""",,,8.21,13.05 (2.6),1:06.84,"1.58m 5' 2.25""",,,,,,,,,,,,,,,,,,,,,,,,,,,,,,,,,,,,,,,,,,,,,,,,,,,,,,,,,,,,,,,,,,,,,,,,,,,,,,,,,,,,,,,,,,,,,,,,,,,,,,,,,
9008495,Ben Feyrer,CAL POLY,m,,,,,,,,,,,,,,,,11.31 (0.8),,,,,,,,,,,,,,,"5.47m 17' 11.25""",,,,,,,,,,,,,,,,,,,,,,,,,,,,,,,,,,,,,,,,,,,,,,,,,,,,,,,,,,,,,,,,,,,,,,,,,,,,,,,,,,,,,,,,,,,,,,,,,,,,,
7980602,Alianna Eucker,RUTGERS,f,,,,,,,,,,,,,,,,,,,,"51.43m 168' 9""",,,,,,,,,,,,,"26.28m 86' 3""",,,,,,,,,,,,,,,,,,,,,,,,,,,,,,,,,,,,,,,,,,,,,,,,,,,,,,,,,,,,,,,,,,,,,,,,,,,,,,,,,,,,,,,,,,,,,,,,,,,
8308938,Derek Munroe,UMASS LOWELL,m,,,,,,,4:34.20,,,,,2:43.50,,,7.15,11.22 (2.4),23.18 (3.0),,49.89,"57.31m 188' 0""","6.53m (2.1) 21' 5.25""",,,8.69,,,"1.80m 5' 10.75""","14.24m 46' 8.75""",,5301,"4.70m 15' 5""",15.84 (0.2),"41.84m 137' 3""",,"12.74m 41' 9.75""",7034,,,,,,,,,,,6.99,,,,,,,,,,,,,,,,,,,,,,,,,,,,,,,,,,,,,,,,,,,,,,,,,,,,,,,,,,,,,,,,,,,,,,,,,,,,,,,,,,,,,
8990385,Rickey Williams Iii,LOUISIANA TECH,m,1:21.90,,,,,,,,,,,,,,,,21.33 (1.3),33.76,46.59,,,,,,,,,,,,,,,,,,,,,,,,,,,,,,,,,,,,,,,,,,,,,,,,,,,,,,,,,,,,,,,,,,,,,,,,,,,,,,,,,,,,,,,,,,,,,,,,,,,,,,,,,,,,,,,,,
9249257,Daedrian Beville,ALABAMA STATE,f,,,,,,,,,,,,,,,,12.91 (+0.0),25.90 (0.2),,,,"6.02m (1.0) 19' 9""","13.22m (0.6) 43' 4.5""",,,,,,,,,,,,,,,,,,,,,,,,,,,,,,,,,,,,,,,,,,,,,,,,,,,,,,,,,,,,,,,,,,,,,,,,,,,,,,,,,,,,,,,,,,,,,,,,,,,,,,,,,,,,,,
9257619,Cadee Alder,AIR FORCE,f,,,,,,,,,,,,,,,,,,,,"48.60m 159' 5""",,,,,,,,,,,,,,"39.51m 129' 7""","11.86m 38' 11""",,,,,,,,,,,,,,,,,,,,,,,,,,,,,,,,,,,,,,,,,,,,,,,,,,,,,,,,,,,,,,,,,,,,,,,,,,,,,,,,,,,,,,,,,,,,,,,,,
9283811,Hannah Estes,ARKANSAS,f,,,,,,,,,,,,,,,,,,,,,,,,,,,,,,,"4.12m 13' 6.25""",,,,,,,,,,,,,,,,,,,,,,,,,,,,,,,,,,,,,,,,,,,,,,,,,,,,,,,,,,,,,,,,,,,,,,,,,,,,,,,,,,,,,,,,,,,,,,,,,,,,,
9166812,Rance Berney,STEPHEN F. AUSTIN,m,,,,,,,,,,,,,,,,,,,,,,,,,,,"2.12m 6' 11.5""",,,,,,,,,,,,,,,,,,,,,,,,,,,,,,,,,,,,,,,,,,,,,,,,,,,,,,,,,,,,,,,,,,,,,,,,,,,,,,,,,,,,,,,,,,,,,,,,,,,,,,,,,
8359937,Ella Onojuvwevwo,LSU,f,,,,,,,,,,,,,,,,,22.56 (1.5),,49.59,,,,,,,,,,,,,,,,,,,1:11.66,,,,,,,,,,,,,,,,,,,,,,,,,,,,,,,,,,,,,,,,,,,,,,,,,,,,,,,,,,,,,,,,,,,,,,,,,,,,,,,,,,,,,,,,,,,,,,
7389428,Gracelyn Larkin,NEW MEXICO,,,2:16.24,4:47.76,16:20.4,19:41.2,,4:18.66,15:29.93,,,,,9:05.12,,,,,,,,,,32:32.61,,,,,,,,,,,,,,,,,,,,,,,,,,,,,,,,,,,,,,,,,,,,,,,,,,,,,,,,,,,,,,,,,,,,,,,,,,,,,,,,,,,,,,,,,,,,,,,,,,,,,,,,,,,,,
9214502,Baptiste Cartieaux,IONA,m,,,4:09.25,,,,,14:13.67,8:44.71,24:12.1,30:17.4,,8:05.85,,,,,,,,,,,,,,,,,,,,,,,,25:04.9,,,,,,,,,,,,,,,,,,,,,,,,,,,,,,,,,,,,,,,,,,,,,,,,,,,,,,,,,,,,,,,,,,,,,,,,,,,,,,,,,,,,,,,,,,,,,,,
7524759,Kelechi Nwanaga,FLORIDA STATE,,,,,,,,,,,,,,,,,,,,,"55.06m 180' 8""",,,,,,,,,,,,,,,,,,,,,,,,,,,,,,,,,,,,,,,,,,,,,,,,,,,,,,,,,,,,,,,,,,,,,,,,,,,,,,,,,,,,,,,,,,,,,,,,,,,,,,,,,,,,,,,,
8364033,Camryn Dickson,TEXAS A&M,f,,,,,,,,,,,,,,,7.22,10.93 (2.1),22.13 (1.3),,,,,,,,,,,,,,,,,,,,,,,,,,,,,,,,,,,,,,,,,,,,,,,,,,,,,,,,,,,,,,,,,,,,,,,,,,,,,,,,,,,,,,,,,,,,,,,,,,,,,,,,,,,,,,,,,,,
7913251,Nathan Walker,PURDUE,m,,,4:07.58,,18:03.9,,3:46.82,13:58.07,9:06.43,23:09.4,29:50.3,,8:07.79,,,,,,,,,,29:14.15,,,,,,,,,,,,,,24:14.3,,,,,,,,,,,,,,,,,,,,,6:00.35,,,,,,,,,,,,,,,,,,,,,,,,,,,,,,,,,,,,,,,,,,,,,,,,,,,,,,,,,,,,,,,,,,,,,,,,,,
8694291,Mckenna Watson,ARIZONA,f,,,,,,,,,,,,,,,7.41,11.23 (2.3),22.90 (1.3),38.03,56.96,,,,,,,,,,,,,,,,,,,,,,,,,,,,,,,,,,,,,,,,,,,,,,,,,,,,,,,,,,,,,,,,,,,,,,,,,,,,,,,,,,,,,,,,,,,,,,,,,,,,,,,,,,,,,,,,,
6557376,Shey Taiwo,OLE MISS,,,,,,,,,,,,,,,,,,,,,,,,,,,,,"15.05m 49' 4.5""",,,,,"51.05m 167' 6""","71.27m 233' 10""","25.55m 83' 10""",,,,,,,,,,,,,,,,,,,,,,,,,,,,,,,,,,,,,,,,,,,,,,,,,,,,,,,,,,,,,,,,,,,,,,,,,,,,,,,,,,,,,,,,,,,,,,,,,
9252698,Leonard Durau,UALBANY,m,,,,,,,,,,,,,,,,,,,,,"6.82m 22' 4.5""","15.56m (1.4) 51' 0.75""",,,,,,,,,,,,,,,,,,,,,,,,,,,,,,,,,,,,,,,,,,,,,,,,,,,,,,,,,,,,,,,,,,,,,,,,,,,,,,,,,,,,,,,,,,,,,,,,,,,,,,,,,,,,,,
8926498,Ethan O'Shea,SAN FRANCISCO,m,,1:52.37,4:16.60,,,,3:47.39,14:04.15,8:47.46,23:53.7,30:21.1,,,,,,,,,,,,,,,,,,,,,,,,,,,,,,,,,,,,,,,,,,,,,,,,,,,,,,,,,,,,,,,,,,,,,,,,,,,,,,,,,,,,,,,,,,,,,,,,,,,,,,,,,,,,,,,,,,,,,,,,,
7546466,Arthur Petersen,NEBRASKA,,,,,,,,,,,,,,,,,,,,,"79.90m 262' 2""",,,,,,,,,,,,,,,,,,,,,,,,,,,,,,,,,,,,,,,,,,,,,,,,,,,,,,,,,,,,,,,,,,,,,,,,,,,,,,,,,,,,,,,,,,,,,,,,,,,,,,,,,,,,,,,,
8676152,Tyson Ritz,OKLAHOMA,m,,,,,,,,,,,,,,,,,,,,,,,,,,,"2.25m 7' 4.5""",,,,,,,,,,,,,,,,,,,,,,,,,,,,,,,,,,,,,,,,,,,,,,,,,,,,,,,,,,,,,,,,,,,,,,,,,,,,,,,,,,,,,,,,,,,,,,,,,,,,,,,,,
8611983,Demario Prince,BAYLOR,m,,,,,,,,,,,,,,,6.87,,21.85 (-0.3),,,,"7.25m 23' 9.5""",,,7.46,,,,,,,,13.14 (3.8),,,,,,,,,,,,,,,,,,,,,,,,,,,,,,,,,,,,,,,,,,,,,,,,,,,,,,,,,,,,,,,,,,,,,,,,,,,,,,,,,,,,,,,,,,,,,,,,,,,,
8320681,Jonas Clarke,HARVARD,m,,,,,,,,,,,,,,,6.71,10.28 (2.4),20.77 (0.6),,51.52,,,,,,,,,,,,,,,,,,,,,,,,,,,,,,,,,,,,,,,,,,,,,,,,,,,,,,,,,,,,,,,,,,,,,,,,,,,,,,,,,,,,,,,,,,,,,,,,,,,,,,,,,,,,,,,,,
9201215,Brighter Jepchumba,EASTERN KENTUCKY,f,,,,,,,,15:28.09,,,,,9:26.59,,,,,,,,,,32:40.65,,,,,,,,,,,,,,,,,,,,,,,,,,,,,,,,,,,,,,,,,,,,,,,,,,,,,,,,,,,,,,,,,,,,,,,,,,,,,,,,,,,,,,,,,,,,,,,,,,,,,,,,,,,,,
8977028,Mia Brahe-Pedersen,USC,f,,,,,,,,,,,,,,,7.25,11.08 (2.5),22.85,,,,,,,,,,,,,,,,,,,,,,,,,,,,,,,,,,,,,,,,,,,,,,,,,,,,,,,,,,,,,,,,,,,,,,,,,,,,,,,,,,,,,,,,,,,,,,,,,,,,,,,,,,,,,,,,,,,
8010632,Emilia Sjostrand,SAN JOSE ST.,,,,,,,,,,,,,,,,7.70,,,,,,"6.59m 21' 7.5""","14.09m 46' 2.75""",,,,,,,,,,,,,,,,,,,,,,,,,,,,,,,,,,,,,,,,,,,,,,,,,,,,,,,,,,,,,,,,,,,,,,,,,,,,,,,,,,,,,,,,,,,,,,,,,,,,,,,,,,,,,,
9188567,Evan Noonan,STANFORD,m,,,3:59.29,,,,3:38.93,13:43.76,,23:51.8,30:50.2,,7:57.09,,,,,,,,,,,,,,,,,,,,,,,,,,,,,,,,,,,,,,,,,,,,,,,,,,,,,,,,,,,,,,,,,,,,,,,,,,,,,,,,,,,,,,,,,,,,,,,,,,,,,,,,,,,,,,,,,,,,,,,
9070431,Ollie Wear,BOISE STATE,m,,,,,,,,,,,,,,,,,,,,"68.00m 223' 1""",,,,,,,,,,,,,,,,,,,,,,,,,,,,,,,,,,,,,,,,,,,,,,,,,,,,,,,,,,,,,,,,,,,,,,,,,,,,,,,,,,,,,,,,,,,,,,,,,,,,,,,,,,,,,,,,
6910593,Adva Cohen,NEW MEXICO,,1:37.65,2:09.25,4:42.44,16:45.0,19:58.0,,4:16.85,15:26.48,9:35.60,,,2:53.23,9:08.40,,,,,,,,,,,,,,,,,,,,,,,,,,,,,,,,,,,,,,,,,,13:50.2,,,6:36.41,,,,,,,,,,,,,,,,,,,,,,,,,,,,,,,,,,,,,,,,,,,,,,,,,,,,,,,,,,,,,,,,,,,,,,,,,,
8986894,Sir Jonathan Sims,TARLETON STATE,m,,,,,,,,,,,,,,,6.93,10.63 (2.3),21.35 (3.9),,,,"7.97m (0.4) 26' 1.75""","15.99m (1.4) 52' 5.5""",,,,,,,,,,,,,,,,,,,,,,,,,,,,,,,,,,,,,,,,,,,,,,,,,,,,,,,,,,,,,,,,,,,,,,,,,,,,,,,,,,,,,,,,,,,,,,,,,,,,,,,,,,,,,,
8324338,Alaysia Oakes,STANFORD,f,,,,,,,,,,,,,,,7.42,11.60 (0.3),24.83 (2.5),,,,"6.52m (1.7) 21' 4.75""","13.03m 42' 9""",,,,,,,,,,,,,,,,,,,,,,,,,,,,,,,,,,,,,,,,,,,,,,,,,,,,,,,,,,,,,,,,,,,,,,,,,,,,,,,,,,,,,,,,,,,,,,,,,,,,,,,,,,,,,,
8614328,Doris Lemngole,ALABAMA,f,,,4:32.69,16:03.9,18:02.7,,4:09.28,14:51.21,8:58.15,,,,8:31.39,,,,,,,,,,,,,,,,,,,,,,,,,,18:57.1,,,,,,,,,,,,,,,,,,,,,,,,,,,,,,,,,,,,,,,,19:04.8,,,,,,,,,,,,,,,,,,,,,,,,,,,,,,,,,,,,,,,,,,,,,,,,,,,,,
9000363,Jeremiah Walker,LSU,m,1:24.60,,,,,,,,,,,,,,,,20.40 (1.6),32.58,45.60,,,,,,,,,,,,,,,,,,,1:07.83,,,,,,,,,,,,,,,,,,,,,,,,,,,,,,,,,,,,,,,,,,,,,,,,,,,,,,,,,,,,,,,,,,,,,,,,,,,,,,,,,,,,,,,,,,,,,,
8613382,Gavin Nelson,FLORIDA,m,,1:46.60,4:07.69,15:52.7,,,3:42.53,,,25:12.4,,2:21.56,,,,,,,48.17,,,,,,,,,,,,,,,,,,,,,,,,,,,,,,,,,,,,,,,,,,,,,,,,,,,,,,,,,,,,,,,,,,,,,,,,,,,,,,,,,,,,,,,,,,,,,,,,,,,,,,,,,,,,,,,,,
8354305,Aaron Charles,MINNESOTA,m,,,,,,,,,,,,,,,6.70,10.28 (2.3),20.09 (7.5),34.12,50.16,,,,,,,,,,,,,,,,,,,,,,,,,,,,,,,,,,,,,,,,,,,,,,,,,,,,,,,,,,,,,,,,,,,,,,,,,,,,,,,,,,,,,,,,,,,,,,,,,,,,,,,,,,,,,,,,,
8336939,Connor Hayford,CONNECTICUT,m,,,,,,,,,,,,,,,,,,,,"68.03m 223' 2""",,,,,,,,,,,,,,"41.56m 136' 4""","16.08m 52' 9.25""",,,,,,,,,,,,,,,,,,,,,,,,,,,,,,,,,,,,,,,,,,,,,,,,,,,,,,,,,,,,,,,,,,,,,,,,,,,,,,,,,,,,,,,,,,,,,,,,,
7733581,Charles Mcbride Ii,NC STATE,,,,,,,,,,,,,,,,,,,,,,"7.57m (2.5) 24' 10""","16.00m (1.3) 52' 6""",,,,,"2.25m 7' 4.5""",,,,,,,,,,,,,,,,,,,,,,,,,,,,,,,,,,,,,,,,,,,,,,,,,,,,,,,,,,,,,,,,,,,,,,,,,,,,,,,,,,,,,,,,,,,,,,,,,,,,,,,,,
8336190,Ella Pavlovich,MINNESOTA,f,,,,,,,,,,,,,,,,,,,,,,,,,,,,,,,,,"41.48m 136' 1""","60.77m 199' 4""","19.21m 63' 0.25""",,,,,,,,,,,,,,,,,,,,,,,,,,,,,,,,,,,,,,,,,,,,,,,,,,,,,,,,,,,,,,,,,,,,,,,,,,,,,,,,,,,,,,,,,,,,,,,,,
8267707,Vera Sjoberg,NORTH CAROLINA,f,,2:10.45,4:28.12,18:17.3,18:56.5,,4:07.39,15:27.51,,,,2:46.61,8:43.06,,,,,,,,,,32:48.29,,,,,,,,,,,,,,,,,,,,,,,,,,,,,,,,,,,,,,,,,,,,,,,,,,,,,,,,,,,,,,,,,,,,,,,,,,,,,,,,,,,21:34.2,,,,,,,,,,,,,,,,11:06.2,,,,,,,,,,
8676328,Cate Desousa,VIRGINIA,f,,2:04.67,4:42.24,17:14.8,20:34.0,,4:14.62,,,,,2:56.09,9:18.39,,,,,,,,,,,,,,,,,,,,,,,,,,,,,,,,,,,,,,,,,,13:35.7,,,,,,,,,,,,,,,,,,,,,,,,,,,,,,,,,,,,,,,,,,,,,,,,,,,,,,,,,,,,,,,,,,,,,,,,,,,,,
7734301,Wilma Nielsen,OREGON,f,1:29.78,2:01.27,4:21.04,17:40.1,19:50.8,,4:05.94,,,,,2:38.95,9:00.50,,,,,,57.50,,,,,,,,,,,,,,,,,,,,,,,,,,,,,,,,,,,,,,,,,,,,,,,,,,,,,,,,,,,,,,,,,,,,,,,,,,,,,,,,,,,,,,,,,,,,,,,,,,,,,,,,18:08.6,,,,,,,,,
9166804,Keyshawn Garcia,STEPHEN F. AUSTIN,,,1:46.54,,,,,4:04.83,,,,,,,,,,,,,,,,,,,,,,,,,,,,,,,,,,,,,,,,,,,,,,,,,,,,,,,,,,,,,,,,,,,,,,,,,,,,,,,,,,,,,,,,,,,,,,,,,,,,,,,,,,,,,,,,,,,,,,,,,,,,,
8696193,Selena Calix,FIU,f,,2:49.40,,,,,,,,,,,,,,14.51 (3.6),29.37 (2.6),,1:09.77,"50.00m 164' 0""","4.15m 13' 7.5""",,,,,,,"12.01m 39' 5""",,,,,"24.64m 80' 10""",,,,,,,,,,,,,,,,,,,,,,,,,,,,,,,,,,,,,,,,,,,,,,,,,,,,,,,,,,,,,,,,,,,,,,,,,,,,,,,,,,,,,,,,,,,,,,,,,,,
8709052,Sj Marais,HOUSTON CHRISTIAN,m,,,,,,,,,,,,,,,6.88,10.34 (3.5),21.32 (1.0),,,,,,,8.04,,,,,,,,13.78 (1.7),,,,,,,,,,,,,,,,,,,,,,,,,,,,,,,,,,,,,,,,,,,,,,,,,,,,,,,,,,,,,,,,,,,,,,,,,,,,,,,,,,,,,,,,,,,,,,,,,,,,
8997006,Zaire Waring,UCLA,m,,,,,,,,,,,,,,,,,,,48.02,,,,,,,50.55,,,,,,,,,,,,,,,,,,,,,,,,,,,,,,,,,,,,,,,,,,,,,,,,,,,,,,,,,,,,,,,,,,,,,,,,,,,,,,,,,,,,,,,,,,,,,,,,,,,,,,,,,,
8358263,Theophilus Mudzengerere,SOUTH CAROLINA,,,,,,,,,,,,,,,,,10.68 (3.1),22.26 (0.4),,,,,"16.38m (1.9) 53' 9""",,,,,,,,,,,,,,,,,,,,,,,,,,,,,,,,,,,,,,,,,,,,,,,,,,,,,,,,,,,,,,,,,,,,,,,,,,,,,,,,,,,,,,,,,,,,,,,,,,,,,,,,,,,,,,
8338531,Rachel Joseph,IOWA STATE,f,,,,,,,,,,,,,,,7.66,11.81 (0.6),23.21 (0.5),37.15,50.08,,,,,,,,,,,,,,,,,,,,,,1:18.50,,,,,,,,,,,,,,,,,,,,,,,,,,,,,,,,,,,,,,,,,,,,,,,,,,,,,,,,,,,,,,,,,,,,,,,,,,,,,,,,,,,,,,,,,,,
7054268,Bayley Campbell,OKLAHOMA,,,,,,,,,,,,,,,,,,,,,,,,,,,,,,,,,,,"70.15m 230' 2""","20.67m 67' 9.75""",,,,,,,,,,,,,,,,,,,,,,,,,,,,,,,,,,,,,,,,,,,,,,,,,,,,,,,,,,,,,,,,,,,,,,,,,,,,,,,,,,,,,,,,,,,,,,,,,
8988609,Trey Sheron,LONG BEACH ST.,m,,,,,,,,,,,,,,,6.71,10.19 (2.8),20.54 (2.6),,,,,,,,,,,,,,,,,,,,,,,,,,,,,,,,,,,,,,,,,,,,,,,,,,,,,,,,,,,,,,,,,,,,,,,,,,,,,,,,,,,,,,,,,,,,,,,,,,,,,,,,,,,,,,,,,,,
9002124,Marlon Colbert,ARIZONA STATE,m,,,,,,,,,,,,,,,6.77,10.62 (1.2),23.35,,,,,,,,,,,,,,,,,,,,,,,,,,,,,,,,,,,,,,,,,,,,,,,,,,,,,,,,,,,,,,,,,,,,,,,,,,,,,,,,,,,,,,,,,,,,,,,,,,,,,,,,,,,,,,,,,,,
9245262,Omarion Ferguson,SAM HOUSTON,m,,,,,,,,,,,,,,,6.87,10.28 (3.7),20.62 (1.6),33.73,,,,,,,,,,,,,,,,,,,,,,,,,,,,,,,,,,,,,,,,,,,,,,,,,,,,,,,,,,,,,,,,,,,,,,,,,,,,,,,,,,,,,,,,,,,,,,,,,,,,,,,,,,,,,,,,,,
9013735,Ashley Moore,OKLAHOMA,,,,,,,,,,,,,,,,,,,,,,"6.03m 19' 9.5""","13.48m (2.0) 44' 2.75""",,,,,,,,,,,,,,,,,,,,,,,,,,,,,,,,,,,,,,,,,,,,,,,,,,,,,,,,,,,,,,,,,,,,,,,,,,,,,,,,,,,,,,,,,,,,,,,,,,,,,,,,,,,,,,
8677186,Matthew Tyeskie,LITTLE ROCK,m,,,,,,,,,,,,,,,7.08,,,,,,,,,7.83,,57.13,,,,,,13.70 (2.4),,,,,,,,,,,,,,,,,,,,,,,,,,,,,,,,,,,,,,,,,,,,,,,,,,,,,,,,,,,,,,,,,,,,,,,,,,,,,,,,,,,,,,,,,,,,,,,,,,,,
8339459,Elisabet Rut Runarsdottir,TEXAS STATE,f,,,,,,,,,,,,,,,,,,,,,,,,,,,,,,,,,,"72.89m 239' 2""","20.80m 68' 3""",,,,,,,,,,,,,,,,,,,,,,,,,,,,,,,,,,,,,,,,,,,,,,,,,,,,,,,,,,,,,,,,,,,,,,,,,,,,,,,,,,,,,,,,,,,,,,,,,
8673346,Jayden Ulrich,LOUISVILLE,,,,,,,,,,,,,,,,,,,,,,,,,,,,,"18.66m 61' 2.75""",,,,,"66.14m 217' 0""","45.87m 150' 6""","19.38m 63' 7""",,,,,,,,,,,,,,,,,,,,,,,,,,,,,,,,,,,,,,,,,,,,,,,,,,,,,,,,,,,,,,,,,,,,,,,,,,,,,,,,,,,,,,,,,,,,,,,,,
9258329,Agu Chidinma,MIDDLE TENNESSEE,f,1:35.31,,,,,,,,,,,,,,,,23.58 (2.5),,51.88,,,,,,,,,,,,,,,,,,,,,,,,,,,,,,,,,,,,,,,,,,,,,,,,,,,,,,,,,,,,,,,,,,,,,,,,,,,,,,,,,,,,,,,,,,,,,,,,,,,,,,,,,,,,,,,,,
9249538,Eve Divinity,LOUISVILLE,f,,,,,,,,,,,,,,,7.70,11.78 (0.7),23.43 (2.0),,,,"6.61m (2.9) 21' 8.25""",,,,,,,,,,,,,,,,,,,,,,,,,,,,,,,,,,,,,,,,,,,,,,,,,,,,,,,,,,,,,,,,,,,,,,,,,,,,,,,,,,,,,,,,,,,,,,,,,,,,,,,,,,,,,,,
8707735,Hallena Sutherland,UC IRVINE,f,,,,,,,,,,,,,,,7.46,11.50 (2.7),23.24 (2.8),,,,,,,,,,,,,,,,,,,,,,,,,,,,,,,,,,,,,,,,,,,,,,,,,,,,,,,,,,,,,,,,,,,,,,,,,,,,,,,,,,,,,,,,,,,,,,,,,,,,,,,,,,,,,,,,,,,
9272238,Oluwatomilayo Akintunde,ILLINOIS,f,,,,,,,,,,,,,,,,,,,,,,,,,,,,"16.40m 53' 9.75""",,,,,"37.21m 122' 1""","65.19m 213' 10""","22.18m 72' 9.25""",,,,,,,,,,,,,,,,,,,,,,,,,,,,,,,,,,,,,,,,,,,,,,,,,,,,,,,,,,,,,,,,,,,,,,,,,,,,,,,,,,,,,,,,,,,,,,,,,
9350928,Sarah Ferguson,KENTUCKY,f,,,,,,,,,,,,,,,,,,,,,,,,,,,,,,,"4.27m 14' 0""",,,,,,,,,,,,,,,,,,,,,,,,,,,,,,,,,,,,,,,,,,,,,,,,,,,,,,,,,,,,,,,,,,,,,,,,,,,,,,,,,,,,,,,,,,,,,,,,,,,,,
8710859,Ahmad Muhammad,TEXAS SOUTHERN,m,,,,,,,,,,,,,,,,,,,,,"6.76m (0.9) 22' 2.25""","15.88m 52' 1.25""",,,,,,,,,,,,,,,,,,,,,,,,,,,,,,,,,,,,,,,,,,,,,,,,,,,,,,,,,,,,,,,,,,,,,,,,,,,,,,,,,,,,,,,,,,,,,,,,,,,,,,,,,,,,,,
7975992,Courtney Lawrence,KENNESAW STATE,,,,,,,,,,,,,,,,,,,,,,,,,,,,,"19.57m 64' 2.5""",,,,,"51.56m 169' 2""","48.99m 160' 9""","18.09m 59' 4.25""",,,,,,,,,,,,,,,,,,,,,,,,,,,,,,,,,,,,,,,,,,,,,,,,,,,,,,,,,,,,,,,,,,,,,,,,,,,,,,,,,,,,,,,,,,,,,,,,,
9163539,John Brown,LOUISIANA TECH,m,,,,,,,,,,,,,,,,,21.53 (2.0),35.16,47.96,,,,,,,,,,,,,,,,,,,,,,,,,,,,,,,,,,,,,,,,,,,,,,,,,,,,,,,,,,,,,,,,,,,,,,,,,,,,,,,,,,,,,,,,,,,,,,,,,,,,,,,,,,,,,,,,,
9175547,Anastasiia Kretova,KANSAS STATE,f,,,,,,,,,,,,,,,,,24.58 (1.9),,53.34,,,,,,,,,,,,,,,,,,,,,,,,,,,,,,,,,,,,,,,,,,,,,,,,,,,,,,,,,,,,,,,,,,,,,,,,,,,,,,,,,,,,,,,,,,,,,,,,,,,,,,,,,,,,,,,,,
9253070,Hunter Loesch,MONTANA,m,,,,,,,,,,,,,,,,,,,,"71.27m 233' 10""",,,,,,,,,,,,,,,,,,,,,,,,,,,,,,,,,,,,,,,,,,,,,,,,,,,,,,,,,,,,,,,,,,,,,,,,,,,,,,,,,,,,,,,,,,,,,,,,,,,,,,,,,,,,,,,,
9211203,Jule Lindner,VIRGINIA TECH,f,,2:10.38,4:41.54,,20:21.1,,4:16.52,,9:46.08,,,,9:13.03,,,,,,,,,,,,,,,,,,,,,,,,,,,,,,,,,,,,,,,,,,,,,,,,,,,,,,,,,,,,,,,,,,,,,,,,,,,,,,,,,,,,,,,,,,,,,,,,,,,,,,,,,,,,,,,,,,,,,,,
9257033,Kaylee Daniel,KENTUCKY,f,,,,,,,,,,,,,,,,,,,,,,,,,,,,,,,"4.31m 14' 1.75""",,,,,,,,,,,,,,,,,,,,,,,,,,,,,,,,,,,,,,,,,,,,,,,,,,,,,,,,,,,,,,,,,,,,,,,,,,,,,,,,,,,,,,,,,,,,,,,,,,,,,
8666902,Josh Jones,KENNESAW STATE,m,,,,,,,,,,,,,,,,,21.99 (+0.0),,49.80,,,,,7.92,,51.39,,,,,,14.01 (2.0),,,,,,,,,,,,,,,,,,,,,,,,,,,,,,,,,,,,,,,,,,,,,,,,,,,,,,,,,,,,,,,,,,,,,,,,,,,,,,,,,,,,,,,,,,,,,,,,,,,,
8593002,Hillary Studdert,STANFORD,f,,2:05.25,4:40.98,,21:14.0,,4:17.35,,,,,,9:28.76,,,,,,,,,,,,,,,,,,,,,,,,,,,,,,,,,,,,,,,,,,,,,,,,,,,,,,,,,,,,,,,,,,,,,,,,,,,,,,,,,,,,,,,,,,,,,,,,,,,,,,,,,,,,,,,,,,,,,,,
9012348,Edna Chepkemoi,LSU,f,,,4:48.26,,19:56.8,,4:25.80,15:35.25,10:07.08,,,,9:04.93,9:54.7,,,,,,,,,32:10.75,,,,,,,,,,,,,,,,,,,,,,,,,,,,,,,,,,,,,,,,,,,,,,,,,,,,,,,,,,,,,,,,,,,,,,,,,,,,,,,,,,,,,,,,,,,,,,,,,,,,,,,,,,,,,
8674196,Matt Dematteo,PENN STATE,m,,,,,,,,,,,,,,,7.14,11.25 (-0.7),22.31 (0.5),,48.21,,,,,,,52.17,,,,,,,,,,,,,,,,,,,,,,,,,,,,,,,,,,,,,,,,,,,,,,,,,,,,,,,,,,,,,,,,,,,,,,,,,,,,,,,,,,,,,,,,,,,,,,,,,,,,,,,,,,
9018315,Drew Donley,TEXAS STATE,m,,,,,,,,,,,,,,,6.70,10.22 (1.5),20.39 (0.6),,47.97,,,,,,,,,,,,,,,,,,,,,,,,,,,,,,,,,,,,,,,,,,,,,,,,,,,,,,,,,,,,,,,,,,,,,,,,,,,,,,,,,,,,,,,,,,,,,,,,,,,,,,,,,,,,,,,,,
9173493,Evangeline Marheineke,UCLA,f,,,,,20:46.0,,4:29.70,16:56.87,10:22.93,,,,10:07.63,,,,,,,,,,,,,,,,,,,,,,,,,,,,,,,,,,,,,,,,,,,,,,,,,,,,,,,,,,,,,,,,,,,,,,,,,,,,,,,,,,,,,,,,,,,,,,,,,,,,,,,,,,,,,,,,,,,,,,,
7528279,Sevanna Hanson,TEXAS A&M,,,,,,,,,,,,,,,,,,,,,,,,,,,,,,,,"4.30m 14' 1.25""",,,,,,,,,,,,,,,,,,,,,,,,,,,,,,,,,,,,,,,,,,,,,,,,,,,,,,,,,,,,,,,,,,,,,,,,,,,,,,,,,,,,,,,,,,,,,,,,,,,,,
8318611,Trey Bartholomew,OKLAHOMA,m,,,,,,,,,,,,,,,,,22.78 (0.6),,,,"5.73m (+0.0) 18' 9.75""",,,,,,"2.21m 7' 3""",,,,,,,,,,,,,,,,,,,,,,,,,,,,,,,,,,,,,,,,,,,,,,,,,,,,,,,,,,,,,,,,,,,,,,,,,,,,,,,,,,,,,,,,,,,,,,,,,,,,,,,,,
7494122,Mara Haeusler,MISSOURI,,,,,,,,,,,,,,,,8.07,,,,,,,"13.56m (0.6) 44' 6""",,,,,,,,,,,,,,,,,,,,,,,,,,,,,,,,,,,,,,,,,,,,,,,,,,,,,,,,,,,,,,,,,,,,,,,,,,,,,,,,,,,,,,,,,,,,,,,,,,,,,,,,,,,,,,
7735951,Laura Pellicoro,PORTLAND,,1:31.56,2:00.84,4:25.60,,,,4:10.49,,,,,2:37.04,8:53.32,,,,,,57.77,,,,,,,,,,,,,,,,,,,,,,,,,,,,,,,,,,,,,,,,,,,,,,,,,,,,,,,,,,,,,,,,,,,,,,,,,,,,,,,,,,,,,,,,,,,,,,,,,,,,,,,,,,,,,,,,,
9267201,Mac Lamkin,UC SANTA BARBARA,m,,,,,,,,,,,,,,,,11.17 (0.2),22.14 (0.1),,,,,,,,,50.97,,,,,,14.61 (1.1),,,,,,,,,,,,,,,,,,,,,,,,,,,,,,,,,,,,,,,,,,,,,,,,,,,,,,,,,,,,,,,,,,,,,,,,,,,,,,,,,,,,,,,,,,,,,,,,,,,,
9022480,Leah Taylor,FLORIDA STATE,f,,2:04.67,4:43.42,16:28.0,20:13.9,,4:18.52,16:17.53,10:07.45,,,,9:17.86,,,,,,,,,,,,,,,,,,,,,,,,,,,,,,,,,,,,,,,,,,,,,,,,,,,,,,,,,,,,,,,,,,,,,,,,,,,,,,,,,,,,,,,,,,,,,,,,,,,,,,,,,,,,,,,,,,,,,,,
8316988,John Rutledge,TEXAS,m,,,,,,,,,,,,,,,6.75,10.28 (3.7),20.28 (1.4),33.33,46.44,,,,,,,,,,,,,,,,,,,,,,,,,,,,,,,,,,,,,,,,,,,,,,,,,,,,,,,,,,,,,,,,,,,,,,,,,,,,,,,,,,,,,,,,,,,,,,,,,,,,,,,,,,,,,,,,,
7987493,Payton Phillips,KENTUCKY,,,,,,,,,,,,,,,,,,,,,,,,,,,,,,,,"4.42m 14' 6""",,,,,,,,,,,,,,,,,,,,,,,,,,,,,,,,,,,,,,,,,,,,,,,,,,,,,,,,,,,,,,,,,,,,,,,,,,,,,,,,,,,,,,,,,,,,,,,,,,,,,
9040245,Blessing Gideon,PURDUE,f,,,,,,,,,,,,,,,,,,,,,"6.22m (1.8) 20' 5""","13.20m (3.1) 43' 3.75""",,,,,,,,,,,,,,,,,,,,,,,,,,,,,,,,,,,,,,,,,,,,,,,,,,,,,,,,,,,,,,,,,,,,,,,,,,,,,,,,,,,,,,,,,,,,,,,,,,,,,,,,,,,,,,
9277201,Lucas Cano,UT-ARLINGTON,m,,,,,,,,,,,,,,,,,,,,,,,,,,,,"17.31m 56' 9.5""",,,,,"55.96m 183' 7""",,,,,,,,,,,,,,,,,,,,,,,,,,,,,,,,,,,,,,,,,,,,,,,,,,,,,,,,,,,,,,,,,,,,,,,,,,,,,,,,,,,,,,,,,,,,,,,,,,,
9251333,Yashahya Brown,HAMPTON,m,,,,,,,,,,,,,,,,,22.23 (-0.1),,,,,,,7.84,,56.80,,,,,,13.80 (0.5),,,,,,,,,,,,,,,,,,,,,,,,,,,,,,,,,,,,,,,,,,,,,,,,,,,,,,,,,,,,,,,,,,,,,,,,,,,,,,,,,,,,,,,,,,,,,,,,,,,,
8363471,Ke'Asia Hall,LAMAR,f,,,,,,,,,,,,,,,8.09,12.16 (1.3),24.46 (2.8),,1:01.66,,"5.99m (0.3) 19' 8""","12.87m (1.0) 42' 2.75""",,,,,,,,,,,,,,,,,,,,,,,,,,,,,,,,,,,,,,,,,,,,,,,,,,,,,,,,,,,,,,,,,,,,,,,,,,,,,,,,,,,,,,,,,,,,,,,,,,,,,,,,,,,,,,
8235489,Judson Lincoln Iv,VIRGINIA TECH,m,,,,,,,,,,,,,,,6.81,10.68 (-0.2),20.51 (+0.0),32.37,44.55,,,,,,,,,,,,,,,,,,,1:01.22,,,,,,,,,,,,,,,,,,,,,,,,,,,,,,,,,,,,,,,,,,,,,,,,,,,,,,,,,,,,,,,,,,,,,,,,,,,,,,,,,,,,,,,,,,,,,,
8314059,Omari Lewis,AUBURN,m,,,,,,,,,,,,,,,6.58,9.88 (5.1),20.53 (1.0),,,,,,,,,,,,,,,,,,,,,,,,,,,,,,,,,,,,,,,,,,,,,,,,,,,,,,,,,,,,,,,,,,,,,,,,,,,,,,,,,,,,,,,,,,,,,,,,,,,,,,,,,,,,,,,,,,,
7903569,Audrey Dadamio,DUKE,f,,,4:48.96,17:50.1,19:42.3,,4:21.50,15:47.18,,,,,9:23.58,9:59.3,,,,,,,,,33:21.12,,,,,,,,,,,,,,,,,,,,,,,,,,,,,,,,,,,,,,,,,,,,,,,,,,,,,,,,,,,,,,,,,,,,,,,,,,,,,,,,,,,,,,,,,,,,,,,,,,,,,,,,,,,,,
7994600,Favour Ashe,OREGON,,,,,,,,,,,,,,,,6.51,9.79 (3.0),20.59 (5.1),33.82,,,,,,,,,,,,,,,,,,,,,,,,,,,,,,,,,,,,,,,,,,,,,,,,,,,,,,,,,,,,,,,,,,,,,,,,,,,,,,,,,,,,,,,,,,,,,,,,,,,,,,,,,,,,,,,,,,
9293850,Steven Evans-Glynn,LONG BEACH ST.,m,,,,,,,,,,,,,,,,,,,,,"7.83m (2.2) 25' 8.25""",,,,,,"1.99m 6' 6.25""",,,,,,,,,,,,,,,,,,,,,,,,,,,,,,,,,,,,,,,,,,,,,,,,,,,,,,,,,,,,,,,,,,,,,,,,,,,,,,,,,,,,,,,,,,,,,,,,,,,,,,,,,
9272516,Marcus Kennedy,NORTH TEXAS,m,,,,,,,,,,,,,,,,,,,,,,"12.60m 41' 4.25""",,,,,"2.14m 7' 0.25""",,,,,,,,,,,,,,,,,,,,,,,,,,,,,,,,,,,,,,,,,,,,,,,,,,,,,,,,,,,,,,,,,,,,,,,,,,,,,,,,,,,,,,,,,,,,,,,,,,,,,,,,,
9343083,Isabelle Cruickshank,MEMPHIS,f,,,,,,,,,,,,,,,,,,,,"51.41m 168' 8""",,,,,,,,,,,,,,,,,,,,,,,,,,,,,,,,,,,,,,,,,,,,,,,,,,,,,,,,,,,,,,,,,,,,,,,,,,,,,,,,,,,,,,,,,,,,,,,,,,,,,,,,,,,,,,,,
8680440,Camden Bentley,KENTUCKY,f,,,,,,,,,,,,,,,8.13,,24.25 (1.9),,,,,,,8.19,12.93 (1.0),,,,,,,,,,,,,,,,,,,,,,,,,,,,,,,,,,,,,,,,,,,,,,,,,,,,,,,,,,,,,,,,,,,,,,,,,,,,,,,,,,,,,,,,,,,,,,,,,,,,,,,,,,,
7888812,Carmen Alder,BYU,f,,2:05.92,4:29.49,16:24.0,19:30.5,15:37.0,4:07.29,15:51.98,,,,2:47.49,9:02.56,,,,,,,,,,,,,,,,,,,,,,,,,,,,,,,,,,,,,,,,,,,,,,,,,,,,,,,,,,,,18:14.1,,,,,,,,,,,,17:26.3,,,,,,,,,,18:05.8,,,,,,,,,,,,,,,,,,,,,,,,,,,,,,,,,,,,,
8984387,Jonathan Neighbors,SOUTH CAROLINA,m,,,,,,,,,,,,,,,,,,,,"68.42m 224' 6""",,,,,,,,,,,,,,,,,,,,,,,,,,,,,,,,,,,,,,,,,,,,,,,,,,,,,,,,,,,,,,,,,,,,,,,,,,,,,,,,,,,,,,,,,,,,,,,,,,,,,,,,,,,,,,,,
8690913,Jaelyn Reeves-Lile,HOUSTON,m,,,,,,,,,,,,,,,6.70,10.24 (3.2),20.35 (-0.1),34.10,,,,,,,,,,,,,,,,,,,,,,,,,,,,,,,,,,,,,,,,,,,,,,,,,,,,,,,,,,,,,,,,,,,,,,,,,,,,,,,,,,,,,,,,,,,,,,,,,,,,,,,,,,,,,,,,,,
9188930,Cleo Martin-Evans,SMU,f,,,,,,,,,,,,,,,7.77,,,,,,"6.54m (4.3) 21' 5.5""",,,,,,,,,,,,,,,,,,,,,,,,,,,,,,,,,,,,,,,,,,,,,,,,,,,,,,,,,,,,,,,,,,,,,,,,,,,,,,,,,,,,,,,,,,,,,,,,,,,,,,,,,,,,,,,
8713721,Courtney Lawrence,CLEMSON,,,,,,,,,,,,,,,,,,,,,,,,,,,,,"19.92m 65' 4.25""",,,,,,,,,,,,,,,,,,,,,,,,,,,,,,,,,,,,,,,,,,,,,,,,,,,,,,,,,,,,,,,,,,,,,,,,,,,,,,,,,,,,,,,,,,,,,,,,,,,,,,,,
8689118,Alex Shields,MONTANA,m,,,,,,,,,,,,,,,,,,,,,,,,,,,,"18.49m 60' 8""",,,,,"43.37m 142' 3""","50.65m 166' 2""","14.93m 48' 11.75""",,,,,,,,,,,,,,,,,,,,,,,,,,,,,,,,,,,,,,,,,,,,,,,,,,,,,,,,,,,,,,,,,,,,,,,,,,,,,,,,,,,,,,,,,,,,,,,,,
8894636,Elijah Thomas,N. CAROLINA A&T,m,1:20.01,1:50.21,,,,,,,,,,,,,,,21.73 (0.3),,46.12,,,,,,,,,,,,,,,,,,,,,,1:09.56,,,,,,,,,,,,,,,,,,,,,,,,,,,,,,,,,,,,,,,,,,,,,,,,,,,,,,,,,,,,,,,,,,,,,,,,,,,,,,,,,,,,,,,,,,,
7890608,Che Rochford,ARKANSAS-PINE BLUFF,m,,,,,,,4:35.70,,,,,2:44.61,,,6.92,10.52 (2.2),22.20 (-1.3),35.36,47.96,"52.15m 171' 1""","6.84m (0.9) 22' 5.25""",,,8.46,,,"1.85m 6' 0.75""","14.67m 48' 1.75""",,4936,"3.60m 11' 9.75""",14.88 (1.1),"41.61m 136' 6""",,,7006,,,,,,,,,,,,,,,,,,,,,,,,,,,,,,,,,,,,,,,,,,,,,,,,,,,,,,,,,,,,,,,,,,,,,,,,,,,,,,,,,,,,,,,,,,,,,,,,
7397924,Jackson Sharp,WISCONSIN,,,1:50.87,3:57.45,,18:32.1,,3:40.78,13:25.51,,23:26.4,29:16.8,,7:44.10,,,,,,,,,,,,,,,,,,,,,,,,24:27.0,,,,,,,,,,,,,,,25:08.8,,,,,,,,,,,,,,,,,,,,,,,,,,,,,,,,,,,,,,,,,,,,,,,,,,,,,,,,,,,,,,,,,,,,,,,,,,,,,,,,
8712560,Jason Parrish,WICHITA STATE,m,1:21.68,,,,,,,,,,,,,,6.66,10.04 (6.0),21.01,,47.78,,,,,8.14,,49.16,,,,,,14.25 (4.7),,,,,,,,,1:14.68,,,,,,,,,,,,,,,,,,,,,,,,,,,,,,,,,,,,,,,,,,,,,,,,,,,,,,,,,,,,,,,,,,,,,,,,,,,,,,,,,,,,,,,,,,,
9273491,Jubilee Felder,PURDUE,f,,,,,,,,,,,,,,,,,,,,,,,,,,,"1.77m 5' 9.75""",,,,,,,,,,,,,,,,,,,,,,,,,,,,,,,,,,,,,,,,,,,,,,,,,,,,,,,,,,,,,,,,,,,,,,,,,,,,,,,,,,,,,,,,,,,,,,,,,,,,,,,,,
9261855,Jarno Van Daalen,FLORIDA,m,,,,,,,,,,,,,,,,,,,,,,,,,,,,"20.14m 66' 1""",,,,,"60.64m 198' 11""",,,,,,,,,,,,,,,,,,,,,,,,,,,,,,,,,,,,,,,,,,,,,,,,,,,,,,,,,,,,,,,,,,,,,,,,,,,,,,,,,,,,,,,,,,,,,,,,,,,
7003472,Malik Cunningham,VILLANOVA,,,,,,,,,,,,,,,,,,,,,,"7.09m (1.9) 23' 3.25""","16.17m (1.0) 53' 0.75""",,,,,"1.90m 6' 2.75""",,,,,,,,,,,,,,,,,,,,,,,,,,,,,,,,,,,,,,,,,,,,,,,,,,,,,,,,,,,,,,,,,,,,,,,,,,,,,,,,,,,,,,,,,,,,,,,,,,,,,,,,,
9239378,Jenica Swartz,WASHINGTON,f,,2:03.13,4:33.91,,,,4:13.79,,,,,2:39.88,,,,,,,,,,,,,,,,,,,,,,,,,,,,,,,,,,,,,,,,,,,,,,,,,,,,,,,,,,,,,,,,,,,,,,,,,,,,,,,,,,,,,,,,,,,,,,,,,,,,,,,,,,,,,,,,,,,,,,,,
9079201,Jathiyah Muhammad,SOUTH CAROLINA,f,,,,,,,,,,,,,,,,,,,,,,,,,,,,,,,"4.51m 14' 9.5""",,,,,,,,,,,,,,,,,,,,,,,,,,,,,,,,,,,,,,,,,,,,,,,,,,,,,,,,,,,,,,,,,,,,,,,,,,,,,,,,,,,,,,,,,,,,,,,,,,,,,
8368114,John Leonard,AUBURN,m,,,,,,,,,,,,,,,,,,,,,,,,,,,,,,,,,,"67.79m 222' 5""","22.02m 72' 3""",,,,,,,,,,,,,,,,,,,,,,,,,,,,,,,,,,,,,,,,,,,,,,,,,,,,,,,,,,,,,,,,,,,,,,,,,,,,,,,,,,,,,,,,,,,,,,,,,
9000288,Shatalya Dorsett,GEORGIA SOUTHERN,f,,,,,,,,,,,,,,,7.33,11.18 (1.8),22.91 (0.9),,53.95,,,,,,,,,,,,,,,,,,,,,,,,,,,,,,,,,,,,,,,,,,,,,,,,,,,,,,,,,,,,,,,,,,,,,,,,,,,,,,,,,,,,,,,,,,,,,,,,,,,,,,,,,,,,,,,,,
8237637,Madi Surber,OKLAHOMA STATE,f,1:37.02,2:05.50,4:41.81,,20:48.3,,4:16.00,,10:12.22,,,2:48.53,9:45.53,10:36.6,,,,,,,,,,,,1:01.59,,,,,,,,,,,,,,,,,,,,,,,,,,,,,,,,,,,,,,,,,,,,,,,,,,,,,,,,,,,,,,,,,,,,,,,,,,,,,,,,,,,,,,,,,,,,,,,,,,,,,,,,,,
9198526,Zouhair Redouane,TENNESSEE,m,,,,,,,,13:34.75,,24:23.0,29:29.9,,7:49.12,,,,,,,,,,28:27.95,,,,,,,,,,,,,,,,,,,,,19:18.3,,,,,,,,,,,,,,,,,,,,,,,,,,,,,,,,,,,,,,,,,,,,,,,,,,,,,,,,,,,,,,,,,,,,,,,,,,,,,,,,,,,,,,,,
9247064,Waly Bathily,TEXAS,m,,,,,,,,,,,,,,,7.02,,20.40 (1.7),,45.94,,,,,,,,,,,,,,,,,,,,,,,,,,,,,,,,,,,,,,,,,,,,,,,,,,,,,,,,,,,,,,,,,,,,,,,,,,,,,,,,,,,,,,,,,,,,,,,,,,,,,,,,,,,,,,,,,
8992896,Timeke-Jade Coetzee,NEBRASKA,f,,,,,,,,,,,,,,,7.76,,25.32 (+0.0),,,,"6.08m (0.7) 19' 11.5""","12.07m 39' 7.25""",,,,,,,,,,,,,,,,,,,,,,,,,,,,,,,,,,,,,,,,,,,,,,,,,,,,,,,,,,,,,,,,,,,,,,,,,,,,,,,,,,,,,,,,,,,,,,,,,,,,,,,,,,,,,,
8361335,Javel Fullerton,SOUTHERN MISS.,m,,2:03.54,,,,,,,,,,,,,,,22.07,34.00,47.96,,,,,,,50.36,,,,,,,,,,,,,,,,,,,,,,,,,,,,,,,,,,,,,,,,,,,,,,,,,,,,,,,,,,,,,,,,,,,,,,,,,,,,,,,,,,,,,,,,,,,,,,,,,,,,,,,,,,
9237366,Jermiya Winston,KENNESAW STATE,f,,,,,,,,,,,,,,,,,,,,,"6.05m (3.2) 19' 10.25""","13.03m (1.5) 42' 9""",,,,,,,,,,,,,,,,,,,,,,,,,,,,,,,,,,,,,,,,,,,,,,,,,,,,,,,,,,,,,,,,,,,,,,,,,,,,,,,,,,,,,,,,,,,,,,,,,,,,,,,,,,,,,,
8440603,Rory Devaney,CAL POLY,,,,,,,,,,,,,,,,,,,,,,,,,,,,,,,,,,"57.63m 189' 1""","74.16m 243' 4""","21.75m 71' 4.25""",,,,,,,,,,,,,,,,,,,,,,,,,,,,,,,,,,,,,,,,,,,,,,,,,,,,,,,,,,,,,,,,,,,,,,,,,,,,,,,,,,,,,,,,,,,,,,,,,
8586220,Madison Seiler,KENNESAW STATE,f,,2:16.83,4:54.10,17:06.0,20:17.6,,4:24.32,16:28.28,9:56.87,,,,9:30.86,,,,,,,,,,,,,,,,,,,,,,,,,,,,,,,,,,,,,,,,,,,,,7:05.55,,,,,,,,,,,,,,,,,20:31.7,,,,20:28.4,,,,,,,,,,,,,,,,,,,,,,,,,,,,,,,,,,,,,,,,,,,,,,,,,,,,,
8672432,Kobe Lawrence,OREGON,m,,,,,,,,,,,,,,,,,,,,,,,,,,,,"20.50m 67' 3.25""",,,,,"56.15m 184' 3""",,,,,,,,,,,,,,,,,,,,,,,,,,,,,,,,,,,,,,,,,,,,,,,,,,,,,,,,,,,,,,,,,,,,,,,,,,,,,,,,,,,,,,,,,,,,,,,,,,,
9016281,Kai Barham,CALIFORNIA,m,,,,,,,,,,,,,,,,,,,,,,,,,,,,,,,,,,"63.80m 209' 4""","19.88m 65' 2.75""",,,,,,,,,,,,,,,,,,,,,,,,,,,,,,,,,,,,,,,,,,,,,,,,,,,,,,,,,,,,,,,,,,,,,,,,,,,,,,,,,,,,,,,,,,,,,,,,,
8986908,Tayler Wessely,TARLETON STATE,f,,,,,,,,,,,,,,,,,,,,,,,,,,,,"14.39m 47' 2.5""",,,,,"34.32m 112' 7""","63.25m 207' 6""","19.53m 64' 1""",,,,,,,,,,,,,,,,,,,,,,,,,,,,,,,,,,,,,,,,,,,,,,,,,,,,,,,,,,,,,,,,,,,,,,,,,,,,,,,,,,,,,,,,,,,,,,,,,
9264773,Matt Pluff,SE MISSOURI,m,,,,,,,,,,,,,,,,11.08 (1.6),22.84,,,,"7.23m (1.4) 23' 8.75""",,,,,,"2.14m 7' 0.25""",,,,,,,,,,,,,,,,,,,,,,,,,,,,,,,,,,,,,,,,,,,,,,,,,,,,,,,,,,,,,,,,,,,,,,,,,,,,,,,,,,,,,,,,,,,,,,,,,,,,,,,,,
9007490,Dominic Calhoun,OHIO STATE,m,,,,,,,,,,,,,,,6.68,10.22 (2.5),20.46 (2.9),,,,,,,,,,,,,,,,,,,,,,,,,,,,,,,,,,,,,,,,,,,,,,,,,,,,,,,,,,,,,,,,,,,,,,,,,,,,,,,,,,,,,,,,,,,,,,,,,,,,,,,,,,,,,,,,,,,
9000355,Iyonna Codd,MIAMI (FLA.),f,,,,,,,,,,,,,,,7.56,11.67 (0.6),23.47 (+0.0),39.19,53.17,,,,,,,,,,,,,,,,,,,,,,,,,,,,,,,,,,,,,,,,,,,,,,,,,,,,,,,,,,,,,,,,,,,,,,,,,,,,,,,,,,,,,,,,,,,,,,,,,,,,,,,,,,,,,,,,,
9253050,Hannah Grace,TENNESSEE,f,,,,,,,,,,,,,,,,,,,,,,,,,,,,,,,"4.52m 14' 10""",,,,,,,,,,,,,,,,,,,,,,,,,,,,,,,,,,,,,,,,,,,,,,,,,,,,,,,,,,,,,,,,,,,,,,,,,,,,,,,,,,,,,,,,,,,,,,,,,,,,,
8812786,Woedem Vasmark-Voegborlo,ORAL ROBERTS,m,,,,,,,,,,,,,,,7.26,11.38 (0.2),,,,,"7.43m 24' 4.5""","12.82m (5.1) 42' 0.75""",,,,,"2.12m 6' 11.5""",,,,,,,,,,,,,,,,,,,,,,,,,,,,,,,,,,,,,,,,,,,,,,,,,,,,,,,,,,,,,,,,,,,,,,,,,,,,,,,,,,,,,,,,,,,,,,,,,,,,,,,,,
6527557,Iffy Joyner,CALIFORNIA,,,,,,,,,,,,,,,,,,,,,,,,,,,,,"18.71m 61' 4.75""",,,,,"62.17m 204' 0""",,,,,,,,,,,,,,,,,,,,,,,,,,,,,,,,,,,,,,,,,,,,,,,,,,,,,,,,,,,,,,,,,,,,,,,,,,,,,,,,,,,,,,,,,,,,,,,,,,,
8666922,John Carswell,ARKANSAS STATE,m,,,,,,,,,,,,,,,,,,,,,,,,,,,,,,,"5.28m 17' 3.75""",,,,,,,,,,,,,,,,,,,,,,,,,,,,,,,,,,,,,,,,,,,,,,,,,,,,,,,,,,,,,,,,,,,,,,,,,,,,,,,,,,,,,,,,,,,,,,,,,,,,,
8919752,Sara Morefield,TULSA,f,,,4:53.43,,20:55.4,,4:35.09,16:14.35,10:00.34,,,,9:23.93,11:20.6,,,,,,,,,,,,,,,,,,,,,,,,,,,,,,,,,,,,,,,,,,,,,,,,,,,,,,,,,,,,,,,,,,,,,,,,,,,,,,,,,,,,,,,,,,,,,,,,,,,,,,,,,,,,,,,,,,,,,,
8362094,Kimarlie Stewart,TEXAS TECH,m,,,,,,,,,,,,,,,6.64,10.02 (-3.0),20.33 (3.3),,,,,,,,,,,,,,,,,,,,,,,,,,,,,,,,,,,,,,,,,,,,,,,,,,,,,,,,,,,,,,,,,,,,,,,,,,,,,,,,,,,,,,,,,,,,,,,,,,,,,,,,,,,,,,,,,,,
8327522,Tiriah Kelley,BAYLOR,f,,,,,,,,,,,,,,,7.29,11.06 (1.5),22.19 (1.5),,54.02,,,,,,,,,,,,,,,,,,,,,,,,,,,,,,,,,,,,,,,,,,,,,,,,,,,,,,,,,,,,,,,,,,,,,,,,,,,,,,,,,,,,,,,,,,,,,,,,,,,,,,,,,,,,,,,,,
7491615,Sarah Omoregie,HARVARD,,,,,,,,,,,,,,,,,,,,,,,,,,,,,"17.67m 57' 11.75""",,,,,,,"16.22m 53' 2.75""",,,,,,,,,,,,,,,,,,,,,,,,,,,,,,,,,,,,,,,,,,,,,,,,,,,,,,,,,,,,,,,,,,,,,,,,,,,,,,,,,,,,,,,,,,,,,,,,,
8331419,Paula-Marie Brown,CORNELL,f,,2:29.77,,,,,,,,,,,,,,,25.25 (1.6),,,"33.77m 110' 9""","6.13m (0.4) 20' 1.5""",,,8.60,13.77 (0.7),,"1.75m 5' 8.75""","12.53m 41' 1.5""",4096,5378,,,,,,,,,,,,,,,,,,,,,,,,,,,,,,,,,,,,,,,,,,,,,,,,,,,,,,,,,,,,,,,,,,,,,,,,,,,,,,,,,,,,,,,,,,,,,,,,,,,,,,
9249518,Solomon Kipchoge,WASHINGTON ST.,m,,,,,,,,13:24.30,,,,,8:02.22,,,,,,,,,,28:40.22,,,,,,,,,,,,,,,,,,,,,,,,,,,,,,,,,,,,,,,,,,,,,,,,,,,,,,,,,,,,,,,,,,,,,,,,,,,,,,,,,,,,,,,,,,,,,,,,,,,,,,,,,,,,,
9251578,Joachim Johnson,HARVARD,m,,,,,,,,,,,,,,,,,,,,,,"15.63m (-1.2) 51' 3.5""",,,,,"2.11m 6' 11""",,,,,,,,,,,,,,,,,,,,,,,,,,,,,,,,,,,,,,,,,,,,,,,,,,,,,,,,,,,,,,,,,,,,,,,,,,,,,,,,,,,,,,,,,,,,,,,,,,,,,,,,,
8398788,Alida Van Daalen,FLORIDA,f,,,,,,,,,,,,,,,,,,,,,,,,,,,,"18.66m 61' 2.75""",,,,,"69.31m 227' 5""",,,,,,,,,,,,,,,,,,,,,,,,,,,,,,,,,,,,,,,,,,,,,,,,,,,,,,,,,,,,,,,,,,,,,,,,,,,,,,,,,,,,,,,,,,,,,,,,,,,
9237254,Rianna Floyd,PENN,f,,,,,,,,,,,,,,,,12.09 (-2.5),23.57 (2.5),38.75,53.78,,,,,,,,,,,,,,,,,,,,,,,,,,,,,,,,,,,,,,,,,,,,,,,,,,,,,,,,,,,,,,,,,,,,,,,,,,,,,,,,,,,,,,,,,,,,,,,,,,,,,,,,,,,,,,,,,
8683562,Alexia Smith,PURDUE,f,,,,,,,,,,,,,,,7.66,,23.43 (3.1),38.65,50.51,,,,,,,,,,,,,,,,,,,1:12.06,,,,,,,,,,,,,,,,,,,,,,,,,,,,,,,,,,,,,,,,,,,,,,,,,,,,,,,,,,,,,,,,,,,,,,,,,,,,,,,,,,,,,,,,,,,,,,
9000640,Rushana Dwyer,NORTHWESTERN ST.,f,,2:09.46,,19:52.7,,,4:55.89,,,,,,,,,,23.52 (1.1),,50.81,,,,,,,,,,,,,,,,,,,,,,1:23.74,,,,,,,,,,,,,,,,,,,,,,,,,,,,,,,,,,,,,,,,,,,,,,,,,,,,,,,,,,,,,,,,,,,,,,,,,,,,,,,,,,,,,,,,,,,
8712844,Alla Parnov,MISS STATE,f,,,,,,,,,,,,,,,,,,,,,,,,,,,,,,,"4.25m 13' 11.25""",,,,,,,,,,,,,,,,,,,,,,,,,,,,,,,,,,,,,,,,,,,,,,,,,,,,,,,,,,,,,,,,,,,,,,,,,,,,,,,,,,,,,,,,,,,,,,,,,,,,,
8329029,Greg Foster,PRINCETON,m,,,,,,,,,,,,,,,6.72,10.36 (2.6),21.81,35.26,,,"8.24m 27' 0.5""","15.43m 50' 7.5""",,7.69,,,,,,,,13.78 (0.5),,,,,,,,,,,,,,,,,,,,,,,,,,,,,,,,,,,,,,,,,,,,,,,,,,,,,,,,,,,,,,,,,,,,,,,,,,,,,,,,,,,,,,,,,,,,,,,,,,,,
6576734,Burger Lambrechts Jr.,NEBRASKA,,,,,,,,,,,,,,,,,,,,,,,,,,,,,"20.54m 67' 4.75""",,,,,"57.43m 188' 5""",,"20.65m 67' 9""",,,,,,,,,,,,,,,,,,,,,,,,,,,,,,,,,,,,,,,,,,,,,,,,,,,,,,,,,,,,,,,,,,,,,,,,,,,,,,,,,,,,,,,,,,,,,,,,,
7975662,Chyler Turner,MICHIGAN,f,,,,,,,,,,,,,,,7.63,11.58 (2.7),23.94,39.18,,,,,,8.21,13.36 (-1.2),1:03.12,,,,,,,,,,,,,,,,,,,,,,,,,,,,,,,,,,,,,,,,,,,,,,,,,,,,,,,,,,,,,,,,,,,,,,,,,,,,,,,,,,,,,,,,,,,,,,,,,,,,,,,,,,
7004006,Veronica Fraley,VANDERBILT,,,,,,,,,,,,,,,,,,,,,,,,,,,,,"18.29m 60' 0.25""",,,,,"63.66m 208' 10""","51.74m 169' 9""","15.78m 51' 9.25""",,,,,,,,,,,,,,,,,,,,,,,,,,,,,,,,,,,,,,,,,,,,,,,,,,,,,,,,,,,,,,,,,,,,,,,,,,,,,,,,,,,,,,,,,,,,,,,,,
9293574,Jelani Watkins,ARKANSAS,m,,,,,,,,,,,,,,,6.46,9.82 (2.8),19.87 (0.5),,,,,,,,,,,,,,,,,,,,,,,,,,,,,,,,,,,,,,,,,,,,,,,,,,,,,,,,,,,,,,,,,,,,,,,,,,,,,,,,,,,,,,,,,,,,,,,,,,,,,,,,,,,,,,,,,,,
9249261,Tarrianna Jackson,ALABAMA STATE,f,,,,,,,,,,,,,,,7.46,11.65 (1.4),23.71 (0.6),,,,,,,,,,,,,,,,,,,,,,,,,,,,,,,,,,,,,,,,,,,,,,,,,,,,,,,,,,,,,,,,,,,,,,,,,,,,,,,,,,,,,,,,,,,,,,,,,,,,,,,,,,,,,,,,,,,
6135492,Annina Brandenburg,ABILENE CHRISTIAN,,,,,,,,,,,,,,,,,,,,,"48.70m 159' 9""",,,,,,,,"17.30m 56' 9.25""",,,,,"58.29m 191' 3""",,,,,,,,,,,,,,,,,,,,,,,,,,,,,,,,,,,,,,,,,,,,,,,,,,,,,,,,,,,,,,,,,,,,,,,,,,,,,,,,,,,,,,,,,,,,,,,,,,,
8709971,Kai Chang,FLORIDA,,,,,,,,,,,,,,,,,,,,,,,,,,,,,"19.36m 63' 6.25""",,,,,"61.65m 202' 3""",,,,,,,,,,,,,,,,,,,,,,,,,,,,,,,,,,,,,,,,,,,,,,,,,,,,,,,,,,,,,,,,,,,,,,,,,,,,,,,,,,,,,,,,,,,,,,,,,,,
8987476,Mariah Taylor,EASTERN MICHIGAN,f,,,,,,,,,,,,,,,,,25.58 (-1.4),,,,,"12.92m (1.6) 42' 4.75""",,8.93,14.14 (2.9),,,,,,,,,,,,,,,,,,,,,,,,,,,,,,,,,,,,,,,,,,,,,,,,,,,,,,,,,,,,,,,,,,,,,,,,,,,,,,,,,,,,,,,,,,,,,,,,,,,,,,,,,,,
9261208,Hencu Lamberts,NEBRASKA,m,,,,,,,,,,,,,,,,,,,,,,,,,,,,"20.29m 66' 7""",,,,,,,,,,,,,,,,,,,,,,,,,,,,,,,,,,,,,,,,,,,,,,,,,,,,,,,,,,,,,,,,,,,,,,,,,,,,,,,,,,,,,,,,,,,,,,,,,,,,,,,,
8005685,Nikolai Van Huyssteen,GEORGIA,m,,,,,,,,,,,,,,,,,,,,,,,,,,,,,,,"5.60m 18' 4.5""",,,,,,,,,,,,,,,,,,,,,,,,,,,,,,,,,,,,,,,,,,,,,,,,,,,,,,,,,,,,,,,,,,,,,,,,,,,,,,,,,,,,,,,,,,,,,,,,,,,,,
9244845,Alexander Osayemi,ALABAMA,m,1:21.22,,,,,,,,,,,,,,,,,,45.59,,,,,,,51.09,,,,,,,,,,,,,,,,,,,,,,,,,,,,,,,,,,,,,,,,,,,,,,,,,,,,,,,,,,,,,,,,,,,,,,,,,,,,,,,,,,,,,,,,,,,,,,,,,,,,,,,,,,
9251344,Kassidi Watkins,OKLAHOMA,f,,,,,,,,,,,,,,,7.56,,,,,,"6.25m (2.8) 20' 6.25""",,,,13.76 (-0.5),,,,,,,,,,,,,,,,,,,,,,,,,,,,,,,,,,,,,,,,,,,,,,,,,,,,,,,,,,,,,,,,,,,,,,,,,,,,,,,,,,,,,,,,,,,,,,,,,,,,,,,,,,,
8982731,Maeve Stiles,WASHINGTON,f,,,4:51.96,,,,,16:05.43,,,,,9:24.61,,,,,,,,,,33:07.79,,,,,,,,,,,,,,,,,,,,,,,,,,,,,,,,,,,,,,,,,,,,,,,,,,,,,,,,,,,,,,,,,,,,,,,,,,,,,,,,,,,,,,,,,,,,,,,,,,,,,,,,,,,,,
7697360,Cole Sprout,STANFORD,,,1:51.79,3:56.53,,,,3:42.27,13:24.38,,22:32.7,29:07.0,2:25.69,7:42.41,,,,,,,,,,27:42.42,,,,,,,,,,,,,,,,,,,,,,,,,,,,,,,,,,,,,,,,,,,,,,,,,,,,,,,,,,,,,,,,,,,,,,,,,,,,,,,,,,,,,,,,,,,,,,,,,,,,,,,,,,,,,
9240105,Andrew Salvodon,SOUTH CAROLINA,m,,,,,,,,,,,,,,,,,21.83 (-0.4),33.45,45.44,,,,,,,,,,,,,,,,,,,,,,,,,,,,,,,,,,,,,,,,,,,,,,,,,,,,,,,,,,,,,,,,,,,,,,,,,,,,,,,,,,,,,,,,,,,,,,,,,,,,,,,,,,,,,,,,,
7907418,Chase Rose,OLE MISS,m,,1:46.89,4:06.19,,,,3:47.73,,9:04.71,24:37.5,31:55.6,2:22.30,8:23.56,,,,,,,,,,,,,,,,,,,,,,,,,,,,,,,20:59.4,,,,,,,,,,,,,,,,,,,,,,,,,,,,,,,,,,,,,,,,,,,,,,,,,,,,,,,,,,,,,,,,,,,,,,,,,,,,,,,,,,,,,,,,
8978538,Layla Giordano,PRINCETON,f,,,,,,,,,,,,,,,,,,,,,,,,,,,,"15.99m 52' 5.5""",,,,,"59.94m 196' 8""",,,,,,,,,,,,,,,,,,,,,,,,,,,,,,,,,,,,,,,,,,,,,,,,,,,,,,,,,,,,,,,,,,,,,,,,,,,,,,,,,,,,,,,,,,,,,,,,,,,
9262074,Gabrielle Pierre,FLORIDA,f,,,,,,,,,,,,,,,,,,,,,,"13.05m (0.8) 42' 9.75""",,,,,,,,,,,,,,,,,,,,,,,,,,,,,,,,,,,,,,,,,,,,,,,,,,,,,,,,,,,,,,,,,,,,,,,,,,,,,,,,,,,,,,,,,,,,,,,,,,,,,,,,,,,,,,
8255656,Angelina Perez,WAKE FOREST,f,,,4:41.24,16:19.7,19:05.4,,,15:32.20,,,,,9:01.56,,,,,,,,,,32:44.58,,,,,,,,,,,,,,,,,,,,,23:10.0,,,,,,,,,,,,,,,,,,,,,,,,,,,,,,,,,,,,,,,,,,,,,,,,,,,,,,,,,,,,,,,,,,,,,,,,,,,,,,,,,,,,,,,,
8010203,Emma Bacilla,LOUISIANA,f,,,,,,,,,,,,,,,,,,,,"48.04m 157' 7""",,,,,,,,,,,,,,,,,,,,,,,,,,,,,,,,,,,,,,,,,,,,,,,,,,,,,,,,,,,,,,,,,,,,,,,,,,,,,,,,,,,,,,,,,,,,,,,,,,,,,,,,,,,,,,,,
6095928,Amy Phillips,NORTH DAKOTA STATE,,,,,,,,,,,,,,,,,,,,,,,,,,,,,"11.24m 36' 10.5""",,,,,,"68.72m 225' 5""","21.46m 70' 5""",,,,,,,,,,,,,,,,,,,,,,,,,,,,,,,,,,,,,,,,,,,,,,,,,,,,,,,,,,,,,,,,,,,,,,,,,,,,,,,,,,,,,,,,,,,,,,,,,
8357227,Paris Mikinski,ARIZONA,f,,,,,,,,,,,,,,,,,,,,"30.49m 100' 0""","5.17m (0.4) 16' 11.5""",,,,,,"1.87m 6' 1.5""",,,,,,,,,,,,,,,,,,,,,,,,,,,,,,,,,,,,,,,,,,,,,,,,,,,,,,,,,,,,,,,,,,,,,,,,,,,,,,,,,,,,,,,,,,,,,,,,,,,,,,,,,
9244668,Madilyn Todorovich,BAYLOR,f,,2:24.21,,,,,,,,,,,,,,,24.52 (1.8),,,"36.01m 118' 2""","5.60m (1.1) 18' 4.5""",,,8.89,14.17 (2.2),,"1.67m 5' 5.75""","11.10m 36' 5""",3797,5300,,,,,,,,,,,1:25.90,,,,,,,,,,,,,,,,,,,,,,,,,,,,,,,,,,,,,,,,,,,,,,,,,,,,,,,,,,,,,,,,,,,,,,,,,,,,,,,,,,,,,,,,,,,
9239358,Monique Stewart,NORTHERN COLORADO,f,,2:06.07,,,,,,,,,,,,,,,25.11 (1.1),,54.67,,,,,,,,,,,,,,,,,,,,,,,,,,,,,,,,,,,,,,,,,,,,,,,,,,,,,,,,,,,,,,,,,,,,,,,,,,,,,,,,,,,,,,,,,,,,,,,,,,,,,,,,,,,,,,,,,
8319077,Obiora Okeke,NOTRE DAME,m,,,,,,,,,,,,,,,,,,,,,,,,,,,,"20.17m 66' 2.25""",,,,,"57.37m 188' 3""","65.28m 214' 2""","21.50m 70' 6.5""",,,,,,,,,,,,,,,,,,,,,,,,,,,,,,,,,,,,,,,,,,,,,,,,,,,,,,,,,,,,,,,,,,,,,,,,,,,,,,,,,,,,,,,,,,,,,,,,,
8364547,Imani Washington,FLORIDA,f,,,,,,,,,,,,,,,,,,,,,,,,,,,,"14.53m 47' 8""",,,,,,"64.03m 210' 1""","21.03m 69' 0""",,,,,,,,,,,,,,,,,,,,,,,,,,,,,,,,,,,,,,,,,,,,,,,,,,,,,,,,,,,,,,,,,,,,,,,,,,,,,,,,,,,,,,,,,,,,,,,,,
9213619,Mercyline Kirwa,IOWA STATE,f,,,4:37.86,,19:13.7,,,15:09.13,,,,,9:01.10,,,,,,,,,,31:51.89,,,,,,,,,,,,,,,,,,,,,,,,,,,,,,,,,,,,,,,,,,,,,,,,,,,,,,,,,,,,,,,,,,,,,,,,,,,,,,,,,,,,,,,,,,,,,,,,,,,,,,,,,,,,,
9242753,Kapiolani Coleman,UCLA,f,1:33.92,,,,,,,,,,,,,,7.99,,25.48,,54.36,,,,,8.74,14.22 (1.2),57.42,,,,,,,,,,,,,,,,,,,,,,,,,,,,,,,,,,,,,,,,,,,,,,,,,,,,,,,,,,,,,,,,,,,,,,,,,,,,,,,,,,,,,,,,,,,,,,,,,,,,,,,,,,
8714494,Jaiden Reid,LSU,m,,,,,,,,,,,,,,,6.56,10.01 (2.9),19.97 (2.4),,,,,,,,,,,,,,,,,,,,,,,,,,,,,,,,,,,,,,,,,,,,,,,,,,,,,,,,,,,,,,,,,,,,,,,,,,,,,,,,,,,,,,,,,,,,,,,,,,,,,,,,,,,,,,,,,,,
9191398,Alysiana Winston,UNLV,f,,,,,,,,,,,,,,,7.66,11.68 (2.5),24.31 (2.6),,,,,,,,,,,,,,,,,,,,,,,,,,,,,,,,,,,,,,,,,,,,,,,,,,,,,,,,,,,,,,,,,,,,,,,,,,,,,,,,,,,,,,,,,,,,,,,,,,,,,,,,,,,,,,,,,,,
9260788,Dylan Woodruffe,MIAMI (FLA.),m,,,,,,,,,,,,,,,,10.52 (3.0),21.12 (-0.1),,,,,,,,,,,,,,,,,,,,,,,,,,,,,,,,,,,,,,,,,,,,,,,,,,,,,,,,,,,,,,,,,,,,,,,,,,,,,,,,,,,,,,,,,,,,,,,,,,,,,,,,,,,,,,,,,,,
8913867,Li-Mari Dekker,NEW MEXICO,f,,2:06.23,4:42.05,,20:38.0,,4:15.90,16:21.89,,,,,9:18.33,,,,,,,,,,,,,,,,,,,,,,,,,,,,,,,,,,,,,,,,,,,,,,,,,,,,,,,,,,,,,,,,,,,,,,,,,,,,,,,,,,,,,,,,,,,,,,,,,,,,,,,,,,,,,,,,,,,,,,,
7989911,Jackson Rimes,LSU,m,,,,,,,,,,,,,,,,,,,,"71.22m 233' 8""",,,,,,,,,,,,,,,,,,,,,,,,,,,,,,,,,,,,,,,,,,,,,,,,,,,,,,,,,,,,,,,,,,,,,,,,,,,,,,,,,,,,,,,,,,,,,,,,,,,,,,,,,,,,,,,,
6882597,Sadie Sargent,BYU,,,2:06.79,4:33.36,18:28.9,20:19.8,,4:09.65,15:30.63,9:57.11,,,,8:54.12,,,,,,,,,,,,,,,,,,,,,,,,,,,,,,,,,,,,,,,,,,,,,,,,,,,,,,,,,,,,,,,,,,,,,,,,,,,,,,,,,,,,,,,,,,,,,,,,,,,,,,,,,,,,,,,18:23.8,,,,,,,,
8978580,Jacob Nenow,PRINCETON,m,,1:58.67,4:06.00,,,,3:46.20,13:30.26,,,,2:29.71,7:55.55,,,,,,,,,,28:13.65,,,,,,,,,,,,,,,,,,,,,,,,,,,,,,,,,,,,,,,,,,,,,,,,,,,,,,,,,,,,,,,,,,,,,,,,,,,,,,,,,,,,,,,,,,,,,,,,,,,,,,,,,,,,,
8711946,Almond Small,FLORIDA,m,,,,,,,,,,,,,,,6.74,10.10 (4.3),20.29 (3.3),34.74,48.68,,,,,,,,,,,,,,,,,,,,,,,,,,,,,,,,,,,,,,,,,,,,,,,,,,,,,,,,,,,,,,,,,,,,,,,,,,,,,,,,,,,,,,,,,,,,,,,,,,,,,,,,,,,,,,,,,
8625382,Isaac Briggs,WASHINGTON,m,,,4:02.53,,,,3:46.11,14:45.04,8:31.75,24:10.6,30:25.9,2:27.42,8:02.02,,,,,,,,,,,,,,,,,,,,,,,,26:29.2,,,,,,,,,,,,,,,,,,,,,,,,,,,,,,,,,,,,,,,,,,,,,,,,,,,,,,,,,,,,,,,,,,,,,,,,,,,,,,,,,,,,,,,,26:52.4,,,,,,,
7888832,Ku'Upualili Pili,BYU,f,,,,,,,,,,,,,,,,,,,,,,,,,,,,"15.48m 50' 9.5""",,,,,"46.10m 151' 3""","57.72m 189' 4""","17.26m 56' 7.5""",,,,,,,,,,,,,,,,,,,,,,,,,,,,,,,,,,,,,,,,,,,,,,,,,,,,,,,,,,,,,,,,,,,,,,,,,,,,,,,,,,,,,,,,,,,,,,,,,
9242883,Diandrenique Gaines,FLORIDA A&M,f,,,,,,,,,,,,,,,7.36,11.15 (1.6),22.72 (1.0),,56.04,,,,,,,,,,,,,,,,,,,,,,,,,,,,,,,,,,,,,,,,,,,,,,,,,,,,,,,,,,,,,,,,,,,,,,,,,,,,,,,,,,,,,,,,,,,,,,,,,,,,,,,,,,,,,,,,,
8986660,Jacelyn Neighbors,OKLAHOMA,f,,,,,,,,,,,,,,,,,,,,,,,,,,,,,,,"4.36m 14' 3.5""",,,,,,,,,,,,,,,,,,,,,,,,,,,,,,,,,,,,,,,,,,,,,,,,,,,,,,,,,,,,,,,,,,,,,,,,,,,,,,,,,,,,,,,,,,,,,,,,,,,,,
8609652,Mohamed Kowa,TCU,m,,1:45.84,4:06.27,15:49.8,18:33.4,,3:42.61,,,23:20.2,31:05.1,2:23.22,8:17.39,,,,,,,,,,,,,,,,,,,,,,,,,,,,1:12.66,,,19:11.4,,,,,,,,,1:07:26.7,,,,,,,,,,,,,,,,,,,,,,,,,,,,,,,,,,,,,,,,,,,,,,,,,,,,,,,,,,,,,,,,,,,,,,,,,,,,,,,
8330930,Enyinnaya Nwagwu,ILLINOIS STATE,m,,,,,,,,,,,,,,,6.78,10.30 (3.6),20.60 (5.2),34.88,46.82,,,,,,,,,,,,,,,,,,,,,,,,,,,,,,,,,,,,,,,,,,,,,,,,,,,,,,,,,,,,,,,,,,,,,,,,,,,,,,,,,,,,,,,,,,,,,,,,,,,,,,,,,,,,,,,,,
9295048,Mouhameth Fall,HOUSTON,m,,,,,,,,,,,,,,,,11.35 (4.3),,,,,"7.15m (2.1) 23' 5.5""","15.93m (2.3) 52' 3.25""",,,,,,,,,,,,,,,,,,,,,,,,,,,,,,,,,,,,,,,,,,,,,,,,,,,,,,,,,,,,,,,,,,,,,,,,,,,,,,,,,,,,,,,,,,,,,,,,,,,,,,,,,,,,,,
8702686,Chin-Loy Raymond,CHARLOTTE,f,,,,,,,,,,,,,,,,,,,,,,,,,,,,"15.91m 52' 2.5""",,,,,"41.12m 134' 11""","49.25m 161' 7""","17.60m 57' 9""",,,,,,,,,,,,,,,,,,,,,,,,,,,,,,,,,,,,,,,,,,,,,,,,,,,,,,,,,,,,,,,,,,,,,,,,,,,,,,,,,,,,,,,,,,,,,,,,,
7744832,Braden Presser,NAVY,,,,,,,,,,,,,,,,,,,,,"76.00m 249' 4""",,,,,,,,,,,,,,,,,,,,,,,,,,,,,,,,,,,,,,,,,,,,,,,,,,,,,,,,,,,,,,,,,,,,,,,,,,,,,,,,,,,,,,,,,,,,,,,,,,,,,,,,,,,,,,,,
8048754,Miles Bennett,UC SAN DIEGO,m,,,,,,,,,,,,,,,,,,,,,"6.69m (+0.0) 21' 11.5""","13.55m (1.5) 44' 5.5""",,,,,"2.16m 7' 1""",,,,,,,,,,,,,,,,,,,,,,,,,,,,,,,,,,,,,,,,,,,,,,,,,,,,,,,,,,,,,,,,,,,,,,,,,,,,,,,,,,,,,,,,,,,,,,,,,,,,,,,,,
7977921,Till Steinforth,NEBRASKA,,,,,,,,4:42.99,,,,,2:42.84,,,6.77,10.65 (1.4),21.64,,47.96,"56.02m 183' 9""","7.99m 26' 2.75""",,,7.79,,,"2.03m 6' 7.75""","15.28m 50' 1.75""",,6255,"5.22m 17' 1.5""",13.95 (1.4),"43.13m 141' 6""",,,8265,,,,,,,,,,,,,,,,,,,,,,,,,,,,,,,,,,,,,,,,,,,,,,,,,,,,,,,,,,,,,,,,,,,,,,,,,,,,,,,,,,,,,,,,,,,,,,,,
9283309,Egor Kniazev,ARKANSAS STATE,m,,,,,,,,,,,,,,,,,,,,,,,,,,,,,,,,,,"62.90m 206' 4""","18.28m 59' 11.75""",,,,,,,,,,,,,,,,,,,,,,,,,,,,,,,,,,,,,,,,,,,,,,,,,,,,,,,,,,,,,,,,,,,,,,,,,,,,,,,,,,,,,,,,,,,,,,,,,
9188510,Mena Scatchard,STANFORD,f,,2:00.50,,,19:28.2,,4:09.17,,,,,,9:28.77,,,,,,,,,,,,,,,,,,,,,,,,,,,,,,,,,,,,,,,,,,,,,,,,,,,,,,,,,,,,,,,,,,,,,,,,,,,,,,,,,,,,,,,,,,,,,,,,,,,,,,,,,,,,,,,,,,,,,,,
7973962,Koryee Wyatt,OKLAHOMA,m,,,,,,,,,,,,,,,6.64,10.31 (-0.3),21.10 (3.1),,48.27,,,,,,,,,,,,,,,,,,,,,,,,,,,,,,,,,,,,,,,,,,,,,,,,,,,,,,,,,,,,,,,,,,,,,,,,,,,,,,,,,,,,,,,,,,,,,,,,,,,,,,,,,,,,,,,,,
8357231,Taylen Wise,ARIZONA,f,,,,,,,,,,,,,,,7.66,,24.04 (1.2),,,,"6.23m (1.9) 20' 5.25""","12.81m (+0.0) 42' 0.5""",,8.21,12.95 (2.7),,,,,,,,,,,,,,,,,,,,,,,,,,,,,,,,,,,,,,,,,,,,,,,,,,,,,,,,,,,,,,,,,,,,,,,,,,,,,,,,,,,,,,,,,,,,,,,,,,,,,,,,,,,
7041267,Erna Gunnarsdottir,RICE,,,,,,,,,,,,,,,,,,,,,,,,,,,,,"17.92m 58' 9.5""",,,,,"42.57m 139' 8""",,,,,,,,,,,,,,,,,,,,,,,,,,,,,,,,,,,,,,,,,,,,,,,,,,,,,,,,,,,,,,,,,,,,,,,,,,,,,,,,,,,,,,,,,,,,,,,,,,,
7712194,Lexy Halladay-Lowry,BYU,,,,4:31.89,15:57.5,19:33.4,15:17.0,4:23.03,14:52.93,9:08.68,,,,8:40.60,,,,,,,,,,,,,,,,,,,,,,,,,,,,,,,,,,,,,,,,,,,,,,,,,,,,,,,,,,,,17:24.6,,,,,,,,,,,,17:34.7,,,,,,,,,,,,,,,,,,,,,,,,,,,,,,,,,,,,,,,,,,,,,,,
9010251,Sofia Pineda,NEW MEXICO,f,,,,,,,,,,,,,,,7.64,,24.22,38.59,53.41,,,,,,,,,,,,,,,,,,,,,,,,,,,,,,,,,,,,,,,,,,,,,,,,,,,,,,,,,,,,,,,,,,,,,,,,,,,,,,,,,,,,,,,,,,,,,,,,,,,,,,,,,,,,,,,,,
7499264,Caleb Wilborn,TEXAS TECH,,,,,,,,,,,,,,,,,,,,,,,,,,,,"2.20m 7' 2.5""",,,,,,,,,,,,,,,,,,,,,,,,,,,,,,,,,,,,,,,,,,,,,,,,,,,,,,,,,,,,,,,,,,,,,,,,,,,,,,,,,,,,,,,,,,,,,,,,,,,,,,,,,
8320619,Sophia Mettes,MICHIGAN STATE,f,,,,,,,,,,,,,,,,,,,,,,,,,,,,,,,"4.27m 14' 0""",,,,,,,,,,,,,,,,,,,,,,,,,,,,,,,,,,,,,,,,,,,,,,,,,,,,,,,,,,,,,,,,,,,,,,,,,,,,,,,,,,,,,,,,,,,,,,,,,,,,,
8233707,Kaitlyn Sheppard,BRADLEY,f,,2:07.83,4:40.11,16:34.0,20:27.2,16:11.9,4:15.45,16:15.74,,,,,9:14.04,,,,,,,,,,,,,,,,,,,,,,,,,,,,,,,,,,,,,,,,,,13:08.0,,,,,,,,,,,,,,,,,,,,,,,,,,,,,,,,,,,,,,,,,,,,,,,,,,,,,,,,,,,,,,,,,,,,,,,,,,,,,
7378919,Diego Trevino,OKLAHOMA,,,,,,,,,,,,,,,,,,,,,,,,,,,,,"19.91m 65' 4""",,,,,"47.21m 154' 11""","52.08m 170' 10""","17.02m 55' 10.25""",,,,,,,,,,,,,,,,,,,,,,,,,,,,,,,,,,,,,,,,,,,,,,,,,,,,,,,,,,,,,,,,,,,,,,,,,,,,,,,,,,,,,,,,,,,,,,,,,
7511460,Emma Robbins,OKLAHOMA STATE,,,,,,,,,,,,,,,,,,,,,,,,,,,,,,,,,,,"70.02m 229' 9""","21.65m 71' 0.5""",,,,,,,,,,,,,,,,,,,,,,,,,,,,,,,,,,,,,,,,,,,,,,,,,,,,,,,,,,,,,,,,,,,,,,,,,,,,,,,,,,,,,,,,,,,,,,,,,
7700146,Jack Vincent,OKLAHOMA,m,,1:53.26,4:12.83,15:38.7,18:52.1,,3:50.43,13:59.33,8:46.13,23:57.8,30:37.2,2:27.60,8:04.66,,,,,,,,,,,,,,,,,,,,,,,,,,,,,,,,,,,,,,,,,,,,,,,,,,,,,,,,,,,,,,,,,,,,,,,,,,,,,,,,,,,,,,,,,,,,,,,,,,,,,,,,,,,,,,,,,,,,,,,
8623169,Sam Burgess,HARVARD,m,,,,,,,4:08.02,13:43.27,,23:18.6,29:18.6,,8:01.41,,,,,,,,,,28:46.97,,,,,,,,,,,,,,,,,,,,,,,,,,,,,,,,,,,,,,,,,,,,,,,,,,,,,,,,,,,,,,,,,,,,,,,,,,,,,,,,,,,,,,,,,,,,,,,,,,,,,,,,,,,,,
8111789,Akeel Hanchard,NORTH TEXAS,m,,,,,,,,,,,,,,,,,,,,"68.22m 223' 10""",,,,,,,,,,,,,,,,,,,,,,,,,,,,,,,,,,,,,,,,,,,,,,,,,,,,,,,,,,,,,,,,,,,,,,,,,,,,,,,,,,,,,,,,,,,,,,,,,,,,,,,,,,,,,,,,
9169010,Cynthia Jemutai,ALABAMA,f,,,4:39.30,,19:05.6,,4:15.04,15:50.36,9:39.87,,,,9:03.00,,,,,,,,,,,,,,,,,,,,,,,,,,,,,,,,,,,,,,,,,,,,,,,,,,,,,,,,,,,,,,18:55.4,,,,,,,,,,,,,,,,,,,,,,,,,,,,,,,,,,,,,,,,,,,,,,,,,,,,,,,,,
9255829,Jaden Stewart,BROWN,m,,,,,,,,,,,,,,,,,,,,,"6.64m (1.1) 21' 9.5""","15.39m (-2.2) 50' 6""",,,,,,,,,,,,,,,,,,,,,,,,,,,,,,,,,,,,,,,,,,,,,,,,,,,,,,,,,,,,,,,,,,,,,,,,,,,,,,,,,,,,,,,,,,,,,,,,,,,,,,,,,,,,,,
8716145,Ambria Langley,LSU,f,,,,,,,,,,,,,,,,,,,,,,,,,,,,"15.31m 50' 2.75""",,,,,"54.82m 179' 10""","43.18m 141' 8""","14.14m 46' 4.75""",,,,,,,,,,,,,,,,,,,,,,,,,,,,,,,,,,,,,,,,,,,,,,,,,,,,,,,,,,,,,,,,,,,,,,,,,,,,,,,,,,,,,,,,,,,,,,,,,
9189614,Josphine Mwaura,ARKANSAS,f,,,4:44.00,16:23.0,20:01.6,,4:19.40,16:29.75,,,,,9:30.98,,,,,,,,,,32:58.71,,,,,,,,,,,,,,,,,,,,,,,,,,,,,,,,,,,,,,,,,,,,,,,,,,,,,,,,,,,,,,,,,,,,,,,,,,,,,,,,,,,,,,,,,,,,,,,,,,,,,,,,,,,,,
8674231,Aliseonna Garnett,INDIANA STATE,f,,,,,,,,,,,,,,,,,,,,,,,,,,,,"16.32m 53' 6.5""",,,,,"53.71m 176' 2""","57.51m 188' 8""","19.67m 64' 6.5""",,,,,,,,,,,,,,,,,,,,,,,,,,,,,,,,,,,,,,,,,,,,,,,,,,,,,,,,,,,,,,,,,,,,,,,,,,,,,,,,,,,,,,,,,,,,,,,,,
9247394,Evans Tanui,ARIZONA,m,,,3:59.39,,,,3:43.62,13:31.67,,,,,8:01.61,,,,,,,,,,29:43.27,,,,,,,,,,,,,,,,,,,,,,,,,,,,,,,,,,,,,,,,,,,,,,,,,,,,,,,,,,,,,,,,,,,,,,,,,,,,,,,,,,,,,,,,,,,,,,,,,,,,,,,,,,,,,
8594899,Laban Kipkemboi,OKLAHOMA STATE,m,,1:48.54,3:53.29,,,,3:40.09,,8:34.42,22:58.0,29:06.3,,7:59.29,,,,,,,,,,,,,,,,,,,,,,,,,,,,,,,,,,,,,,,,,,,,,,,,,,,,,,,,,,,,,,,,,,,,,,,,,,,,,,,,,,,,,,,,,,,,,,,,,,,,,,,,,,,,,,,,,,,,,,,
7989907,John Meyer,LSU,,,,,,,,,,,,,,,,,,,,,,,,,,,,,"20.50m 67' 3.25""",,,,,"53.70m 176' 2""",,"16.37m 53' 8.5""",,,,,,,,,,,,,,,,,,,,,,,,,,,,,,,,,,,,,,,,,,,,,,,,,,,,,,,,,,,,,,,,,,,,,,,,,,,,,,,,,,,,,,,,,,,,,,,,,
8019608,Cael Grotenhuis,NORTHERN ARIZONA,,,,,,,,3:50.77,13:31.45,,,,,8:02.81,,,,,,,,,,28:31.64,,,,,,,,,,,,,,,,,,,,,,,,,,,,,,,,,,,,,,,,,,,,,,,,,,,,,,,,,,,,,,,,,,,,,,,,,,,,,,,,,,,,,,,,,,,,,,,,,,,,,,,,,,,,,
9000482,Matilde Ochoa,HOUSTON,f,,,,,,,,,,,,,,,7.39,11.60 (3.8),23.70,,,,,,,,,,,,,,,,,,,,,,,,,,,,,,,,,,,,,,,,,,,,,,,,,,,,,,,,,,,,,,,,,,,,,,,,,,,,,,,,,,,,,,,,,,,,,,,,,,,,,,,,,,,,,,,,,,,
8709875,Chase Lehr,NORTH TEXAS,m,,1:47.35,,,,,3:52.08,,,,,,,,,,,,48.65,,,,,,,,,,,,,,,,,,,,,,,,,,,,,,,,,,,,,,,,,,,,,,,,,,,,,,,,,,,,,,,,,,,,,,,,,,,,,,,,,,,,,,,,,,,,,,,,,,,,,,,,,,,,,,,,,
9261249,Luke Nevitt,NORTHERN IOWA,m,,,,,,,,,,,,,,,6.89,10.46 (1.7),21.20 (1.8),,,,,,,,,,,,,,,,,,,,,,,,,,,,,,,,,,,,,,,,,,,,,,,,,,,,,,,,,,,,,,,,,,,,,,,,,,,,,,,,,,,,,,,,,,,,,,,,,,,,,,,,,,,,,,,,,,,
9014584,Heidi Hudson,ARKANSAS,f,,2:17.86,,,,,,,,,,,,,,,24.36 (2.9),,,,"6.53m 21' 5.25""",,,8.70,,,"1.87m 6' 1.5""","10.55m 34' 7.5""",4260,,,,,,,,,,,,,,,,,,,,,,,,,,,,,,,,,,,,,,,,,,,,,,,,,,,,,,,,,,,,,,,,,,,,,,,,,,,,,,,,,,,,,,,,,,,,,,,,,,,,,,,
9251755,Camryn Merryman,MISS STATE,f,,2:04.49,,,,,,,,,,,,,,,,,54.81,,,,,,,,,,,,,,,,,,,,,,,,,,,,,,,,,,,,,,,,,,,,,,,,,,,,,,,,,,,,,,,,,,,,,,,,,,,,,,,,,,,,,,,,,,,,,,,,,,,,,,,,,,,,,,,,,
8996699,Xai Ricks,GEORGIA,m,,1:48.07,,,,,,,,,,,,,,,21.24 (1.5),,45.43,,,,,,,,,,,,,,,,,,,,,,,,,,,,,,,,,,,,,,,,,,,,,,,,,,,,,,,,,,,,,,,,,,,,,,,,,,,,,,,,,,,,,,,,,,,,,,,,,,,,,,,,,,,,,,,,,
7978154,Ava Roberts,UMBC,f,,,,,,,,,,,,,,,,,,,,,,,,,,,,"16.74m 54' 11.25""",,,,,"54.37m 178' 4""","51.05m 167' 6""","18.01m 59' 1.25""",,,,,,,,,,,,,,,,,,,,,,,,,,,,,,,,,,,,,,,,,,,,,,,,,,,,,,,,,,,,,,,,,,,,,,,,,,,,,,,,,,,,,,,,,,,,,,,,,
8244456,Liam Lyons,HOLY CROSS,m,,1:49.33,3:54.98,14:55.2,,,3:38.38,,,24:06.6,30:28.9,2:19.31,7:59.42,,,,,,,,,,,,,,,,,,,,,,,,,,,,,,,,16:17.3,,,,,,,,,,,,,,,,,,,,19:11.9,,,,,,,,,,,,,,,,,,,,,,,,,,,,,29:45.2,,,,,,,,,,,,,,,,,,,,,,,,,,,,,,,,,,,,,,
8963765,Arndis Oskarsdottir,FIU,f,,,,,,,,,,,,,,,,,,,,"54.99m 180' 5""",,,,,,,,,,,,,,,,,,,,,,,,,,,,,,,,,,,,,,,,,,,,,,,,,,,,,,,,,,,,,,,,,,,,,,,,,,,,,,,,,,,,,,,,,,,,,,,,,,,,,,,,,,,,,,,,
7972559,Sydney Juszczyk,TCU,f,,,,,,,,,,,,,,,,,,,,"50.62m 166' 1""",,,,,,,,,,,,,,,,,,,,,,,,,,,,,,,,,,,,,,,,,,,,,,,,,,,,,,,,,,,,,,,,,,,,,,,,,,,,,,,,,,,,,,,,,,,,,,,,,,,,,,,,,,,,,,,,
8680163,Kylei Anderson,OAKLAND,f,,2:34.05,,,,,,,,,,,,,8.03,13.05 (1.5),25.75 (-1.5),,,"34.98m 114' 9""","5.79m 19' 0""",,,8.55,13.37 (1.8),,"1.68m 5' 6""","12.11m 39' 8.75""",3743,5170,,,,,,,,,,,,,,,,,,,,,,,,,,,,,,,,,,,,,,,,,,,,,,,,,,,,,,,,,,,,,,,,,,,,,,,,,,,,,,,,,,,,,,,,,,,,,,,,,,,,,,
8688553,Landon Bott,UTAH STATE,m,1:19.70,1:45.83,4:10.31,,,,,,,,,2:24.82,,,,,,,48.07,,,,,,,,,,,,,,,,,,,1:03.55,,,,,,,,,,,,,,,,,,,,,,,,,,,,,,,,,,,,,,,,,,,,,,,,,,,,,,,,,,,,,,,,,,,,,,,,,,,,,,,,,,,,,,,,,,,,,,
8709526,Travis Martin,CAL POLY,m,,,,,,,,,,,,,,,,,,,,,,,,,,,,"12.54m 41' 1.75""",,,,,"50.26m 164' 11""","75.62m 248' 1""","19.76m 64' 10""",,,,,,,,,,,,,,,,,,,,,,,,,,,,,,,,,,,,,,,,,,,,,,,,,,,,,,,,,,,,,,,,,,,,,,,,,,,,,,,,,,,,,,,,,,,,,,,,,
9287599,Caitlyn Johnson,CALIFORNIA,f,,,,,,,,,,,,,,,7.59,11.89 (0.1),,,,,"6.21m (0.5) 20' 4.5""","11.72m 38' 5.5""",,,,,,,,,,,,,,,,,,,,,,,,,,,,,,,,,,,,,,,,,,,,,,,,,,,,,,,,,,,,,,,,,,,,,,,,,,,,,,,,,,,,,,,,,,,,,,,,,,,,,,,,,,,,,,
9273624,Tshephang Dankuru,TEXAS STATE,m,,,,,,,,,,,,,,,,,,,,,,,,8.03,,,"2.22m 7' 3.25""",,,,,,,,,,,,,,,,,,,,,,,,,,,,,,,,,,,,,,,,,,,,,,,,,,,,,,,,,,,,,,,,,,,,,,,,,,,,,,,,,,,,,,,,,,,,,,,,,,,,,,,,,
8328291,Stephen Brown,KANSAS CITY,m,,,,,,,,,,,,,,,6.72,10.27 (6.6),21.15 (4.4),,,,,,,,,,,,,,,,,,,,,,,,,,,,,,,,,,,,,,,,,,,,,,,,,,,,,,,,,,,,,,,,,,,,,,,,,,,,,,,,,,,,,,,,,,,,,,,,,,,,,,,,,,,,,,,,,,,
7544494,Olivia Howell,TEXAS,,1:35.01,2:02.23,4:33.75,16:25.1,19:29.9,,4:09.70,16:12.40,,,,2:46.52,,,,,,,,,,,,,,,,,,,,,,,,,,,,,,,,,,,,,,,,,,,,,,,,,,,,,,,,,,,,,,,,,,,,,,,,,,,,,,,,,,,,,,,,,,,,,,,,,,,,,,,,,,,,,,,,,,,,,,,,
8388321,Honour Finley,KANSAS,f,1:28.06,2:02.15,,,,,,,,,,,,,,,,,53.51,,,,,,,,,,,,,,,,,,,,,,1:20.63,,,,,,,,,,,,,,,,,,,,,,,,,,,,,,,,,,,,,,,,,,,,,,,,,,,,,,,,,,,,,,,,,,,,,,,,,,,,,,,,,,,,,,,,,,,
6987320,Lisa Gunnarsson,LSU,,,,,,,,,,,,,,,,,,,,,,,,,,,,,,,,"4.65m 15' 3""",,,,,,,,,,,,,,,,,,,,,,,,,,,,,,,,,,,,,,,,,,,,,,,,,,,,,,,,,,,,,,,,,,,,,,,,,,,,,,,,,,,,,,,,,,,,,,,,,,,,,
7891097,Sydney Vaught,ARKANSAS,,,,4:33.35,16:03.0,18:59.6,,4:15.33,15:02.52,,,,,8:49.02,10:14.1,,,,,,,,,32:21.37,,,,,,,,,,,,,,,,,,,,,,,,,,,,,,,,,,,,,,,,,,,,,,,,,,,,,,,,,,,,,,,,,,,,,,,,,,,,,,,,,,,,,,,,,,,,,,,,,,,,,,,,,,,,,
8315853,Madeline Rowold,SAINT LOUIS,f,,,,,,,,,,,,,,,,,,,,"49.21m 161' 5""",,,,,,,,"10.22m 33' 6.5""",,,,,,,"8.26m 27' 1.25""",,,,,,,,,,,,,,,,,,,,,,,,,,,,,,,,,,,,,,,,,,,,,,,,,,,,,,,,,,,,,,,,,,,,,,,,,,,,,,,,,,,,,,,,,,,,,,,,,
9252968,Ismaila Sawaneh,TENNESSEE,m,,,,,,,,,,,,,,,,,,,,,,,,,,,,,,,"5.78m 18' 11.5""",,,,,,,,,,,,,,,,,,,,,,,,,,,,,,,,,,,,,,,,,,,,,,,,,,,,,,,,,,,,,,,,,,,,,,,,,,,,,,,,,,,,,,,,,,,,,,,,,,,,,
8973227,Dillon Morlock,MICHIGAN STATE,m,,,,,,,,,,,,,,,,,,,,,,,,,,,,"20.07m 65' 10.25""",,,,,"52.71m 172' 11""","58.36m 191' 6""","18.25m 59' 10.5""",,,,,,,,,,,,,,,,,,,,,,,,,,,,,,,,,,,,,,,,,,,,,,,,,,,,,,,,,,,,,,,,,,,,,,,,,,,,,,,,,,,,,,,,,,,,,,,,,
9002112,Alexia Schofield,ARIZONA STATE,f,,,,,,,,,,,,,,,,,24.08 (1.5),37.03,53.18,,"6.32m 20' 9""",,,,,,,,,,,,,,,,,,,,,,,,,,,,,,,,,,,,,,,,,,,,,,,,,,,,,,,,,,,,,,,,,,,,,,,,,,,,,,,,,,,,,,,,,,,,,,,,,,,,,,,,,,,,,,,
9359545,Jammel Ward,EAST TEXAS A&M,m,,,,,,,,,,,,,,,,,,,,,"7.75m (2.6) 25' 5.25""",,,,,,"1.96m 6' 5""",,,,,,,,,,,,,,,,,,,,,,,,,,,,,,,,,,,,,,,,,,,,,,,,,,,,,,,,,,,,,,,,,,,,,,,,,,,,,,,,,,,,,,,,,,,,,,,,,,,,,,,,,
9278480,Madison Mosby,USC,f,,,,,,,,,,,,,,,,,,,52.58,,,,,,,,,,,,,,,,,,,,,,,,,,,,,,,,,,,,,,,,,,,,,,,,,,,,,,,,,,,,,,,,,,,,,,,,,,,,,,,,,,,,,,,,,,,,,,,,,,,,,,,,,,,,,,,,,
7910774,Nathan Green,WASHINGTON,,,1:46.50,3:50.74,,,,3:34.79,,,22:56.5,29:12.0,2:18.56,7:40.09,,,,,,,,,,,,,,,,,,,,,,,,,,,,,,,,,,,,,,,,,,,,,,,,,,,,,,,,,,,,,,,,,,,,,,,,,,,,,,,,,,,,,,,,,,,,,,,,,,,,,,,,,,,,,,,,,,,,,,,
9230704,Tate Joens,IOWA,m,,,,,,,,,,,,,,,,,,,,,,,,,,,,,,,,,,"67.74m 222' 3""",,,,,,,,,,,,,,,,,,,,,,,,,,,,,,,,,,,,,,,,,,,,,,,,,,,,,,,,,,,,,,,,,,,,,,,,,,,,,,,,,,,,,,,,,,,,,,,,,,
8946539,Collins Kiprotich,NEW MEXICO,m,,,3:58.60,,,,3:39.53,13:25.06,,23:15.7,28:45.7,,7:46.90,,,,,,,,,,,,,,,,,,,,,,,,,,,,,,,,,,,,,,,,,,,,,,,,,,,,,,,,,,,,,,,,,,,,,,,,,,,,,,,,,,,,,,,,,,,,,,,,,,,,,,,,,,,,,,,,,,,,,,,
8712628,Kaelyaah Liburd,FLORIDA STATE,,,,,,,,,,,,,,,,,,24.01 (+0.0),38.89,51.31,,,,,,,,,,,,,,,,,,,,,,,,,,,,,,,,,,,,,,,,,,,,,,,,,,,,,,,,,,,,,,,,,,,,,,,,,,,,,,,,,,,,,,,,,,,,,,,,,,,,,,,,,,,,,,,,,
8625269,Ai'Yana Gray-Williams,HOWARD,f,,,,,,,,,,,,,,,7.41,11.45 (3.6),23.57 (1.2),39.57,58.27,,"17' 0.5"" 5.19m",,,,,,,,,,,,,,,,,,,,,,,,,,7.20,,,,,,,,,,,,,,,,,,,,,,,,,,,,,,,,,,,,,,,,,,,,,,,,,,,,,,,,,,,,,,,,,,,,,,,,,,,,,,,,,,,,,
8972066,Zofia Limbert,PENN,f,,,,,,,,,,,,,,,7.95,,,,,,,,,,,,"1.78m 5' 10""",,,,,,,,,,,,,,,,,,,,,,,,,,,,,,,,,,,,,,,,,,,,,,,,,,,,,,,,,,,,,,,,,,,,,,,,,,,,,,,,,,,,,,,,,,,,,,,,,,,,,,,,,
7892068,Anika Thompson,OREGON,f,,,4:47.37,16:53.9,19:41.6,16:36.6,4:39.68,15:31.93,,,,,9:05.75,,,,,,,,,,32:54.97,,,,,,,,,,,,,,,,,,,,,,,,,,,,,,,,13:29.3,,,,,,,,,,,,,,,,,,,,,,,,,,,,,,,,,,,,,,,,,,,,,,,,,,,,,,,,,,,,,,,,,,,,,,,16:48.5,,,,,,
7915960,Mateo Bianchi,BOSTON COLLEGE,m,,,3:59.83,17:03.1,,,3:42.93,14:19.18,8:39.05,24:06.7,30:36.5,,7:59.67,,,,,,,,,,,,,,,,,,,,,,,,,,,,,,,,,,,,,,,,,,,,,,,,,,,,,,,,,,,,,,,,,,,,,,,,,,,,,,,,,,,,,,,,,,,,,,,,,,,,,,,,,,,,,,,,,,,,,,,
8358310,Samantha Bartz,UC IRVINE,f,,,,,,,,,,,,,,,7.44,11.40 (1.5),23.53 (3.0),,,,,,,,,,,,,,,,,,,,,,,,,,,,,,,,,,,,,,,,,,,,,,,,,,,,,,,,,,,,,,,,,,,,,,,,,,,,,,,,,,,,,,,,,,,,,,,,,,,,,,,,,,,,,,,,,,,
8682109,Davonte Howell,TENNESSEE,m,,,,,,,,,,,,,,,6.49,10.05 (0.6),20.58,,,,,,,,,,,,,,,,,,,,,,,,,,,,,,,,,,,,,,,,,,,,,,,,,,,,,,,,,,,,,,,,,,,,,,,,,,,,,,,,,,,,,,,,,,,,,,,,,,,,,,,,,,,,,,,,,,,
8812840,Joshua Mckee,UTAH STATE,m,,,,,,,,14:06.50,,23:25.4,29:59.8,,8:20.40,,,,,,,,,,28:50.58,,,,,,,,,,,,,,,,,,,,,,,,,,,,,,,,,,,,,,,,,,,,,,,,,,,,,,,,,,,,21:17.1,,,,,,,,,,,,,,,,,,,,,,,,,,,,,,,,,,,,,,,,,,,,,,,,,
9334833,Darrin Campbell,UC IRVINE,m,,,,,,,,,,,,,,,,,,,,"64.24m 210' 9""",,,,,,,,,,,,,,,,,,,,,,,,,,,,,,,,,,,,,,,,,,,,,,,,,,,,,,,,,,,,,,,,,,,,,,,,,,,,,,,,,,,,,,,,,,,,,,,,,,,,,,,,,,,,,,,,
8716539,Grant Ashby,TEXAS A&M,m,,1:47.48,,,,,3:50.25,,,,,2:24.45,,,,,,,,,,,,,,,,,,,,,,,,,,,,,,,,,,,,,,,,,,,,,,,,,,,,,,,,,,,,,,,,,,,,,,,,,,,,,,,,,,,,,,,,,,,,,,,,,,,,,,,,,,,,,,,,,,,,,,,,
8335067,Danarrion Ard,HOUSTON,m,,,,,,,,,,,,,,,6.71,10.14 (2.7),21.02 (2.6),35.98,,,,,,,,,,,,,,,,,,,,,,,,,,,,,,,,,,,,,,,,,,,,,,,,,,,,,,,,,,,,,,,,,,,,,,,,,,,,,,,,,,,,,,,,,,,,,,,,,,,,,,,,,,,,,,,,,,
9360983,Cassandra Rendon,TEXAS STATE,f,,,,,,,,,,,,,,,,,,,,,,,,,,,,,,,,,"52.54m 172' 4""",,,,,,,,,,,,,,,,,,,,,,,,,,,,,,,,,,,,,,,,,,,,,,,,,,,,,,,,,,,,,,,,,,,,,,,,,,,,,,,,,,,,,,,,,,,,,,,,,,,
9273937,Zola N'Douma-Mona,IOWA STATE,f,,2:40.19,,,,,,,,,,,,,,,24.34 (2.6),,,"33.55m 110' 1""","6.15m (2.7) 20' 2.25""",,,8.43,13.35 (0.8),,"1.73m 5' 8""","15.17m 49' 9.25""",3994,5521,,,,,,,,,,,,,,,,,,,,,,,,,,,,,,,,,,,,,,,,,,,,,,,,,,,,,,,,,,,,,,,,,,,,,,,,,,,,,,,,,,,,,,,,,,,,,,,,,,,,,,
7735674,Nathan Crawford-Wallis,PRAIRIE VIEW,,,,,,,,,,,,,,,,,,22.79,,,,"7.47m (1.3) 24' 6.25""","16.10m (0.6) 52' 10""",,8.75,,,"2.06m 6' 9""",,,,,14.75 (2.0),,,,,,,,,,,,,,,,,,,,,,,,,,,,,,,,,,,,,,,,,,,,,,,,,,,,,,,,,,,,,,,,,,,,,,,,,,,,,,,,,,,,,,,,,,,,,,,,,,,,
7700490,Yasin Sado,VIRGINIA,,,1:52.40,3:55.93,,17:44.3,,3:40.67,13:31.87,8:27.13,23:22.3,29:38.8,,7:56.83,,,,,,,,,,,,,,,,,,,,,,,,25:27.2,,,,,,,,,,,,,,,,,,,,,,,,,,,,,,,,,,,,,,,,,,,,,,,,,,,,,,,,,,,,,,,,,,,,,,,,,,,,,,,,,,,,,,,,,,,,,,,
7655614,Devoux Deysel,MIAMI (FLA.),,,,,,,,,,,,,,,,,,,,,"82.35m 270' 2""",,,,,,,,,,,,,,,,,,,,,,,,,,,,,,,,,,,,,,,,,,,,,,,,,,,,,,,,,,,,,,,,,,,,,,,,,,,,,,,,,,,,,,,,,,,,,,,,,,,,,,,,,,,,,,,,
8982863,Xavier Butler,TEXAS,m,,,,,,,,,,,,,,,6.72,10.09 (3.6),20.02 (1.2),35.15,49.05,,,,,,,,,,,,,,,,,,,,,,,,,,,,,,,,,,,,,,,,,,,,,,,,,,,,,,,,,,,,,,,,,,,,,,,,,,,,,,,,,,,,,,,,,,,,,,,,,,,,,,,,,,,,,,,,,
7724966,Jermaisha Arnold,TEXAS A&M,,,,,,,,,,,,,,,,7.72,11.74 (1.8),23.38 (-1.0),36.41,50.33,,,,,,,,,,,,,,,,,,,,,,,,,,,,,,,,,,,,,,,,,,,,,,,,,,,,,,,,,,,,,,,,,,,,,,,,,,,,,,,,,,,,,,,,,,,,,,,,,,,,,,,,,,,,,,,,,
7374015,Laura Taborda,ARKANSAS,,,,4:41.69,16:49.8,20:04.8,,4:19.78,16:07.06,9:35.67,,,,9:19.86,10:24.1,,,,,,,,,,,,,,,,,,,,,,,,,,,,,,,,,,,,,,,,,14:47.0,,,,,,,,,,,,,,,,,,,,,,,,,,,,,,,,,,,,,,,,,,,,,,,,,,,,,,,,,,,,,,,,,,,,,,,,,,,,,
7488009,Britton Wilson,ARKANSAS,,1:25.16,2:02.13,,,,,,,,,,,,,,,24.21 (1.1),38.62,49.13,,,,,,,53.23,,,,,,,,,,,,,,,,,,,,,,,,,,,,,,,,,,,,,,,,,,,,,,,,,,,,,,,,,,,,,,,,,,,,,,,,,,,,,,,,,,,,,,,,,,,,,,,,,,,,,,,,,,
9262275,Gionni Wiltz,ULM,m,,,,,,,,,,,,,,,,,,,,,"7.54m (1.6) 24' 9""",,,,,,"2.16m 7' 1""",,,,,,,,,,,,,,,,,,,,,,,,,,,,,,,,,,,,,,,,,,,,,,,,,,,,,,,,,,,,,,,,,,,,,,,,,,,,,,,,,,,,,,,,,,,,,,,,,,,,,,,,,
8679706,Rose Yeboah,ILLINOIS,f,,,,,,,,,,,,,,,,,,,,,,,,,,,"1.97m 6' 5.5""",,,,,,,,,,,,,,,,,,,,,,,,,,,,,,,,,,,,,,,,,,,,,,,,,,,,,,,,,,,,,,,,,,,,,,,,,,,,,,,,,,,,,,,,,,,,,,,,,,,,,,,,,
9010787,Vance Nilsson,FLORIDA,m,,,,,,,,,,,,,,,,,,,,,,,,7.87,,48.77,,,,,,,,,,,,,,,,,,,,,,,,,,,,,,,,,,,,,,,,,,,,,,,,,,,,,,,,,,,,,,,,,,,,,,,,,,,,,,,,,,,,,,,,,,,,,,,,,,,,,,,,,,
8668117,Tavon Underwood,KANSAS STATE,m,,1:48.30,,,,,,,,,,,,,,,,,45.30,,,,,,,,,,,,,,,,,,,1:01.59,,,1:07.88,,,,,,,,,,,,,,,,,,,,,,,,,,,,,,,,,,,,,,,,,,,,,,,,,,,,,,,,,,,,,,,,,,,,,,,,,,,,,,,,,,,,,,,,,,,
8585461,Wes Shipsey,WAKE FOREST,m,,1:50.61,3:59.68,,18:11.4,,3:40.48,,,24:25.5,,,8:13.84,,,,,,,,,,,,,,,,,,,,,,,,27:04.2,,,,,,,,,,,,,,,,,,,,,,,,,,,,,,,,,,,,,,,,,,,,,,,,,,,,,,,,,,,,,,,,,,,,,,,,,,,,,,,,,,,,,,,,,,,,,,,
8699417,Joshua Crum,SOUTH FLORIDA,m,1:23.34,,,,,,,,,,,,,,,,,,47.44,,,,,,,50.50,,,,,,,,,,,,1:04.89,,,1:12.16,,,,,,,,,,,,,,,,,,,,,,,,,,,,,,,,,,,,,,,,,,,,,,,,,,,,,,,,,,,,,,,,,,,,,,,,,,,,,,,,,,,,,,,,,,,
9238123,Brynn Buelow,CLEMSON,f,1:35.23,,,,,,,,,,,,,,,,,,53.64,,,,,,,,,,,,,,,,,,,,,,,,,,,,,,,,,,,,,,,,,,,,,,,,,,,,,,,,,,,,,,,,,,,,,,,,,,,,,,,,,,,,,,,,,,,,,,,,,,,,,,,,,,,,,,,,,
7540506,Essence Henderson,VIRGINIA TECH,,,,,,,,,,,,,,,,,,,,,,,,,,,,,"17.36m 56' 11.5""",,,,,"58.83m 193' 0""","53.81m 176' 6""",,,,,,,,,,,,,,,,,,,,,,,,,,,,,,,,,,,,,,,,,,,,,,,,,,,,,,,,,,,,,,,,,,,,,,,,,,,,,,,,,,,,,,,,,,,,,,,,,,
7521015,William Gross Iv,FLORIDA,,,,,,,,,,,,,,,,,,,,,,,,,,,,,"14.62m 47' 11.75""",,,,,,"67.52m 221' 6""","20.25m 66' 5.25""",,,,,,,,,,,,,,,,,,,,,,,,,,,,,,,,,,,,,,,,,,,,,,,,,,,,,,,,,,,,,,,,,,,,,,,,,,,,,,,,,,,,,,,,,,,,,,,,,
7993649,Vanessa Mercera,KANSAS STATE,f,1:33.74,2:09.93,,,,,,,,,,,,,7.63,,24.47 (1.5),,51.83,"27.19m 89' 2""","5.85m 19' 2.5""",,,8.36,14.19 (2.2),55.39,"1.81m 5' 11.25""","11.38m 37' 4""",4429,5260,,,,,,,,,,,1:18.01,,,,,,,,,,,,,,,,,,,,,,,,,,,,,,,,,,,,,,,,,,,,,,,,,,,,,,,,,,,,,,,,,,,,,,,,,,,,,,,,,,,,,,,,,,,
7722277,Mayci Taylor,BYU,f,1:28.89,2:08.34,,,,,,,,,,,,,,,24.98 (3.1),,,"36.54m 119' 10""","5.72m 18' 9.25""",,,8.70,14.32 (1.1),56.41,"1.76m 5' 9.25""","10.28m 33' 8.75""",4028,5530,,,,,,,,,,,1:19.39,,,,,,,,,,,,,,,,,,,,,,,,,,,,,,,,,,,,,,,,,,,,,,,,,,,,,,,,,,,,,,,,,,,,,,,,,,,,,,,,,,,,,,,,,,,
8363938,Robert Gregory,FLORIDA,,,,,,,,,,,,,,,,6.65,9.97 (4.4),19.60 (4.8),32.95,,,,,,,,,,,,,,,,,,,,,,,,,,,,,,,,,,,,,,,,,,,,,,,,,,,,,,,,,,,,,,,,,,,,,,,,,,,,,,,,,,,,,,,,,,,,,,,,,,,,,,,,,,,,,,,,,,
8357564,Audrey Jacobs,CALIFORNIA,f,,,,,,,,,,,,,,,,,,,,,,,,,,,,"12.24m 40' 2""",,,,,,"65.22m 214' 0""","18.64m 61' 2""",,,,,,,,,,,,,,,,,,,,,,,,,,,,,,,,,,,,,,,,,,,,,,,,,,,,,,,,,,,,,,,,,,,,,,,,,,,,,,,,,,,,,,,,,,,,,,,,,
8975737,Emma Yoder,INDIANA STATE,f,,,,,,,,,,,,,,,,,,,,,,,,,,,,"13.94m 45' 9""",,,,,"49.82m 163' 5""","61.84m 202' 11""","18.62m 61' 1.25""",,,,,,,,,,,,,,,,,,,,,,,,,,,,,,,,,,,,,,,,,,,,,,,,,,,,,,,,,,,,,,,,,,,,,,,,,,,,,,,,,,,,,,,,,,,,,,,,,
9250538,Elise Eikeland,OKLAHOMA STATE,f,,2:20.15,,,,,,,,,,,,,,,24.08 (1.8),,,"35.87m 117' 8""","6.00m 19' 8.25""",,,8.80,14.10 (3.4),58.55,"1.70m 5' 7""","11.08m 36' 4.25""",4030,5430,,,,,,,,,,,,,,,,,,,,,,,,,,,,,,,,,,,,,,,,,,,,,,,,,,,,,,,,,,,,,,,,,,,,,,,,,,,,,,,,,,,,,,,,,,,,,,,,,,,,,,
9242155,Chizitere Okey Dike,CSU BAKERSFIELD,f,,,,,,,,,,,,,,,7.73,12.02 (1.0),24.71 (2.6),,,,,,,,,,,,,,,,,,,,,,,,,,,,,,,,,,,,,,,,,,,,,,,,,,,,,,,,,,,,,,,,,,,,,,,,,,,,,,,,,,,,,,,,,,,,,,,,,,,,,,,,,,,,,,,,,,,
7713480,Andrew Murray,RICE,m,,,4:05.45,,,,3:44.91,15:05.61,8:47.27,24:29.9,32:33.2,,8:16.17,,,,,,,,,,,,,,,,,,,,,,,,,,,,,,,,,,,,,,,,,,,,,,,,,,,,,,,,,,,,,,,,,,,,,,,,,,,,,,,,,,,,,,,,,,,,,,,,,,,,,,,,,,16:14.7,,,,,,,,20:40.2,,,,,
9251329,Laila Payne,PRINCETON,f,,,,,,,,,,,,,,,7.56,,24.33,,55.20,,,,,8.33,13.47 (-0.3),58.03,,,,,,,,,,,,,,,,,,,,,,,,,,,,,,,,,,,,,,,,,,,,,,,,,,,,,,,,,,,,,,,,,,,,,,,,,,,,,,,,,,,,,,,,,,,,,,,,,,,,,,,,,,
9275699,Caren Kipsirat,UTAH VALLEY,f,,,4:51.56,,,,4:32.07,16:03.46,10:15.28,,,,9:37.62,,,,,,,,,,,,,,,,,,,,,,,,,,,,,,,,,,,,,,,,,,,,,,,,,,,,,,,,,,,,,,,,,,,,,,,,,,,,,,,,,,,,,,,,,,,,,,,,,,,,,,,,,,,,,,,,,,,,,,,
7887354,Bing Hudson,LIPSCOMB,m,,1:54.96,4:08.87,,,,3:52.31,15:08.02,8:49.85,24:31.0,32:59.1,,8:13.29,,,,,,,,,,,,,,,,,,,,,,,,,,,,,,,,,,,,,,,,,,,,,6:03.12,,,,,,,,,,,,,,,,,,,,,,,,,,,,,,,,,,,,,,,,,,,,,,,,,,,,,,,,,,,,,,,,,,,,,,,,,,
8978943,Tj Rowan,DUKE,m,,,,,,,,,,,,,,,,,,,,,,,,,,,,,,,"5.36m 17' 7""",,,,,,,,,,,,,,,,,,,,,,,,,,,,,,,,,,,,,,,,,,,,,,,,,,,,,,,,,,,,,,,,,,,,,,,,,,,,,,,,,,,,,,,,,,,,,,,,,,,,,
9253601,Micah Washington,HOUSTON,m,,,,,,,,,,,,,,,6.76,10.28 (3.7),20.77 (1.8),,,,,,,,,,,,,,,,,,,,,,,,,,,,,,,,,,,,,,,,,,,,,,,,,,,,,,,,,,,,,,,,,,,,,,,,,,,,,,,,,,,,,,,,,,,,,,,,,,,,,,,,,,,,,,,,,,,
7761300,Kristi Perez-Snyman,MISSOURI,,,,,,,,,,,,,,,,,,,,,,,,,,,,"1.90m 6' 2.75""",,,,,,,,,,,,,,,,,,,,,,,,,,,,,,,,,,,,,,,,,,,,,,,,,,,,,,,,,,,,,,,,,,,,,,,,,,,,,,,,,,,,,,,,,,,,,,,,,,,,,,,,,
7496294,Charokee Young,TEXAS A&M,,,2:05.80,,,,,,,,,,,,,,,23.52 (0.2),37.33,49.87,,,,,,,,,,,,,,,,,,,,,,,,,,,,,,,,,,,,,,,,,,,,,,,,,,,,,,,,,,,,,,,,,,,,,,,,,,,,,,,,,,,,,,,,,,,,,,,,,,,,,,,,,,,,,,,,,
6527756,R'Lazon Brumfield,TENNESSEE ST.,,,,,,,,,,,,,,,,7.05,10.76 (5.5),21.36 (1.9),,49.52,,"7.89m (3.4) 25' 10.75""","16.65m (1.2) 54' 7.5""",,,,,,,,,,,,,,,,,,,,,,,,,6.67,,,,,,,,,,,,,,,,,,,,,,,,,,,,,,,,,,,,,,,,,,,,,,,,,,,,,,,,,,,,,,,,,,,,,,,,,,,,,,,,,,,,,
8004016,Katherine Shipp-Davis,CSUN,f,,,,,,,,,,,,,,,,,,,,"29.73m 97' 6""",,,,,,,,"14.91m 48' 11""",,,,,"55.28m 181' 4""","45.41m 149' 0""","16.94m 55' 7""",,,,,,,,,,,,,,,,,,,,,,,,,,,,,,,,,,,,,,,,,,,,,,,,,,,,,,,,,,,,,,,,,,,,,,,,,,,,,,,,,,,,,,,,,,,,,,,,,
8712653,Jordan Turner,FLORIDA STATE,,,,,,,,,,,,,,,,,,,,,,"8.13m (1.1) 26' 8.25""",,,,,,,,,,,,,,,,,,,,,,,,,,,,,,,,,,,,,,,,,,,,,,,,,,,,,,,,,,,,,,,,,,,,,,,,,,,,,,,,,,,,,,,,,,,,,,,,,,,,,,,,,,,,,,,
8588195,Edward Bird,KENTUCKY,m,,1:50.39,3:58.18,,,,3:38.38,13:38.36,,23:07.6,29:35.0,,7:49.99,,,,,,,,,,,,,,,,,,,,,,,,,,,,,,,,,,,,,,,,,,,,,,,,,,,,,,,,,,,,,,,,,,,,,,,24:17.8,,,,,,,,,,,,,,,,,,,,,,,,,,,,,,,,,,,,,,,,,,,,,,,,
7888808,Davin Thompson,BYU,m,,,4:06.09,,,,,13:32.53,8:57.48,22:15.8,29:28.8,,7:57.71,,,,,,,,,,28:23.87,,,,,,,,,,,,,,,,,,,,,,,,,,,,,,,,,,,,,,,,,,,,,,,,,,,,,,,,,,22:08.7,,19:49.0,,,,,,,,,,,,,,,,,,,,,,,,,,,,,,,,,,,,,,,,,,,,,,,,,
8975222,Kendrick Winfield,NORFOLK STATE,m,,,,,,,,,,,,,,,,,20.55 (2.1),34.63,46.05,,,,,,,,,,,,,,,,,,,,,,,,,,,,,,,,,,,,,,,,,,,,,,,,,,,,,,,,,,,,,,,,,,,,,,,,,,,,,,,,,,,,,,,,,,,,,,,,,,,,,,,,,,,,,,,,,
7981048,Jaheem Hayles,SYRACUSE,,,,,,,,,,,,,,,,,,21.23 (0.1),,,,,,,7.61,,,,,,,,13.28 (1.8),,,,,,,,,,,,,,,,,,,,,,,,,,,,,,,,,,,,,,,,,,,,,,,,,,,,,,,,,,,,,,,,,,,,,,,,,,,,,,,,,,,,,,,,,,,,,,,,,,,,
8677962,Kaylyn Brown,ARKANSAS,f,,,,,,,,,,,,,,,,11.39 (5.2),22.57 (3.5),,49.13,,,,,,,,,,,,,,,,,,,,,,,,,,,,,,,,,,,,,,,,,,,,,,,,,,,,,,,,,,,,,,,,,,,,,,,,,,,,,,,,,,,,,,,,,,,,,,,,,,,,,,,,,,,,,,,,,
8680724,Arthur Chitty,SAMFORD,m,,,,,,,,,,,,,,,,,,,,,,,,,,,"2.22m 7' 3.25""",,,,,,,,,,,,,,,,,,,,,,,,,,,,,,,,,,,,,,,,,,,,,,,,,,,,,,,,,,,,,,,,,,,,,,,,,,,,,,,,,,,,,,,,,,,,,,,,,,,,,,,,,
8916022,Nancy Chepleting,LOUISVILLE,f,,,4:44.44,16:50.5,19:55.0,,,15:30.20,,,,,9:11.54,,,,,,,,,,33:13.59,,,,,,,,,,,,,,,,,,,,,,,,,,,,,,,,,,,,,,,,,,,,,,,,,,,,,,,,,,,,,,,,,,,,,,,,,,,,,,,,,,,,,,,,,,,,,,,,,,,,,,,,,,,,,
8341371,Tarik Robinson-O'Hagan,OLE MISS,m,,,,,,,,,,,,,,,,,,,,,,,,,,,,"21.18m 69' 6""",,,,,"52.48m 172' 2""","77.62m 254' 8""","24.35m 79' 10.75""",,,,,,,,,,,,,,,,,,,,,,,,,,,,,,,,,,,,,,,,,,,,,,,,,,,,,,,,,,,,,,,,,,,,,,,,,,,,,,,,,,,,,,,,,,,,,,,,,
7978713,Lyvante Su'Emai,UCLA,,,,,,,,,,,,,,,,,,,,,"36.32m 119' 2""",,,,,,,,"16.07m 52' 8.75""",,,,,"55.69m 182' 8""","63.57m 208' 7""","18.75m 61' 6.25""",,,,,,,,,,,,,,,,,,,,,,,,,,,,,,,,,,,,,,,,,,,,,,,,,,,,,,,,,,,,,,,,,,,,,,,,,,,,,,,,,,,,,,,,,,,,,,,,,
8362411,Dominic Gates,CAL ST. FULLERTON,m,,,,,,,,,,,,,,,6.75,10.23 (2.2),20.68 (0.8),,48.20,,,,,,,,,,,,,,,,,,,,,,,,,,,,,,,,,,,,,,,,,,,,,,,,,,,,,,,,,,,,,,,,,,,,,,,,,,,,,,,,,,,,,,,,,,,,,,,,,,,,,,,,,,,,,,,,,
9249522,Kutoven Stevens,WASHINGTON ST.,m,,,3:59.38,,,,3:44.55,13:46.97,,,,,8:10.35,,,,,,,,,,28:44.67,,,,,,,,,,,,,,,,,,,,,,,,,,,,,,,,,,,,,,,,,,,,,,,,,,,,,,,,,,,,,,,,,,,,,,,,,,,,,,,,,,,,,,,,,,,,,,,,,,,,,,,,,,,,,
7729600,Allon Clay,PENN STATE,m,1:15.47,1:44.63,,,,,3:37.84,,,,,2:17.29,,,,,,,48.75,,,,,,,,,,,,,,,,,,,,,,,,,,,,,,,,,,,,,,,,,,,,,,,,,,,,,,,,,,,,,,,,,,,,,,,,,,,,,,,,,,,,,,,,,,,,,,,,,,,,,,,,,,,,,,,,,
8245050,Abdelhakim Abouzouhir,EASTERN KENTUCKY,,,,4:01.60,,,,3:47.22,13:46.79,8:25.37,23:35.4,29:31.3,,8:03.16,,,,,,,,,,28:44.90,,,,,,,,,,,,,,24:41.4,,,,,,,,,,,,,,,,,,,,,,,,,,,,,,,,,,,,,,,,,,,,,,,,,,,,,,,,,,,,,,,,,,,,,,,,,,,,,,,,,,,,,,,,,,,,,,,
7985725,Tomas Palfrey,OREGON,m,,1:48.38,3:53.86,,,16:16.6,3:37.49,,,,,,7:39.03,,,,,,,,,,,,,,,,,,,,,,,,,,,,,,,,,,,,,,,,,,,,,,,,,,,,,,,,,,,,,,,,,,,,,,,,,,,,,,,,,,,,,,,,,,,,,,,,,,,,,,,,,,,,,,,,,,,,,,,
9267889,Victor Toernstroem,OHIO STATE,m,,,,,,,5:00.57,,,,,2:42.61,,,7.00,10.78 (3.5),21.56 (0.5),34.72,48.46,"50.26m 164' 11""","7.72m (3.2) 25' 4""",,,8.58,,,"1.83m 6' 0""","12.89m 42' 3.5""",,5474,"4.72m 15' 5.75""",15.54 (4.1),"39.29m 128' 11""",,,7223,,,,,,,,,,,,,,,,,,,,,,,,,,,,,,,,,,,,,,,,,,,,,,,,,,,,,,,,,,,,,,,,,,,,,,,,,,,,,,,,,,,,,,,,,,,,,,,,
8678510,Mya Hines,HIGH POINT,f,,2:23.82,,,,,,,,,,,,,,,24.97 (0.1),,58.21,"30.93m 101' 6""","5.86m 19' 2.75""",,,8.99,14.45 (1.9),,"1.79m 5' 10.5""","11.77m 38' 7.5""",3807,5141,,,,,,,,,,,,,,,,,,,,,,,,,,,,,,,,,,,,,,,,,,,,,,,,,,,,,,,,,,,,,,,,,,,,,,,,,,,,,,,,,,,,,,,,,,,,,,,,,,,,,,
7707247,Rachel Vesper,HIGH POINT,,,,,,,,,,,,,,,,,,,,,,,,,,,,,,,,"4.36m 14' 3.5""",,,,,,,,,,,,,,,,,,,,,,,,,,,,,,,,,,,,,,,,,,,,,,,,,,,,,,,,,,,,,,,,,,,,,,,,,,,,,,,,,,,,,,,,,,,,,,,,,,,,,
9251407,Victoria Perrow,UNLV,f,,,,,,,,,,,,,,,,11.06 (4.8),23.67 (0.5),,,,,,,,,,,,,,,,,,,,,,,,,,,,,,,,,,,,,,,,,,,,,,,,,,,,,,,,,,,,,,,,,,,,,,,,,,,,,,,,,,,,,,,,,,,,,,,,,,,,,,,,,,,,,,,,,,,
8326309,Michael Onilogbo,HOUSTON,m,,,,,,,,,,,,,,,6.74,10.26 (3.5),20.54 (0.9),,,,,,,,,,,,,,,,,,,,,,,,,,,,,,,,,,,,,,,,,,,,,,,,,,,,,,,,,,,,,,,,,,,,,,,,,,,,,,,,,,,,,,,,,,,,,,,,,,,,,,,,,,,,,,,,,,,
8982072,Olamide Ayeni,DELAWARE,f,,,,,,,,,,,,,,,,,,,,,,,,,,,,"15.08m 49' 5.75""",,,,,"55.10m 180' 9""",,"14.92m 48' 11.5""",,,,,,,,,,,,,,,,,,,,,,,,,,,,,,,,,,,,,,,,,,,,,,,,,,,,,,,,,,,,,,,,,,,,,,,,,,,,,,,,,,,,,,,,,,,,,,,,,
5983045,Jonathan Schwind,LIPSCOMB,,,1:46.40,4:03.61,15:53.8,,,3:41.28,,,25:36.3,34:00.3,2:26.19,,,,,,,48.93,,,,,,,,,,,,,,,,,,,,,,,,,,,,,,,,,,,,,,,,,,,,,,,,,,,,,,,,,,,,,,,,,,,,,,,,,,,,,,,,,,,,,,,,,,,,,,,,,,,,,,,,,,,,,26:39.5,,,,
8669244,Kendall Dorton,UC RIVERSIDE,f,,,,,,,,,,,,,,,7.90,11.83 (1.6),23.92 (1.5),,,,,,,,,,,,,,,,,,,,,,,,,,,,,,,,,,,,,,,,,,,,,,,,,,,,,,,,,,,,,,,,,,,,,,,,,,,,,,,,,,,,,,,,,,,,,,,,,,,,,,,,,,,,,,,,,,,
9001084,King Taylor,HOUSTON,m,,,,,,,,,,,,,,,,,21.63 (3.0),,46.38,,,,,,,,,,,,,,,,,,,,,,,,,,,,,,,,,,,,,,,,,,,,,,,,,,,,,,,,,,,,,,,,,,,,,,,,,,,,,,,,,,,,,,,,,,,,,,,,,,,,,,,,,,,,,,,,,
7718448,Kavia Francis,BAYLOR,,,,,,,,,,,,,,,,,,22.91 (2.0),,51.15,,,,,,,,,,,,,,,,,,,,,,,,,,,,,,,,,,,,,,,,,,,,,,,,,,,,,,,,,,,,,,,,,,,,,,,,,,,,,,,,,,,,,,,,,,,,,,,,,,,,,,,,,,,,,,,,,
8374480,Winny Bii,TEXAS A&M,,,,,,,,,,,,,,,,,,26.35 (1.9),,,,"6.12m 20' 1""","14.01m 45' 11.75""",,,,,,,,,,,,,,,,,,,,,,,,,,,,,,,,,,,,,,,,,,,,,,,,,,,,,,,,,,,,,,,,,,,,,,,,,,,,,,,,,,,,,,,,,,,,,,,,,,,,,,,,,,,,,,
8327518,Jourdin Edwards,KANSAS STATE,f,,,,23:58.5,,,,,,,,,,,,,25.35 (0.4),39.59,55.48,,,,,8.39,13.64 (-0.6),56.73,,,,,,,,,,,,,,,1:22.78,,,,,,,,,,,,,,,,,,,,,,,,,,,,,,,,,,,,,,,,,,,,,,,,,,,,,,,,,,,,,,,,,,,,,,,,,,,,,,,,,,,,,,,,,,,
8694272,Haedyn Bambolo,ARIZONA,f,,,,,,,,,,,,,,,,,,,,,,,,,,,,"16.62m 54' 6.5""",,,,,"46.03m 151' 0""","48.58m 159' 4""","18.19m 59' 8.25""",,,,,,,,,,,,,,,,,,,,,,,,,,,,,,,,,,,,,,,,,,,,,,,,,,,,,,,,,,,,,,,,,,,,,,,,,,,,,,,,,,,,,,,,,,,,,,,,,
9249467,Elena Cooper,STANFORD,f,,,,,,,,,,,,,,,7.86,,24.44 (0.8),,,,"6.16m 20' 2.5""","12.34m 40' 6""",,,,,,,,,,,,,,,,,,,,,,,,,,,,,,,,,,,,,,,,,,,,,,,,,,,,,,,,,,,,,,,,,,,,,,,,,,,,,,,,,,,,,,,,,,,,,,,,,,,,,,,,,,,,,,
7791695,Salif Mane,FDU,,,,,,,,,,,,,,,,6.92,10.73 (4.5),21.73 (2.7),,50.30,,"7.84m 25' 8.75""","17.14m (1.7) 56' 3""",,,,,,,,,,,,,,,,,,,,,,,,,,,,,,,,,,,,,,,,,,,,,,,,,,,,,,,,,,,,,,,,,,,,,,,,,,,,,,,,,,,,,,,,,,,,,,,,,,,,,,,,,,,,,,
8966635,Isabella Johnson,ELON,f,,,,,,,,,,,,,,,,,,,,"37.60m 123' 4""",,,,,,,,"14.41m 47' 3.5""",,,,,"50.58m 165' 11""","61.68m 202' 4""","19.44m 63' 9.5""",,,,,,,,,,,,,,,,,,,,,,,,,,,,,,,,,,,,,,,,,,,,,,,,,,,,,,,,,,,,,,,,,,,,,,,,,,,,,,,,,,,,,,,,,,,,,,,,,
8974521,Jack Inglis,DARTMOUTH,m,,,,,,,5:11.35,,,,,3:00.00,,,7.09,10.97 (3.3),22.93,36.35,49.70,"51.21m 168' 0""","7.20m 23' 7.5""",,,8.44,,56.61,"1.85m 6' 0.75""","12.63m 41' 5.25""",,4904,"4.00m 13' 1.5""",14.99 (0.8),"36.13m 118' 6""",,,6551,,,,,,,,,,,,,,,,,,,,,,,,,,,,,,,,,,,,,,,,,,,,,,,,,,,,,,,,,,,,,,,,,,,,,,,,,,,,,,,,,,,,,,,,,,,,,,,,
9011657,Thomas Canivet,KANSAS STATE,m,,,,,,,,,,,,,,,,,,,48.47,,,,,,,50.04,,,,,,,,,,,,,,,1:13.78,,,,,,,,,,,,,,,,,,,,,,,,,,,,,,,,,,,,,,,,,,,,,,,,,,,,,,,,,,,,,,,,,,,,,,,,,,,,,,,,,,,,,,,,,,,
8994325,Walter Pierce,CSUN,m,,,,,,,,,,,,,,,,,20.99 (1.2),,46.11,,,,,,,,,,,,,,,,,,,,,,,,,,,,,,,,,,,,,,,,,,,,,,,,,,,,,,,,,,,,,,,,,,,,,,,,,,,,,,,,,,,,,,,,,,,,,,,,,,,,,,,,,,,,,,,,,
8714695,Miracle Thompson,HOUSTON,f,,,,,,,,,,,,,,,7.43,11.77 (1.8),24.89 (2.5),,,,,,,8.20,13.22 (5.9),1:07.11,,,,,,,,,,,,,,,,,,,,,,,,,,,,,,,,,,,,,,,,,,,,,,,,,,,,,,,,,,,,,,,,,,,,,,,,,,,,,,,,,,,,,,,,,,,,,,,,,,,,,,,,,,
6550329,Kristie Schoffield,BOISE STATE,,,2:01.09,4:43.43,17:10.7,20:26.1,,4:20.92,,,,,2:48.43,,,,,,,,,,,,,,,,,,,,,,,,,,,,,,,,,,,,,,,,,,,,,,,,,,,,,,,,,,,,,,,,,,,,,,,,,,,,,,,,,,,,,,,,,,,,,,,,,,,,,,,,,,,,,,,,,,,,,,,,
8673560,Arina Razina,NEBRASKA,f,,,,,,,,,,,,,,,,,,,,,,,,,,,"1.60m 5' 3""",,,,"4.33m 14' 2.5""",,,,,,,,,,,,,,,,,,,,,,,,,,,,,,,,,,,,,,,,,,,,,,,,,,,,,,,,,,,,,,,,,,,,,,,,,,,,,,,,,,,,,,,,,,,,,,,,,,,,,
8676762,Hana Moll,WASHINGTON,f,,,,,,,,,,,,,,,,,,,,,,,,,,,,,,,"4.88m 16' 0""",,,,,,,,,,,,,,,,,,,,,,,,,,,,,,,,,,,,,,,,,,,,,,,,,,,,,,,,,,,,,,,,,,,,,,,,,,,,,,,,,,,,,,,,,,,,,,,,,,,,,
8318488,Sullivan Gleason,SE MISSOURI,m,,,,,,,,,,,,,,,,,,,,,,,,,,,,,,,"5.47m 17' 11.25""",,,,,,,,,,,,,,,,,,,,,,,,,,,,,,,,,,,,,,,,,,,,,,,,,,,,,,,,,,,,,,,,,,,,,,,,,,,,,,,,,,,,,,,,,,,,,,,,,,,,,
9239509,Camaria Corder,NORTHERN COLORADO,f,,,,,,,,,,,,,,,7.91,12.34 (1.2),,,,,"5.94m 19' 6""","13.09m (0.5) 42' 11.5""",,,,,,,,,,,,,,,,,,,,,,,,,,,,,,,,,,,,,,,,,,,,,,,,,,,,,,,,,,,,,,,,,,,,,,,,,,,,,,,,,,,,,,,,,,,,,,,,,,,,,,,,,,,,,,
8679028,Jackson Clarke,PRINCETON,m,,,,,,,,,,,,,,,6.69,10.21 (1.3),20.35 (1.2),,,,,,,,,,,,,,,,,,,,,,,,,,,,,,,,,,,,,,,,,,,,,,,,,,,,,,,,,,,,,,,,,,,,,,,,,,,,,,,,,,,,,,,,,,,,,,,,,,,,,,,,,,,,,,,,,,,
9257615,Julie Segroves,AIR FORCE,f,,,,,,,,,,,,,,,,,,,,,,,,,,,,,,,"4.17m 13' 8.25""",,,,,,,,,,,,,,,,,,,,,,,,,,,,,,,,,,,,,,,,,,,,,,,,,,,,,,,,,,,,,,,,,,,,,,,,,,,,,,,,,,,,,,,,,,,,,,,,,,,,,
8244568,Siona Chisholm,NOTRE DAME,f,,,4:40.50,16:12.9,19:32.8,,4:16.94,15:23.37,,,,,9:01.04,,,,,,,,,,33:22.65,,,,,,,,,,,,,,,,,,,,,,,,,,,,,,,,,,,,,,,,,,,,,,,,,,,,,,,,,,,,,,,,,,,,,,,,,,,,,,,,,,,,,,,,,,,,,,,,,,,,,,,,,,,,,
9000800,Micahi Danzy,FLORIDA STATE,m,,,,,,,,,,,,,,,,,,33.34,44.38,,,,,,,,,,,,,,,,,,,,,,,,,,,,,,,,,,,,,,,,,,,,,,,,,,,,,,,,,,,,,,,,,,,,,,,,,,,,,,,,,,,,,,,,,,,,,,,,,,,,,,,,,,,,,,,,,
8584948,A'Reil Williams,LOUISIANA TECH,f,,,,,,,,,,,,,,,8.08,,25.32 (4.4),,,,"6.05m 19' 10.25""",,,,,,"1.78m 5' 10""",,,,,,,,,,,,,,,,,,,,,,,,,,,,,,,,,,,,,,,,,,,,,,,,,,,,,,,,,,,,,,,,,,,,,,,,,,,,,,,,,,,,,,,,,,,,,,,,,,,,,,,,,
8974464,Nikolaos Sidirenios,INDIANA,m,,,,,,,,,,,,,,,,,,,,,,,,,,,,,,,,,,"63.03m 206' 9""","21.00m 68' 10.75""",,,,,,,,,,,,,,,,,,,,,,,,,,,,,,,,,,,,,,,,,,,,,,,,,,,,,,,,,,,,,,,,,,,,,,,,,,,,,,,,,,,,,,,,,,,,,,,,,
9202566,Braden Lofquest,DUKE,m,,1:49.85,,,,,3:39.63,,,,,,,,,,,,,,,,,,,,,,,,,,,,,,,,,,,,,,,,,,,,,,,,12:11.2,,,,,,,,,,,,,,,,,,,,,,,,,,,,,,,,,,,,,,,,,,,,,,,,,,,,,,,,,,,,,,,,,,,,,,,,,,,,,
9273976,Lucas Scott,CAL POLY,m,,,,,,,,,,,,,,,,,,,,"64.89m 212' 11""",,,,,,,,,,,,,,,,,,,,,,,,,,,,,,,,,,,,,,,,,,,,,,,,,,,,,,,,,,,,,,,,,,,,,,,,,,,,,,,,,,,,,,,,,,,,,,,,,,,,,,,,,,,,,,,,
7389432,Elise Thorner,FLORIDA,,1:33.98,2:10.33,4:35.72,16:33.0,19:16.7,,4:14.55,16:28.59,9:28.49,,,,9:17.51,,,,,,,,,,,,,,,,,,,,,,,,,,,,,,,,,,,,,,,,,,,,,,,,,,,,,,,,,,,,,,,,,,,,,,,,,,,,,,,,,,,,,,,,,,,,,,,,,,,,,,,,,,,,,,,,,,,,,,,
8716128,Kuda Chadenga,LSU,m,,,,,,,,,,,,,,,,,,,,,,,,,,,"2.22m 7' 3.25""",,,,,,,,,,,,,,,,,,,,,,,,,,,,,,,,,,,,,,,,,,,,,,,,,,,,,,,,,,,,,,,,,,,,,,,,,,,,,,,,,,,,,,,,,,,,,,,,,,,,,,,,,
7729246,Anna Purchase,CALIFORNIA,,,,,,,,,,,,,,,,,,,,,,,,,,,,,"10.16m 33' 4""",,,,,,"73.02m 239' 7""","18.27m 59' 11.25""",,,,,,,,,,,,,,,,,,,,,,,,,,,,,,,,,,,,,,,,,,,,,,,,,,,,,,,,,,,,,,,,,,,,,,,,,,,,,,,,,,,,,,,,,,,,,,,,,
7722959,Jett Kinder,ARIZONA,m,,,,,,,5:06.69,,,,,3:08.26,,,7.19,11.21 (1.2),,,53.21,"70.02m 229' 9""","7.13m (0.3) 23' 4.75""",,,8.92,,,"2.02m 6' 7.5""","14.85m 48' 8.75""",,5247,"4.90m 16' 0.75""",15.79 (2.1),"39.62m 130' 0""",,,7327,,,,,,,,,,,,,,,,,,,,,,,,,,,,,,,,,,,,,,,,,,,,,,,,,,,,,,,,,,,,,,,,,,,,,,,,,,,,,,,,,,,,,,,,,,,,,,,,
8987773,Vesna Kljajevic,QUEENS (N.C.),f,,,,,,,,,,,,,,,,,,,,"35.89m 117' 9""",,,,,,,,"15.57m 51' 1""",,,,,"33.68m 110' 6""","39.21m 128' 8""","14.18m 46' 6.25""",,,,,,,,,,,,,,,,,,,,,,,,,,,,,,,,,,,,,,,,,,,,,,,,,,,,,,,,,,,,,,,,,,,,,,,,,,,,,,,,,,,,,,,,,,,,,,,,,
8611976,Alencia Lentz,BAYLOR,f,,,,,,,,,,,,,,,,,,,,,,,,,,,,,,,"4.50m 14' 9""",,,,,,,,,,,,,,,,,,,,,,,,,,,,,,,,,,,,,,,,,,,,,,,,,,,,,,,,,,,,,,,,,,,,,,,,,,,,,,,,,,,,,,,,,,,,,,,,,,,,,
8674460,Naomi Eyanagho,KANSAS CITY,f,,2:40.49,,,,,,,,,,,,,,13.20 (1.9),26.88 (2.1),,1:06.19,"26.82m 88' 0""","5.22m (2.0) 17' 1.5""","10.13m (2.7) 33' 3""",,9.18,14.92 (3.5),,"1.49m 4' 10.5""","15.74m 51' 7.75""",3100,4167,,,"39.90m 130' 11""",,,,,,,,1:46.94,,,,,,,,,,,,,,,,,,,,,,,,,,,,,,,,,,,,,,,,,,,,,,,,,,,,,,,,,,,,,,,,,,,,,,,,,,,,,,,,,,,,,,,,,,,
9249471,Julia Lemmon,STANFORD,f,,,,,,,,,,,,,,,,,,,,,,,,,,,,"15.42m 50' 7.25""",,,,,"51.08m 167' 7""",,,,,,,,,,,,,,,,,,,,,,,,,,,,,,,,,,,,,,,,,,,,,,,,,,,,,,,,,,,,,,,,,,,,,,,,,,,,,,,,,,,,,,,,,,,,,,,,,,,
8977032,Falyn Lott,USC,f,,2:19.48,,,,,,,,,,,,,,,25.27 (0.7),,,"23.89m 78' 4""","6.23m (0.6) 20' 5.25""",,,8.64,14.06 (-0.5),57.56,"1.74m 5' 8.5""","10.41m 34' 2""",3897,5142,,,,,,,,,,,,,,,,,,,,,,,,,,,,,,,,,,,,,,,,,,,,,,,,,,,,,,,,,,,,,,,,,,,,,,,,,,,,,,,,,,,,,,,,,,,,,,,,,,,,,,
8320361,Sloan Cox,INDIANA STATE,m,,,,,,,,,,,,,,,,,,,,,,,,,,,,"18.62m 61' 1.25""",,,,,"41.20m 135' 2""","164' 4"" 50.08m","16.51m 54' 2""",,,,,,,,,,,,,,,,,,,,,,,,,,,,,,,,,,,,,,,,,,,,,,,,,,,,,,,,,,,,,,,,,,,,,,,,,,,,,,,,,,,,,,,,,,,,,,,,,
9012344,Nasya Williams,LSU,f,,,,,,,,,,,,,,,7.56,11.66 (2.8),23.09 (3.5),37.83,52.86,,,,,,,,,,,,,,,,,,,1:17.89,,,,,,,,,,,,,,,,,,,,,,,,,,,,,,,,,,,,,,,,,,,,,,,,,,,,,,,,,,,,,,,,,,,,,,,,,,,,,,,,,,,,,,,,,,,,,,
9282125,Becca Heitzig,ILLINOIS STATE,f,,2:05.83,4:42.55,,,,4:14.76,,10:32.87,,,2:46.58,,,,,,,,,,,,,,,,,,,,,,,,,,,,,,,,,,,,,,,,,,,,,,,,,,,,,,,,,,,,,,,,,,,,,,,,,,,,,,,,,,,,,,,,,,,,,,,,,,,,,,,,,,,,,,,,,,,,,,,,
8320731,Cooper Cerese,DRAKE,m,,,,,,,,,,,,,,,,,,,,,,,,,,,,"19.10m 62' 8""",,,,,,"47.25m 155' 0""","14.84m 48' 8.25""",,,,,,,,,,,,,,,,,,,,,,,,,,,,,,,,,,,,,,,,,,,,,,,,,,,,,,,,,,,,,,,,,,,,,,,,,,,,,,,,,,,,,,,,,,,,,,,,,
8235201,Kaila Jackson,GEORGIA,f,,,,,,,,,,,,,,,7.07,10.93 (1.3),22.28 (0.1),,,,,,,,,,,,,,,,,,,,,,,,,,,,,,,,,,,,,,,,,,,,,,,,,,,,,,,,,,,,,,,,,,,,,,,,,,,,,,,,,,,,,,,,,,,,,,,,,,,,,,,,,,,,,,,,,,,
8014391,Javain Johnson,SAM HOUSTON,m,,,,,,,,,,,,,,,6.77,10.34 (4.7),21.81 (0.5),,,,"6.85m (-0.7) 22' 5.75""",,,,,,,,,,,,,,,,,,,,,,,,,,,,,,,,,,,,,,,,,,,,,,,,,,,,,,,,,,,,,,,,,,,,,,,,,,,,,,,,,,,,,,,,,,,,,,,,,,,,,,,,,,,,,,,
8681436,Xzaviah Taylor,N. CAROLINA A&T,m,,,,,,,,,,,,,,,,,20.87 (3.6),34.15,45.61,,,,,8.08,,48.82,,,,,,14.60 (2.2),,,,,,,,,,,,,,,,,,,,,,,,,,,,,,,,,,,,,,,,,,,,,,,,,,,,,,,,,,,,,,,,,,,,,,,,,,,,,,,,,,,,,,,,,,,,,,,,,,,,
8998890,Aaliyah Brown-Muhammad,EAST CAROLINA,f,,,,,,,,,,,,,,,7.54,11.72 (0.5),25.06 (-0.5),,,,,,,8.22,13.19 (3.5),,,,,,,,,,,,,,,,,,,,,,,,,,,,,,,,,,,,,,,,,,,,,,,,,,,,,,,,,,,,,,,,,,,,,,,,,,,,,,,,,,,,,,,,,,,,,,,,,,,,,,,,,,,
8700013,Abdul-Rasheed Saminu,SOUTH FLORIDA,,,,,,,,,,,,,,,,6.53,9.86 (0.6),19.95 (2.4),,47.92,,,,,,,,,,,,,,,,,,,,,,,,,,,,,,,,,,,,,,,,,,,,,,,,,,,,,,,,,,,,,,,,,,,,,,,,,,,,,,,,,,,,,,,,,,,,,,,,,,,,,,,,,,,,,,,,,
9007516,Michaela Mccall,OHIO STATE,f,,,,,,,,,,,,,,,,,24.25 (2.3),39.24,52.70,,,,,,,,,,,,,,,,,,,,,,,,,,,,,,,,,,,,,,,,,,,,,,,,,,,,,,,,,,,,,,,,,,,,,,,,,,,,,,,,,,,,,,,,,,,,,,,,,,,,,,,,,,,,,,,,,
9226486,Andrew Regnier,PENN STATE,m,,1:46.10,,,,,,,,,,2:21.67,,,,,,,,,,,,,,,,,,,,,,,,,,,,,,,,,,,,,,,,,,,,,,,,,,,,,,,,,,,,,,,,,,,,,,,,,,,,,,,,,,,,,,,,,,,,,,,,,,,,,,,,,,,,,,,,,,,,,,,,
8681066,Nigel Steenwinkel,HIGH POINT,m,,,,,,,4:46.98,,,,,2:47.68,,,6.93,10.58 (1.4),,,48.53,"48.03m 157' 7""","6.79m (1.0) 22' 3.5""",,,8.32,,56.64,"1.80m 5' 10.75""","12.42m 40' 9""",,5193,"4.82m 15' 9.75""",14.71 (0.2),"39.87m 130' 10""",,,7261,,,,,,,,,,,,,,,,,,,,,,,,,,,,,,,,,,,,,,,,,,,,,,,,,,,,,,,,,,,,,,,,,,,,,,,,,,,,,,,,,,,,,,,,,,,,,,,,
8591930,Taylor Wade,GEORGIA TECH,m,,,4:03.62,,,,3:44.03,13:40.71,,24:04.6,31:02.3,,8:02.33,,,,,,,,,,29:57.16,,,,,,,,,,,,,,,,,,,,25:20.9,19:45.2,,,,,,,,,,,,,,,,,,,,,,,,,,,,,,,,,,,,,,,,,,,,,,,,,,,,,,,,,,,,,,,,,,,,,,,,,,,,,,,,,,,,,,,,
8693688,Yolanda Nabwe,NORTH DAKOTA STATE,f,,2:38.51,,,,,,,,,,,,,,,25.81 (2.1),,,"46.06m 151' 1""","5.85m (2.2) 19' 2.5""",,,8.71,13.90 (2.4),,"1.67m 5' 5.75""","11.56m 37' 11.25""",3703,5308,,,,,,,,,,,,,,,,,,,,,,,,,,,,,,,,,,,,,,,,,,,,,,,,,,,,,,,,,,,,,,,,,,,,,,,,,,,,,,,,,,,,,,,,,,,,,,,,,,,,,,
9258149,Mustapha Bokpin,MIDDLE TENNESSEE,m,,,,,,,,,,,,,,,6.59,9.94 (0.7),20.11 (2.7),33.59,,,,,,,,,,,,,,,,,,,,,,,,,,,,,,,,,,,,,,,,,,,,,,,,,,,,,,,,,,,,,,,,,,,,,,,,,,,,,,,,,,,,,,,,,,,,,,,,,,,,,,,,,,,,,,,,,,
8995172,Sharvari Parulekar,LOUISVILLE,f,,,,,,,,,,,,,,,,,,,,,"5.81m (3.3) 19' 0.75""","13.46m (4.7) 44' 2""",,,,,,,,,,,,,,,,,,,,,,,,,,,,,,,,,,,,,,,,,,,,,,,,,,,,,,,,,,,,,,,,,,,,,,,,,,,,,,,,,,,,,,,,,,,,,,,,,,,,,,,,,,,,,,
9260435,Nina Garner,BALL STATE,f,,,,,,,,,,,,,,,,,,,,,,,,,,,"1.76m 5' 9.25""",,,,,,,,,,,,,,,,,,,,,,,,,,,,,,,,,,,,,,,,,,,,,,,,,,,,,,,,,,,,,,,,,,,,,,,,,,,,,,,,,,,,,,,,,,,,,,,,,,,,,,,,,
8019720,Amelia Flynt,NEBRASKA,f,,,,,,,,,,,,,,,,,,,,,,,,,,,,"17.16m 56' 3.75""",,,,,"55.95m 183' 7""","45.87m 150' 6""","17.47m 57' 3.75""",,,,,,,,,,,,,,,,,,,,,,,,,,,,,,,,,,,,,,,,,,,,,,,,,,,,,,,,,,,,,,,,,,,,,,,,,,,,,,,,,,,,,,,,,,,,,,,,,
8705138,Gemma Tutton,DUKE,f,,,,,,,,,,,,,,,,,,,,,,,,,,,,,,,"4.52m 14' 10""",,,,,,,,,,,,,,,,,,,,,,,,,,,,,,,,,,,,,,,,,,,,,,,,,,,,,,,,,,,,,,,,,,,,,,,,,,,,,,,,,,,,,,,,,,,,,,,,,,,,,
9268906,Lalie Pouzancre-Hoyer,KANSAS STATE,f,,2:18.14,,,,,,,,,,,,,,,24.14 (4.6),,57.41,"33.69m 110' 6""","6.12m (5.2) 20' 1""",,,8.65,13.88 (1.8),,"1.76m 5' 9.25""","11.17m 36' 7.75""",4015,5581,,,,,,,,,,,,,,,,,,,,,,,,,,,,,,,,,,,,,,,,,,,,,,,,,,,,,,,,,,,,,,,,,,,,,,,,,,,,,,,,,,,,,,,,,,,,,,,,,,,,,,
8673960,Olivia Allen,VILLANOVA,f,,,,,,,,,,,,,,,,,24.56,,53.69,,,,,,,57.24,,,,,,,,,,,,1:11.02,,,,,,,,,,,,,,,,,,,,,,,,,,,,,,,,,,,,,,,,,,,,,,,,,,,,,,,,,,,,,,,,,,,,,,,,,,,,,,,,,,,,,,,,,,,,,,
8592473,Tilly Simpson,NEW MEXICO,f,,2:09.31,4:37.69,,20:04.9,,4:12.32,15:34.23,,,,,9:10.93,,,,,,,,,,,,,,,,,,,,,,,,,,,,,,,,,,,,,,,,,,,,,,,,,,,,,,,,,,,,,,,,,,,,,,,,,,,,,,,,,,,,,,,,,,,,,,,,,,,,,,,,,,,,,,,,,,,,,,,
8269200,Matt Gatune,COLUMBIA,m,,1:49.37,3:59.35,,,,3:39.82,,,23:45.3,31:10.9,2:21.79,8:06.39,,,,,,,,,,,,,,,,,,,,,,,,,,,,,,,,,,,,,,,,,,,,,,,,,,,,,,,,,,,,,,,,,,,,,,,,,,,,,,,,,,,,,,,,,,,,,,,,,,,,,,,,,,,,,,,,,,,,19:16.5,,,
8668785,Kenny Carpenter,COLORADO ST.,m,,,,,,,,,,,,,,,,,21.24 (1.4),,45.47,,,,,,,,,,,,,,,,,,,,,,,,,,,,,,,,,,,,,,,,,,,,,,,,,,,,,,,,,,,,,,,,,,,,,,,,,,,,,,,,,,,,,,,,,,,,,,,,,,,,,,,,,,,,,,,,,
9086894,Adela Mullerova,MEMPHIS,f,,,,,,,,,,,,,,,,,,,,"51.01m 167' 4""",,,,,,,,,,,,,,,,,,,,,,,,,,,,,,,,,,,,,,,,,,,,,,,,,,,,,,,,,,,,,,,,,,,,,,,,,,,,,,,,,,,,,,,,,,,,,,,,,,,,,,,,,,,,,,,,
7495800,Matthew Boling,GEORGIA,,,,,,,,,,,,,,,,6.56,9.97 (3.2),19.92 (-0.9),32.40,45.51,,"8.25m 27' 1""",,,,,,"6' 7"" 2.00m",,,,,,,,,,,,,,,,,,,,,,,,,,,,,,,,,,,,,,,,,,,,,,,,,,,,,,,,,,,,,,,,,,,,,,,,,,,,,,,,,,,,,,,,,,,,,,,,,,,,,,,,,
8895705,Joash Ruto,IOWA STATE,m,,,4:00.67,,,,,13:39.71,8:20.47,22:32.0,29:02.9,,7:48.15,,,,,,,,,,,,,,,,,,,,,,,,,,,,,,,,,,,,,,,,,,,,,,,,,,,,,,,,,,,,,,,,,,,,,,,,,,,,,,,,,,,,,,,,,,,,,,,,,,,,,,,,,,,,,,,,,,,,,,,
9271361,Elizabeth Dowdy,AUBURN,f,,,,,,,,,,,,,,,,,,,,,,,,,,,,,,,"4.06m 13' 3.75""",,,,,,,,,,,,,,,,,,,,,,,,,,,,,,,,,,,,,,,,,,,,,,,,,,,,,,,,,,,,,,,,,,,,,,,,,,,,,,,,,,,,,,,,,,,,,,,,,,,,,
7731621,Synclair Savage,LOUISVILLE,,,,,,,,,,,,,,,,7.41,11.75 (2.1),25.15 (5.2),,,,"6.72m (0.7) 22' 0.75""",,,,,,,,,,,,,,,,,,,,,,,,,,,,,,,,,,,,,,,,,,,,,,,,,,,,,,,,,,,,,,,,,,,,,,,,,,,,,,,,,,,,,,,,,,,,,,,,,,,,,,,,,,,,,,,
8691524,Louanne Pouzancre,NEW MEXICO,f,,,,28:00.1,,,,,,,,,,,7.75,11.71 (1.6),23.32 (3.1),37.14,52.39,,,,,,,,,,,,,,,,,,,,,,,,,,,,,,,,,,,,,,,,,,,,,,,,,,,,,,,,,,,,,,,,,,,,,,,,,,,,,,,,,,,,,,,,,,,,,,,,,,,,,,,,,,,,,,,,,
7979143,Jayden Smith,GEORGE MASON,,,,,,,,,,,,,,,,,10.70 (4.4),21.62 (1.0),,,,,,,7.73,,,,,,,,13.37 (5.0),,,,,,,,,,,,,,,,,,,,,,,,,,,,,,,,,,,,,,,,,,,,,,,,,,,,,,,,,,,,,,,,,,,,,,,,,,,,,,,,,,,,,,,,,,,,,,,,,,,,
8329052,Easton Tan,PRINCETON,m,,,,,,,,,,,,,,,6.99,,21.71 (2.6),35.60,,,,,,7.80,,,,,,,,13.87 (0.2),,,,,,,,,,,,,,,,,,,,,,,,,,,,,,,,,,,,,,,,,,,,,,,,,,,,,,,,,,,,,,,,,,,,,,,,,,,,,,,,,,,,,,,,,,,,,,,,,,,,
9283763,Morgan Herbst,ARKANSAS,f,1:31.56,,,,,,,,,,,,,,,,,,53.93,,,,,8.78,13.83 (1.5),56.09,,,,,,,,,,,,,,,,,,,,,,,,,,,,,,,,,,,,,,,,,,,,,,,,,,,,,,,,,,,,,,,,,,,,,,,,,,,,,,,,,,,,,,,,,,,,,,,,,,,,,,,,,,
8589454,Camryn Thompson,DAYTON,f,,,,,,,,,,,,,,,,,,,,,,,,,,,"1.76m 5' 9.25""",,,,,,,,,,,,,,,,,,,,,,,,,,,,,,,,,,,,,,,,,,,,,,,,,,,,,,,,,,,,,,,,,,,,,,,,,,,,,,,,,,,,,,,,,,,,,,,,,,,,,,,,,
8705616,Teanna Harlin,TCU,f,,,,,,,,,,,,,,,7.37,11.28 (2.6),22.82 (3.4),,,,,,,,,,,,,,,,,,,,,,,,,,,,,,,,,,,,,,,,,,,,,,,,,,,,,,,,,,,,,,,,,,,,,,,,,,,,,,,,,,,,,,,,,,,,,,,,,,,,,,,,,,,,,,,,,,,
7535410,Grant Levesque,HOUSTON,m,,,,,,,4:40.65,,,,,2:47.83,,,6.70,10.43 (3.7),,,48.88,"52.41m 171' 11""","7.32m (2.8) 24' 0.25""",,,7.79,,,"1.96m 6' 5""","14.08m 46' 2.5""",,6068,"5.46m 17' 11""",13.99 (0.8),"43.07m 141' 4""",,,7903,,,,,,,,,,,,,,,,,,,,,,,,,,,,,,,,,,,,,,,,,,,,,,,,,,,,,,,,,,,,,,,,,,,,,,,,,,,,,,,,,,,,,,,,,,,,,,,,
8700044,Vincent Ugwoke,USC,,,,,,,,,,,,,,,,,,,,,,,,,,,,,"16.31m 53' 6.25""",,,,,"63.72m 209' 1""","54.85m 179' 11""","17.73m 58' 2""",,,,,,,,,,,,,,,,,,,,,,,,,,,,,,,,,,,,,,,,,,,,,,,,,,,,,,,,,,,,,,,,,,,,,,,,,,,,,,,,,,,,,,,,,,,,,,,,,
8364091,Sarah Schiffmann,CBU,f,,,5:16.63,17:05.9,19:41.9,,4:26.40,16:19.62,,,,,9:36.14,,,,,,,,,,33:41.48,,,,,,,,,,,,,,,,,,,,,,,,,,,,,,,,,,,,,,,,,,20:16.6,,,,,,,,,,,,,,,,,,,,,,,,,,,,,,,,,,,,,,,,,,,,,,,,,,,,,,,,,,,,,,,,,,,
7039996,Milton Ingraham,MIAMI (FLA.),,,,,,,,,,,,,,,,,,,,,,,,,,,,,"18.61m 61' 0.75""",,,,,"62.13m 203' 10""",,,,,,,,,,,,,,,,,,,,,,,,,,,,,,,,,,,,,,,,,,,,,,,,,,,,,,,,,,,,,,,,,,,,,,,,,,,,,,,,,,,,,,,,,,,,,,,,,,,
7746659,Cierra Jackson,FRESNO STATE,,,,,,,,,,,,,,,,,,,,,,,,,,,,,"17.77m 58' 3.75""",,,,,"65.82m 215' 11""","65.89m 216' 2""","19.82m 65' 0.5""",,,,,,,,,,,,,,,,,,,,,,,,,,,,,,,,,,,,,,,,,,,,,,,,,,,,,,,,,,,,,,,,,,,,,,,,,,,,,,,,,,,,,,,,,,,,,,,,,
7914536,Lucca Fulkerson,DUKE,f,,2:21.22,4:54.37,17:34.1,20:45.2,,4:38.48,16:11.61,10:18.18,,,,9:32.57,9:59.7,,,,,,,,,34:22.41,,,,,,,,,,,,,,,,,,,,,,,,,,,,,,,,14:19.7,,16:28.3,6:38.12,,,,,,,,,,,,,,,,,,,,,,,,,,,,,,,,,,,,,,,,,,,,,,,,,,,,,,,,,,,,,,21:44.2,,,,,,,,,,,,
7973958,Annie Molenhouse,OKLAHOMA STATE,f,,2:10.12,,,,,,,,,,,,,,,23.53 (2.3),,,"41.25m 135' 4""","5.98m (+0.0) 19' 7.5""",,,8.65,13.64 (0.1),,"1.70m 5' 7""","13.14m 43' 1.5""",4084,6005,,,,,,,,,,,,,,,,,,,,,,,,,,,,,,,,,,,,,,,,,,,,,,,,,,,,,,,,,,,,,,,,,,,,,,,,,,,,,,,,,,,,,,,,,,,,,,,,,,,,,,
8364212,Jaden Harris,TEXAS A&M,m,,,,,,,,,,,,,,,,,,,,,,"15.67m (1.5) 51' 5""",,,,,,,,,,,,,,,,,,,,,,,,,,,,,,,,,,,,,,,,,,,,,,,,,,,,,,,,,,,,,,,,,,,,,,,,,,,,,,,,,,,,,,,,,,,,,,,,,,,,,,,,,,,,,,
8583370,Ainsley Herron,OREGON STATE,f,,2:06.23,4:37.96,17:18.1,20:50.8,,4:14.96,,,,,,9:23.00,,,,,,,,,,,,,,,,,,,,,,,,,,,,,,,,,,,,,,,,,,,,,,,,,,,,,,,,,,,,,,,,,,,,,,,,,,,,,,,,,,,,,,,,,,,,,,,,,,,,,,,,,,,,,,,,,,,,,,,
8343531,Takiya Cenci,USC,f,,,,,,,,,,,,,,,,,24.08 (2.4),,52.59,,,,,,,,,,,,,,,,,,,,,,,,,,,,,,,,,,,,,,,,,,,,,,,,,,,,,,,,,,,,,,,,,,,,,,,,,,,,,,,,,,,,,,,,,,,,,,,,,,,,,,,,,,,,,,,,,
6558758,Taylor Gorum,ALABAMA,,,,,,,,,,,,,,,,,,,,,,,,,,,,,"16.84m 55' 3""",,,,,"56.15m 184' 3""","66.60m 218' 6""","22.22m 72' 11""",,,,,,,,,,,,,,,,,,,,,,,,,,,,,,,,,,,,,,,,,,,,,,,,,,,,,,,,,,,,,,,,,,,,,,,,,,,,,,,,,,,,,,,,,,,,,,,,,
9171226,Ethan Brouw,LOUISVILLE,m,,1:46.88,4:14.57,,,,3:51.45,,,24:56.9,,,,,,,,,,,,,,,,,,,,,,,,,,,,,,,,,,,,,,,,,,,,,,,,,,,,,,,,,,,,,,,,,,,,,,,,,,,,,,,,,,,,,,,,,,,,,,,,,,,,,,,,,,,,,,,,,,,,,,,,,,
9237940,Isabella Frattura,LIBERTY,f,,,,,,,,,,,,,,,,,,,,"50.62m 166' 1""",,,,,,,,,,,,,,,,,,,,,,,,,,,,,,,,,,,,,,,,,,,,,,,,,,,,,,,,,,,,,,,,,,,,,,,,,,,,,,,,,,,,,,,,,,,,,,,,,,,,,,,,,,,,,,,,
8592998,Amelia Everett,STANFORD,f,1:31.77,2:05.13,4:44.62,,22:13.3,,4:26.16,,,,,,9:59.16,,,,,,,,,,,,,,,,,,,,,,,,,,,,,,,,,,,,,,,,,,,,,,,,,,,,,,,,,,,,,,,,,,,,,,,,,,,,,,,,,,,,,,,,,,,,,,,,,,,,,,,,,,,,,,,,,,,,,,,
8970036,Laila Smith,TCU,f,,,,,,,,,,,,,,,,,,,55.89,,"6.24m (5.3) 20' 5.75""",,,,,58.47,,,,,,,,,,,,,,,1:23.89,,,,,,,,,,,,,,,,,,,,,,,,,,,,,,,,,,,,,,,,,,,,,,,,,,,,,,,,,,,,,,,,,,,,,,,,,,,,,,,,,,,,,,,,,,,
8360314,Olivia Dowd,N. CAROLINA A&T,f,,,,,,,,,,,,,,,,,,,,,"6.26m (1.7) 20' 6.5""","13.23m (0.2) 43' 5""",,,,,,,,,,,,,,,,,,,,,,,,,,,,,,,,,,,,,,,,,,,,,,,,,,,,,,,,,,,,,,,,,,,,,,,,,,,,,,,,,,,,,,,,,,,,,,,,,,,,,,,,,,,,,,
8325708,Kade Thompson,UTAH VALLEY,m,,,,,,,,,,,,,,,6.65,10.09 (5.1),20.56 (4.0),33.50,48.36,,,,,,,,,,,,,,,,,,,,,,,,,,,,6.33,,,,,,,,,,,,,,,,,,,,,,,,,,,,,,,,,,,,,,,,,,,,,,,,,,,,,,,,,,,,,,,,,,,,,,,,,,,,,,,,,,,,,
8610849,Jackie Holman,NORTHWESTERN,f,,,4:56.73,,20:12.8,,4:24.77,16:00.60,,,,,9:13.94,10:36.3,,,,,,,,,33:32.10,,,,,,,,,,,,,,,,,,,,,,,,,,,,,,,,,,,,,,,,,,,,,,,,,,,,,,,,,16:05.3,,,,,,,,,,,,,,,,,,,,,,,,,,,,,,,,,,,,,,,,,,,,,,,,,,,,
8351019,Karyssa Owens,USC,f,,,,,,,,,,,,,,,,,,,,,,,,,,,,"14.73m 48' 4""",,,,,"54.44m 178' 7""","62.97m 206' 7""","17.46m 57' 3.5""",,,,,,,,,,,,,,,,,,,,,,,,,,,,,,,,,,,,,,,,,,,,,,,,,,,,,,,,,,,,,,,,,,,,,,,,,,,,,,,,,,,,,,,,,,,,,,,,,
8170189,Cameron Kalaf,COLORADO ST.,m,,,,,,,,,,,,,,,,,,,,"63.95m 209' 10""",,,,,,,,"13.05m 42' 9.75""",,,,,,"62.85m 206' 2""","20.60m 67' 7""",,,,,,,,,,,,,,,,,,,,,,,,,,,,,,,,,,,,,,,,,,,,,,,,,,,,,,,,,,,,,,,,,,,,,,,,,,,,,,,,,,,,,,,,,,,,,,,,,
9250938,Taylor Waters,COLORADO ST.,m,,,,,,,,,,,,,,,,,,,,,,,,,,,,,,,"5.35m 17' 6.5""",,,,,,,,,,,,,,,,,,,,,,,,,,,,,,,,,,,,,,,,,,,,,,,,,,,,,,,,,,,,,,,,,,,,,,,,,,,,,,,,,,,,,,,,,,,,,,,,,,,,,
8985430,Justin Febles,UMBC,m,1:21.39,,,,,,,,,,,,,,,,,,49.28,,,,,,,51.48,,,,,,,,,,,,1:03.36,,,,,,,,,,,,,,,,,,,,,,,,,,,,,,,,,,,,,,,,,,,,,,,,,,,,,,,,,,,,,,,,,,,,,,,,,,,,,,,,,,,,,,,,,,,,,,
8991537,Britannia Johnson,PURDUE,f,,,,,,,,,,,,,,,,,,,,,,,,,,,,"14.50m 47' 7""",,,,,"55.06m 180' 8""","57.52m 188' 8""","20.96m 68' 9.25""",,,,,,,,,,,,,,,,,,,,,,,,,,,,,,,,,,,,,,,,,,,,,,,,,,,,,,,,,,,,,,,,,,,,,,,,,,,,,,,,,,,,,,,,,,,,,,,,,
9000456,Tyler Honeyman,BAYLOR,m,,,,,,,,,,,,,,,,,21.31 (-0.5),33.54,46.83,,,,,,,,,,,,,,,,,,,,,,,,,,,,,,,,,,,,,,,,,,,,,,,,,,,,,,,,,,,,,,,,,,,,,,,,,,,,,,,,,,,,,,,,,,,,,,,,,,,,,,,,,,,,,,,,,
8121538,James Kotowski,UMASS LOWELL,,,,,,,,,,,,,,,,,,,,,"75.18m 246' 8""",,,,,,,,,,,,,,,,,,,,,,,,,,,,,,,,,,,,,,,,,,,,,,,,,,,,,,,,,,,,,,,,,,,,,,,,,,,,,,,,,,,,,,,,,,,,,,,,,,,,,,,,,,,,,,,,
7891278,Joshua Schuld,UC IRVINE,m,,1:57.81,,,18:29.1,,3:48.63,14:17.79,8:49.00,24:15.0,30:35.3,,8:38.61,,,,,,,,,,,,,,,,,,,,,,,,,,,,,,,,,,,,,,,,,,,,,,,,,,,,,,,,,,,,,,,,,,,,,,,,,,,,,,,,,,,,,,,,,,,,,,,,,,,,,,,,,,,,,,,,,,,,,,,
8343530,Jassani Carter,GEORGIA,f,,,,,,,,,,,,,,,7.22,10.88 (1.3),22.45 (4.6),38.43,,,,,,,,,,,,,,,,,,,,,,,,,,,,,,,,,,,,,,,,,,,,,,,,,,,,,,,,,,,,,,,,,,,,,,,,,,,,,,,,,,,,,,,,,,,,,,,,,,,,,,,,,,,,,,,,,,
9171227,Elsingi Kipruto,LOUISVILLE,m,,,4:06.71,,,,,13:15.74,,22:53.8,29:06.6,,7:46.76,,,,,,,,,,27:29.83,,,,,,,,,,,,,,,,,,,,,,,,,,,,,,,,,,,,,,,,,,,,,,,,,,,,,,,,,,,,,,,,,,,,,,,,,,,,,,,,,,,,,,,,,,,,,,,,,,,,,,,,,,,,,
8682165,Sidney Green,MICHIGAN,f,,,,,,,,,,,,,,,,,24.23,38.36,53.82,,,,,,,55.86,,,,,,,,,,,,,,,,,,,,,,,,,,,,,,,,,,,,,,,,,,,,,,,,,,,,,,,,,,,,,,,,,,,,,,,,,,,,,,,,,,,,,,,,,,,,,,,,,,,,,,,,,,
8592999,Sophia Kennedy,STANFORD,f,,,4:32.13,16:58.7,19:16.7,,4:14.25,15:07.90,,,,,8:42.53,,,,,,,,,,,,,,,,,,,,,,,,,,,,,,,,,,,,,,,,,,,,,,,,,,,,,,,,,,,4:55.16,,,,,,,,,,,,,,,,,,,,,,,,,10:00.56,,,,,,,,,,,,,,,,,,,,,,,,,,,,,,,,,,,
8970037,London Tucker,TCU,f,,,,,,,,,,,,,,,7.27,11.11 (3.0),23.87,,,,"6.30m 20' 8""",,,,,,,,,,,,,,,,,,,,,,,,,,,,,,,,,,,,,,,,,,,,,,,,,,,,,,,,,,,,,,,,,,,,,,,,,,,,,,,,,,,,,,,,,,,,,,,,,,,,,,,,,,,,,,,
7727577,Jenna Rogers,NEBRASKA,,,,,,,,,,,,,,,,,,,,,,,,,,,,"1.94m 6' 4.25""",,,,,,,,,,,,,,,,,,,,,,,,,,,,,,,,,,,,,,,,,,,,,,,,,,,,,,,,,,,,,,,,,,,,,,,,,,,,,,,,,,,,,,,,,,,,,,,,,,,,,,,,,
7989195,Sean Mockler,INDIANA,,,,,,,,,,,,,,,,,,,,,,,,,,,,,,,,,,,"68.82m 225' 9""","21.57m 70' 9.25""",,,,,,,,,,,,,,,,,,,,,,,,,,,,,,,,,,,,,,,,,,,,,,,,,,,,,,,,,,,,,,,,,,,,,,,,,,,,,,,,,,,,,,,,,,,,,,,,,
8336575,Tia Lucas,N.C. CENTRAL,f,,,,,,,,,,,,,,,,,,,,,"4.82m (1.8) 15' 9.75""","11.28m 37' 0.25""",,,,,"1.77m 5' 9.75""",,,,,,,,,,,,,,,,,,,,,,,,,,,,,,,,,,,,,,,,,,,,,,,,,,,,,,,,,,,,,,,,,,,,,,,,,,,,,,,,,,,,,,,,,,,,,,,,,,,,,,,,,
6533352,Logan Calvin,ILLINOIS STATE,,,,,,,,,,,,,,,,,,,,,,,,,,,,,"20.24m 66' 5""",,,,,"53.94m 177' 0""","61.35m 201' 3""","20.83m 68' 4.25""",,,,,,,,,,,,,,,,,,,,,,,,,,,,,,,,,,,,,,,,,,,,,,,,,,,,,,,,,,,,,,,,,,,,,,,,,,,,,,,,,,,,,,,,,,,,,,,,,
9105473,Diana Cherotich,OREGON,f,,,,,18:58.9,,4:18.38,15:13.38,,,,,8:55.42,,,,,,,,,,31:45.22,,,,,,,,,,,,,,,,,,,,,,,,,,,,,,,,,,,,,,,,,,,,,,,,,,,,,,,,,,,,,,,,,,,,,,,,,,,,,,,,,,,,,,,,,,,,,,,,,,,,,,,,,,,,,
8724776,Mercy Kirarei,NEW MEXICO,f,,,4:48.35,,19:57.7,,4:24.23,15:38.36,,,,,8:59.89,,,,,,,,,,32:34.65,,,,,,,,,,,,,,,,,,,,,,,,,,,,,,,,,,,,,,,,,,,,,,,,,,,,,,,,,,,,,,,,,,,,,,,,,,,,,,,,,,,,,,,,,,,,,,,,,,,,,,,,,,,,,
8678679,Tyler Thompson,CINCINNATI,m,,,,,,,,,,,,,,,,,,,,,,,,,,,,"16.50m 54' 1.75""",,,,,,"62.27m 204' 3""","19.17m 62' 10.75""",,,,,,,,,,,,,,,,,,,,,,,,,,,,,,,,,,,,,,,,,,,,,,,,,,,,,,,,,,,,,,,,,,,,,,,,,,,,,,,,,,,,,,,,,,,,,,,,,
9295570,Johnathon Rodgers,TARLETON STATE,m,,,,,,,,,,,,,,,,,,,,,"7.83m (4.6) 25' 8.25""","15.80m (2.6) 51' 10""",,,,,,,,,,,,,,,,,,,,,,,,,,,,,,,,,,,,,,,,,,,,,,,,,,,,,,,,,,,,,,,,,,,,,,,,,,,,,,,,,,,,,,,,,,,,,,,,,,,,,,,,,,,,,,
8714790,Leikel Cabrera Gay,FLORIDA,m,,,,,,,,,,,,,,,,,,,,"79.05m 259' 4""",,,,,,,,"11.53m 37' 10""",,,,,,,,,,,,,,,,,,,,,,,,,,,,,,,,,,,,,,,,,,,,,,,,,,,,,,,,,,,,,,,,,,,,,,,,,,,,,,,,,,,,,,,,,,,,,,,,,,,,,,,,
9250939,Owen Langdon,COLORADO ST.,m,,,,,,,,,,,,,,,,,21.52,,,,,,,7.72,,51.89,,,,,,13.57 (0.8),,,,,,,,,,,,,,,6.42,,,7.29,,,,,,,,,,,,,,,,,,,,,,,,,,,,,,,,,,,,,,,,,,,,,,,,,,,,,,,,,,,,,,,,,,,,,,,,,,,,,,,,,,
8351018,Raykiyat Olukoju,UC RIVERSIDE,f,,,,,,,,,,,,,,,7.51,11.51 (1.7),23.29 (1.8),,55.75,,,,,,,,,,,,,,,,,,,,,,,,,,,,,,,,,,,,,,,,,,,,,,,,,,,,,,,,,,,,,,,,,,,,,,,,,,,,,,,,,,,,,,,,,,,,,,,,,,,,,,,,,,,,,,,,,
8235191,Marc Minichello,GEORGIA,,,,,,,,,,,,,,,,,,,,,"82.32m 270' 1""",,,,,,,,,,,,,,,,,,,,,,,,,,,,,,,,,,,,,,,,,,,,,,,,,,,,,,,,,,,,,,,,,,,,,,,,,,,,,,,,,,,,,,,,,,,,,,,,,,,,,,,,,,,,,,,,
7730318,Maddie Harris,NEBRASKA,,,,,,,,,,,,,,,,,,,,,"59.12m 193' 11""",,,,,,,,"14.51m 47' 7.25""",,,,,,"49.74m 163' 2""","17.66m 57' 11.25""",,,,,,,,,,,,,,,,,,,,,,,,,,,,,,,,,,,,,,,,,,,,,,,,,,,,,,,,,,,,,,,,,,,,,,,,,,,,,,,,,,,,,,,,,,,,,,,,,
8994220,Nick Pennington,NORTH CAROLINA,m,,,,,,,,,,,,,,,,,,,,,,,,,,,,,,,"5.36m 17' 7""",,,,,,,,,,,,,,,,,,,,,,,,,,,,,,,,,,,,,,,,,,,,,,,,,,,,,,,,,,,,,,,,,,,,,,,,,,,,,,,,,,,,,,,,,,,,,,,,,,,,,
9010790,Jaden Wiley,FLORIDA,m,,,,,,,,,,,,,,,6.74,10.12 (2.9),20.32 (0.4),,,,,,,,,,,,,,,,,,,,,,,,,,,,,,,,,,,,,,,,,,,,,,,,,,,,,,,,,,,,,,,,,,,,,,,,,,,,,,,,,,,,,,,,,,,,,,,,,,,,,,,,,,,,,,,,,,,
8674123,Joia Perry,CENTRAL ARKANSAS,f,,,,,,,,,,,,,,,,,,,,"28.28m 92' 9""",,,,,,,,"11.34m 37' 2.5""",,,,,"43.56m 142' 11""","63.71m 209' 0""","20.60m 67' 7""",,,,,,,,,,,,,,,,,,,,,,,,,,,,,,,,,,,,,,,,,,,,,,,,,,,,,,,,,,,,,,,,,,,,,,,,,,,,,,,,,,,,,,,,,,,,,,,,,
8325420,Carson Hegele,MONTANA,m,,,,,,,,,,,,,,,,,,,,,,,,,,,,,,,"5.30m 17' 4.5""",,,,,,,,,,,,,,,,,,,,,,,,,,,,,,,,,,,,,,,,,,,,,,,,,,,,,,,,,,,,,,,,,,,,,,,,,,,,,,,,,,,,,,,,,,,,,,,,,,,,,
6703200,Ashton Riner,BYU,,,,,,,,,,,,,,,,,,,,,"60.36m 198' 0""",,,,,,,,,,,,,,,,,,,,,,,,,,,,,,,,,,,,,,,,,,,,,,,,,,,,,,,,,,,,,,,,,,,,,,,,,,,,,,,,,,,,,,,,,,,,,,,,,,,,,,,,,,,,,,,,
9257086,Kingi Mcnair,KENTUCKY,m,,,,,,,,,,,,,,,,,,,,,"7.72m (1.1) 25' 4""",,,,,,,,,,,,,,,,,,,,,,,,,,,,,,,,,,,,,,,,,,,,,,,,,,,,,,,,,,,,,,,,,,,,,,,,,,,,,,,,,,,,,,,,,,,,,,,,,,,,,,,,,,,,,,,
8376941,Dakari Charlton,HOUSTON,m,,,,,,,,,,,,,,,6.65,10.10 (3.0),20.28 (-0.1),,,,,,,,,,,,,,,,,,,,,,,,,,,,,,,,,,,,,,,,,,,,,,,,,,,,,,,,,,,,,,,,,,,,,,,,,,,,,,,,,,,,,,,,,,,,,,,,,,,,,,,,,,,,,,,,,,,
7486450,Christyan Sampy,HOUSTON,,,,,,,,,,,,,,,,,,,,,,,,,,,,,,,,"5.65m 18' 6.5""",,,,,,,,,,,,,,,,,,,,,,,,,,,,,,,,,,,,,,,,,,,,,,,,,,,,,,,,,,,,,,,,,,,,,,,,,,,,,,,,,,,,,,,,,,,,,,,,,,,,,
8695136,Kenadie Singleton,KENNESAW STATE,f,,,,,,,,,,,,,,,7.35,11.38 (1.2),23.79 (-0.2),41.67,,,,,,,,,,,,,,,,,,,,,,,,,,,,,,,,,,,,,,,,,,,,,,,,,,,,,,,,,,,,,,,,,,,,,,,,,,,,,,,,,,,,,,,,,,,,,,,,,,,,,,,,,,,,,,,,,,
8708530,Enoch Fosuhene,EAST TEXAS A&M,m,,,,,,,,,,,,,,,6.66,10.06 (3.1),20.39 (2.0),33.31,48.11,,,,,,,,,,,,,,,,,,,,,,,,,,,,,,,,,,,,,,,,,,,,,,,,,,,,,,,,,,,,,,,,,,,,,,,,,,,,,,,,,,,,,,,,,,,,,,,,,,,,,,,,,,,,,,,,,
7044818,Lafranz Campbell,CLEMSON,,,,,,,,,,,,,,,,6.96,10.66 (2.1),22.74 (-2.2),35.09,,,"7.18m (4.1) 23' 6.75""",,,7.70,,57.48,,,,,,13.45 (+0.0),,,,,,,,,,,,,,,,,,,,,,,,,,,,,,,,,,,,,,,,,,,,,,,,,,,,,,,,,,,,,,,,,,,,,,,,,,,,,,,,,,,,,,,,,,,,,,,,,,,,
9247086,Tori Goodson,NORTH CAROLINA,f,,,,,,,,,,,,,,,,12.03 (1.8),24.00 (1.4),,,,,,,8.36,13.26 (2.5),,,,,,,,,,,,,,,,,,,,,,,,,,,,,,,,,,,,,,,,,,,,,,,,,,,,,,,,,,,,,,,,,,,,,,,,,,,,,,,,,,,,,,,,,,,,,,,,,,,,,,,,,,,
8263088,Bieke Schipperen,FLORIDA STATE,f,,2:05.45,4:34.15,17:21.1,19:40.9,,4:14.12,15:35.58,,,,2:50.29,8:55.54,,,,,,,,,,33:31.08,,,,,,,,,,,,,,,,,,,,,22:55.8,,,,,,,,,,,,,,,,,,,,,,,,,,,,,,,,,,,,,,,,,,,,,,,,,,,,,,,,,,,,,,,,,,,,,,,,,,,,,,,,,,,,,,,,
8976225,Drew Noblet,HIGH POINT,m,,,,,,,,,,,,,,,,,,,,"69.16m 226' 11""",,,,,,,,,,,,,,,,,,,,,,,,,,,,,,,,,,,,,,,,,,,,,,,,,,,,,,,,,,,,,,,,,,,,,,,,,,,,,,,,,,,,,,,,,,,,,,,,,,,,,,,,,,,,,,,,
9283762,Makenna Herbst,ARKANSAS,f,1:28.69,2:01.74,,,,,,,,,,,,,,,,,53.65,,,,,,,,,,,,,,,,,,,,,,,,,,,,,,,,,,,,,,,,,,,,,,,,,,,,,,,,,,,,,,,,,,,,,,,,,,,,,,,,,,,,,,,,,,,,,,,,,,,,,,,,,,,,,,,,,
8705617,Amari Kiluvia,TCU,f,,,,,,,,,,,,,,,7.76,11.96 (3.5),24.19 (4.1),,,,,,,8.13,13.09 (1.3),,,,,,,,,,,,,,,,,,,,,,,,,,,,,,,,,,,,,,,,,,,,,,,,,,,,,,,,,,,,,,,,,,,,,,,,,,,,,,,,,,,,,,,,,,,,,,,,,,,,,,,,,,,
8345667,Mia Morello,ILLINOIS,f,,,,,,,,,,,,,,,,,,,,,,,,,,,,,,,"4.50m 14' 9""",,,,,,,,,,,,,,,,,,,,,,,,,,,,,,,,,,,,,,,,,,,,,,,,,,,,,,,,,,,,,,,,,,,,,,,,,,,,,,,,,,,,,,,,,,,,,,,,,,,,,
8966675,Rosalind Gergely,WAKE FOREST,f,,,,,,,,,,,,,,,,,,,,"52.99m 173' 10""",,,,,,,,,,,,,,,,,,,,,,,,,,,,,,,,,,,,,,,,,,,,,,,,,,,,,,,,,,,,,,,,,,,,,,,,,,,,,,,,,,,,,,,,,,,,,,,,,,,,,,,,,,,,,,,,
8712078,Ja'Qualon Scott,TEXAS A&M,m,,,,,,,,,,,,,,,,,,,46.17,,,,,7.46,,48.22,,,,,,13.12 (4.6),,,,,,,,,,,,,,,,,,,,,,,,,,,,,,,,,,,,,,,,,,,,,,,,,,,,,,,,,,,,,,,,,,,,,,,,,,,,,,,,,,,,,,,,,,,,,,,,,,,,
7734619,David Dunlap,NORTHERN ARIZONA,,,,,,,,,,,,,,,,6.62,10.08 (3.5),20.16 (0.9),,46.21,,,,,,,,,,,,,,,,,,,,,,,,,,,,,,,,,,,,,,,,,,,,,,,,,,,,,,,,,,,,,,,,,,,16.13,,,,,,,,,,,,,,,,,,,,,,,,,,,,,,,,,,,,,,,,,,,,,,
8669879,Malachi Cummings,NAVY,m,,,,,,,,,,,,,,,8.00,,,,,"66.01m 216' 7""","5.83m 19' 1.5""",,,,,,,"11.67m 38' 3.5""",,,,,,,,,,,,,,,,,,,,,,,,,,,,,,,,,,,,,,,,,,,,,,,,,,,,,,,,,,,,,,,,,,,,,,,,,,,,,,,,,,,,,,,,,,,,,,,,,,,,,,,,
9249759,Kailen Kramer,INDIANA,f,,,,,,,,,,,,,,,,,,,,,,,,,,,,,,,"4.13m 13' 6.5""",,,,,,,,,,,,,,,,,,,,,,,,,,,,,,,,,,,,,,,,,,,,,,,,,,,,,,,,,,,,,,,,,,,,,,,,,,,,,,,,,,,,,,,,,,,,,,,,,,,,,
8989150,Devyn Wright,ARKANSAS,m,1:16.45,,,,,,,,,,,,,,6.85,10.53 (1.7),20.42 (3.7),,45.38,,,,,,,,,,,,,,,,,,,,,,,,,,,,,,,,,,,,,,,,,,,,,,,,,,,,,,,,,,,,,,,,,,,,,,,,,,,,,,,,,,,,,,,,,,,,,,,,,,,,,,,,,,,,,,,,,
8711480,Dieumerci Migani,EASTERN WASHINGTON,m,,,,,,,,,,,,,,,6.91,10.51 (1.0),21.46 (2.7),36.77,,,"7.46m 24' 5.75""","15.51m (+0.0) 50' 10.75""",,,,,,,,,,,,,,,,,,,,,,,,,,,,,,,,,,,,,,,,,,,,,,,,,,,,,,,,,,,,,,,,,,,,,,,,,,,,,,,,,,,,,,,,,,,,,,,,,,,,,,,,,,,,,,
8235129,Garrett Winter,VIRGINIA TECH,m,,1:55.63,4:04.02,,18:19.1,,3:49.09,13:47.94,8:46.43,23:52.8,30:23.3,,8:10.10,,,,,,,,,,,,,,,,,,,,,,,,,,,,,23:28.4,,,,,,,,,,,,,,,,,,,,,,,,,,,,,,,,,,,,,,,,,,,,,,,,,,,,,,,,,,,,,,,,,,,,,,,,,,,,,,,,,,,,,,,,,,
8618890,Kaden Levings,FLORIDA STATE,m,,,4:11.49,,,,3:57.61,14:00.10,8:47.77,24:06.8,30:28.6,,8:11.97,,,,,,,,,,28:57.97,,,,,,,,,,,,,,,,,,,,,,,,,,,,,,,,,,,,,,,,,,,,,,,,,,,,,,,,,,,,,,,,,,,,,,,,,,,,,,,,,,,,,,,,,,,,,,,,,,,,,,,,,,,,,
9261225,Dj Taylor,TEXAS A&M,m,,,,,,,,,,,,,,,,,,34.06,,,,,,7.96,,51.17,,,,,,13.71 (0.7),,,,,,,,,,,,,,,,,,,,,,,,,,,,,,,,,,,,,,,,,,,,,,,,,,,,,,,,,,,,,,,,,,,,,,,,,,,,,,,,,,,,,,,,,,,,,,,,,,,,
9268907,Apalos Edwards,KANSAS STATE,m,,,,,,,,,,,,,,,,,,,,,"7.52m 24' 8.25""","16.84m 55' 3""",,,,,,,,,,,,,,,,,,,,,,,,,,,,,,,,,,,,,,,,,,,,,,,,,,,,,,,,,,,,,,,,,,,,,,,,,,,,,,,,,,,,,,,,,,,,,,,,,,,,,,,,,,,,,,
8672366,Simeon Birnbaum,OREGON,m,,1:44.67,3:52.81,,,,3:31.69,13:19.73,,22:57.2,29:01.6,2:22.84,7:39.65,,,,,,,,,,,,,,,,,,,,,,,,,,,,,,,,,,,,,,,,,,,,,,,,,,,,,,,,,,,,,,,,,,,,,,,,,,,,,,,,,,,,,,,,,,,,,,,,,,,,,,,,,,,,,,,,,,,,,,,
8592472,Hannah Pricco,MICHIGAN,f,1:33.95,2:10.13,4:44.98,18:00.0,21:01.1,,4:17.26,,10:04.56,,,,9:36.04,,,,,,,,,,,,,,,,,,,,,,,,,,,,,,,,,,,,,,,,,,,17:57.6,,6:43.77,,,,,,,,,,,,,,,,,,,,,,,,,,,,,,,,,,,,,,,,,,,,,,,,,,,,,,,,,,,,,,,,,,,,,,,,,,
7727873,Jorinde Van Klinken,OREGON,,,,,,,,,,,,,,,,,,,,,,,,,,,,,"19.57m 64' 2.5""",,,,,"67.05m 220' 0""",,,,,,,,,,,,,,,,,,,,,,,,,,,,,,,,,,,,,,,,,,,,,,,,,,,,,,,,,,,,,,,,,,,,,,,,,,,,,,,,,,,,,,,,,,,,,,,,,,,
9242050,Ashlynn Wimberly,APP STATE,f,,,,,,,,,,,,,,,,,,,,,,"12.64m (+0.0) 41' 5.75""",,,,,"1.75m 5' 8.75""",,,,,,,,,,,,,,,,,,,,,,,,,,,,,,,,,,,,,,,,,,,,,,,,,,,,,,,,,,,,,,,,,,,,,,,,,,,,,,,,,,,,,,,,,,,,,,,,,,,,,,,,,
8353072,Gabriel Binion,UTSA,,,,,,,,,,,,,,,,,,22.16,,,,"7.77m 25' 6""","15.89m 52' 1.75""",,,,,"2.03m 6' 7.75""",,,,,,,,,,,,,,,,,,,,,,,,,,,,,,,,,,,,,,,,,,,,,,,,,,,,,,,,,,,,,,,,,,,,,,,,,,,,,,,,,,,,,,,,,,,,,,,,,,,,,,,,,
9008524,Milena Chevallier,TEXAS A&M,f,,,,,,,,,,,,,,,,,,,,,,,,,,,"1.82m 5' 11.5""",,,,,,,,,,,,,,,,,,,,,,,,,,,,,,,,,,,,,,,,,,,,,,,,,,,,,,,,,,,,,,,,,,,,,,,,,,,,,,,,,,,,,,,,,,,,,,,,,,,,,,,,,
7891690,Patrick Faust,KENTUCKY,m,1:17.14,1:48.83,,21:19.1,,,,,,29:55.2,,2:43.89,,,,,22.89 (1.8),,,,,,,,,,,,,,,,,,,,,,,,,,,,,,,,,,,,,,,,,,,,,,,,,,,,,,,,,,,,,,,,,,,,,,,,,,,,,,,,,,,,,,,,,,,,,,,,,,,,,,,,,,,,,,,,,,,
8705586,Colton Conyers,TCU,m,,,,,,,,,,,,,,,,,21.04 (2.6),,47.17,,,,,,,,,,,,,,,,,,,,,,,,,,,,,,,,,,,,,,,,,,,,,,,,,,,,,,,,,,,,,,,,,,,,,,,,,,,,,,,,,,,,,,,,,,,,,,,,,,,,,,,,,,,,,,,,,
6419176,Krissy Gear,ARKANSAS,,,2:04.79,4:31.83,16:24.3,19:59.1,,4:09.00,16:05.71,9:38.62,,,,9:08.55,,9.03,,,,,,,,,,,,,,,,,,,,,,,,,,,,,,,,,,,,,,,,,,,,,,,,,,,,,,,,,,,,,,,,,,,,,,,,,,,,,,,,,,,,,,,,,,,,,,,,,,,,,,,,,,,,,,,,,,,,,
7895329,Emma Vorpagel,IOWA STATE,f,1:38.56,2:06.85,,20:31.1,23:34.2,,4:43.64,,,,,3:14.36,,,,,,,,,,,,,,,,,,,,,,,,,,,,,1:20.53,,,,,,,,,,,,,,16:18.3,,,,,,,,,,,,,,,,,,,,,,,,,,,,,,,,,,,,,,,,,,,,,,,,,,,,,,,,,,,,,,,,,,,,,,,,,,,,,
8668784,Daniel Baroumbaye,COLORADO ST.,m,,,,,,,,,,,,,,,,,,,,,,,,,,,,"17.66m 57' 11.25""",,,,,"56.32m 184' 9""","44.54m 146' 1""","18.37m 60' 3.25""",,,,,,,,,,,,,,,,,,,,,,,,,,,,,,,,,,,,,,,,,,,,,,,,,,,,,,,,,,,,,,,,,,,,,,,,,,,,,,,,,,,,,,,,,,,,,,,,,
8322561,Lara Check,MARSHALL,f,1:49.39,2:31.22,,,,,,,,,,,,,,,25.61 (1.6),,59.87,"38.04m 124' 10""","6.30m (2.4) 20' 8""",,,8.81,14.57 (2.0),1:07.96,"1.68m 5' 6""","11.30m 37' 1""",3768,4897,,,,,,,,,,,,,,,,,,,,,,,,,,,,,,,,,,,,,,,,,,,,,,,,,,,,,,,,,,,,,,,,,,,,,,,,,,,,,,,,,,,,,,,,,,,,,,,,,,,,,,
8895704,Robin Kwemoi Bera,IOWA STATE,m,,,3:56.13,,,,3:39.71,13:15.64,,22:16.7,28:51.5,,7:43.87,,,,,,,,,,27:56.79,,,,,,,,,,,,,,,,,,,,,,,,,,,,,,,,,,,,,,,,,,,,,,,,,,,,,,,,,,,,,,,,,,,,,,,,,,,,,,,,,,,,,,,,,,,,,,,,,,,,,,,,,,,,,
6990718,Mackenzie Horn,HIGH POINT,,,,,,,,,,,,,,,,,,,,,,,,,,,,,,,,"4.34m 14' 2.75""",,,,,,,,,,,,,,,,,,,,,,,,,,,,,,,,,,,,,,,,,,,,,,,,,,,,,,,,,,,,,,,,,,,,,,,,,,,,,,,,,,,,,,,,,,,,,,,,,,,,,
8984277,Grace Lanfear,COLORADO ST.,f,,,,,,,,,,,,,,,,12.64 (0.7),,,54.56,,,,,8.63,14.48 (+0.0),58.51,,,,,,,,,,,,,,,,,,,,,,,,,,,,,,,,,,,,,,,,,,,,,,,,,,,,,,,,,,,,,,,,,,,,,,,,,,,,,,,,,,,,,,,,,,,,,,,,,,,,,,,,,,
8995036,Daniel Chase,UTAH STATE,m,,,,,,,,,,,,,,,6.70,10.41 (7.7),21.67,37.18,,,,,,,,,,,,,,,,,,,,,,,,,,,,,6.26,,,,,,,,,,,,,,,,,,,,,,,,,,,,,,,,,,,,,,,,,,,,,,,,,,,,,,,,,,,,,,,,,,,,,,,,,,,,,,,,,,,,,
6545350,Sophia Franklin,MICHIGAN STATE,,,,,,,,,,,,,,,,,,,,,,,,,8.93,15.42 (-0.9),,,,,,"4.38m 14' 4.5""",,,,,,,,,,,,,,,,,,,,,,,,,,,,,,,,,,,,,,,,,,,,,,,,,,,,,,,,,,,,,,,,,,,,,,,,,,,,,,,,,,,,,,,,,,,,,,,,,,,,,
8321434,Jacklynn Okereke,HARVARD,f,,,,,,,,,,,,,,,,,25.27,39.60,55.08,,,,,9.41,,1:00.32,,,,,,,,,,,,1:18.15,,,,,,,,,,,,,,,,,,,,,,,,,,,,,,,,,,,,,,,,,,,,,,,,,,,,,,,,,,,,,,,,,,,,,,,,,,,,,,,,,,,,,,,,,,,,,,
7729617,Brandon Miller,TEXAS A&M,,1:15.49,1:44.97,,,,,3:50.68,,,,,,,,,,,,46.30,,,,,,,,,,,,,,,,,,,,,,,,,,,,,,,,,,,,,,,,,,,,,,,,,,,,,,,,,,,,,,,,,,,,,,,,,,,,,,,,,,,,,,,,,,,,,,,,,,,,,,,,,,,,,,,,,
9240344,Kymora-Lee Williams,SOUTH CAROLINA,f,,,,,,,,,,,,,,,7.42,11.34 (1.6),23.18 (1.2),38.83,,,,,,,,,,,,,,,,,,,,,,,,,,,,,,,,,,,,,,,,,,,,,,,,,,,,,,,,,,,,,,,,,,,,,,,,,,,,,,,,,,,,,,,,,,,,,,,,,,,,,,,,,,,,,,,,,,
9255845,Anya Anderson,BROWN,f,,,,,,,,,,,,,,,7.68,12.03 (2.0),23.92 (1.6),41.06,,,,,,,,,,,,,,,,,,,,,,,,,,,,,,,,,,,,,,,,,,,,,,,,,,,,,,,,,,,,,,,,,,,,,,,,,,,,,,,,,,,,,,,,,,,,,,,,,,,,,,,,,,,,,,,,,,
6605848,Alexandra Emilianov,KANSAS,,,,,,,,,,,,,,,,,,,,,,,,,,,,,"17.25m 56' 7.25""",,,,,"62.63m 205' 6""",,,,,,,,,,,,,,,,,,,,,,,,,,,,,,,,,,,,,,,,,,,,,,,,,,,,,,,,,,,,,,,,,,,,,,,,,,,,,,,,,,,,,,,,,,,,,,,,,,,
8699142,Reese Garland,USC,f,,,,,,,,,,,,,,,,,,,,"28.86m 94' 8""",,,,,,,,"14.85m 48' 8.75""",,,,,"56.80m 186' 4""","45.36m 148' 10""",,,,,,,,,,,,,,,,,,,,,,,,,,,,,,,,,,,,,,,,,,,,,,,,,,,,,,,,,,,,,,,,,,,,,,,,,,,,,,,,,,,,,,,,,,,,,,,,,,
8333409,Olamide Enajekpo,TOWSON,f,,,,,,,,,,,,,,,,,,,,,,,,,,,,"15.77m 51' 9""",,,,,"45.60m 149' 7""","58.18m 190' 10""","18.43m 60' 5.75""",,,,,,,,,,,,,,,,,,,,,,,,,,,,,,,,,,,,,,,,,,,,,,,,,,,,,,,,,,,,,,,,,,,,,,,,,,,,,,,,,,,,,,,,,,,,,,,,,
8986533,Desire Tonye Nyemeck,NEBRASKA,,,,,,,,,,,,,,,,,,,,,,,,,,,,"2.17m 7' 1.5""",,,,,,,,,,,,,,,,,,,,,,,,,,,,,,,,,,,,,,,,,,,,,,,,,,,,,,,,,,,,,,,,,,,,,,,,,,,,,,,,,,,,,,,,,,,,,,,,,,,,,,,,,
8611977,Serafima Lucero,BAYLOR,f,,,,,,,,,,,,,,,,,,,53.88,,,,,9.08,,55.93,,,,,,,,,,,,,,,1:20.35,,,,,,,,,,,,,,,,,,,,,,,,,,,,,,,,,,,,,,,,,,,,,,,,,,,,,,,,,,,,,,,,,,,,,,,,,,,,,,,,,,,,,,,,,,,
8362406,Maleik Pabon,CAL ST. FULLERTON,m,,2:04.84,,,,,,,,,,,,,6.69,10.39 (0.5),21.01 (0.8),,46.66,,,,,,,,,,,,,,,,,,,,,,,,,,,,,,,,,,,,,,,,,,,,,,,,,,,,,,,,,,,,,,,,,,,,,,,,,,,,,,,,,,,,,,,,,,,,,,,,,,,,,,,,,,,,,,,,,
8998487,Joy Moorer,VANDERBILT,f,,,,,,,,,,,,,,,7.81,,24.31,39.24,54.61,,,,,8.87,,58.34,,,,,,,,,,,,,,,,,,,,,,,,,,,,,,,,,,,,,,,,,,,,,,,,,,,,,,,,,,,,,,,,,,,,,,,,,,,,,,,,,,,,,,,,,,,,,,,,,,,,,,,,,,
7537882,Kostas Zaltos,MINNESOTA,,,,,,,,,,,,,,,,,,,,,,,,,,,,,,,,,,"46.46m 152' 5""","78.08m 256' 2""","24.06m 78' 11.25""",,,,,,,,,,,,,,,,,,,,,,,,,,,,,,,,,,,,,,,,,,,,,,,,,,,,,,,,,,,,,,,,,,,,,,,,,,,,,,,,,,,,,,,,,,,,,,,,,
8977033,Olivia Pace,USC,f,,,,,,,,,,,,,,,7.25,11.34 (1.4),23.33 (4.0),,,,,,,,,,,,,,,,,,,,,,,,,,,,,,,,,,,,,,,,,,,,,,,,,,,,,,,,,,,,,,,,,,,,,,,,,,,,,,,,,,,,,,,,,,,,,,,,,,,,,,,,,,,,,,,,,,,
9249470,Samantha Ennin,STANFORD,f,,,,,,,,,,,,,,,7.67,11.93 (1.4),,,,,"6.11m (3.6) 20' 0.5""","12.73m (3.3) 41' 9.25""",,,,,,,,,,,,,,,,,,,,,,,,,,,,,,,,,,,,,,,,,,,,,,,,,,,,,,,,,,,,,,,,,,,,,,,,,,,,,,,,,,,,,,,,,,,,,,,,,,,,,,,,,,,,,,
8992435,Gregory Prince,LSU,m,,,,,,,,,,,,,,,,,21.15,,46.33,,,,,,,,,,,,,,,,,,,1:10.33,,,,,,,,,,,,,,,,,,,,,,,,,,,,,,,,,,,,,,,,,,,,,,,,,,,,,,,,,,,,,,,,,,,,,,,,,,,,,,,,,,,,,,,,,,,,,,
8671233,Brandon Riley,UMASS LOWELL,m,,,,,,,4:59.20,,,,,2:52.82,,,6.91,10.86 (3.9),22.15 (1.2),,49.90,"46.13m 151' 4""","7.05m 23' 1.75""",,,8.21,,,"1.90m 6' 2.75""","12.60m 41' 4.25""",,5241,"4.10m 13' 5.25""",15.07 (-0.6),"36.80m 120' 9""",,,6744,,,,,,,,,,,6.57,,,,,,,,,,,,,,,,,,,,,,,,,,,,,,,,,,,,,,,,,,,,,,,,,,,,,,,,,,,,,,,,,,,,,,,,,,,,,,,,,,,,,
9001093,John Adesola,HOUSTON,,,,,,,,,,,,,,,,6.58,10.09 (2.1),,,,,,,,7.82,,,,,,,,13.26 (2.5),,,,,,,,,,,,,,,,,,,,,,,,,,,,,,,,,,,,,,,,,,,,,,,,,,,,,,,,,,,,,,,,,,,,,,,,,,,,,,,,,,,,,,,,,,,,,,,,,,,,
7975589,Simen Guttormsen,DUKE,,,,,,,,,,,,,,,,7.23,,,,,,,,,,,,,,,,"5.71m 18' 8.75""",,,,,,,,,,,,,,,,,,,,,,,,,,,,,,,,,,,,,,,,,,,,,,,,,,,,,,,,,,,,,,,,,,,,,,,,,,,,,,,,,,,,,,,,,,,,,,,,,,,,,
8235200,Aaliyah Butler,GEORGIA,,,,,,,,,,,,,,,,,,22.63 (1.2),36.85,49.26,,,,,,,,,,,,,,,,,,,,,,,,,,,,,,,,,,,,,,,,,,,,,,,,,,,,,,,,,,,,,,,,,,,,,,,,,,,,,,,,,,,,,,,,,,,,,,,,,,,,,,,,,,,,,,,,,
9237296,Merle Weber,SACRAMENTO ST.,f,,2:24.15,,,,,,,,,,,,,,,26.00 (0.7),,,"38.41m 126' 0""","5.58m 18' 3.75""",,,8.96,14.57 (0.9),,"1.68m 5' 6""","11.52m 37' 9.5""",3684,5227,,,,,,,,,,,,,,,,,,,,,,,,,,,,,,,,,,,,,,,,,,,,,,,,,,,,,,,,,,,,,,,,,,,,,,,,,,,,,,,,,,,,,,,,,,,,,,,,,,,,,,
9226487,Niko Schultz,PENN STATE,m,1:15.22,1:45.24,,,,,,,,,,2:28.04,,,,,,,47.91,,,,,,,,,,,,,,,,,,,,,,,,,,,,,,,,,,,,,,,,,,,,,,,,,,,,,,,,,,,,,,,,,,,,,,,,,,,,,,,,,,,,,,,,,,,,,,,,,,,,,,,,,,,,,,,,,
8321571,Reese Sanders,NOTRE DAME,f,1:35.23,2:12.52,,,,,,,,,,,,,7.97,,24.61 (0.4),39.73,54.68,,"5.16m 16' 11.25""",,,8.85,,58.27,"1.58m 5' 2.25""","11.74m 38' 6.25""",3654,,,,,,,,,1:14.61,,,,,,,,,,,,,,,,,,,,,,,,,,,,,,,,,,,,,,,,,,,,,,,,,,,,,,,,,,,,,,,,,,,,,,,,,,,,,,,,,,,,,,,,,,,,,,
8700012,Goodness Iredia,SOUTH FLORIDA,,,,,,,,,,,,,,,,,,,,,,"7.94m (1.2) 26' 0.75""","16.26m 53' 4.25""",,,,,"2.05m 6' 8.75""",,,,,,,,,,,,,,,,,,,,,,,,,,,,,,,,,,,,,,,,,,,,,,,,,,,,,,,,,,,,,,,,,,,,,,,,,,,,,,,,,,,,,,,,,,,,,,,,,,,,,,,,,
8351223,Canaan Fairley,ABILENE CHRISTIAN,m,,,,,,,4:24.42,,,,,2:43.82,,,6.83,10.53 (2.3),,,48.66,"45.63m 149' 8""","7.05m (+0.0) 23' 1.75""",,,7.99,,,"2.05m 6' 8.75""","12.39m 40' 7.75""",,5532,"4.30m 14' 1.25""",14.14 (3.3),"38.93m 127' 9""",,,7566,,,,,,,,,,,,,,,,,,,,,,,,,,,,,,,,,,,,,,,,,,,,,,,,,,,,,,,,,,,,,,,,,,,,,,,,,,,,,,,,,,,,,,,,,,,,,,,,
8976272,Emily Romano,HIGH POINT,f,,,,,,,,,,,,,,,,,,,,,,,,,,,,,,,"4.24m 13' 11""",,,,,,,,,,,,,,,,,,,,,,,,,,,,,,,,,,,,,,,,,,,,,,,,,,,,,,,,,,,,,,,,,,,,,,,,,,,,,,,,,,,,,,,,,,,,,,,,,,,,,
8979312,Marquis White,HAMPTON,m,,,,,,,,,,,,,,,,,,,,,"7.69m (+0.0) 25' 2.75""","14.92m (+0.0) 48' 11.5""",,,,,,,,,,,,,,,,,,,,,,,,,,,,,,,,,,,,,,,,,,,,,,,,,,,,,,,,,,,,,,,,,,,,,,,,,,,,,,,,,,,,,,,,,,,,,,,,,,,,,,,,,,,,,,
8996319,Karynne David,IOWA STATE,f,,,,,,,,,,,,,,,7.82,12.03 (1.5),23.90 (1.7),39.11,54.96,,,,,,,,,,,,,,,,,,,,,,,,,,,,,,,,,,,,,,,,,,,,,,,,,,,,,,,,,,,,,,,,,,,,,,,,,,,,,,,,,,,,,,,,,,,,,,,,,,,,,,,,,,,,,,,,,
9011656,Dorian Charles,KANSAS STATE,m,,,,,,,4:49.55,,,,,2:44.39,,,7.04,10.76 (4.7),,,48.87,"68.15m 223' 7""","7.14m (2.5) 23' 5.25""",,,7.94,,,"1.94m 6' 4.25""","13.62m 44' 8.25""",,5698,"4.55m 14' 11""",14.10 (2.5),"43.62m 143' 1""",,,7748,,,,,,,,,,,,,,,,,,,,,,,,,,,,,,,,,,,,,,,,,,,,,,,,,,,,,,,,,,,,,,,,,,,,,,,,,,,,,,,,,,,,,,,,,,,,,,,,
7728786,Zoe Burleson,TEXAS TECH,,,,,,,,,,,,,,,,,,,,,,,,,,,,,"15.95m 52' 4""",,,,,"59.49m 195' 2""","48.44m 158' 11""","16.65m 54' 7.5""",,,,,,,,,,,,,,,,,,,,,,,,,,,,,,,,,,,,,,,,,,,,,,,,,,,,,,,,,,,,,,,,,,,,,,,,,,,,,,,,,,,,,,,,,,,,,,,,,
8673561,Maddie Roberts,MEMPHIS,f,,,,,,,,,,,,,,,,,,,,"49.63m 162' 10""",,,,,,,,,,,,,,,,,,,,,,,,,,,,,,,,,,,,,,,,,,,,,,,,,,,,,,,,,,,,,,,,,,,,,,,,,,,,,,,,,,,,,,,,,,,,,,,,,,,,,,,,,,,,,,,,
7916232,Christian Jackson,VIRGINIA TECH,m,1:17.64,1:44.83,4:12.61,,18:31.5,,3:41.53,,,,,2:22.30,,,,,,,49.34,,,,,,,,,,,,,,,,,,,,,,,,,,,,,,,,,,,,,,,,,,,,,,,,,,,,,,,,,,,,,,,,,,,,,,,,,,,,,,,,,,,,,,,,,,,,,,,,,,,,,,,,,,,,,,,,,
8676763,Ava Washburn,WASHINGTON,f,,2:27.62,,,,,,,,,,,,,,,26.14 (0.4),,,,"6.30m (0.1) 20' 8""","12.72m (3.3) 41' 8.75""",,9.18,15.15 (1.1),,"1.49m 4' 10.5""","8.97m 29' 5.25""",3446,,,,,,,,,,,,,,,,,,,,,,,,,,,,,,,,,,,,,,,,,,,,,,,,,,,,,,,,,,,,,,,,,,,,,,,,,,,,,,,,,,,,,,,,,,,,,,,,,,,,,,,
7986734,Jayla Jamison,SOUTH CAROLINA,,,,,,,,,,,,,,,,7.23,11.11 (4.1),22.26 (1.0),37.22,,,"5.86m 19' 2.75""",,,,,,,,,,,,,,,,,,,,,,,,,,,,,,,,,,,,,,,,,,,,,,,,,,,,,,,,,,,,,,,,,,,,,,,,,,,,,,,,,,,,,,,,,,,,,,,,,,,,,,,,,,,,,,,
8667522,Katelynn Smith,FLORIDA A&M,f,,,,,,,,,,,,,,,,,25.01,39.95,57.01,,,,,8.49,13.42 (1.0),57.59,,,,,,,,,,,,,,,,,,,,,,,,,,,,,,,,,,,,,,,,,,,,,,,,,,,,,,,,,,,,,,,,,,,,,,,,,,,,,,,,,,,,,,,,,,,,,,,,,,,,,,,,,,
6984258,Rachel Hagans,MURRAY STATE,,,,,,,,,,,,,,,,7.55,11.63 (3.9),23.70 (-0.4),40.18,1:00.07,,"6.59m (0.9) 21' 7.5""",,,,,,,,,,,,,,,,,,,,,,,,,,,,,,,,,,,,,,,,,,,,,,,,,,,,,,,,,,,,,,,,,,,,,,,,,,,,,,,,,,,,,,,,,,,,,,,,,,,,,,,,,,,,,,,
8317286,Tessa Mudd,PRINCETON,f,,,,,,,,,,,,,,,7.92,12.55 (0.1),,,,,,,,,,,,,,,"4.41m 14' 5.5""",,,,,,,,,,,,,,,,,,,,,,,,,,,,,,,,,,,,,,,,,,,,,,,,,,,,,,,,,,,,,,,,,,,,,,,,,,,,,,,,,,,,,,,,,,,,,,,,,,,,,
7968968,Christian Hicks,LIBERTY,m,,,,,,,,,,,,,,,,,,,,,,,,,,,,"18.06m 59' 3""",,,,,"59.31m 194' 7""","54.51m 178' 10""","19.75m 64' 9.75""",,,,,,,,,,,,,,,,,,,,,,,,,,,,,,,,,,,,,,,,,,,,,,,,,,,,,,,,,,,,,,,,,,,,,,,,,,,,,,,,,,,,,,,,,,,,,,,,,
8365156,Keayla Dove,HOUSTON,,,,,,,,,,,,,,,,,,,,,,,,,,,,,"19.46m 63' 10.25""",,,,,"46.64m 153' 0""",,"16.21m 53' 2.25""",,,,,,,,,,,,,,,,,,,,,,,,,,,,,,,,,,,,,,,,,,,,,,,,,,,,,,,,,,,,,,,,,,,,,,,,,,,,,,,,,,,,,,,,,,,,,,,,,
8435870,Finn Andrews,UC SANTA BARBARA,m,,,,,,,,,,,,,,,,10.69 (0.2),21.16 (0.1),,48.02,,,,,8.73,,49.78,,,,,,14.33 (1.1),,,,,,,,,,,,,,,,,,,,,,,,,,,,,,,,,,,,,,,,,,,,,,,,,,,,,,,,,,,,,,,,,,,,,,,,,,,,,,,,,,,,,,,,,,,,,,,,,,,,
8318036,Max Klein,DARTMOUTH,m,,,,,,,,,,,,,,,,,,,,,,,,,,,,"18.28m 59' 11.75""",,,,,"41.71m 136' 10""",,"11.17m 36' 7.75""",,,,,,,,,,,,,,,,,,,,,,,,,,,,,,,,,,,,,,,,,,,,,,,,,,,,,,,,,,,,,,,,,,,,,,,,,,,,,,,,,,,,,,,,,,,,,,,,,
8257715,William Zegarski,BUTLER,m,,,,,,,,13:33.23,,22:59.9,29:09.8,,7:59.68,,,,,,,,,,28:28.18,,,,,,,,,,,,,,,,,,,,,,,,,,,,25:09.6,,,,,,,,,,,,,,,,,,,,,,,,,,,,,,,,,,,,,,,,,,,,,,,,,,,,,,,,,,,,,,,,,,,,,,,,,,,,,,,,,
7480316,Jordan Johnson,IOWA,,,,,,,,,,,,,,,,,,,,,,,,,,,,,"17.55m 57' 7""",,,,,"59.52m 195' 3""","58.08m 190' 7""","20.06m 65' 9.75""",,,,,,,,,,,,,,,,,,,,,,,,,,,,,,,,,,,,,,,,,,,,,,,,,,,,,,,,,,,,,,,,,,,,,,,,,,,,,,,,,,,,,,,,,,,,,,,,,
7039313,Cass Elliott,WASHINGTON,,1:16.51,1:46.76,,,,,,,,,,,,,,,,,47.94,,,,,,,49.26,,,,,,,,,,,,,,,,,,,,,,,,,,,,,,,,,,,,,,,,,,,,,,,,,,,,,,,,,,,,,,,,,,,,,,,,,,,,,,,,,,,,,,,,,,,,,,,,,,,,,,,,,,
8267659,Freddy Collins,BOSTON UNIVERSITY,m,,1:57.58,3:59.59,,,,3:46.33,13:40.21,,23:54.7,30:17.0,,7:49.90,,,,37.01,,1:08.68,,,,30:12.28,,,,,,,,,,,,,,,,,,,,,,,,,,,,,,,,,,,,,,,,,,,,,,,,,,,,,,,,,,,,,,,,,,,,,,,25:09.4,,,,,,,,,,,,,,,,,,,,,,,,,,,,,,,,,,,,,,
8010900,Vanessa Watson,FLORIDA,,1:30.52,2:05.33,,,,,,,,,,,,,,,,,54.90,,,,,,,55.59,,,,,,,,,,,,1:15.02,,,,,,,,,,,,,,,,,,,,,,,,,,,,,,,,,,,,,,,,,,,,,,,,,,,,,,,,,,,,,,,,,,,,,,,,,,,,,,,,,,,,,,,,,,,,,,
7184209,Cameron Bates,BYU,,,,,,,,,,,,,,,,,,,,,"77.17m 253' 2""",,,,,,,,,,,,,,,,,,,,,,,,,,,,,,,,,,,,,,,,,,,,,,,,,,,,,,,,,,,,,,,,,,,,,,,,,,,,,,,,,,,,,,,,,,,,,,,,,,,,,,,,,,,,,,,,
8860314,Victoria Cameron,TARLETON STATE,f,,,,,,,,,,,,,,,7.08,11.00 (2.1),22.51 (2.8),,,,,,,,,,,,,,,,,,,,,,,,,,,,,,,,,,,,,,,,,,,,,,,,,,,,,,,,,,,,,,,,,,,,,,,,,,,,,,,,,,,,,,,,,,,,,,,,,,,,,,,,,,,,,,,,,,,
8732749,Zander Cruzan,ARKANSAS,m,,,,,,,,,,,,,,,6.95,10.60 (-0.8),21.03 (1.1),,45.61,,,,,,,,,,,,,,,,,,,,,,,,,,,,,,,,,,,,,,,,,,,,,,,,,,,,,,,,,,,,,,,,,,,,,,,,,,,,,,,,,,,,,,,,,,,,,,,,,,,,,,,,,,,,,,,,,
8324159,Liam Mcgovern,NEW HAMPSHIRE,m,,,,,,,,,,,,,,,,,,,,,,,,,,,,,,,,,,"66.60m 218' 6""","20.46m 67' 1.5""",,,,,,,,,,,,,,,,,,,,,,,,,,,,,,,,,,,,,,,,,,,,,,,,,,,,,,,,,,,,,,,,,,,,,,,,,,,,,,,,,,,,,,,,,,,,,,,,,
9185837,Isabel Conde De Frankenberg,TEXAS,f,1:37.60,2:04.95,4:41.77,16:51.2,21:36.6,,4:12.97,,,,,,,,,,,,,,,,,,,,,,,,,,,,,,,,,,,,,,,,,,,,,,,,,,,,,,,,,,,,,,,,,,,,,,,,,,,,,,,,,,,,,,,,,,,,,,,,,,,,,,,,,,,,,,,,,,,,,,,,,,,,,
8325461,Neya Jamison,COLORADO ST.,f,,,,,,,,,,,,,,,,,25.63,,55.20,,,,,8.26,13.31 (1.5),57.02,,,,,,,,,,,,,,,,,,,,,7.11,,,7.95,,,,,,,,,,,,,,,,,,,,,,,,,,,,,,,,,,,,,,,,,,,,,,,,,,,,,,,,,,,,,,,,,,,,,,,,,,,,,,,,,,
7980875,Dylan Terryberry,MICHIGAN STATE,m,,,,,,,4:41.70,,,,,2:46.05,,,7.05,11.03 (3.5),,,50.99,"62.06m 203' 7""","7.10m 23' 3.5""",,,8.37,,,"1.92m 6' 3.5""","14.33m 47' 0.25""",,5406,"4.20m 13' 9.25""",15.23 (1.3),"44.25m 145' 2""",,,7425,,,,,,,,,,,,,,,,,,,,,,,,,,,,,,,,,,,,,,,,,,,,,,,,,,,,,,,,,,,,,,,,,,,,,,,,,,,,,,,,,,,,,,,,,,,,,,,,
9259870,Silas Zimmerman,BYU,m,,,,,,,,,,,,,,,,,,,,,,,,,,,,,,,"5.23m 17' 1.75""",,,,,,,,,,,,,,,,,,,,,,,,,,,,,,,,,,,,,,,,,,,,,,,,,,,,,,,,,,,,,,,,,,,,,,,,,,,,,,,,,,,,,,,,,,,,,,,,,,,,,
8362410,Hawkin Miller,CAL ST. FULLERTON,m,,,,,,,,,,,,,,,,,,,,,,,,,,,,"18.68m 61' 3.5""",,,,,"47.00m 154' 2""","60.36m 198' 0""","19.00m 62' 4""",,,,,,,,,,,,,,,,,,,,,,,,,,,,,,,,,,,,,,,,,,,,,,,,,,,,,,,,,,,,,,,,,,,,,,,,,,,,,,,,,,,,,,,,,,,,,,,,,
9245150,Nellie Wartanian,TARLETON STATE,f,,,,,,,,,,,,,,,7.43,11.52 (1.8),23.79 (+0.0),,,,,,,,,,,,,,,,,,,,,,,,,,,,,,,,,,,,,,,,,,,,,,,,,,,,,,,,,,,,,,,,,,,,,,,,,,,,,,,,,,,,,,,,,,,,,,,,,,,,,,,,,,,,,,,,,,,
8338253,Nikolas Iwankiw,CALIFORNIA,m,,,,,,,,,,,,,,,,,,,,,,,,,,,,"18.58m 60' 11.5""",,,,,"54.31m 178' 2""",,,,,,,,,,,,,,,,,,,,,,,,,,,,,,,,,,,,,,,,,,,,,,,,,,,,,,,,,,,,,,,,,,,,,,,,,,,,,,,,,,,,,,,,,,,,,,,,,,,
9272223,Luuk Pelkmans,ILLINOIS,m,,,,,,,4:21.58,,,,,2:34.05,,,7.12,10.97 (0.6),,,48.85,"55.48m 182' 0""","7.52m 24' 8.25""",,,8.07,,,"2.09m 6' 10.25""","15.70m 51' 6.25""",,6127,"4.90m 16' 0.75""",14.20 (-0.4),"43.53m 142' 10""",,,8004,,,,,,,,,,,,,,,,,,,,,,,,,,,,,,,,,,,,,,,,,,,,,,,,,,,,,,,,,,,,,,,,,,,,,,,,,,,,,,,,,,,,,,,,,,,,,,,,
8962362,Joshua Powell,GARDNER-WEBB,m,,,,,,,,,,,,,,,,10.59 (2.0),,,,,"7.70m (+0.0) 25' 3.25""","14.11m 46' 3.5""",,,,,,,,,,,,,,,,,,,,,,,,,,,,,,,,,,,,,,,,,,,,,,,,,,,,,,,,,,,,,,,,,,,,,,,,,,,,,,,,,,,,,,,,,,,,,,,,,,,,,,,,,,,,,,
9267888,Lucas Toernstroem,OHIO STATE,m,1:20.65,,,,,,,,,,,,,,,,,,48.11,,,,,,,53.05,,,,,,,,,,,,,,,1:10.66,,,,,,,,,,,,,,,,,,,,,,,,,,,,,,,,,,,,,,,,,,,,,,,,,,,,,,,,,,,,,,,,,,,,,,,,,,,,,,,,,,,,,,,,,,,
8976264,Moriah Evans,HIGH POINT,f,,,,,,,,,,,,,,,,,,,,"48.60m 159' 5""",,,,,,,,,,,,,,,,,,,,,,,,,,,,,,,,,,,,,,,,,,,,,,,,,,,,,,,,,,,,,,,,,,,,,,,,,,,,,,,,,,,,,,,,,,,,,,,,,,,,,,,,,,,,,,,,
8986899,Malak Rashwan,TARLETON STATE,f,,2:31.95,,,,,,,,,,,,,,12.21 (1.2),24.08 (4.3),,,"34.40m 112' 10""","5.66m (0.4) 18' 7""",,,8.29,13.29 (2.4),1:06.02,"1.53m 5' 0.25""","11.62m 38' 1.5""",3553,4893,,,,,,,,,,,1:33.43,,,,,,,,,,,,,,,,,,,,,,,,,,,,,,,,,,,,,,,,,,,,,,,,,,,,,,,,,,,,,,,,,,,,,,,,,,,,,,,,,,,,,,,,,,,
7733719,Beau Backes,LIBERTY,m,,,,,,,,,,,,,,,,,,,,,,,,,,,,"16.46m 54' 0""",,,,,"55.48m 182' 0""","51.95m 170' 5""","17.58m 57' 8.25""",,,,,,,,,,,,,,,,,,,,,,,,,,,,,,,,,,,,,,,,,,,,,,,,,,,,,,,,,,,,,,,,,,,,,,,,,,,,,,,,,,,,,,,,,,,,,,,,,
8694273,Jade Brown,FLORIDA,f,,,,,,,,,,,,,,,7.23,11.05 (2.2),23.25 (+0.0),,,,,,,,,,,,,,,,,,,,,,,,,,,,,,,,,,,,,,,,,,,,,,,,,,,,,,,,,,,,,,,,,,,,,,,,,,,,,,,,,,,,,,,,,,,,,,,,,,,,,,,,,,,,,,,,,,,
8353875,Rosa Santana,FLORIDA,,,,,,,,,,,,,,,,,,,,,,,,,,,,,"18.43m 60' 5.75""",,,,,"48.37m 158' 8""",,,,,,,,,,,,,,,,,,,,,,,,,,,,,,,,,,,,,,,,,,,,,,,,,,,,,,,,,,,,,,,,,,,,,,,,,,,,,,,,,,,,,,,,,,,,,,,,,,,
8343526,William Jones,USC,,1:15.19,1:56.12,,,,,,,,,,,,,,,21.41 (+0.0),,44.65,,,,,,,,,,,,,,,,,,,,,,1:07.52,,,,,,,,,,,,,,,,,,,,,,,,,,,,,,,,,,,,,,,,,,,,,,,,,,,,,,,,,,,,,,,,,,,,,,,,,,,,,,,,,,,,,,,,,,,
8935128,Naiara Garcia Moreno,ST. JOHN'S,f,,2:02.94,4:52.07,17:47.5,22:19.6,,4:18.75,,,,,2:44.63,,,,,,,,,,,,,,,,,,,,,,,,,,1:16.78,,,,,,,,,,,,,,,,,,,,,,,,,,,,,,,,,,,,,,,,,,,,,,,,,,,,,,,,,,,,,,,,,,,,,,,,,,,,,,,,,,,,,,,,,,,,,,
8329383,Julia Matthews,NORTH DAKOTA,f,,,,,,,,,,,,,,,,,,,,,,,,,,,,"14.43m 47' 4.25""",,,,,"38.51m 126' 4""","58.27m 191' 2""","19.91m 65' 4""",,,,,,,,,,,,,,,,,,,,,,,,,,,,,,,,,,,,,,,,,,,,,,,,,,,,,,,,,,,,,,,,,,,,,,,,,,,,,,,,,,,,,,,,,,,,,,,,,
9242154,Teague Marzetta,CSU BAKERSFIELD,f,,,,,,,,,,,,,,,7.72,12.06 (1.9),24.76 (0.3),,,,,,,,,,,,,,,,,,,,,,,,,,,,,,,,,,,,,,,,,,,,,,,,,,,,,,,,,,,,,,,,,,,,,,,,,,,,,,,,,,,,,,,,,,,,,,,,,,,,,,,,,,,,,,,,,,,
8909417,Tyhra Charles,LOUISIANA TECH,f,,,,,,,,,,,,,,,,11.82 (2.8),23.46 (1.8),,53.30,,,,,,,,,,,,,,,,,,,,,,,,,,,,,,,,,,,,,,,,,,,,,,,,,,,,,,,,,,,,,,,,,,,,,,,,,,,,,,,,,,,,,,,,,,,,,,,,,,,,,,,,,,,,,,,,,
8979345,Beau Karst,SOUTH DAKOTA,m,,,,,,,,,,,,,,,,,,,,,,,,,,,,,,,"5.46m 17' 11""",,,,,,,,,,,,,,,,,,,,,,,,,,,,,,,,,,,,,,,,,,,,,,,,,,,,,,,,,,,,,,,,,,,,,,,,,,,,,,,,,,,,,,,,,,,,,,,,,,,,,
8684048,Marta Amani,HARVARD,f,,,,,,,,,,,,,,,7.91,,24.47 (1.3),39.37,53.69,,"6.36m (1.1) 20' 10.5""",,,,,,,,,,,,,,,,,,,,,,,,,,,,,,,,,,,,,,,,,,,,,,,,,,,,,,,,,,,,,,,,,,,,,,,,,,,,,,,,,,,,,,,,,,,,,,,,,,,,,,,,,,,,,,,
8235187,Christopher Morales Williams,GEORGIA,,,,,,,,,,,,,,,,,,20.87 (4.5),32.47,44.05,,,,,,,,,,,,,,,,,,,,,,,,,,,,,,,,,,,,,,,,,,,,,,,,,,,,,,,,,,,,,,,,,,,,,,,,,,,,,,,,,,,,,,,,,,,,,,,,,,,,,,,,,,,,,,,,,
7903572,Imogen Gardiner,BOSTON COLLEGE,f,,,4:30.28,,19:51.6,,4:10.61,15:40.39,,,,,8:54.99,,,,,,,,,,,,,,,,,,,,,,,,,,,,,,,,,,,,,,,,,,,,,,,,,,,,,,,,,,,,,,,,,,,,,,,,,,,,,,,,,,,,,,,,,,,,,,,,,,,,,,,,,,,,,,,,,,,,,,,
7896114,Ryker Holtzen,WYOMING,m,,,4:01.24,15:20.2,,,3:49.98,13:38.40,8:34.06,23:00.5,29:38.7,,7:55.27,,,,,,,,,,,,,,,,,,,,,,,,,,,,,,,,,,,,,,,,,,,,,,,,,,,,,,,,,,,,,,,,,,,,,,,,,,,,,,,,,,,,,,,,,,,,,,,,,,,,,,,,,,,,,,,,,,,,,,,
9246951,Iana Ahetz-Etcheber,TEXAS,f,,2:15.48,,,,,,,,,,,,,,,25.06 (1.8),,,"37.70m 123' 8""","5.78m (0.9) 18' 11.75""",,,8.86,14.12 (2.3),,"1.73m 5' 8""","10.14m 33' 3.25""",3862,5348,,,,,,,,,,,1:25.41,,,,,,,,,,,,,,,,,,,,,,,,,,,,,,,,,,,,,,,,,,,,,,,,,,,,,,,,,,,,,,,,,,,,,,,,,,,,,,,,,,,,,,,,,,,
7983977,Annika Kinley,CINCINNATI,f,,2:40.02,,,,,,,,,,,,,,,,,1:00.86,,"4.89m 16' 0.5""",,,10.10,,,"1.85m 6' 0.75""","8.69m 28' 6.25""",3193,,,,,,,,,,,,,,,,,,,,,,,,,,,,,,,,,,,,,,,,,,,,,,,,,,,,,,,,,,,,,,,,,,,,,,,,,,,,,,,,,,,,,,,,,,,,,,,,,,,,,,,
7977799,Betty Rosvold,IOWA STATE,f,,,,,,,,,,,,,,,,,,,,,,,,,,,,"14.72m 48' 3.5""",,,,,"54.91m 180' 2""",,"16.93m 55' 6.5""",,,,,,,,,,,,,,,,,,,,,,,,,,,,,,,,,,,,,,,,,,,,,,,,,,,,,,,,,,,,,,,,,,,,,,,,,,,,,,,,,,,,,,,,,,,,,,,,,
8318061,Jamarion Stubbs,ARKANSAS,m,,,,,,,,,,,,,,,6.57,10.07 (0.7),19.95 (1.4),33.25,46.31,,,,,,,,,,,,,,,,,,,,,,,,,,,,,,,,,,,,,,,,,,,,,,,,,,,,,,,,,,,,,,,,,,,,,,,,,,,,,,,,,,,,,,,,,,,,,,,,,,,,,,,,,,,,,,,,,
7028105,Mayson Conner,NEBRASKA,,,,,,,,,,,,,,,,,,,,,,,,,,,,"2.24m 7' 4.25""",,,,,,,,,,,,,,,,,,,,,,,,,,,,,,,,,,,,,,,,,,,,,,,,,,,,,,,,,,,,,,,,,,,,,,,,,,,,,,,,,,,,,,,,,,,,,,,,,,,,,,,,,
7736370,Donald Hatfield Jackson,SE MISSOURI,,,,,,,,,,,,,,,,,11.34 (1.5),,,,,"7.98m (0.4) 26' 2.25""","15.21m (+0.0) 49' 11""",,,,,"2.19m 7' 2.25""",,,,,,,,,,,,,,,,,,,,6.70,,,,,,,,,,,,,,,,,,,,,,,,,,,,,,,,,,,,,,,,,,,,,,,,,,,,,,,,,,,,,,,,,,,,,,,,,,,,,,,,,,,,,
7990988,Chloe Greene,CHARLESTON SOUTHERN,f,1:34.00,2:13.74,,,,,,,,,,,,,,,25.12 (2.0),,,"46.34m 152' 0""","5.99m (2.9) 19' 8""","11.64m 38' 2.25""",,8.78,13.78 (1.6),59.94,"1.63m 5' 4.25""","10.51m 34' 5.75""",3725,5603,,,,,,,,,,,,,,,,,,,,,,,,,,,,,,,,,,,,,,,,,,,,,,,,,,,,,,,,,,,,,,,,,,,,,,,,,,,,,,,,,,,,,,,,,,,,,,,,,,,,,,
8973174,Mason Page,OKLAHOMA STATE,m,1:18.93,1:49.87,,,,,,,,,,,,,,,,,45.82,,,,,,,,,,,,,,,,,,,,,,1:08.25,,,,,,,,,,,,,,,,,,,,,,,,,,,,,,,,,,,,,,,,,,,,,,,,,,,,,,,,,,,,,,,,,,,,,,,,,,,,,,,,,,,,,,,,,,,
9257090,Coy Hyre,KENTUCKY,m,,,,,,,,,,,,,,,6.74,10.31 (4.3),21.44 (1.5),,48.00,,,,,,,,,,,,,,,,,,,,,,,,,,,,,,,,,,,,,,,,,,,,,,,,,,,,,,,,,,,,,,,,,,,,,,,,,,,,,,,,,,,,,,,,,,,,,,,,,,,,,,,,,,,,,,,,,
9262274,Nathan Wade,ULM,m,,,,,,,,,,,,,,,,,,,,,"7.76m (3.4) 25' 5.5""","15.13m (3.5) 49' 7.75""",,,,,,,,,,,,,,,,,,,,,,,,,,,,,,,,,,,,,,,,,,,,,,,,,,,,,,,,,,,,,,,,,,,,,,,,,,,,,,,,,,,,,,,,,,,,,,,,,,,,,,,,,,,,,,
8983320,Suzie Kennelly,VIRGINIA,f,,,,,,,,,,,,,,,,,,,,,,,,,,,,"15.34m 50' 4""",,,,,"51.74m 169' 9""",,,,,,,,,,,,,,,,,,,,,,,,,,,,,,,,,,,,,,,,,,,,,,,,,,,,,,,,,,,,,,,,,,,,,,,,,,,,,,,,,,,,,,,,,,,,,,,,,,,
8668116,Nen Matlock,KANSAS STATE,m,,,,,,,,,,,,,,,6.95,,21.53 (0.2),33.11,46.14,,,,,,,,,,,,,,,,,,,,,,1:09.48,,,,,,,,,,,,,,,,,,,,,,,,,,,,,,,,,,,,,,,,,,,,,,,,,,,,,,,,,,,,,,,,,,,,,,,,,,,,,,,,,,,,,,,,,,,
8581835,Georgia Scott,TCU,f,,2:01.54,4:37.22,19:14.7,,,4:09.85,,,,,2:55.55,,,,,,,,,,,,,,,,,,,,,,,,,,,,,,,,,,,,,,,,,,,,19:36.2,,,,,,,,,,,,,,,,,,,,,20:06.5,,,,,,,,,,,,,,,,,,,,,,,,,,,,,,,,,,,,,,,,,,,,,,,,,,,,,,,
8588317,Petros Sanchez,MIAMI (OHIO),m,,,,15:20.4,,,3:59.25,14:16.41,8:45.20,23:54.1,31:42.7,,8:19.62,,,,,,,,,,,,,,,,,,,,,,,,,,,,,,,,,,,,,,,,,,,,,,,,,,,,,,,,,,,,,,,,,,,,,,,,,,,,,,,,,,,,,,,,,,,,,,,,,,,,,,,,,,,,,,,,,,,,,,,
9010786,Jaden Lippett,FLORIDA,m,,,,,,,,,,,,,,,,,,,,,,"16.01m (-0.2) 52' 6.5""",,,,,,,,,,,,,,,,,,,,,,,,,,,,,,,,,,,,,,,,,,,,,,,,,,,,,,,,,,,,,,,,,,,,,,,,,,,,,,,,,,,,,,,,,,,,,,,,,,,,,,,,,,,,,,
8373743,Tara Wyllie,HAWAII,f,,,,,,,,,,,,,,,7.88,12.64 (1.2),25.09 (1.4),,,,"5.59m (0.4) 18' 4.25""","13.08m 42' 11""",,8.57,14.10 (1.2),,,,,,,,,,,,,,,,,,,,,,,,,,,,,,,,,,,,,,,,,,,,,,,,,,,,,,,,,,,,,,,,,,,,,,,,,,,,,,,,,,,,,,,,,,,,,,,,,,,,,,,,,,,
8006616,Alyssa Elliott,CONNECTICUT,f,1:34.18,2:13.30,,,,,,,,,,,,,,12.67 (2.6),25.31 (1.0),,,"38.44m 126' 1""","5.72m 18' 9.25""",,,8.91,14.24 (0.2),1:03.37,"1.63m 5' 4.25""","11.99m 39' 4""",3898,5298,,,,,,,,,,,,,,,,,,,,,,,,,,,,,,,,,,,,,,,,,,,,,,,,,,,,,,,,,,,,,,,,,,,,,,,,,,,,,,,,,,,,,,,,,,,,,,,,,,,,,,
9239363,Reuben Reina,WASHINGTON,m,,1:49.97,3:52.37,15:03.1,,,3:36.48,13:33.54,,23:01.1,29:57.5,2:26.23,7:42.02,,,,,,,,,,,,,,,,,,,,,,,,,,,,,,,,,,,,,,,,,,,,,,,,,,,,,,,,,,,,,,,,,,,,,,,,,,,,,,,,,,,,,,,,,,,,,,,,,,,,,,,,,,,,,,,,,,,,,,,
8671788,Conor Morin,MAINE,m,,,,,,,,,,,,,,,,,,,,,"7.01m (3.2) 23' 0""","15.43m (2.0) 50' 7.5""",,,,,"1.94m 6' 4.25""",,,,,,,,,,,,,,,,,,,,,,,,,,,,,,,,,,,,,,,,,,,,,,,,,,,,,,,,,,,,,,,,,,,,,,,,,,,,,,,,,,,,,,,,,,,,,,,,,,,,,,,,,
7416005,Charles Hicks,STANFORD,,,,4:10.53,,,,3:43.59,13:22.05,,22:30.9,28:22.6,,7:43.84,,,,,,,,,,27:40.16,,,,,,,,,,,,,,,,,,,,,,,,,,,,,,,,,,,,,,,,,,,,,,,,,,,,,,,,,,,,,,,,,,,,,,,,,,,,,,,,,,,,,,,,,,,,,,,,,,,,,,,,,,,,,
8283675,Amiyah Norwood,OKLAHOMA,f,,,,,,,,,,,,,,,,,,,,"49.21m 161' 5""",,,,,,,,"13.31m 43' 8""",,,,,"44.96m 147' 6""",,,,,,,,,,,,,,,,,,,,,,,,,,,,,,,,,,,,,,,,,,,,,,,,,,,,,,,,,,,,,,,,,,,,,,,,,,,,,,,,,,,,,,,,,,,,,,,,,,,
8967072,Ja'Mari Manson,DELAWARE STATE,m,,,,,,,,,,,,,,,,,25.16,,54.33,,"6.48m 21' 3.25""",,,,,,"2.15m 7' 0.5""",,,,,,,,,,,,,,,,,,,,,,,,,,,,,,,,,,,,,,,,,,,,,,,,,,,,,,,,,,,,,,,,,,,,,,,,,,,,,,,,,,,,,,,,,,,,,,,,,,,,,,,,,
7897990,Mia Bergman,LIPSCOMB,f,,2:12.84,4:43.54,16:24.0,20:13.4,,4:25.23,16:17.54,,,,,9:25.36,,,,,,,,,,33:47.25,,,,,,,,,,,,,,,,,,,,,,,,,,,,,,,,,,,,,,,,,,,,,,,,,,,,,,,,,,,,,,,,,,,,,,,,,,,,,,,,,,,,,,,,,,,,,,,,,,,,,,,,,,,,,
8699945,Trey Knight,CSUN,,,,,,,,,,,,,,,,,,,,,,,,,,,,,"16.94m 55' 7""",,,,,,"77.91m 255' 7""","24.87m 81' 7.25""",,,,,,,,,,,,,,,,,,,,,,,,,,,,,,,,,,,,,,,,,,,,,,,,,,,,,,,,,,,,,,,,,,,,,,,,,,,,,,,,,,,,,,,,,,,,,,,,,
7984924,Henry Kiner,ARKANSAS,m,,,,,,,,,,,,,,,6.92,10.94 (0.1),22.05 (1.6),,,,"8.04m 26' 4.5""","16.41m (3.1) 53' 10.25""",,,,,,,,,,,,,,,,,,,,,,,,,,,,,,,,,,,,,,,,,,,,,,,,,,,,,,,,,,,,,,,,,,,,,,,,,,,,,,,,,,,,,,,,,,,,,,,,,,,,,,,,,,,,,,
8684033,Timi Esan,HARVARD,m,,,,,,,,,,,,,,,6.68,10.15 (3.4),20.94 (1.2),,,,,,,,,,,,,,,,,,,,,,,,,,,,,,,,,,,,,,,,,,,,,,,,,,,,,,,,,,,,,,,,,,,,,,,,,,,,,,,,,,,,,,,,,,,,,,,,,,,,,,,,,,,,,,,,,,,
9002113,Taylor Brown,ARIZONA STATE,f,1:30.30,2:05.91,,,,,,,,,,2:52.91,,,,,,,54.46,,,,,,,,,,,,,,,,,,,,,,1:20.54,,,,,,,,,,,,,,,,,,,,,,,,,,,,,,,,,,,,,,,,,,,,,,,,,,,,,,,,,,,,,,,,,,,,,,,,,,,,,,,,,,,,,,,,,,,
8997898,Selma Ims,UTSA,f,,,,,,,,,,,,,,,,,,,,,,,,8.41,13.08 (4.2),57.13,,,,,,,,,,,,,,,,,,,,,,,,,,,,,,,,,,,,,,,,,,,,,,,,,,,,,,,,,,,,,,,,,,,,,,,,,,,,,,,,,,,,,,,,,,,,,,,,,,,,,,,,,,
9278481,Joelle Trepagnier,USC,f,,,,,,,,,,,,,,,,,,,52.50,,,,,,,,,,,,,,,,,,,,,,,,,,,,,,,,,,,,,,,,,,,,,,,,,,,,,,,,,,,,,,,,,,,,,,,,,,,,,,,,,,,,,,,,,,,,,,,,,,,,,,,,,,,,,,,,,
9272576,Tyler Moore,NORTH TEXAS,m,,,,,,,,,,,,,,,,,22.39 (1.9),,48.46,"47.83m 156' 11""",,,,8.21,,50.46,,,,,,14.52 (4.5),,,,,,,,,,,,,,,,,,,,,,,,,,,,,,,,,,,,,,,,,,,,,,,,,,,,,,,,,,,,,,,,,,,,,,,,,,,,,,,,,,,,,,,,,,,,,,,,,,,,
9230705,Vaughn Devaughn Iii,IOWA,m,,,,,,,5:49.04,,,,,3:02.01,,,6.85,10.58 (1.1),21.06 (1.7),34.16,48.79,"28.38m 93' 1""","6.91m 22' 8""",,,7.68,,50.41,"1.94m 6' 4.25""","10.86m 35' 7.75""",,4480,"2.65m 8' 8.25""",13.43 (4.5),"21.91m 71' 10""",,,5681,,,,,,,,,,,,,,,,,,,,,,,,,,,,,,,,,,,,,,,,,,,,,,,,,,,,,,,,,,,,,,,,,,,,,,,,,,,,,,,,,,,,,,,,,,,,,,,,
8585677,Sarah Tait,WEST VIRGINIA,,,,4:33.91,17:12.0,19:58.9,,4:12.66,15:40.00,9:27.80,,,,8:59.73,,,,,,,,,,,,,,,,,,,,,,,,,,,,,,,,,,,,,,,,,,,,,,,,,,,,,,,,,,,,,,,,,,,,,,,,,,,,,,,,,,,,,,,,,,,,,,,,,,,,,,,,,,,,,,,,,,,,,,,
7722348,Austin Kresley,AUBURN,m,,,,,,,,,,,,,,,6.62,10.10 (1.0),20.07 (2.3),,,,,,,,,,,,,,,,,,,,,,,,,,,,,,,,,,,,,,,,,,,,,,,,,,,,,,,,,,,,,,,,,,,,,,,,,,,,,,,,,,,,,,,,,,,,,,,,,,,,,,,,,,,,,,,,,,,
8679005,Malachi Snow,TEXAS TECH,m,,,,,,,,,,,,,,,6.46,10.00 (2.6),20.63 (2.8),,,,,,,7.43,,,,,,,,13.08 (3.8),,,,,,,,,,,,,,,,,,,,,,,,,,,,,,,,,,,,,,,,,,,,,,,,,,,,,,,,,,,,,,,,,,,,,,,,,,,,,,,,,,,,,,,,,,,,,,,,,,,,
7687398,Trey Knight,USC,,,,,,,,,,,,,,,,,,,,,,,,,,,,,"17.20m 56' 5.25""",,,,,"46.09m 151' 2""","71.81m 235' 7""","22.15m 72' 8""",,,,,,,,,,,,,,,,,,,,,,,,,,,,,,,,,,,,,,,,,,,,,,,,,,,,,,,,,,,,,,,,,,,,,,,,,,,,,,,,,,,,,,,,,,,,,,,,,
9199091,Mary Ogwoka,TENNESSEE,f,,,4:33.60,,19:07.7,16:32.4,4:08.86,,,,,,,,,,,,,,,,,,,,,,,,,,,,,,,,,,,,,,,,,,,,,,,,,,,,,,,,,,,,,,,,,,,,,,,,,,,,,,,,,,,,,,,,,,,,,,,,,,,,,,,,,,,,,,,,,,,,,,,,,,,,,
8363942,Jevaughn Powell,FLORIDA,,,,,,,,,,,,,,,,,,20.28 (2.3),,44.54,,,,,,,,,,,,,,,,,,,,,,,,,,,,,,,,,,,,,,,,,,,,,,,,,,,,,,,,,,,,,,,,,,,,,,,,,,,,,,,,,,,,,,,,,,,,,,,,,,,,,,,,,,,,,,,,,
8317750,Joyasia Smith,CHARLOTTE,f,,,,,,,,,,,,,,,7.30,11.14 (-0.1),22.55 (0.5),,,,,,,,,,,,,,,,,,,,,,,,,,,,,,,,,,,,,,,,,,,,,,,,,,,,,,,,,,,,,,,,,,,,,,,,,,,,,,,,,,,,,,,,,,,,,,,,,,,,,,,,,,,,,,,,,,,
9281948,John Swabik,KANSAS,m,,,,,,,4:28.63,,,,,2:39.08,,,7.06,10.84 (3.5),,,49.24,"54.60m 179' 2""","7.54m (4.6) 24' 9""",,,8.06,,,"2.03m 6' 7.75""","13.69m 44' 11""",,5864,"4.83m 15' 10""",14.36 (3.6),"42.27m 138' 8""",,,7819,,,,,,,,,,,,,,,,,,,,,,,,,,,,,,,,,,,,,,,,,,,,,,,,,,,,,,,,,,,,,,,,,,,,,,,,,,,,,,,,,,,,,,,,,,,,,,,,
8341833,Bryson Williams,STEPHEN F. AUSTIN,m,,,,,,,,,,,,,,,7.02,,,,,,"7.51m 24' 7.75""","16.10m (0.3) 52' 10""",,,,,,,,,,,,,,,,,,,,,,,,,,,,,,,,,,,,,,,,,,,,,,,,,,,,,,,,,,,,,,,,,,,,,,,,,,,,,,,,,,,,,,,,,,,,,,,,,,,,,,,,,,,,,,
7729441,Tor Hotung-Davidsen,NORTHERN ARIZONA,m,,1:45.36,3:55.56,,20:57.8,,3:37.28,,,24:20.1,,,,,,,,,50.42,,,,,,,,,,,,,,,,,,,,,,,,,,,,,,,,,,,,,,,,,,,,,,,,,,,,,,,,,,,,,,,,,,,,,,,,,,,,,,,,,,,,,,,,,,,,,,,,,,,,,,,,,,,,,,,,,
9014028,Linkon Tyrrell,KENT STATE,m,,,,,,,4:53.89,,,,,2:59.79,,,7.32,11.23 (1.2),22.54 (1.3),,50.59,"55.84m 183' 2""","6.83m 22' 5""",,,8.28,,,"1.87m 6' 1.5""","13.50m 44' 3.5""",,4742,"4.12m 13' 6.25""",14.53 (2.4),"43.61m 143' 1""",,,7126,,,,,,,,,,,,,,,,,,,,,,,,,,,,,,,,,,,,,,,,,,,,,,,,,,,,,,,,,,,,,,,,,,,,,,,,,,,,,,,,,,,,,,,,,,,,,,,,
7777611,Eniko Sara,NEBRASKA,,,,,,,,,,,,,,,,,,,,,"55.78m 183' 0""",,,,,,,,,,,,,,,,,,,,,,,,,,,,,,,,,,,,,,,,,,,,,,,,,,,,,,,,,,,,,,,,,,,,,,,,,,,,,,,,,,,,,,,,,,,,,,,,,,,,,,,,,,,,,,,,
8358468,Jason Plumb,CALIFORNIA,m,,,,,,,,,,,,,,,6.94,10.81 (-0.9),,,,,"7.77m (1.5) 25' 6""",,,,,,,,,,,,,,,,,,,,,,,,,,,,,,,,,,,,,,,,,,,,,,,,,,,,,,,,,,,,,,,,,,,,,,,,,,,,,,,,,,,,,,,,,,,,,,,,,,,,,,,,,,,,,,,
8268216,Shadae Findley,UTSA,f,1:35.89,2:09.74,5:22.85,20:01.4,24:00.2,,5:01.99,,,,,,,,,,24.49 (3.0),,52.81,,,,,,,,,,,,,,,,,,,,,,1:25.23,,,,,,,,,,,,,,,,,,,,,,,,,,,,,,,,,,,,,,,,,,,,,,,,,,,,,,,,,,,,,,,,,,,,,,,,,,,,,,,,,,,,,,,,,,,
7979969,Ashley Anumba,VIRGINIA,,,,,,,,,,,,,,,,,,,,,,,,,,,,,"16.19m 53' 1.5""",,,,,"61.13m 200' 7""",,,,,,,,,,,,,,,,,,,,,,,,,,,,,,,,,,,,,,,,,,,,,,,,,,,,,,,,,,,,,,,,,,,,,,,,,,,,,,,,,,,,,,,,,,,,,,,,,,,
9194565,Bella Nelson,OKLAHOMA STATE,f,,2:10.65,4:46.97,,,,4:24.69,,10:15.34,,,2:49.17,,,,,,,,,,,,,,,,,,,,,,,,,,,,,,,,,,,,,,,,,,,,,,,,,,,,,,,,,,,,,,,,,,,,,,,,,,,,,,,,,,,,,,,,,,,,,,,,,,,,,,,,,,,,,,,,,,,,,,,,
8971427,Daniel Arana,RUTGERS,m,,,,,,,,,,,,,,,,,,,,,"7.23m (+0.0) 23' 8.75""","15.55m 51' 0.25""",,,,,,,,,,,,,,,,,,,,,,,,,,,,,,,,,,,,,,,,,,,,,,,,,,,,,,,,,,,,,,,,,,,,,,,,,,,,,,,,,,,,,,,,,,,,,,,,,,,,,,,,,,,,,,
8991389,Sean Donelson,COLORADO ST.,m,,,,,,,,,,,,,,,,,22.17,,46.93,,,,,,,,,,,,,,,,,,,,,,,,,,,,,,,,,,,,,,,,,,,,,,,,,,,,,,,,,,,,,,,,,,,,,,,,,,,,,,,,,,,,,,,,,,,,,,,,,,,,,,,,,,,,,,,,,
8019598,Nikita Moore,NORTHERN ARIZONA,f,,2:08.35,4:33.83,,,,4:18.62,15:53.08,10:02.27,,,,9:02.18,,,,,,,,,,,,,,,,,,,,,,,,,,,,,,,,,,,,,,,,,,,,,,,,,,,,,,,,,,,,,,,,,,,,,,,,,,,,,,,,,,,,,,,,,,,,,,,,,,,,,,,,,,,,,,,,,,,,,,,
9242206,Barry Alston,N. CAROLINA A&T,m,,,,,,,,,,,,,,,,,,,,"47.75m 156' 8""",,,,,,,,"15.05m 49' 4.5""",,,,,"55.58m 182' 4""",,"15.96m 52' 4.5""",,,,,,,,,,,,,,,,,,,,,,,,,,,,,,,,,,,,,,,,,,,,,,,,,,,,,,,,,,,,,,,,,,,,,,,,,,,,,,,,,,,,,,,,,,,,,,,,,
6551779,Jake Norris,LSU,,,,,,,,,,,,,,,,,,,,,,,,,,,,,,,,,,,"79.55m 261' 0""","21.92m 71' 11""",,,,,,,,,,,,,,,,,,,,,,,,,,,,,,,,,,,,,,,,,,,,,,,,,,,,,,,,,,,,,,,,,,,,,,,,,,,,,,,,,,,,,,,,,,,,,,,,,
8974330,Grant Holliday,CLEMSON,m,1:16.55,,,,,,,,,,,,,,,,20.71,32.64,45.49,,,,,,,,,,,,,,,,,,,,,,,,,,,,,,,,,,,,,,,,,,,,,,,,,,,,,,,,,,,,,,,,,,,,,,,,,,,,,,,,,,,,,,,,,,,,,,,,,,,,,,,,,,,,,,,,,
9399826,Sharifa Davronova,OREGON,f,,,,,,,,,,,,,,,,,,,,,"5.84m (0.1) 19' 2""","14.13m (1.1) 46' 4.25""",,,,,,,,,,,,,,,,,,,,,,,,,,,,,,,,,,,,,,,,,,,,,,,,,,,,,,,,,,,,,,,,,,,,,,,,,,,,,,,,,,,,,,,,,,,,,,,,,,,,,,,,,,,,,,
7722962,Micah Williams,USC,,,,,,,,,,,,,,,,6.48,9.83 (2.5),20.05 (+0.0),,,,,,,,,,,,,,,,,,,,,,,,,,,,,,,,,,,,,,,,,,,,,,,,,,,,,,,,,,,,,,,,,,,,,,,,,,,,,,,,,,,,,,,,,,,,,,,,,,,,,,,,,,,,,,,,,,,
9253801,Temidayo Owoyemi,OLE MISS,f,,,,,,,,,,,,,,,,,,,,,,,,,,,,"15.56m 51' 0.75""",,,,,"44.48m 145' 11""","51.69m 169' 7""","18.07m 59' 3.5""",,,,,,,,,,,,,,,,,,,,,,,,,,,,,,,,,,,,,,,,,,,,,,,,,,,,,,,,,,,,,,,,,,,,,,,,,,,,,,,,,,,,,,,,,,,,,,,,,
6534679,Rachel Tanczos,NOTRE DAME,,,,,,,,,,,,,,,,,,,,,,,,,,,,,"16.02m 52' 6.75""",,,,,"55.68m 182' 8""","67.35m 220' 11""","23.31m 76' 5.75""",,,,,,,,,,,,,,,,,,,,,,,,,,,,,,,,,,,,,,,,,,,,,,,,,,,,,,,,,,,,,,,,,,,,,,,,,,,,,,,,,,,,,,,,,,,,,,,,,
8695858,Sean Callahan Jr.,KENT STATE,m,,,,,,,,,,,,,,,6.64,10.28 (4.3),20.76 (2.2),,,,,,,,,,,,,,,,,,,,,,,,,,,,,,,,,,,,,,,,,,,,,,,,,,,,,,,,,,,,,,,,,,,,,,,,,,,,,,,,,,,,,,,,,,,,,,,,,,,,,,,,,,,,,,,,,,,
8972030,Cooper Wakley,NAVY,m,,1:59.35,,,,,,,,,,2:43.76,,,7.19,11.11 (2.3),22.43 (0.2),36.10,51.25,,"6.30m 20' 8""",,,8.88,,53.91,"1.63m 5' 4.25""","9.31m 30' 6.5""",,4832,"5.20m 17' 0.75""",,,,,,,1:05.77,,,,,,,,,,,,,,,,,,,,,,,,,,,,,,,,,,,,,,,,,,,,,,,,,,,,,,,,,,,,,,,,,,,,,,,,,,,,,,,,,,,,,,,,,,,,,,
9006107,Christopher Crawford,ALABAMA,m,,,,,,,,,,,,,,,,,,,,,,,,,,,,"19.42m 63' 8.75""",,,,,"61.73m 202' 6""",,"18.18m 59' 7.75""",,,,,,,,,,,,,,,,,,,,,,,,,,,,,,,,,,,,,,,,,,,,,,,,,,,,,,,,,,,,,,,,,,,,,,,,,,,,,,,,,,,,,,,,,,,,,,,,,
7365150,Ceili Mccabe,WEST VIRGINIA,,,2:08.19,4:29.26,16:06.0,19:02.6,,4:12.08,,9:31.14,,,,8:45.97,,,,,,,,,,,,,,,,,,,,,,,,,,,,,,,,,,,,,,,,,,,,,,,,,,,,,,,,,,,,,,,,,,,,,,,,,,,,,,,,,,,,,,,,,,,,,,,,,,,,,,,,,,,,,,,,,,,,,,,
7493812,Luke Knipe,PENN STATE,,,,,,,,,,,,,,,,,,,,,,"7.38m (0.8) 24' 2.5""",,,,,,,,,,"5.40m 17' 8.5""",,,,,,,,,,,,,,,,,,,,,,,,,,,,,,,,,,,,,,,,,,,,,,,,,,,,,,,,,,,,,,,,,,,,,,,,,,,,,,,,,,,,,,,,,,,,,,,,,,,,,
7538425,Laqwasia Stepney,NEBRASKA,,,,,,,,,,,,,,,,,,26.73,,,,"6.34m (4.7) 20' 9.75""",,,8.48,13.54 (1.9),,,,,,,,,,,,,,,,,,,,,,,,,,,,,,,,,,,,,,,,,,,,,,,,,,,,,,,,,,,,,,,,,,,,,,,,,,,,,,,,,,,,,,,,,,,,,,,,,,,,,,,,,,,
9005681,Marie Rougetet,MISS STATE,f,,,,,,,,,,,,,,,,,,,,,,,,,,,,,,,,,,"70.16m 230' 2""","19.14m 62' 9.5""",,,,,,,,,,,,,,,,,,,,,,,,,,,,,,,,,,,,,,,,,,,,,,,,,,,,,,,,,,,,,,,,,,,,,,,,,,,,,,,,,,,,,,,,,,,,,,,,,
7980224,Daniella Anglin,SOUTH DAKOTA,,,,,,,,,,,,,,,,,,,,,,,,,,,,"1.86m 6' 1.25""",,,,,,,,,,,,,,,,,,,,,,,,,,,,,,,,,,,,,,,,,,,,,,,,,,,,,,,,,,,,,,,,,,,,,,,,,,,,,,,,,,,,,,,,,,,,,,,,,,,,,,,,,
9250903,Lauralyn Clifford,UTSA,f,,,,,,,,,,,,,,,,,,,,,,,,,,,,"12.81m 42' 0.5""",,,,,,"60.72m 199' 2""","18.99m 62' 3.75""",,,,,,,,,,,,,,,,,,,,,,,,,,,,,,,,,,,,,,,,,,,,,,,,,,,,,,,,,,,,,,,,,,,,,,,,,,,,,,,,,,,,,,,,,,,,,,,,,
9278593,Arieanna Mcpeak,UT-ARLINGTON,f,,,,,,,,,,,,,,,,,,,,,"6.21m (+0.0) 20' 4.5""","12.60m (2.4) 41' 4.25""",,,,,,,,,,,,,,,,,,,,,,,,,,,,,,,,,,,,,,,,,,,,,,,,,,,,,,,,,,,,,,,,,,,,,,,,,,,,,,,,,,,,,,,,,,,,,,,,,,,,,,,,,,,,,,
9014585,Anya Jackson,TEXAS A&M,f,,,,,,,,,,,,,,,7.24,11.17 (2.5),22.56 (4.0),,56.57,,"5.36m 17' 7""",,,,,,,,,,,,,,,,,,,,,,,,,,,,,,,,,,,,,,,,,,,,,,,,,,,,,,,,,,,,,,,,,,,,,,,,,,,,,,,,,,,,,,,,,,,,,,,,,,,,,,,,,,,,,,,
8608404,Maddie Scheier,MIAMI (FLA.),f,,2:09.20,4:45.82,17:04.5,20:42.4,,4:25.55,16:58.60,10:16.69,,,2:51.10,9:30.00,,,,,,,,,,,,,,,,,,,,,,,,,,21:25.6,,,,,,,,,,,,,,,,,,,6:56.93,,,,,,,,,,,,,,,,,20:34.5,,,,,,,,,,,,,,,,,,,,,,,,,,,,,,,,,,,,,,,,,,,,,,,,,,,,,,,,,
8895786,Hannah Riolo,PENN STATE,f,,,,,,,,,,,,,,,,,25.86 (1.0),,,,,,,,,,"1.80m 5' 10.75""",,,,,,,,,,,,,,,,,,,,,,,,,,,,,,,,,,,,,,,,,,,,,,,,,,,,,,,,,,,,,,,,,,,,,,,,,,,,,,,,,,,,,,,,,,,,,,,,,,,,,,,,,
9287598,Avery Hart,CALIFORNIA,f,,,,,,,,,,,,,,,,,,,,,"6.07m (1.5) 19' 11""","12.77m (-1.2) 41' 10.75""",,,,,,,,,,,,,,,,,,,,,,,,,,,,,,,,,,,,,,,,,,,,,,,,,,,,,,,,,,,,,,,,,,,,,,,,,,,,,,,,,,,,,,,,,,,,,,,,,,,,,,,,,,,,,,
8974808,Maresa Hense,CONNECTICUT,f,,2:09.03,,,,,,,,,,,,,,,23.94 (-0.2),,,"39.30m 128' 11""","6.10m 20' 0.25""",,,8.57,14.36 (1.7),,"1.72m 5' 7.75""","12.37m 40' 7""",4231,5816,,,,,,,,,,,,,,,,,,,,,,,,,,,,,,,,,,,,,,,,,,,,,,,,,,,,,,,,,,,,,,,,,,,,,,,,,,,,,,,,,,,,,,,,,,,,,,,,,,,,,,
9273625,Arveyon Davis,TEXAS STATE,m,,,,,,,,,,,,,,,6.83,10.75 (1.3),21.67 (3.3),,,,,,,7.92,,,,,,,,13.76 (1.2),,,,,,,,,,,,,,,,,,,,,,,,,,,,,,,,,,,,,,,,,,,,,,,,,,,,,,,,,,,,,,,,,,,,,,,,,,,,,,,,,,,,,,,,,,,,,,,,,,,,
9252178,Nadjela Wepiwe,HARVARD,f,,,,,,,,,,,,,,,,,,,,,,,,,,,,,,,,,"54.82m 179' 10""",,,,,,,,,,,,,,,,,,,,,,,,,,,,,,,,,,,,,,,,,,,,,,,,,,,,,,,,,,,,,,,,,,,,,,,,,,,,,,,,,,,,,,,,,,,,,,,,,,,
9283758,Taejha Badal,ARKANSAS,f,,,,,,,,,,,,,,,7.41,11.43 (2.6),23.23 (1.9),38.25,53.06,,,,,,,,,,,,,,,,,,,,,,,,,,,,,,,,,,,,,,,,,,,,,,,,,,,,,,,,,,,,,,,,,,,,,,,,,,,,,,,,,,,,,,,,,,,,,,,,,,,,,,,,,,,,,,,,,
8329086,Shanyah Washington,TROY,f,,,,,,,,,,,,,,,7.43,11.20 (3.7),23.61 (0.5),,,,,,,,,,,,,,,,,,,,,,,,,,,,,,,,,,,,,,,,,,,,,,,,,,,,,,,,,,,,,,,,,,,,,,,,,,,,,,,,,,,,,,,,,,,,,,,,,,,,,,,,,,,,,,,,,,,
8909342,Tula Fawbush,TENNESSEE,f,,,4:39.29,,20:13.6,17:27.1,4:24.12,,10:03.18,,,,,,,,,,,,,,,,,,,,,,,,,,,,,,,,,,,,,,,,,,,,,,,,,6:48.84,,,,,,,,,,,,,,,,,,,,,,,,,,,,,,,,,,,,,,,,,,,,,,,,,,,,,,,,,,,,,,,,,,,,,,,,,,
8988405,Aaliyah Gipson,UCF,f,,,,,,,,,,,,,,,7.42,11.50 (0.1),23.78 (-0.2),,,,,,,,,,,,,,,,,,,,,,,,,,,,,,,,,,,,,,,,,,,,,,,,,,,,,,,,,,,,,,,,,,,,,,,,,,,,,,,,,,,,,,,,,,,,,,,,,,,,,,,,,,,,,,,,,,,
7986466,Zamia Stelly,N. CAROLINA A&T,f,,,,,,,,,,,,,,,,12.07 (1.2),25.48 (0.8),,,,,,,8.46,13.36 (3.5),,,,,,,,,,,,,,,,,,,,,,,,,,,,,,,,,,,,,,,,,,,,,,,,,,,,,,,,,,,,,,,,,,,,,,,,,,,,,,,,,,,,,,,,,,,,,,,,,,,,,,,,,,,
9200921,Dorcas Kiptanui,TOLEDO,f,,,4:41.50,17:10.0,20:31.0,,4:15.74,15:54.39,,,,,9:10.90,,,,,,,,,,,,,,,,,,,,,,,,,,,,,,,,,,,,,,,,,,,,,,,,,,,,,,,,,,,,,,,,,,,,,,,,,,,,,,,,,,,,,,,,,,,,,,,,,,,,,,,,,,,,,,,,,,,,,,,
8832720,Shawn Lacy,EASTERN ILLINOIS,m,,,,,,,,,,,,,,,6.78,10.31 (3.2),21.76 (0.6),,,"65.20m 213' 11""","7.16m (1.9) 23' 6""",,,,,,,,,,,,,,,,,,,,,,,,,,,,,,,,,,,,,,,,,,,,,,,,,,,,,,,,,,,,,,,,,,,,,,,,,,,,,,,,,,,,,,,,,,,,,,,,,,,,,,,,,,,,,,,
8710585,Carlie Weiser,TEXAS A&M,f,,,,,,,,,,,,,,,,,,,,,,,,,,,,"16.43m 53' 11""",,,,,"55.36m 181' 7""",,"14.17m 46' 6""",,,,,,,,,,,,,,,,,,,,,,,,,,,,,,,,,,,,,,,,,,,,,,,,,,,,,,,,,,,,,,,,,,,,,,,,,,,,,,,,,,,,,,,,,,,,,,,,,
9265572,Matic Vidmar,UT-RIO GRANDE VALLEY,m,,,,,,,,,,,,,,,,,,,,"65.02m 213' 4""",,,,,,,,,,,,,,,,,,,,,,,,,,,,,,,,,,,,,,,,,,,,,,,,,,,,,,,,,,,,,,,,,,,,,,,,,,,,,,,,,,,,,,,,,,,,,,,,,,,,,,,,,,,,,,,,
8712557,Kelvin Acheampong,WICHITA STATE,m,,,,,,,,,,,,,,,6.94,10.75 (3.0),,,,,"6.51m 21' 4.25""","15.46m (3.8) 50' 8.75""",,,,,,,,,,,,,,,,,,,,,,,,,,,,,,,,,,,,,,,,,,,,,,,,,,,,,,,,,,,,,,,,,,,,,,,,,,,,,,,,,,,,,,,,,,,,,,,,,,,,,,,,,,,,,,
8916058,Geoffrey Kirwa,LOUISVILLE,m,,,4:00.58,,,,,13:21.49,8:08.10,23:19.0,29:56.6,,7:55.58,,,,,,,,,,29:04.91,,,,,,,,,,,,,,,,,,,,,,,,,,,,,,,,,,,,,,,,,,,,,,,,,,,,,,,,,,,,,,,,,,,,,,,,,,,,,,,,,,,,,,,,,,,,,,,,,,,,,,,,,,,,,
9253856,Kyle Johnson,OLE MISS,m,,,,,,,,,,,,,,,,,,,,,"7.27m 23' 10.25""","16.07m 52' 8.75""",,,,,,,,,,,,,,,,,,,,,,,,,,,,,,,,,,,,,,,,,,,,,,,,,,,,,,,,,,,,,,,,,,,,,,,,,,,,,,,,,,,,,,,,,,,,,,,,,,,,,,,,,,,,,,
6907365,Ella Baran,COLORADO,,,2:10.29,4:40.53,18:21.5,19:33.3,,4:18.64,15:26.66,,,,,8:57.67,,,,,,,,,,,,,,,,,,,,,,,,,,,,,,,,,,,,,,,,,,,,,,,,,,,,,,,,,19:11.2,,,,,,,,,,,,,,,,,,,,,,,,,,,,,,,,,,,,,,,,,,,,,,,,,,,,,,,,,,,,,,
8716144,Alexis Guillory,LSU,f,,,,,,,,,,,,,,,,,,,,"53.74m 176' 4""",,,,,,,,,,,,,,,,,,,,,,,,,,,,,,,,,,,,,,,,,,,,,,,,,,,,,,,,,,,,,,,,,,,,,,,,,,,,,,,,,,,,,,,,,,,,,,,,,,,,,,,,,,,,,,,,
8974367,Judy Kosgei,CLEMSON,f,,2:00.29,4:26.32,,,,4:11.21,,,,,2:41.70,,,,,,,,,,,,,,,,,,,,,,,,,,,,,,,,,,,,,,,,,,,,,,,,,,,,,,,,,,,,,,,,,,,,,,,,,,,,,,,,,,,,,,,,,,,,,,,,,,,,,,,,,,,,,,,,,,,,,,,,
9169011,Caren Kiplagat,ALABAMA,f,,,4:42.58,16:18.8,18:49.7,,4:12.23,15:12.56,,,,,8:54.82,,,,,,,,,,31:40.74,,,,,,,,,,,,,,,,,,,,,,,,,,,,,,,,,,,,,,,,,,,,,,,,,,,,19:07.7,,,,,,,,,,,,,,,,,,,,,,,,,,,,,,,,,,,,,,,,,,,,,,,,,,,,,,,,,
8974737,Enaji Muhammad,CONNECTICUT,m,,,,,,,,,,,,,,,,,,,,,,,,,,,"2.16m 7' 1""",,,,,,,,,,,,,,,,,,,,,,,,,,,,,,,,,,,,,,,,,,,,,,,,,,,,,,,,,,,,,,,,,,,,,,,,,,,,,,,,,,,,,,,,,,,,,,,,,,,,,,,,,
9007350,Camren Hardy,LOUISIANA,m,,,,,,,,,,,,,,,6.71,10.33 (2.0),20.77 (0.6),,48.98,,,,,,,,,,,,,,,,,,,,,,,,,,,,,,,,,,,,,,,,,,,,,,,,,,,,,,,,,,,,,,,,,,,,,,,,,,,,,,,,,,,,,,,,,,,,,,,,,,,,,,,,,,,,,,,,,
7989910,Jevan Parara,LSU,m,,,,,,,,,,,,,,,,,,,,,,,,,,,,,,,,,"57.24m 187' 9""","58.37m 191' 6""","20.84m 68' 4.5""",,,,,,,,,,,,,,,,,,,,,,,,,,,,,,,,,,,,,,,,,,,,,,,,,,,,,,,,,,,,,,,,,,,,,,,,,,,,,,,,,,,,,,,,,,,,,,,,,
7988602,Brianna Howard,TEXAS TECH,f,,,,,,,,,,,,,,,7.20,11.23 (2.8),22.67,,57.14,,,,,,,,,,,,,,,,,,,,,,,,,,,,,,,,,,,,,,,,,,,,,,,,,,,,,,,,,,,,,,,,,,,,,,,,,,,,,,,,,,,,,,,,,,,,,,,,,,,,,,,,,,,,,,,,,
7729115,Brianna White,TENNESSEE,,,,,,,,,,,,,,,,,,22.83 (0.6),37.37,50.64,,,,,,,,,,,,,,,,,,,,,,,,,,,,,,,,,,,,,,,,,,,,,,,,,,,,,,,,,,,,,,,,,,,,,,,,,,,,,,,,,,,,,,,,,,,,,,,,,,,,,,,,,,,,,,,,,
6904226,Imogen Barrett,FLORIDA,,,2:00.96,4:38.12,17:57.7,20:25.5,,4:14.55,,,,,,,10:38.9,,,,,,,,,,,,,,,,,,,,,,,,,,,,,,,,,,,,,,,,,,,,,,,,,,,,,,,,,,,,,,,,,,,,,,,,,,,,,,,,,,,,,,,,,,,,,,11:15.3,,,,,,,,,,,,,,,,,,,,,,,,
8709927,Camila Gomes,AUBURN,f,,2:03.95,4:36.34,,20:22.5,,4:12.72,,,,,,,,,,,,,,,,,,,,,,,,,,,,,,,,,,,,,,,,,,,,,,,,,,,,,,,,,,,,,,,,,,,,20:19.0,,,,,,,,,,,,,,,,,,,,,,,,,,,,,,,,,,,,,,,,,,,,,,,,,,,,,,,,,
9272537,Anthony Ward,NORTH TEXAS,m,,,,,,,,,,,,,,,6.94,10.59 (5.7),22.08,,,,"7.80m (1.7) 25' 7.25""","15.13m (4.0) 49' 7.75""",,,,,,,,,,,,,,,,,,,,,,,,,6.57,,,,,,,,,,,,,,,,,,,,,,,,,,,,,,,,,,,,,,,,,,,,,,,,,,,,,,,,,,,,,,,,,,,,,,,,,,,,,,,,,,,,,
8585636,Birhanu Harriman,GEORGETOWN,m,,,4:11.93,,18:36.8,,4:01.14,13:29.10,,23:15.7,29:16.2,,8:06.16,,,,,,,,,,28:19.75,,,,,,,,,,,,,,,,,,,,,,,,,,,,26:01.9,24:58.3,,,,,,,,,,,,,,,,,,,,,,,,,,,,,,,,,,,,,,,,,,,,,,,,,,,,,,,,,,,,,,,,,,,,,,,,,,,,,,,,
9237828,Briana Campbell,CLEMSON,f,,,,,,,,,,,,,,,7.35,11.33 (1.3),23.04,37.76,,,,,,8.22,13.19 (0.1),,,,,,,,,,,,,,,,,,,,,,,,,,,,,,,,,,,,,,,,,,,,,,,,,,,,,,,,,,,,,,,,,,,,,,,,,,,,,,,,,,,,,,,,,,,,,,,,,,,,,,,,,,,
9006111,Trevor Gunzell,ALABAMA,m,,,,,,,,,,,,,,,,,,,,,,,,,,,,"19.80m 64' 11.5""",,,,,"63.88m 209' 7""",,,,,,,,,,,,,,,,,,,,,,,,,,,,,,,,,,,,,,,,,,,,,,,,,,,,,,,,,,,,,,,,,,,,,,,,,,,,,,,,,,,,,,,,,,,,,,,,,,,
8690932,Anna Szepieniec,MILWAUKEE,f,1:45.70,2:20.60,,,,,,,,,,,,,,,24.11 (2.1),40.72,,"31.98m 104' 11""","6.35m (3.1) 20' 10""","12.45m 40' 10.25""",,8.45,13.67 (2.2),1:03.41,"1.60m 5' 3""","11.51m 37' 9.25""",3890,5226,,,,,,,,,,,,,,,,,,,,,,,,,,,,,,,,,,,,,,,,,,,,,,,,,,,,,,,,,,,,,,,,,,,,,,,,,,,,,,,,,,,,,,,,,,,,,,,,,,,,,,
8360339,Jason Holmes,N. CAROLINA A&T,m,,,,,,,,,,,,,,,6.67,10.44 (-1.0),20.77 (0.4),,,,,,,7.54,,,,,,,,13.37 (0.5),,,,,,,,,,,,,,,,,,,,,,,,,,,,,,,,,,,,,,,,,,,,,,,,,,,,,,,,,,,,,,,,,,,,,,,,,,,,,,,,,,,,,,,,,,,,,,,,,,,,
8312006,Rachel Neaves,OKLAHOMA STATE,f,,,,,,,,,,,,,,,,,,,,,,,,,,,,"14.57m 47' 9.75""",,,,,"41.53m 136' 3""","65.53m 215' 0""","20.16m 66' 1.75""",,,,,,,,,,,,,,,,,,,,,,,,,,,,,,,,,,,,,,,,,,,,,,,,,,,,,,,,,,,,,,,,,,,,,,,,,,,,,,,,,,,,,,,,,,,,,,,,,
9242882,Kiersten Clark,FLORIDA A&M,f,,,,,,,,,,,,,,,7.40,11.33 (1.9),23.68 (1.2),,,,,,,,,,,,,,,,,,,,,,,,,,,,,,,,,,,,,,,,,,,,,,,,,,,,,,,,,,,,,,,,,,,,,,,,,,,,,,,,,,,,,,,,,,,,,,,,,,,,,,,,,,,,,,,,,,,
9273633,Caden Ohara,TEXAS STATE,m,,,,,,,,,,,,,,,,,,,,,,,,,,,,,,,"5.33m 17' 5.75""",,,,,,,,,,,,,,,,,,,,,,,,,,,,,,,,,,,,,,,,,,,,,,,,,,,,,,,,,,,,,,,,,,,,,,,,,,,,,,,,,,,,,,,,,,,,,,,,,,,,,
8682149,Roddy Schenk,TENNESSEE,m,,,,,,,,,,,,,,,,,,,,"69.89m 229' 3""",,,,,,,,,,,,,,,,,,,,,,,,,,,,,,,,,,,,,,,,,,,,,,,,,,,,,,,,,,,,,,,,,,,,,,,,,,,,,,,,,,,,,,,,,,,,,,,,,,,,,,,,,,,,,,,,
9250850,Cyrill Kernbach,UTSA,m,,,,,,,,,,,,,,,,,,,,,"7.58m (2.8) 24' 10.5""",,,,,,,,,,,,,,,,,,,,,,,,,,,,,,,,,,,,,,,,,,,,,,,,,,,,,,,,,,,,,,,,,,,,,,,,,,,,,,,,,,,,,,,,,,,,,,,,,,,,,,,,,,,,,,,
7729050,Michaelle Valentin,FIU,,,,,,,,,,,,,,,,,,,,,"27.99m 91' 10""",,,,,,,,"14.24m 46' 8.75""",,,,,"62.17m 204' 0""","67.51m 221' 6""","21.91m 71' 10.75""",,,,,,,,,,,,,,,,,,,,,,,,,,,,,,,,,,,,,,,,,,,,,,,,,,,,,,,,,,,,,,,,,,,,,,,,,,,,,,,,,,,,,,,,,,,,,,,,,
8647403,Logan Popelka,TEXAS,m,,,,,,,,,,,,,,,,,20.72 (0.9),32.54,45.23,,,,,,,,,,,,,,,,,,,,,,,,,,,,,,,,,,,,,,,,,,,,,,,,,,,,,,,,,,,,,,,,,,,,,,,,,,,,,,,,,,,,,,,,,,,,,,,,,,,,,,,,,,,,,,,,,
7364612,Evan Dorenkamp,OREGON,,,1:48.47,3:55.02,,18:11.0,,3:39.58,,,23:13.5,29:56.6,2:21.33,8:01.84,,,,,,,,,,,,,,,,,,,,,,,,25:17.6,,,,,,,,,,,,,,,25:17.9,,,,,,,,,,,,,,,,,,,,,,,,,,,,,,,,,,,,,,,,,,,,,,,,,,,,,,,,,,,,,,,,,,,,,,,,,,,,,,,,
9005678,Nelly Jemeli,MISS STATE,f,,2:08.66,4:52.87,16:36.1,19:44.2,,4:17.21,,9:47.10,,,,9:16.38,,,,,,,,,,,,,,,,,,,,,,,,,,,,,,,,,,,,,,,,,,,,,,,,,,,,,,,,,,,,,,,,,,,,,,,,,,,,,,,,,,,,,,,,,,,,,,,,,,,,,,,,,,,,,,,,,,,,,,,
9285730,Lailah Hudson,NORTH TEXAS,f,,,,,,,,,,,,,,,,,,,56.01,,,,,8.52,13.90 (1.4),58.48,,,,,,,,,,,,,,,,,,,,,,,,,,,,,,,,,,,,,,,,,,,,,,,,,,,,,,,,,,,,,,,,,,,,,,,,,,,,,,,,,,,,,,,,,,,,,,,,,,,,,,,,,,
9260766,David Konan,UTAH STATE,m,,,,,,,,,,,,,,,6.69,10.18 (3.8),21.32 (2.4),,,,,,,,,,,,,,,,,,,,,,,,,,,,,,6.41,,,,,,,,,,,,,,,,,,,,,,,,,,,,,,,,,,,,,,,,,,,,,,,,,,,,,,,,,,,,,,,,,,,,,,,,,,,,,,,,,,,,,
9239359,Tyler Bilyard,WASHINGTON,m,,1:49.53,3:54.43,,,,3:37.99,,,,,2:17.96,7:55.80,,,,,,,,,,,,,,,,,,,,,,,,,,,,,,,,,,,,,,,,,,,,,,,,,,,,,,,,,,,,,,,,,,,,,,,,,,,,,,,,,,,,,,,,,,,,,,,,,,,,,,,,,,,,,,,,,,,,,,,
6163861,Jason Smith,LONG BEACH ST.,,,,,,,,,,,,,,,,,10.87 (-0.7),21.54 (1.2),,50.56,,"7.97m (1.7) 26' 1.75""","16.03m (0.1) 52' 7.25""",,,,,"2.22m 7' 3.25""",,,,,,,,,,,,,,,,,,,,,,,,,,,,,,,,,,,,,,,,,,,,,,,,,,,,,,,,,,,,,,,,,,,,,,,,,,,,,,,,,,,,,,,,,,,,,,,,,,,,,,,,,
8324708,Jett Rose,AIR FORCE,m,,,,,,,,,,,,,,,6.73,10.21 (2.6),20.38 (1.4),37.41,,,,,,,,,,,,,,,,,,,,,,,,,,,,,,,,,,,,,,,,,,,,,,,,,,,,,,,,,,,,,,,,,,,,,,,,,,,,,,,,,,,,,,,,,,,,,,,,,,,,,,,,,,,,,,,,,,
8586626,Kristian Imroth,EASTERN KENTUCKY,m,,,3:59.19,,,,3:41.02,14:30.89,8:20.50,24:32.3,,,7:53.44,,,,,,,,,,,,,,,,,,,,,,,,,,,,,,,,,,,,,,,,,,,,,,,,,,,,,,,,,,,,,,,,,,,,,,,,,,,,,,,,,,,,,,,,,,,,,,,,,,,,,,,,,,,,,,,,,,,,,,,
8674949,Elizabeth Tarczy,FRESNO STATE,f,,,,,,,,,,,,,,,,,,,,,"6.00m (2.7) 19' 8.25""",,,,,,"1.84m 6' 0.5""",,,,,,,,,,,,,,,,,,,,,,,,,,,,,,,,,,,,,,,,,,,,,,,,,,,,,,,,,,,,,,,,,,,,,,,,,,,,,,,,,,,,,,,,,,,,,,,,,,,,,,,,,
9213618,Meshack Kimutai,IOWA STATE,m,,,4:04.38,,,,,13:26.87,,23:02.7,28:54.4,,7:54.30,,,,,,,,,,28:02.19,,,,,,,,,,,,,,,,,,,,,,,,,,,,,,,,,,,,,,,,,,,,,,,,,,,,,,,,,,,,,,,,,,,,,,,,,,,,,,,,,,,,,,,,,,,,,,,,,,,,,,,,,,,,,
9281636,Keliza Smith,LSU,f,,,,,,,,,,,,,,,7.29,,22.91,,,,,,,,,,,,,,,,,,,,,,,,,,,,,,,,,,,,,,,,,,,,,,,,,,,,,,,,,,,,,,,,,,,,,,,,,,,,,,,,,,,,,,,,,,,,,,,,,,,,,,,,,,,,,,,,,,,
7894390,Kyle Sarney,NORTHEASTERN,m,,1:54.81,4:00.39,15:52.3,,,3:43.24,15:11.45,8:41.67,24:42.8,32:44.0,2:26.29,8:11.43,,,,,,,,,,,,,,,,,,,,,,,,,,,,,,,,16:03.8,25:11.1,,,,,,26:57.4,,,,,,,,,,,,,,,,,,,,,,,,,,,,,,,,,,,,,,,,,,,,,,,,,,,,,,,,,,,,,,,,,,,,,,,,,,,,,,,,
8587488,Gretchen Farley,NOTRE DAME,f,,2:03.82,4:34.18,16:10.6,20:03.9,,4:12.41,,10:23.11,,,,9:26.16,,,,,,,,,,,,,,,,,,,,,,,,,,,,,,,,,,,,,,,,,,,,,,,,,,,,,,,,,,,,,,,,,,,,,,,,,,,,,,,,,,,,,,,,,,,,,,,,,,,,,,,,,,,,,,,,,,,,,,,
9298944,Serges Taha,TENNESSEE,m,,,,,,,,,,,,,,,,,,,,,,,,7.73,,,,,,,,13.66 (+0.0),,,,,,,,,,,,,,,,,,,,,,,,,,,,,,,,,,,,,,,,,,,,,,,,,,,,,,,,,,,,,,,,,,,,,,,,,,,,,,,,,,,,,,,,,,,,,,,,,,,,
9017429,Laya'Lapri Ratney,BALL STATE,f,,,,,,,,,,,,,,,7.57,12.09 (4.4),24.62 (4.3),,,,,,,8.41,13.32 (2.0),,,,,,,,,,,,,,,,,,,,,,,,,,,,,,,,,,,,,,,,,,,,,,,,,,,,,,,,,,,,,,,,,,,,,,,,,,,,,,,,,,,,,,,,,,,,,,,,,,,,,,,,,,,
7717440,Shay Mcevoy,TULSA,m,,,3:58.48,14:59.1,,,3:43.56,13:40.30,,23:26.5,29:25.7,,7:49.70,,,,,,,,,,28:22.95,,,,,,,,,,,,,,,,,,,,,,,,,,,,,,,,,,,,,,,,,,,,,,,,,,,,,,,,,,,,,,,,,,,,,,,,,,,,,,,,,,,,,,,,,,,,,,,,,,,,,,,,,,,,,
8012454,Roxene Simpson,UNLV,f,,,,,,,,,,,,,,,,,,,,,,,,,,,,"13.62m 44' 8.25""",,,,,"53.26m 174' 9""",,"13.58m 44' 6.75""",,,,,,,,,,,,,,,,,,,,,,,,,,,,,,,,,,,,,,,,,,,,,,,,,,,,,,,,,,,,,,,,,,,,,,,,,,,,,,,,,,,,,,,,,,,,,,,,,
7978401,Velecia Williams,NEBRASKA,,,,,,,,,,,,,,,,7.51,,25.45 (1.1),40.52,,,"6.56m (1.6) 21' 6.25""","13.35m 43' 9.75""",,,,,,,,,,,,,,,,,,,,,,,,,,,,,,,,,,,,,,,,,,,,,,,,,,,,,,,,,,,,,,,,,,,,,,,,,,,,,,,,,,,,,,,,,,,,,,,,,,,,,,,,,,,,,,
9006516,Israel Okon,AUBURN,m,,,,,,,,,,,,,,,6.48,9.91 (2.9),19.94 (0.7),,,,,,,,,,,,,,,,,,,,,,,,,,,,,,,,,,,,,,,,,,,,,,,,,,,,,,,,,,,,,,,,,,,,,,,,,,,,,,,,,,,,,,,,,,,,,,,,,,,,,,,,,,,,,,,,,,,
8231003,Julia Dill,ROBERT MORRIS,f,,,4:57.24,17:33.0,20:54.8,,4:35.22,16:27.91,,,,,9:27.56,,,,,,,,,,33:50.26,,,,,,,,,,,,,,,,,,,,,,18:50.6,,,,,,,,,,,17:41.8,,,,,,,,,,,,,,,,,,,,,,,,,,,,,,,,,,,,,,,,,,,,,,,,,,,,,,,,,,,,,,,,,,,,,,,,,,25:51.0,,
8983064,Leonard Mustari,FLORIDA A&M,m,,,,,,,,,,,,,,,,,,,,,"7.06m 23' 2""",,,7.57,,,,,,,,13.53 (0.3),,,,,,,,,,,,,,,,,,,,,,,,,,,,,,,,,,,,,,,,,,,,,,,,,,,,,,,,,,,,,,,,,,,,,,,,,,,,,,,,,,,,,,,,,,,,,,,,,,,,
8711443,Aariyana Williams,NORTH TEXAS,f,,,,,,,,,,,,,,,,,23.14 (2.6),37.93,51.90,,,,,,,,,,,,,,,,,,,,,,,,,,,,,,,,,,,,,,,,,,,,,,,,,,,,,,,,,,,,,,,,,,,,,,,,,,,,,,,,,,,,,,,,,,,,,,,,,,,,,,,,,,,,,,,,,
9013344,Ariana Jackson,KANSAS STATE,f,,,,,,,,,,,,,,,7.92,12.23 (0.7),24.47 (3.6),,54.50,,,,,,,,,,,,,,,,,,,,,,,,,,,,,,,,,,,,,,,,,,,,,,,,,,,,,,,,,,,,,,,,,,,,,,,,,,,,,,,,,,,,,,,,,,,,,,,,,,,,,,,,,,,,,,,,,
6107448,Courtney Wayment,BYU,,,2:05.76,4:30.47,16:47.5,19:28.5,16:56.2,4:12.81,15:15.46,9:16.00,,,,8:50.05,,,,,,,,,,,,,,,,,,,,,,,,,,,,,,,,17:46.4,,,,,,,,,,,,,,,,,,,,,,,,,,,,,,,,,,,,,,,,,,,,,,,,,,,,,,,,,,,,,,,,,,,,,,,,,,,,,,,,,,,,,,20:43.4,
9113163,Lauren Huber,NOTRE DAME,f,,2:09.26,,,,,,,,,,,,,,,24.65 (1.6),,,"38.88m 127' 7""","5.29m 17' 4.25""",,,9.17,15.66 (0.7),,"1.67m 5' 5.75""","13.34m 43' 9.25""",3968,5419,,,,,,,,1:16.41,,,,,,,,,,,,,,,,,,,,,,,,,,,,,,,,,,,,,,,,,,,,,,,,,,,,,,,,,,,,,,,,,,,,,,,,,,,,,,,,,,,,,,,,,,,,,,
9266036,Andrew Robinson,UC RIVERSIDE,m,,,,,,,,,,,,,,,,,,,,,"7.10m (-1.1) 23' 3.5""","15.54m (2.4) 51' 0""",,,,,,,,,,,,,,,,,,,,,,,,,,,,,,,,,,,,,,,,,,,,,,,,,,,,,,,,,,,,,,,,,,,,,,,,,,,,,,,,,,,,,,,,,,,,,,,,,,,,,,,,,,,,,,
7388961,Flomena Asekol,FLORIDA,,,2:02.83,4:26.47,16:10.7,18:53.5,,4:06.85,15:43.16,,,,2:50.78,8:52.57,,,,,,,,,,,,,,,,,,,,,,,,,,,20:33.2,1:24.77,,,,,,,,,,,,,,,,,,,,,,,,,,,,,,,,,,,,,,,,,,,,,,,,,,,,,,,,,,,,,,,,,,,,,,,,,,,,,,,,,,,,,,,,,,,
7918646,Katie Hamilton,DUKE,f,,2:09.94,4:54.65,18:24.7,20:59.4,,4:19.50,16:48.78,10:04.72,,,2:54.80,10:00.06,,,,,,,,,,,,,,,,,,,,,,,,,,,,,,,,,,,,,,,,,,14:09.6,,,,,,,,,,,,,,,,,,,,,,,,,,,,,,,,,,,,,,,,,,,,,,,,,,,,,,,,,,,,,,,,,,,,,,,,,,,,,
8618916,Jaxson Copelin,BRADLEY,m,1:21.10,1:47.80,4:11.21,,18:03.3,,3:46.40,,,24:09.6,,,,,,,,,,,,,,,,,,,,,,,,,,,,,,,,,,,,25:27.6,,,,,,,,,,,,,24:03.2,,,,,,,,,,,,,,,,,,,,,,,,,,,,,,,,,,,,,,,,,,,,,,,,,,,,,,,,,,,,,,,,,,,,,,,,,
8998297,Brina Likar,UTSA,f,,,,,,,,,,,,,,,7.94,,24.74 (2.5),,,,"6.30m (1.7) 20' 8""",,,,,,,,,,,,,,,,,,,,,,,,,,,,,,,,,,,,,,,,,,,,,,,,,,,,,,,,,,,,,,,,,,,,,,,,,,,,,,,,,,,,,,,,,,,,,,,,,,,,,,,,,,,,,,,
9262075,Eden Robinson,FLORIDA,f,,2:14.35,,,,,,,,,,,,,,,25.27 (0.1),,,"35.96m 118' 0""","5.58m (3.3) 18' 3.75""",,,,14.06 (1.3),,"1.59m 5' 2.5""","13.89m 45' 7""",,5558,,,,,,,,,,,,,,,,,,,,,,,,,,,,,,,,,,,,,,,,,,,,,,,,,,,,,,,,,,,,,,,,,,,,,,,,,,,,,,,,,,,,,,,,,,,,,,,,,,,,,,
9279269,Isabella Nilsen,SAN DIEGO ST.,f,,,,,,,,,,,,,,,,,,,,,,,,,,,,,,,"4.25m 13' 11.25""",,,,,,,,,,,,,,,,,,,,,,,,,,,,,,,,,,,,,,,,,,,,,,,,,,,,,,,,,,,,,,,,,,,,,,,,,,,,,,,,,,,,,,,,,,,,,,,,,,,,,
9237310,Cameron Dean,KENNESAW STATE,m,,,,,,,,,,,,,,,,,,,,,"7.20m 23' 7.5""","15.53m (-0.1) 50' 11.5""",,,,,,,,,,,,,,,,,,,,,,,,,,,,,,,,,,,,,,,,,,,,,,,,,,,,,,,,,,,,,,,,,,,,,,,,,,,,,,,,,,,,,,,,,,,,,,,,,,,,,,,,,,,,,,
9253401,Medwin Odamtten,CONNECTICUT,m,,,,,,,,,,,,,,,6.61,10.22 (3.3),20.96 (2.1),,,,,,,,,,,,,,,,,,,,,,,,,,,,,,,,,,,,,,,,,,,,,,,,,,,,,,,,,,,,,,,,,,,,,,,,,,,,,,,,,,,,,,,,,,,,,,,,,,,,,,,,,,,,,,,,,,,
6527556,Josh Johnson,CALIFORNIA,,,,,,,,,,,,,,,,,,,,,,,,,,,,,"20.09m 65' 11""",,,,,"55.97m 183' 7""",,"16.66m 54' 8""",,,,,,,,,,,,,,,,,,,,,,,,,,,,,,,,,,,,,,,,,,,,,,,,,,,,,,,,,,,,,,,,,,,,,,,,,,,,,,,,,,,,,,,,,,,,,,,,,
8673222,Laniyah Henderson,MORGAN STATE,f,,,,,,,,,,,,,,,8.09,12.64 (2.0),25.92 (-0.5),42.30,1:01.79,,"5.91m 19' 4.75""","13.03m (1.5) 42' 9""",,,,,,,,,,,,,,,,,,,,,,,,,,,,,,,,,,,,,,,,,,,,,,,,,,,,,,,,,,,,,,,,,,,,,,,,,,,,,,,,,,,,,,,,,,,,,,,,,,,,,,,,,,,,,,
8978240,Kori Randle,KANSAS,f,,,,,,,,,,,,,,,,,,,,,"6.33m (2.5) 20' 9.25""","13.11m (1.6) 43' 0.25""",,8.77,,,,,,,,,,,,,,,,,,,,,,,,,,,,,,,,,,,,,,,,,,,,,,,,,,,,,,,,,,,,,,,,,,,,,,,,,,,,,,,,,,,,,,,,,,,,,,,,,,,,,,,,,,,,
9272219,Jacob Cookinham,ILLINOIS,m,,,,,,,,,,,,,,,,,,,,,,,,,,,,"19.59m 64' 3.25""",,,,,,,,,,,,,,,,,,,,,,,,,,,,,,,,,,,,,,,,,,,,,,,,,,,,,,,,,,,,,,,,,,,,,,,,,,,,,,,,,,,,,,,,,,,,,,,,,,,,,,,,
9251579,Arpad Kovacs,HARVARD,m,,,,,,,,,,,,,,,,,,,46.45,,,,,,,,,,,,,,,,,,,,,,,,,,,,,,,,,,,,,,,,,,,,,,,,,,,,,,,,,,,,,,,,,,,,,,,,,,,,,,,,,,,,,,,,,,,,,,,,,,,,,,,,,,,,,,,,,
9237255,Sofia Swindell,PENN,f,,,,,,,,,,,,,,,7.82,,24.10 (-0.1),,,,,,,8.45,13.39 (-0.3),,,,,,,,,,,,,,,,,,,,,,,,,,,,,,,,,,,,,,,,,,,,,,,,,,,,,,,,,,,,,,,,,,,,,,,,,,,,,,,,,,,,,,,,,,,,,,,,,,,,,,,,,,,
9007184,Daryl Smith Jr.,MEMPHIS,m,,,,,,,,,,,,,,,,,,,,,"6.81m (3.0) 22' 4.25""","15.55m (2.8) 51' 0.25""",,,,,,,,,,,,,,,,,,,,,,,,,,,,,,,,,,,,,,,,,,,,,,,,,,,,,,,,,,,,,,,,,,,,,,,,,,,,,,,,,,,,,,,,,,,,,,,,,,,,,,,,,,,,,,
6988187,Ethan Dabbs,VIRGINIA,,,,,,,,,,,,,,,,,,,,,"82.92m 272' 0""",,,,,,,,,,,,,,,,,,,,,,,,,,,,,,,,,,,,,,,,,,,,,,,,,,,,,,,,,,,,,,,,,,,,,,,,,,,,,,,,,,,,,,,,,,,,,,,,,,,,,,,,,,,,,,,,
8986991,Stella Kapp,BUFFALO,f,,,,,,,,,,,,,,,,,,,,"40.88m 134' 1""",,,,,,,"1.76m 5' 9.25""",,,,,,,,,,,,,,,,,,,,,,,,,,,,,,,,,,,,,,,,,,,,,,,,,,,,,,,,,,,,,,,,,,,,,,,,,,,,,,,,,,,,,,,,,,,,,,,,,,,,,,,,,
8283680,Kennedy Clarke,OKLAHOMA,f,,,,,,,,,,,,,,,,,,,,,,,,,,,,"14.95m 49' 0.75""",,,,,"44.52m 146' 1""","64.93m 213' 0""","21.70m 71' 2.5""",,,,,,,,,,,,,,,,,,,,,,,,,,,,,,,,,,,,,,,,,,,,,,,,,,,,,,,,,,,,,,,,,,,,,,,,,,,,,,,,,,,,,,,,,,,,,,,,,
8364073,Megan Hague,AUBURN,f,,,,,,,,,,,,,,,,,,,,,,,,,,,,"18.89m 61' 11.75""",,,,,"51.98m 170' 6""",,"17.16m 56' 3.75""",,,,,,,,,,,,,,,,,,,,,,,,,,,,,,,,,,,,,,,,,,,,,,,,,,,,,,,,,,,,,,,,,,,,,,,,,,,,,,,,,,,,,,,,,,,,,,,,,
8320784,Charlotte Richman,ARMY WEST POINT,f,,,4:40.75,18:10.8,19:49.6,,4:16.25,15:34.07,,,,,9:14.28,,,,,,,,,,34:18.19,,,,,,,,,,,,,,,,,,,,,,,,,,,,,,,,,,,,,,,,,,,,,,,,,,,,,,,,,,,,,,,,,,,,,,,,,,,,,,,,,,,20:43.7,,,,,,,,,,,,,,,,,,,,,,,,,,
8996991,Valentina Fakrogha,UCLA,f,,,,,,,,,,,,,,,,,25.00 (0.4),,,,,,,,,,"1.90m 6' 2.75""",,,,,,,,,,,,,,,,,,,,,,,,,,,,,,,,,,,,,,,,,,,,,,,,,,,,,,,,,,,,,,,,,,,,,,,,,,,,,,,,,,,,,,,,,,,,,,,,,,,,,,,,,
9022747,Taiwo Kudoro,ARIZONA STATE,f,1:32.00,,,,,,,,,,,,,,,,23.84 (1.4),,52.44,,,,,,,58.39,,,,,,,,,,,,,,,1:18.59,,,,,,,,,,,,,,,,,,,,,,,,,,,,,,,,,,,,,,,,,,,,,,,,,,,,,,,,,,,,,,,,,,,,,,,,,,,,,,,,,,,,,,,,,,,
9253860,Sterling Scott,OLE MISS,m,,,,,,,,,,,,,,,,,,,,,"7.40m (1.5) 24' 3.5""","16.43m (2.4) 53' 11""",,,,,,,,,,,,,,,,,,,,,,,,,,,,,,,,,,,,,,,,,,,,,,,,,,,,,,,,,,,,,,,,,,,,,,,,,,,,,,,,,,,,,,,,,,,,,,,,,,,,,,,,,,,,,,
8712561,Josh Parrish,WICHITA STATE,m,,,,,,,,,,,,,,,6.83,10.67 (1.4),20.63 (3.3),,,,"8.02m (4.0) 26' 3.75""","14.92m 48' 11.5""",,7.70,,,"1.93m 6' 4""",,,,,13.17 (4.9),,,,,,,,,,,,,,,,,,,,,,,,,,,,,,,,,,,,,,,,,,,,,,,,,,,,,,,,,,,,,,,,,,,,,,,,,,,,,,,,,,,,,,,,,,,,,,,,,,,,
8239782,Riley Stewart,STANFORD,f,,2:08.31,4:40.31,16:47.7,19:47.2,,4:18.79,15:41.45,10:22.84,,,,9:13.39,,,,,,,,,,,,,,,,,,,,,,,,,,,,,,,,,,,,,,,,,,,,,,,,,,,,,,,,,,,4:37.82,,,,,,,,,,,,,,,,,,,,,,,,,,,,,,,,,,,,,,,,,,,,,,,,,,,,,,,,,,,,
6533098,Tejaswin Shankar,KANSAS STATE,,,,,,,,4:36.12,,,,,2:39.35,,,7.16,10.85 (2.8),,,50.15,"45.58m 149' 6""","7.63m (2.5) 25' 0.5""","16.09m 52' 9.5""",,8.16,,,"2.29m 7' 6""","13.77m 45' 2.25""",4343,5650,"3.81m 12' 6""",14.66 (-0.6),"36.67m 120' 4""",,,7592,,,,,,,,,,,,,,,,,,,,,,,,,,,,,,,,,,,,,,,,,,,,,,,,,,,,,,,,,,,,,,,,,,,,,,,,,,,,,,,,,,,,,,,,,,,,,,,,
8978667,Chase Harrison,CHARLOTTE,m,,,,,,,,,,,,,,,6.87,,21.24 (0.3),33.96,46.26,,,,,,,,,,,,,,,,,,,,,,,,,,,,,,,,,,,,,,,,,,,,,,,,,,,,,,,,,,,,,,,,,,,,,,,,,,,,,,,,,,,,,,,,,,,,,,,,,,,,,,,,,,,,,,,,,
8446386,Blake Orr,FIU,m,,,,,,,,,,,,,,,,11.73,23.84,,56.16,"70.01m 229' 8""",,,,,,,,,,,,,"7.50m 24' 7""",,,,,,,,,,,,,,,,,,,,,,,,,,,,,,,,,,,,,,,,,,,,,,,,,,,,,,,,,,,,,,,,,,,,,,,,,,,,,,,,,,,,,,,,,,,,,,,,,,,
9261854,Luke Stradley,FLORIDA,m,,,,,,,,,,,,,,,,,,,,,"7.75m 25' 5.25""",,,,,,,,,,,,,,,,,,,,,,,,,,,,,,,,,,,,,,,,,,,,,,,,,,,,,,,,,,,,,,,,,,,,,,,,,,,,,,,,,,,,,,,,,,,,,,,,,,,,,,,,,,,,,,,
8329819,Alex Smith,INDIANA,m,,,,,,,,,,,,,,,7.12,10.76 (2.1),22.30,,,,"7.61m (0.5) 24' 11.75""",,,,,,,,,,,,,,,,,,,,,,,,,,,,,,,,,,,,,,,,,,,,,,,,,,,,,,,,,,,,,,,,,,,,,,,,,,,,,,,,,,,,,,,,,,,,,,,,,,,,,,,,,,,,,,,
8997396,Mackenzie Dagrosa,VANDERBILT,f,,,,,,,,,,,,,,,,,,40.09,,,,,,,,,"1.78m 5' 10""",,,,,,,,,,,,,,,,,,,,,,,,,,,,,,,,,,,,,,,,,,,,,,,,,,,,,,,,,,,,,,,,,,,,,,,,,,,,,,,,,,,,,,,,,,,,,,,,,,,,,,,,,
9239379,Chloe Symon,WASHINGTON,f,1:29.73,2:02.61,4:40.65,,,,4:27.25,,,,,,,,,,,,55.61,,,,,,,,,,,,,,,,,,,,,,,,,,,,,,,,,,,,,,,,,,,,,,,,,,,,,,,,,,,,,,,,,,,,,,,,,,,,,,,,,,,,,,,,,,,,,,,,,,,,,,,,,,,,,,,,,
8982897,Nita Koom-Dadzie,BAYLOR,f,,,,,,,,,,,,,,,7.43,11.43 (0.9),23.25 (1.3),38.96,,,,,,,,,,,,,,,,,,,,,,,,,,,,,,,,,,,,,,,,,,,,,,,,,,,,,,,,,,,,,,,,,,,,,,,,,,,,,,,,,,,,,,,,,,,,,,,,,,,,,,,,,,,,,,,,,,
8977438,Kai Twaddle-Dunham,AUBURN,m,,,,,,,,,,,,,,,,,,,,,,,,,,,,"17.92m 58' 9.5""",,,,,"58.48m 191' 10""",,"16.47m 54' 0.5""",,,,,,,,,,,,,,,,,,,,,,,,,,,,,,,,,,,,,,,,,,,,,,,,,,,,,,,,,,,,,,,,,,,,,,,,,,,,,,,,,,,,,,,,,,,,,,,,,
8617817,Camryn Bodine,AIR FORCE,f,1:35.72,2:04.20,4:50.08,19:29.6,24:23.2,20:26.0,4:17.99,,,,,,,,,,,,,,,,,,,,,,,,,,,,,,,,,,,,,,,,,,,,,,,,,,,,,,,,,,,,,,,,,,,,,,,,,,,,,,,,,,,,,,,,,,,,,,,,,,,,,,,,,,,,,,,,,,,,,,,,,,,,,
7699308,Nia Robinson,ARKANSAS,,,,,,,,,,,,,,,,,11.66 (4.4),26.22 (0.4),,,,"6.70m (5.4) 21' 11.75""","13.41m 44' 0""",,,,,"1.80m 5' 10.75""",,,,,,,,,,,,,,,,,,,,,,,,,,,,,,,,,,,,,,,,,,,,,,,,,,,,,,,,,,,,,,,,,,,,,,,,,,,,,,,,,,,,,,,,,,,,,,,,,,,,,,,,,
9262002,Salieci Myles,LSU,f,,,,,,,,,,,,,,,7.47,11.65 (2.6),23.77 (2.7),44.11,,,,,,8.14,12.92 (-1.0),1:05.82,,,,,,,,,,,,,,,,,,,,,,,,,,,,,,,,,,,,,,,,,,,,,,,,,,,,,,,,,,,,,,,,,,,,,,,,,,,,,,,,,,,,,,,,,,,,,,,,,,,,,,,,,,
8682169,Evelyn Bliss,BUCKNELL,f,,,,,,,,,,,,,,,,,,,,"61.34m 201' 3""",,,,,,,,"9.97m 32' 8.5""",,,,,,,,,,,,,,,,,,,,,,,,,,,,,,,,,,,,,,,,,,,,,,,,,,,,,,,,,,,,,,,,,,,,,,,,,,,,,,,,,,,,,,,,,,,,,,,,,,,,,,,,
9244130,Zeal Kuku,MINNESOTA,f,,,,,,,,,,,,,,,,,24.57 (-1.9),40.10,54.03,,,,,,,,,,,,,,,,,,,,,,,,,,,,,,,,,,,,,,,,,,,,,,,,,,,,,,,,,,,,,,,,,,,,,,,,,,,,,,,,,,,,,,,,,,,,,,,,,,,,,,,,,,,,,,,,,
7526548,Sara Zabarino,USC,,,,,,,,,,,,,,,,,,,,,"55.66m 182' 7""",,,,,,,,,,,,,,,,,,,,,,,,,,,,,,,,,,,,,,,,,,,,,,,,,,,,,,,,,,,,,,,,,,,,,,,,,,,,,,,,,,,,,,,,,,,,,,,,,,,,,,,,,,,,,,,,
8893234,Levi Rowan,TULSA,m,,,4:05.14,,,,,13:38.91,,23:55.4,30:54.7,,8:03.23,,,,,,,,,,,,,,,,,,,,,,,,,,,,,,,,,,,,,,,,,,,,,,,,,,,,,,,,,,,,,,,,,,,,,,,,,,,,,,,,,,,,,,,,,,,,,,,,,,,,,,,,,,,,,,,,,,,,,,,
8161280,Arianne Morais,UTEP,,,,,,,,,,,,,,,,,,,,,"57.61m 189' 0""",,,,,,,,"13.37m 43' 10.5""",,,,,,,,,,,,,,,,,,,,,,,,,,,,,,,,,,,,,,,,,,,,,,,,,,,,,,,,,,,,,,,,,,,,,,,,,,,,,,,,,,,,,,,,,,,,,,,,,,,,,,,,
6922271,Jesse Hunt,NORTH CAROLINA,,,1:50.91,3:56.91,15:04.9,18:30.7,,3:37.53,,,24:18.4,30:29.4,2:20.86,8:47.69,,,,,,,,,,,,,,,,,,,,,,,,25:03.4,,,,,,,,,,,,,,,,,,,,,,,,,,,,,,,,,,,,,,,,,,,,,,,,,,,,,,,,,,,,,,,,,,,,,,,,,,,,,,,,,,,,,,,,,,,,,,,26:25.7
8321316,Gianna Locci,DUKE,f,,,,,,,,,,,,,,,7.87,11.97 (-0.7),24.40 (+0.0),,,,"6.38m (0.9) 20' 11.25""","11.04m (-1.4) 36' 2.75""",,,,,,,,,,,,,,,,,,,,,,,,,,,,,,,,,,,,,,,,,,,,,,,,,,,,,,,,,,,,,,,,,,,,,,,,,,,,,,,,,,,,,,,,,,,,,,,,,,,,,,,,,,,,,,
8684052,Emilia Kolokotroni,HARVARD,,,,,,,,,,,,,,,,,,,,,,,,,,,,,,,,,,,"67.82m 222' 6""","20.17m 66' 2.25""",,,,,,,,,,,,,,,,,,,,,,,,,,,,,,,,,,,,,,,,,,,,,,,,,,,,,,,,,,,,,,,,,,,,,,,,,,,,,,,,,,,,,,,,,,,,,,,,,
9266554,Kai Anderson,CALIFORNIA,m,,,,,,,,,,,,,,,,,,,,,,,,,,,,,,,"5.43m 17' 9.75""",,,,,,,,,,,,,,,,,,,,,,,,,,,,,,,,,,,,,,,,,,,,,,,,,,,,,,,,,,,,,,,,,,,,,,,,,,,,,,,,,,,,,,,,,,,,,,,,,,,,,
7985440,Millie Hill,NORTHERN IOWA,f,1:38.95,2:16.26,4:51.15,17:35.1,20:50.8,,4:29.94,16:38.92,10:23.23,,,3:03.77,9:36.06,,,,29.28,,1:01.54,,,,,,,1:06.66,,,,,,,,,,,,,,,1:31.50,,,,,,,,,,,,,,,,,,,,,,,,,,,,,,,,,,,,,,,,,,,,,,,,,,,,,,,,,,,,,,,,,,,,,,,,,,,,,,,,,,,,,,,,,,,
9263306,Brayden Williams,GEORGIA,m,,,,,,,,,,,,,,,6.74,10.48 (0.4),,,,,,,,,,,,,,,,,,,,,,,,,,,,,,,,,,,,,,,,,,,,,,,,,,,,,,,,,,,,,,,,,,,,,,,,,,,,,,,,,,,,,,,,,,,,,,,,,,,,,,,,,,,,,,,,,,,,
8585616,Sydnee Sinn,MICHIGAN STATE,f,1:33.45,2:04.43,,,,,4:34.33,,,,,,,,,,,,,,,,,,,,,,,,,,,,,,,,,,,,,,,,,,,,,,,,,19:03.1,,,,,,,,,,,,,,,,,,,,,,,,,,,,,,,,,,,,,,,,,,,,,,,,,,,,,,,,,,,,,,,,,,,,,,,,,,,,
9234727,Tatum Moku,GRAND CANYON,f,,,,,,,,,,,,,,,,,,,,,,,,,,,,,,,"4.38m 14' 4.5""",,,,,,,,,,,,,,,,,,,,,,,,,,,,,,,,,,,,,,,,,,,,,,,,,,,,,,,,,,,,,,,,,,,,,,,,,,,,,,,,,,,,,,,,,,,,,,,,,,,,,
8712648,Andre Korbmacher,FLORIDA STATE,m,,,,,,,,,,,,,,,,,,,,,,,,7.55,,,,,,,,13.35 (5.5),,,,,,,,,,,,,,,,,,,,,,,,,,,,,,,,,,,,,,,,,,,,,,,,,,,,,,,,,,,,,,,,,,,,,,,,,,,,,,,,,,,,,,,,,,,,,,,,,,,,
6989132,Aliyah Welter,LOUISVILLE,,,,,,,,,,,,,,,,,,,,,,,,,,,,,,,,"4.36m 14' 3.5""",,,,,,,,,,,,,,,,,,,,,,,,,,,,,,,,,,,,,,,,,,,,,,,,,,,,,,,,,,,,,,,,,,,,,,,,,,,,,,,,,,,,,,,,,,,,,,,,,,,,,
8972006,Sebastian Ikolo,CAL ST. FULLERTON,m,,,,,,,,,,,,,,,,,,,,,"7.42m (2.3) 24' 4.25""",,,,,,"2.15m 7' 0.5""",,,,,,,,,,,,,,,,,,,,,,,,,,,,,,,,,,,,,,,,,,,,,,,,,,,,,,,,,,,,,,,,,,,,,,,,,,,,,,,,,,,,,,,,,,,,,,,,,,,,,,,,,
9249493,Gina Certo,BOSTON COLLEGE,f,,,,,,,,,,,,,,,7.76,,24.39 (1.1),38.65,55.25,,,,,,,,,,,,,,,,,,,,,,,,,,,,,,,,,,,,,,,,,,,,,,,,,,,,,,,,,,,,,,,,,,,,,,,,,,,,,,,,,,,,,,,,,,,,,,,,,,,,,,,,,,,,,,,,,
8984502,Morgan Glaser,AIR FORCE,f,,2:17.58,,,,,,,,,,,,,,,25.61 (0.5),,,"32.87m 107' 10""","5.38m (1.9) 17' 8""",,,8.81,14.77 (1.1),1:00.13,"1.87m 6' 1.5""","8.59m 28' 2.25""",3752,5062,,,,,,,,,,,,,,,,,,,,8.59,,,,,,,,,,,,,,,,,,,,,,,,,,,,,,,,,,,,,,,,,,,,,,,,,,,,,,,,,,,,,,,,,,,,,,,,,,,,,,,,,,
9249539,Athena Peterson,LOUISVILLE,f,,,,,,,,,,,,,,,,12.25 (1.1),24.86 (3.3),,,,"5.98m 19' 7.5""","12.73m (3.0) 41' 9.25""",,,,,,,,,,,,,,,,,,,,,,,,,,,,,,,,,,,,,,,,,,,,,,,,,,,,,,,,,,,,,,,,,,,,,,,,,,,,,,,,,,,,,,,,,,,,,,,,,,,,,,,,,,,,,,
8694286,Emily Psarras,ARIZONA,f,,2:32.91,,,,,,,,,,,,,,12.30 (0.8),25.83 (-0.7),,,"49.92m 163' 9""","5.30m 17' 4.75""",,,9.94,16.77 (-1.5),,"1.58m 5' 2.25""","10.53m 34' 6.75""",3179,4555,,,,,,,,,,,,,,,,,,,,,,,,,,,,,,,,,,,,,,,,,,,,,,,,,,,,,,,,,,,,,,,,,,,,,,,,,,,,,,,,,,,,,,,,,,,,,,,,,,,,,,
8320229,Eva Baldursdottir,PITTSBURGH,f,,,,,,,,,,,,,,,,,,,,,,,,,,,"1.84m 6' 0.5""",,,,,,,,,,,,,,,,,,,,,,,,,,,,,,,,,,,,,,,,,,,,,,,,,,,,,,,,,,,,,,,,,,,,,,,,,,,,,,,,,,,,,,,,,,,,,,,,,,,,,,,,,
8267993,Zoey Bonds,BYU,f,,2:20.07,,,,,,,,,,,,,8.18,,24.41 (2.6),,,"36.73m 120' 6""","6.03m 19' 9.5""",,,8.20,13.17 (1.1),,"1.76m 5' 9.25""","11.57m 37' 11.5""",4239,5735,,,,,,,,,,,,,,,,,,,,7.85,,,,,,,,,,,,,,,,,,,,,,,,,,,,,,,,,,,,,,,,,,,,,,,,,,,,,,,,,,,,,,,,,,,,,,,,,,,,,,,,,,
8702536,Jalen Dickerson,SOUTHERN ILLINOIS,m,1:19.49,1:55.89,,,,,,,,31:17.7,,,,,,,22.59 (3.4),,47.77,,,,,,,51.14,,,,,,,,,,,,,,,1:12.78,,,,,,,,,,,,,,,,,,,,,,,,,,,,,,,,,,,,,,,,,,,,,,,,,,,,,,,,,,,,,,,,,,,,,,,,,,,,,,,,,,,,,,,,,,,
7724479,Claudina Diaz,MISSOURI,,,,,,,,,,,,,,,,,,,,,,,,,,,,"1.85m 6' 0.75""",,,,,,,,,,,,,,,,,,,,,,,,,,,,,,,,,,,,,,,,,,,,,,,,,,,,,,,,,,,,,,,,,,,,,,,,,,,,,,,,,,,,,,,,,,,,,,,,,,,,,,,,,
8369616,Christian Mutengela,NORTHERN ARIZONA,m,,,,,,,,,,,,,,,7.23,11.76 (2.2),23.12,,,,"7.12m (-0.5) 23' 4.5""","13.86m (+0.0) 45' 5.75""",,,,,"2.12m 6' 11.5""",,,,,,,,,,,,,,,,,,,,,,,,,,,,,,,,,,,,,,,,,,,,,,,,,,,,,,,,,,,,,,,,,,,,,,,,,,,,,,,,,,,,,,,,,,,,,,,,,,,,,,,,,
8011521,Riley Ammenhauser,OKLAHOMA,f,,,,,,,,,,,,,,,,,,,,,"5.95m (1.3) 19' 6.25""","13.35m (2.6) 43' 9.75""",,,,,,,,,,,,,,,,,,,,,,,,,,,,,,,,,,,,,,,,,,,,,,,,,,,,,,,,,,,,,,,,,,,,,,,,,,,,,,,,,,,,,,,,,,,,,,,,,,,,,,,,,,,,,,
7975993,Isaiah Rogers,KENNESAW STATE,,,,,,,,,,,,,,,,,,,,,,,,,,,,,"18.75m 61' 6.25""",,,,,,"71.90m 235' 11""","24.37m 79' 11.5""",,,,,,,,,,,,,,,,,,,,,,,,,,,,,,,,,,,,,,,,,,,,,,,,,,,,,,,,,,,,,,,,,,,,,,,,,,,,,,,,,,,,,,,,,,,,,,,,,
7704889,Will Coogan,NORTH CAROLINA,m,,,4:01.41,14:51.0,17:58.6,,3:42.18,13:35.78,,23:03.1,29:47.9,,7:54.66,,,,,,,,,,29:39.74,,,,,,,,,,,,,,,,,,,,,,,,,,,,,,,,,,,,,,,,,,,,,,,,,,,,,,,,,,,,,,,,,,,,,,,,,,,,,,,,,,,,,,,,,,,,,,,,,,,,,,,,,,,,,
9175546,Reese Kasper,KANSAS STATE,f,,,,,,,,,,,,,,,,,24.89,,54.75,,,,,,,58.26,,,,,,,,,,,,,,,,,,,,,,,,,,,,,,,,,,,,,,,,,,,,,,,,,,,,,,,,,,,,,,,,,,,,,,,,,,,,,,,,,,,,,,,,,,,,,,,,,,,,,,,,,,
7988049,Taylor Kesner,WISCONSIN,f,,,,,,,,,,,,,,,,,,,,"52.39m 171' 10""",,,,,,,,"14.46m 47' 5.25""",,,,,"57.83m 189' 9""","54.11m 177' 6""","23.50m 77' 1.25""",,,,,,,,,,,,,,,,,,,,,,,,,,,,,,,,,,,,,,,,,,,,,,,,,,,,,,,,,,,,,,,,,,,,,,,,,,,,,,,,,,,,,,,,,,,,,,,,,
6104881,Logan Blomquist,SE MISSOURI,,,,,,,,,,,,,,,,,,,,,"51.26m 168' 2""",,,,,,,,"18.11m 59' 5""",,,,,"54.98m 180' 4""","73.37m 240' 8""","20.71m 67' 11.5""",,,,,,,,,,,,,,,,,,,,,,,,,,,,,,,,,,,,,,,,,,,,,,,,,,,,,,,,,,,,,,,,,,,,,,,,,,,,,,,,,,,,,,,,,,,,,,,,,
9257032,Dahlia Beasley,KENTUCKY,f,,2:15.87,,,,,,,,,,,,,,,23.74 (3.1),39.56,,"28.73m 94' 3""","5.88m (0.8) 19' 3.5""",,,9.22,14.16 (1.3),,"1.71m 5' 7.25""","10.68m 35' 0.5""",3534,5367,,,,,,,,,,,,,,,,,,,,,,,,,,,,,,,,,,,,,,,,,,,,,,,,,,,,,,,,,,,,,,,,,,,,,,,,,,,,,,,,,,,,,,,,,,,,,,,,,,,,,,
8020769,Tristyn Flores,LONG BEACH ST.,m,,,,,,,,,,,,,,,6.67,10.05 (1.1),20.46 (1.7),,,,,,,,,,,,,,,,,,,,,,,,,,,,,,,,,,,,,,,,,,,,,,,,,,,,,,,,,,,,,,,,,,,,,,,,,,,,,,,,,,,,,,,,,,,,,,,,,,,,,,,,,,,,,,,,,,,
8587410,Ryan Olree,GEORGIA,m,,1:56.51,3:59.74,15:07.2,18:00.0,,3:43.95,13:45.68,,23:21.5,29:53.2,,7:59.17,,,,,,,,,,28:31.64,,,,,,,,,,,,,,,,,,,,,19:21.0,,,,,,,,,,,,,,,,,,,,,,23:43.1,,,,,,,,,,,,,,,,,,24:52.1,,,,,,,,,,,,,,,,,,,,,,,,,,,,,,,,,,,,,,,,,,,,,,,,
9246623,Gabriel Urraca,MARSHALL,m,,,,,,,,,,,,,,,,,,,,,,,,,,,,"18.08m 59' 4""",,,,,,,"15.06m 49' 5""",,,,,,,,,,,,,,,,,,,,,,,,,,,,,,,,,,,,,,,,,,,,,,,,,,,,,,,,,,,,,,,,,,,,,,,,,,,,,,,,,,,,,,,,,,,,,,,,,
7918236,Samuel Rodman,PRINCETON,,1:19.89,1:46.27,4:06.00,,,,,,,,,2:25.22,,,,,,,,,,,,,,,,,,,,,,,,,,1:03.23,,,,,,,,,,,,,,,,,,,,,,,,,,,,,,,,,,,,,,,,,,,,,,,,,,,,,,,,,,,,,,,,,,,,,,,,,,,,,,,,,,,,,,,,,,,,,,
8664744,Sophia Beckmon,ILLINOIS,f,,,,,,,,,,,,,,,7.31,11.11 (3.8),23.06 (3.5),,,,"6.86m (1.0) 22' 6.25""",,,,,,,,,,,,,,,,,,,,,,,,,,,,,,,,,,,,,,,,,,,,,,,,,,,,,,,,,,,,,,,,,,,,,,,,,,,,,,,,,,,,,,,,,,,,,,,,,,,,,,,,,,,,,,,
8683685,Elissa Perkins,WISCONSIN,f,,,,,,,,,,,,,,,7.88,12.22 (3.5),25.68 (-1.1),42.62,,,"6.03m (0.7) 19' 9.5""","12.77m (1.3) 41' 10.75""",,,,,,,,,,,,,,,,,,,,,,,,,,,,,,,,,,,,,,,,,,,,,,,,,,,,,,,,,,,,,,,,,,,,,,,,,,,,,,,,,,,,,,,,,,,,,,,,,,,,,,,,,,,,,,
7894471,Hannah Perrin,MONTANA STATE,f,,2:19.20,4:48.53,17:40.4,21:52.3,17:26.1,4:28.01,17:06.63,10:23.16,,,,9:33.73,,,,,,,,,,,,,,,,,,,,,,,,,,,,,,,,18:16.8,,,,,,,,,,,,,,,,,,,,,,,,,,,,,,,,,,,,,,,,,,,,,,,,,,,,,,,,,,,,,,,,,,,,,,,,,,,,,,,,,,,,,,,
8677538,Ka'Myya Haywood,TENNESSEE,f,1:28.81,2:01.97,,,,,,,,,,2:51.24,,,,,,,54.30,,,,,,,,,,,,,,,,,,,,,,,,,,,,,,,,,,,,,,,,,,,,,,,,,,,,,,,,,,,,,,,,,,,,,,,,,,,,,,,,,,,,,,,,,,,,,,,,,,,,,,,,,,,,,,,,,
8676283,Jordan Dunigan,MINNESOTA,m,,,,,,,,,,,,,,,,,,,,,,,,,,,,"16.15m 53' 0""",,,,,"58.12m 190' 8""","63.36m 207' 10""","20.06m 65' 9.75""",,,,,,,,,,,,,,,,,,,,,,,,,,,,,,,,,,,,,,,,,,,,,,,,,,,,,,,,,,,,,,,,,,,,,,,,,,,,,,,,,,,,,,,,,,,,,,,,,
8336191,Hadley Streit,MINNESOTA,f,,,,,,,,,,,,,,,,,,,,,,,,,,,,"13.73m 45' 0.5""",,,,,,"71.98m 236' 2""","22.41m 73' 6.25""",,,,,,,,,,,,,,,,,,,,,,,,,,,,,,,,,,,,,,,,,,,,,,,,,,,,,,,,,,,,,,,,,,,,,,,,,,,,,,,,,,,,,,,,,,,,,,,,,
7718280,Ethan Cocco,CLEMSON,,,,,,,,,,,,,,,,,,,,,"71.64m 235' 0""",,,,,,,,,,,,,,,,,,,,,,,,,,,,,,,,,,,,,,,,,,,,,,,,,,,,,,,,,,,,,,,,,,,,,,,,,,,,,,,,,,,,,,,,,,,,,,,,,,,,,,,,,,,,,,,,
8975794,Havana Alonso,OREGON STATE,f,,,,,,,,,,,,,,,,,,,,"49.30m 161' 9""",,,,,,,,,,,,,,,,,,,,,,,,,,,,,,,,,,,,,,,,,,,,,,,,,,,,,,,,,,,,,,,,,,,,,,,,,,,,,,,,,,,,,,,,,,,,,,,,,,,,,,,,,,,,,,,,
8609331,Raygan Dimond,BYU,f,,,4:45.45,18:23.6,21:37.9,15:59.0,4:27.87,16:25.39,9:55.03,,,,9:14.93,,,,,,,,,,,,,,,,,,,,,,,,,,,,,,,,,,,,,,,,,,,,,,,,,,,,,,,,,,,,,,,,,,,,,,,,18:55.0,,,,,,,,,,,,,,,,,,,,,,,,,,,,,,,,,,,,,,,,,,,,,,,
7008907,Kennedy Simon,TEXAS,,1:26.69,,,,,,,,,,,,,,7.50,,22.81,37.22,50.45,,,,,,,,,,,,,,,,,,,1:08.59,,,,,,,,,,,,,,,,,,,,,,,,,,,,,,,,,,,,,,,,,,,,,,,,,,,,,,,,,,,,,,,,,,,,,,,,,,,,,,,,,,,,,,,,,,,,,,
8696192,Janiya Cesar,FIU,f,,,,,,,,,,,,,,,,13.48,,,,"37.34m 122' 6""","4.20m 13' 9.5""",,,,16.19 (-0.8),,"1.52m 4' 11.75""","14.15m 46' 5.25""",,,,,"47.96m 157' 4""","62.33m 204' 6""","20.65m 67' 9""",,,,,,,,,,,,,52.84,,,,,,,,,,,,,,,,,,,,,,,,,,,,,,,,,,,,,,,,,,,,,,,,,,,,,,,,,,,,,,,,,,,,,,,,,,,,,,,,,,,,
8320100,Kaycee Mccoy,HOUSTON,f,,,,,,,,,,,,,,,7.48,11.64 (1.0),25.41,,,,,,,8.07,13.08 (4.8),,,,,,,,,,,,,,,,,,,,,,,,,,,,,,,,,,,,,,,,,,,,,,,,,,,,,,,,,,,,,,,,,,,,,,,,,,,,,,,,,,,,,,,,,,,,,,,,,,,,,,,,,,,
8981429,Paige Renschler,NORTH DAKOTA STATE,f,,,,,,,,,,,,,,,7.39,11.11 (7.8),22.98 (2.0),,,,,,,,,,,,,,,,,,,,,,,,,,,,,,,,,,,,,,,,,,,,,,,,,,,,,,,,,,,,,,,,,,,,,,,,,,,,,,,,,,,,,,,,,,,,,,,,,,,,,,,,,,,,,,,,,,,
8358262,Ben Kirbo,TCU,m,,,,,,,,,,,,,,,7.16,10.69 (3.4),,,,,,,,,,,,,,,"5.47m 17' 11.25""",,,,,,,,,,,,,,,,,,,,,,,,,,,,,,,,,,,,,,,,,,,,,,,,,,,,,,,,,,,,,,,,,,,,,,,,,,,,,,,,,,,,,,,,,,,,,,,,,,,,,
8320550,Adam Blue,MICHIGAN STATE,m,,,,,,,,,,,,,,,,,,,,,,,,,,,,,,,"5.31m 17' 5""",,,,,,,,,,,,,,,,,,,,,,,,,,,,,,,,,,,,,,,,,,,,,,,,,,,,,,,,,,,,,,,,,,,,,,,,,,,,,,,,,,,,,,,,,,,,,,,,,,,,,
8709403,Lara Roberts,TEXAS STATE,f,,,,,,,,,,,,,,,,,,,,,,,,,,,,,,,,,,"70.97m 232' 10""","19.49m 63' 11.5""",,,,,,,,,,,,,,,,,,,,,,,,,,,,,,,,,,,,,,,,,,,,,,,,,,,,,,,,,,,,,,,,,,,,,,,,,,,,,,,,,,,,,,,,,,,,,,,,,
7498696,Chadrick Williams,TEXAS SOUTHERN,,,,,,,,,,,,,,,,7.62,,,,,"58.65m 192' 5""","6.88m 22' 7""","15.65m (1.6) 51' 4.25""",,,,,"2.02m 6' 7.5""",,,,"4.00m 13' 1.5""",,,,,,,,,,,,,,,,,,,,,,,,,,,,,,,,,,,,,,,,,,,,,,,,,,,,,,,,,,,,,,,,,,,,,,,,,,,,,,,,,,,,,,,,,,,,,,,,,,,,,
7981907,John Santos,RHODE ISLAND,m,,,,,,,5:03.71,,,,,,,,7.02,10.82 (0.1),22.88,,50.71,"50.54m 165' 10""","7.15m (1.7) 23' 5.5""","14.32m (0.5) 46' 11.75""",,,,,"2.05m 6' 8.75""","12.65m 41' 6""",,,"3.75m 12' 3.5""",16.54 (2.0),"33.29m 109' 3""",,,6604,,,,,,,,,,,,,,,,,,,,,,,,,,,,,,,,,,,,,,,,,,,,,,,,,,,,,,,,,,,,,,,,,,,,,,,,,,,,,,,,,,,,,,,,,,,,,,,,
9181497,Tayvon Kitchen,BYU,m,,,3:59.17,,,,3:41.42,13:16.27,,23:11.2,29:01.5,,7:36.23,,,,,,,,,,,,,,,,,,,,,,,,,,,,,,,,,,,,,,,,,,,,,,,,,,,,,,,,,,,,,,,,,,,,,,20:17.0,,,,,,,,,,,,,,,,,,,,,,,,,,,,,,,,,,,,,,,,,,,,,,,,,
9008528,Tyler Lowe,TEXAS A&M,f,,,,,,,,,,,,,,,,,23.97 (1.9),,52.37,,,,,,,,,,,,,,,,,,,,,,,,,,,,,,,,,,,,,,,,,,,,,,,,,,,,,,,,,,,,,,,,,,,,,,,,,,,,,,,,,,,,,,,,,,,,,,,,,,,,,,,,,,,,,,,,,
9002125,Malik Franklin,BAYLOR,m,,,,,,,,,,,,,,,,10.53 (3.4),20.57 (0.9),33.29,45.63,,,,,,,,,,,,,,,,,,,,,,,,,,,,,,,,,,,,,,,,,,,,,,,,,,,,,,,,,,,,,,,,,,,,,,,,,,,,,,,,,,,,,,,,,,,,,,,,,,,,,,,,,,,,,,,,,
8328863,Darci Wiseman,NORTHERN IOWA,f,,2:26.43,,,,,,,,,,,,,,,25.32,,56.33,"31.02m 101' 9""","4.95m 16' 3""",,,8.87,14.49 (2.5),1:00.06,"1.53m 5' 0.25""","9.19m 30' 2""",3067,4328,,,,,,,,,,,,,,,,,,,,,,,,,,,,,,,,,,,,,,,,,,,,,,,,,,,,,,,,,,,,,,,,,,,,,,,,,,,,,,,,,,,,,,,,,,,,,,,,,,,,,,
9230699,Austin Rowswell,IOWA,m,,,,,,,,,,,,,,,,,,34.21,46.16,,,,,,,,,,,,,,,,,,,,,,,,,,,,,,,,,,,,,,,,,,,,,,,,,,,,,,,,,,,,,,,,,,,,,,,,,,,,,,,,,,,,,,,,,,,,,,,,,,,,,,,,,,,,,,,,,
8985305,Joshua Huisman,MICHIGAN,m,,,,,,,,,,,,,,,,,,,,,,,,,,,,"18.95m 62' 2.25""",,,,,,"57.44m 188' 5""","17.65m 57' 11""",,,,,,,,,,,,,,,,,,,,,,,,,,,,,,,,,,,,,,,,,,,,,,,,,,,,,,,,,,,,,,,,,,,,,,,,,,,,,,,,,,,,,,,,,,,,,,,,,
7524308,Esther Isa,MID. TENN. STATE,,,,,,,,,,,,,,,,,,,,,,"6.41m 21' 0.5""","13.48m 44' 2.75""",,,,,"1.85m 6' 0.75""",,,,,,,,,,,,,,,,,,,,,,,,,,,,,,,,,,,,,,,,,,,,,,,,,,,,,,,,,,,,,,,,,,,,,,,,,,,,,,,,,,,,,,,,,,,,,,,,,,,,,,,,,
7021056,Treyshon Malone,IDAHO STATE,,,,,,,,,,,,,,,,6.69,10.36 (2.0),20.76 (1.1),,48.55,,"8.02m (1.1) 26' 3.75""",,,8.00,,,,,,,,14.35 (+0.0),,,,,,,,,,,,,,,,,,,,,,,,,,,,,,,,,,,,,,,,,,,,,,,,,,,,,,,,,,,,,,,,,,,,,,,,,,,,,,,,,,,,,,,,,,,,,,,,,,,,
7732041,Claire Bryant,FLORIDA,,,,,,,,,,,,,,,,,,,,,,"6.88m 22' 7""",,,,,,"1.84m 6' 0.5""",,,,,,,,,,,,,,,,,,,,,,,,,,,,,,,,,,,,,,,,,,,,,,,,,,,,,,,,,,,,,,,,,,,,,,,,,,,,,,,,,,,,,,,,,,,,,,,,,,,,,,,,,
8364032,Ana De La Garza,TEXAS A&M,f,,,,,,,,,,,,,,,,,,,,"49.70m 163' 1""",,,,,,,,,,,,,,,,,,,,,,,,,,,,,,,,,,,,,,,,,,,,,,,,,,,,,,,,,,,,,,,,,,,,,,,,,,,,,,,,,,,,,,,,,,,,,,,,,,,,,,,,,,,,,,,,
8982090,Jonathan Seremes,TEXAS TECH,m,,,,,,,,,,,,,,,,,,,,,,"17.25m 56' 7.25""",,,,,,,,,,,,,,,,,,,,,,,,,,,,,,,,,,,,,,,,,,,,,,,,,,,,,,,,,,,,,,,,,,,,,,,,,,,,,,,,,,,,,,,,,,,,,,,,,,,,,,,,,,,,,,
9270212,Jordan Good,EAST CAROLINA,m,1:18.34,1:50.40,,,,,,,,,,,,,,,,,48.48,,,,,,,,,,,,,,,,,,,,,,,,,,,,,,,,,,,,,,,,,,,,,,,,,,,,,,,,,,,,,,,,,,,,,,,,,,,,,,,,,,,,,,,,,,,,,,,,,,,,,,,,,,,,,,,,,
7945430,Kimar Farquharson,TEXAS A&M,m,1:16.69,1:45.99,,,,,3:58.65,,,26:36.5,,2:24.96,,,,,,,45.18,,,,,,,,,,,,,,,,,,,,,,1:09.33,,,,,,,,,,,,,,,,,,,,,,,,,,,,,,,,,,,,,,,,,,,,,,,,,,,,,,,,,,,,,,,,,,,,,,,,,,,,,,,,,,,,,,,,,,,
8699158,Racquil Broderick,USC,m,,,,,,,,,,,,,,,,,,,,"44.72m 146' 9""",,,,,,,,"16.04m 52' 7.5""",,,,,"63.31m 207' 8""",,,,,,,,,,,,,,,,,,,,,,,,,,,,,,,,,,,,,,,,,,,,,,,,,,,,,,,,,,,,,,,,,,,,,,,,,,,,,,,,,,,,,,,,,,,,,,,,,,,
8676153,Brendon See,OKLAHOMA,m,,,,,,,,,,,,,,,,,,,,,,,,,,,,"18.46m 60' 6.75""",,,,,"58.29m 191' 3""","63.60m 208' 8""","21.92m 71' 11""",,,,,,,,,,,,,,,,,,,,,,,,,,,,,,,,,,,,,,,,,,,,,,,,,,,,,,,,,,,,,,,,,,,,,,,,,,,,,,,,,,,,,,,,,,,,,,,,,
8977029,Ashley Erasmus,USC,f,,,,,,,,,,,,,,,,,,,,"41.21m 135' 2""",,,,,,,,"18.30m 60' 0.5""",,,,,"55.10m 180' 9""",,,,,,,,,,,,,,,,,,,,,,,,,,,,,,,,,,,,,,,,,,,,,,,,,,,,,,,,,,,,,,,,,,,,,,,,,,,,,,,,,,,,,,,,,,,,,,,,,,,
7724879,Abdullahi Hassan,MISS STATE,,1:18.15,1:45.39,3:59.18,,,,3:42.95,,,,,2:20.06,,,,,22.53 (-2.1),,47.96,,,,,,,,,,,,,,,,,,,,,,,,,,,,,,,,,,,,,,,,,,,,,,,,,,,,,,,,,,,,,,,,,,,,,,,,,,,,,,,,,,,,,,,,,,,,,,,,,,,,,,,,,,,,,,,,,
9009143,Kason Jones,NORTHWESTERN ST.,m,,,,,,,,,,,,,,,6.90,10.69 (2.5),21.28 (5.1),34.48,46.40,,,,,,,,,,,,,,,,,,,,,,,,,,,,,,,,,,,,,,,,,,,,,,,,,,,,,,,,,,,,,,,,,,,,,,,,,,,,,,,,,,,,,,,,,,,,,,,,,,,,,,,,,,,,,,,,,
8588209,Lyric Olson,KENTUCKY,f,,2:03.95,4:43.31,17:31.6,20:41.1,17:25.0,4:25.01,,,,,2:53.58,,,,,,,,,,,,,,,,,,,,,,,,,,,21:47.0,,,,,,,,,,,,,,,,14:55.0,,,,,,,,,,,,,,,,,,,,,,,,,,,,,,,,,,,,,,,,,,,,,,,,,,,,,,,,,,,,,,,,,,,,,,,,,,,,,
8710458,Maddox Hamm,VIRGINIA TECH,m,,,,,,,,,,,,,,,,,,,,,,,,,,,,,,,"5.70m 18' 8.25""",,,,,,,,,,,,,,,,,,,,,,,,,,,,,,,,,,,,,,,,,,,,,,,,,,,,,,,,,,,,,,,,,,,,,,,,,,,,,,,,,,,,,,,,,,,,,,,,,,,,,
8327515,Brion Stephens,GEORGIA,m,,,,,,,,,,,,,,,,,,,,,,,,,,,"2.23m 7' 3.75""",,,,,,,,,,,,,,,,,,,,,,,,,,,,,,,,,,,,,,,,,,,,,,,,,,,,,,,,,,,,,,,,,,,,,,,,,,,,,,,,,,,,,,,,,,,,,,,,,,,,,,,,,
7526270,Caleb Dean,TEXAS TECH,,,,,,,,,,,,,,,,6.52,10.33 (2.3),21.22,,,,,,,7.52,,48.39,,,,,,13.44 (2.3),,,,,,,,,,,,,,,,,,,,,,,,,,,,,,,,,,,,,,,,,,,,,,,,,,,,,,,,,,,,,,,,,,,,,,,,,,,,,,,,,,,,,,,,,,,,,,,,,,,,
9175550,Destini Smith,KANSAS STATE,f,,,,,,,,,,,,,,,,,,,,,,"13.81m (3.3) 45' 3.75""",,,,,,,,,,,,,,,,,,,,,,,,,,,,,,,,,,,,,,,,,,,,,,,,,,,,,,,,,,,,,,,,,,,,,,,,,,,,,,,,,,,,,,,,,,,,,,,,,,,,,,,,,,,,,,
8700008,Nathan Metelus,SOUTH FLORIDA,m,1:25.04,1:57.46,,,,,,,,37:02.1,,,,,6.99,10.45 (3.3),20.46 (1.7),34.16,45.80,,,,,,,,,,,,,,,,,,,,,,,,,,,,,,,,,,,,,,,,,,,,,,,,,,,,,,,,,,,,,,,,,,,,,,,,,,,,,,,,,,,,,,,,,,,,,,,,,,,,,,,,,,,,,,,,,
8711249,Riana Green,RICE,f,,,,,,,,,,,,,,,7.64,,23.48 (1.7),,52.89,,,,,,,1:02.19,,,,,,,,,,,,,,,,,,,,,,,,,,,,,,,,,,,,,,,,,,,,,,,,,,,,,,,,,,,,,,,,,,,,,,,,,,,,,,,,,,,,,,,,,,,,,,,,,,,,,,,,,,
9020107,Arian Milicija,NEW MEXICO,m,,,,,,,,,,,,,,,,,,,,,,,,,,,,,,,"5.25m 17' 2.75""",,,,,,,,,,,,,,,,,,,,,,,,,,,,,,,,,,,,,,,,,,,,,,,,,,,,,,,,,,,,,,,,,,,,,,,,,,,,,,,,,,,,,,,,,,,,,,,,,,,,,
9367123,Vincent Ugwoke,USC,m,,,,,,,,,,,,,,,,,,,,,,,,,,,,"16.31m 53' 6.25""",,,,,"63.72m 209' 1""","54.85m 179' 11""","17.73m 58' 2""",,,,,,,,,,,,,,,,,,,,,,,,,,,,,,,,,,,,,,,,,,,,,,,,,,,,,,,,,,,,,,,,,,,,,,,,,,,,,,,,,,,,,,,,,,,,,,,,,
8995493,Matt Giuliano,LOUISVILLE,m,,,,,,,,,,,,,,,,,,,,,,,,,,,,,,,,,,"64.61m 212' 0""","19.27m 63' 2.75""",,,,,,,,,,,,,,,,,,,,,,,,,,,,,,,,,,,,,,,,,,,,,,,,,,,,,,,,,,,,,,,,,,,,,,,,,,,,,,,,,,,,,,,,,,,,,,,,,
8987857,Evan Watson,ILLINOIS STATE,m,1:26.66,,,,,,,,,,,,,,7.08,,21.61 (4.2),36.09,47.54,,,,,,,,,,,,,,,,,,,,,,,,,,,,,,,,,,,,,,,,,,,,,,,,,,,,,,,,,,,,,,,,,,,,,,,,,,,,,,,,,,,,,,,,,,,,,,,,,,,,,,,,,,,,,,,,,
8986745,Cenaiya Billups,HOWARD,f,,,,,,,,,,,,,,,7.89,,24.51 (1.7),38.83,54.22,,,,,8.68,13.99 (1.8),55.09,,,,,,,,,,,,,,,,,,,,,,,,,,,,,,,,,,,,,,,,,,,,,,,,,,,,,,,,,,,,,,,,,,,,,,,,,,,,,,,,,,,,,,,,,,,,,,,,,,,,,,,,,,
8715123,Josephine Oloye,EASTERN MICHIGAN,f,,,,,,,,,,,,,,,,12.05 (3.1),24.26,38.05,53.61,,,,,,,,,,,,,,,,,,,,,,,,,,,,,,,,,,,,,,,,,,,,,,,,,,,,,,,,,,,,,,,,,,,,,,,,,,,,,,,,,,,,,,,,,,,,,,,,,,,,,,,,,,,,,,,,,
8995169,Miller Jones,LOUISVILLE,m,,,,,,,,,,,,,,,,,,,,,"7.83m (3.0) 25' 8.25""","15.96m (3.3) 52' 4.5""",,,,,,,,,,,,,,,,,,,,,,,,,,,,,,,,,,,,,,,,,,,,,,,,,,,,,,,,,,,,,,,,,,,,,,,,,,,,,,,,,,,,,,,,,,,,,,,,,,,,,,,,,,,,,,
9261395,Taysha Stubbs,NEBRASKA,f,,,,,,,,,,,,,,,,,,,,"56.34m 184' 10""",,,,,,,,,,,,,,,,,,,,,,,,,,,,,,,,,,,,,,,,,,,,,,,,,,,,,,,,,,,,,,,,,,,,,,,,,,,,,,,,,,,,,,,,,,,,,,,,,,,,,,,,,,,,,,,,
8672669,Jace Coleman,EAST CAROLINA,m,,,,,,,,,,,,,,,6.74,10.11 (6.0),20.78 (3.3),,50.41,,,,,,,,,,,,,,,,,,,,,,,,,,,,,,,,,,,,,,,,,,,,,,,,,,,,,,,,,,,,,,,,,,,,,,,,,,,,,,,,,,,,,,,,,,,,,,,,,,,,,,,,,,,,,,,,,
7983886,Klaire Kovatch,COLORADO ST.,f,,,,,,,,,,,,,,,,,,,,"45.41m 149' 0""",,,,,,,,"14.86m 48' 9""",,,,,"59.55m 195' 4""","59.49m 195' 2""","20.09m 65' 11""",,,,,,,,,,,,,,,,,,,,,,,,,,,,,,,,,,,,,,,,,,,,,,,,,,,,,,,,,,,,,,,,,,,,,,,,,,,,,,,,,,,,,,,,,,,,,,,,,
8672393,Sergio Del Barrio,OLE MISS,m,,,4:02.84,14:54.0,,,3:42.84,,8:38.05,24:35.1,,,8:00.35,,,,,,,,,,,,,,,,,,,,,,,,,,,,,,,,,,,,,,,,,,,,,5:36.93,,,,,,,,,,,,,,,,,,,,,,,,,,,,,,,,,,,,,,,,,,,,,,,,,,,,,,,,,,,,,,,,,,,,,,,,,,
8666780,Malachi Aiken,MARYLAND-EASTERN SHORE,,,,,,,,,,,,,,,,7.26,,22.89,,,,"7.54m (2.6) 24' 9""","15.77m (+0.0) 51' 9""",,,,,,,,,,,,,,,,,,,,,,,,,,,,,,,,,,,,,,,,,,,,,,,,,,,,,,,,,,,,,,,,,,,,,,,,,,,,,,,,,,,,,,,,,,,,,,,,,,,,,,,,,,,,,,
8338526,Makayla Clark,IOWA STATE,f,,2:01.01,,17:37.6,,,4:17.34,,,,,2:43.24,,,,,,,56.41,,,,,,,,,,,,,,,,,,,,,,1:18.37,,,,,,,,,,,,,,,,,,,,,,,,,,,,,,,,,,,,,,,,,,,,,,,,,,,,,,,,,,,,,,,,,,,,,,,,,,,,,,,,,,,,,,,,,,,
8973656,Justin Warner,KENNESAW STATE,m,1:20.60,1:50.76,,,,,,,,,,2:32.78,,,,,,,46.14,,,,,,,,,,,,,,,,,,,,,,,,,,,,,,,,,,,,,,,,,,,,,,,,,,,,,,,,,,,,,,,,,,,,,,,,,,,,,,,,,,,,,,,,,,,,,,,,,,,,,,,,,,,,,,,,,
8990384,Nick Reynolds,GEORGIA,m,,,,,,,,,,,,,,,,,,,,"77.55m 254' 5""",,,,,,,,,,,,,,,,,,,,,,,,,,,,,,,,,,,,,,,,,,,,,,,,,,,,,,,,,,,,,,,,,,,,,,,,,,,,,,,,,,,,,,,,,,,,,,,,,,,,,,,,,,,,,,,,
7091735,Deborah Acquah,TEXAS A&M,,,,,,,,,,,,,,,,7.55,11.53 (2.7),24.24 (3.0),,,,"6.89m (0.7) 22' 7.25""","14.27m 46' 10""",,,,,,,,,,,,,,,,,,,,,,,,,,,,,,,,,,,,,,,,,,,,,,,,,,,,,,,,,,,,,,,,,,,,,,,,,,,,,,,,,,,,,,,,,,,,,,,,,,,,,,,,,,,,,,
8674247,Zenon Rule,INDIANA STATE,m,,,,,,,5:00.01,,,,,3:00.92,,,7.17,11.07 (0.2),,,52.22,"41.22m 135' 3""","6.76m (0.4) 22' 2.25""",,,8.48,,,"1.74m 5' 8.5""","11.99m 39' 4""",,4880,"4.55m 14' 11""",15.02 (2.5),"35.06m 115' 0""",,,6591,,,,,,,,,,,,,,,,,,,,,,,,,,,,,,,,,,,,,,,,,,,,,,,,,,,,,,,,,,,,,,,,,,,,,,,,,,,,,,,,,,,,,,,,,,,,,,,,
9283810,Gabriella Cunningham,ARKANSAS,f,,,,,,,,,,,,,,,,,23.75 (6.6),,,,,,,8.39,13.02 (1.8),,,,,,,,,,,,,,,,,,,,,,,,,,,,,,,,,,,,,,,,,,,,,,,,,,,,,,,,,,,,,,,,,,,,,,,,,,,,,,,,,,,,,,,,,,,,,,,,,,,,,,,,,,,
7968964,Desmond Coleman,MIAMI (FLA.),m,,,,,,,,,,,,,,,,,,,,,,,,,,,,"16.44m 53' 11.25""",,,,,"60.53m 198' 7""","61.33m 201' 2""","21.28m 69' 9.75""",,,,,,,,,,,,,,,,,,,,,,,,,,,,,,,,,,,,,,,,,,,,,,,,,,,,,,,,,,,,,,,,,,,,,,,,,,,,,,,,,,,,,,,,,,,,,,,,,
8971846,Xavier Bogan,NEBRASKA,m,,,,,,,,,,,,,,,,,22.23,35.37,50.18,,"7.77m (1.2) 25' 6""","15.80m 51' 10""",,,,,,,,,,,,,,,,,,,,,,,,,,,,,,,,,,,,,,,,,,,,,,,,,,,,,,,,,,,,,,,,,,,,,,,,,,,,,,,,,,,,,,,,,,,,,,,,,,,,,,,,,,,,,,
8674139,Treavor Green,CENTRAL ARKANSAS,m,,,,,,,,,,,,,,,,,,,,"48.14m 157' 11""",,,,,,,,"11.83m 38' 9.75""",,,,,"41.64m 136' 7""","63.75m 209' 2""","18.70m 61' 4.25""",,,,,,,,,,,,,,,,,,,,,,,,,,,,,,,,,,,,,,,,,,,,,,,,,,,,,,,,,,,,,,,,,,,,,,,,,,,,,,,,,,,,,,,,,,,,,,,,,
9239380,Chloe Thomas,WASHINGTON,f,,,,,,,,15:16.93,,,,,8:51.27,,,,,,,,,,32:19.59,,,,,,,,,,,,,,,,,,,,,,,,,,,,,,,,,,,,,,,,,,,,,,,,,,,,,,,,,,,,,,,,,,,,,,,,,,,,,,,,,,,,,,,,,,,,,,,,,,,,,,,,,,,,,
9205345,Mercy Kibet,IOWA STATE,f,,,4:38.43,,19:05.7,,4:15.32,15:54.75,,,,2:45.83,9:02.30,,,,,,,,,,,,,,,,,,,,,,,,,,,,,,,,,,,,,,,,,,,,,,,,,,,,,,,,,,,,,,,,,,,,,,,,,,,,,,,,,,,,,,,,,,,,,,,,,,,,,,,,,,,,,,,,,,,,,,,
9264656,Despiro Wray,FLORIDA STATE,m,,,,,,,,,,,,,,,,,,,,,,,,,,,,"18.63m 61' 1.5""",,,,,"47.82m 156' 11""",,,,,,,,,,,,,,,,,,,,,,,,,,,,,,,,,,,,,,,,,,,,,,,,,,,,,,,,,,,,,,,,,,,,,,,,,,,,,,,,,,,,,,,,,,,,,,,,,,,
8435651,Kibren Moore,MISS STATE,m,,,,,,,,,,,,,,,6.89,9.99 (3.6),20.51 (2.1),,48.24,,,,,,,,,,,,,,,,,,,,,,,,,,,,,,,,,,,,,,,,,,,,,,,,,,,,,,,,,,,,,,,,,,,,,,,,,,,,,,,,,,,,,,,,,,,,,,,,,,,,,,,,,,,,,,,,,
6992912,Mitchell Weber,MISSOURI,,,,,,,,,,,,,,,,,,,,,,,,,,,,,"17.73m 58' 2""",,,,,"60.99m 200' 1""","52.96m 173' 9""","21.68m 71' 1.5""",,,,,,,,,,,,,,,,,,,,,,,,,,,,,,,,,,,,,,,,,,,,,,,,,,,,,,,,,,,,,,,,,,,,,,,,,,,,,,,,,,,,,,,,,,,,,,,,,
8311535,Kelis Armstrong,HOWARD,f,,,,,,,,,,,,,,,7.91,12.86,,,,"14.77m 48' 5""","5.93m (-0.5) 19' 5.5""","12.76m (2.7) 41' 10.5""",,,,,,,,,,,,,,,,,,,,,,,,,,,,,,,,,,,,,,,,,,,,,,,,,,,,,,,,,,,,,,,,,,,,,,,,,,,,,,,,,,,,,,,,,,,,,,,,,,,,,,,,,,,,,,
8361637,Awakhiwe Ndlovu,OKLAHOMA,m,,,,,,,,,,,,,,,,,,,,,"6.45m (-0.6) 21' 2""","15.86m (2.3) 52' 0.5""",,,,,,,,,,,,,,,,,,,,,,,,,,,,,,,,,,,,,,,,,,,,,,,,,,,,,,,,,,,,,,,,,,,,,,,,,,,,,,,,,,,,,,,,,,,,,,,,,,,,,,,,,,,,,,
8993793,Tye Hardin,NORTHERN IOWA,m,,,,,,,5:01.66,,,,,2:51.84,,,7.00,10.87 (1.2),21.87 (-0.6),,49.80,"50.95m 167' 2""","7.33m (1.8) 24' 0.75""",,,8.61,,,"2.14m 7' 0.25""","12.29m 40' 4""",,5276,"4.16m 13' 7.75""",15.35 (3.0),"31.38m 102' 11""",,,6970,,,,,,,,,,,,,,,,,,,,,,,,,,,,,,,,,,,,,,,,,,,,,,,,,,,,,,,,,,,,,,,,,,,,,,,,,,,,,,,,,,,,,,,,,,,,,,,,
9247073,Benjamin Shue,TEXAS,m,,,,,,,,,,,,,,,,,,,,,,,,,,,,"17.91m 58' 9.25""",,,,,"55.74m 182' 10""",,,,,,,,,,,,,,,,,,,,,,,,,,,,,,,,,,,,,,,,,,,,,,,,,,,,,,,,,,,,,,,,,,,,,,,,,,,,,,,,,,,,,,,,,,,,,,,,,,,
7984928,Sean Watkins,MIAMI (FLA.),m,,,,,,,,,,,,,,,,10.57 (0.3),20.70 (1.3),33.59,45.74,,,,,,,,,,,,,,,,,,,,,,,,,,,,,,,,,,,,,,,,,,,,,,,,,,,,,,,,,,,,,,,,,,,,,,,,,,,,,,,,,,,,,,,,,,,,,,,,,,,,,,,,,,,,,,,,,
8986591,Jayden Jessee,BYU,m,,,,,,,,,,,,,,,7.14,11.10 (-0.2),21.89,,,,"7.31m (1.6) 23' 11.75""",,,7.95,,51.11,,,,,,13.97 (2.4),,,,,,,,,,,,,,,,,,7.47,,,,,,,,,,,,,,,,,,,,,,,,,,,,,,,,,,,,,,,,,,,,,,,,,,,,,,,,,,,,,,,,,,,,,,,,,,,,,,,,,,
8681883,Diamonasia Taylor,MURRAY STATE,,,,,,,,,,,,,,,,,13.40 (+0.0),,,,,"5.77m (1.7) 18' 11.25""","12.21m (0.2) 40' 0.75""",,,,,"1.81m 5' 11.25""",,,,,,,,,,,,,,,,,,,,,,,,,,,,,,,,,,,,,,,,,,,,,,,,,,,,,,,,,,,,,,,,,,,,,,,,,,,,,,,,,,,,,,,,,,,,,,,,,,,,,,,,,
8239794,Zane Bergen,STANFORD,m,,1:48.55,3:58.59,,,,3:38.05,14:58.37,9:20.16,24:03.5,31:02.7,2:18.98,8:01.89,,,,,,,,,,,,,,,,,,,,,,,,,,,,,,,,,,,,,,,,,,,,,,,,,,,,,,,,,,,,,,,,,,,,,,,,,,,,,,,,,,,,,,,,,,,,,,,,,,,,,,,,,,,,,,,,,,,,,,,
7910647,Jack Williams,ARKANSAS,m,,,4:06.14,15:25.6,,,3:53.08,14:37.82,8:48.29,24:38.0,31:02.9,,8:12.30,,,,,,,,,,,,,,,,,,,,,,,,,,,,,,,,,,,,,,,,,,,,,,,,,,,,,,,,,,,,,,,,,,,,,,,,,,,,,,,,,,,,,,,,,,,,,,,,,,,,,,,,,,,,,,,,,,,,,,,
6600492,Kyle Alcine,KANSAS STATE,,,,,,,,,,,,,,,,,,,,,,,,,,,,"2.19m 7' 2.25""",,,,,,,,,,,,,,,,,,,,,,,,,,,,,,,,,,,,,,,,,,,,,,,,,,,,,,,,,,,,,,,,,,,,,,,,,,,,,,,,,,,,,,,,,,,,,,,,,,,,,,,,,
8973744,Ryce Reynolds,STANFORD,m,,,,,,,,,,,,,,,,,21.34,,46.67,,,,,,,50.75,,,,,,,,,,,,,,,,,,,,,,,,,,,,,,,,,,,,,,,,,,,,,,,,,,,,,,,,,,,,,,,,,,,,,,,,,,,,,,,,,,,,,,,,,,,,,,,,,,,,,,,,,,
9251324,Lotte Gretzler,PRINCETON,f,,2:37.38,,,,,,,,,,,,,,,,,,"37.49m 123' 0""","5.57m 18' 3.25""",,,8.90,,,"1.57m 5' 1.75""","10.98m 36' 0.25""",3549,,"4.12m 13' 6.25""",,,,,,,,,,,,,,,,,,,,,,,,,,,,,,,,,,,,,,,,,,,,,,,,,,,,,,,,,,,,,,,,,,,,,,,,,,,,,,,,,,,,,,,,,,,,,,,,,,,,,
9013630,Braden Parris,OKLAHOMA,m,,,,,,,,,,,,,,,6.89,10.49 (2.0),21.09 (0.4),,49.26,,,,,,,,,,,,,,,,,,,,,,1:19.70,,,,,,,,,,,,,,,,,,,,,,,,,,,,,,,,,,,,,,,,,,,,,,,,,,,,,,,,,,,,,,,,,,,,,,,,,,,,,,,,,,,,,,,,,,,
8724783,Princess Uche,IOWA,f,1:27.83,2:06.90,,,,,,,,,,,,,,,24.97 (1.5),,52.10,,,,,,,,,,,,,,,,,,,,,,,,,,,,,,,,,,,,,,,,,,,,,,,,,,,,,,,,,,,,,,,,,,,,,,,,,,,,,,,,,,,,,,,,,,,,,,,,,,,,,,,,,,,,,,,,,
8321245,Jake Rose,PENN,m,,,,,,,5:05.26,,,,,2:56.73,,,6.92,10.84 (1.5),23.03 (2.0),36.92,51.63,"50.46m 165' 7""","7.16m 23' 6""",,,7.82,,,"1.92m 6' 3.5""","15.13m 49' 7.75""",,5659,"4.95m 16' 2.75""",14.04 (-0.5),"42.07m 138' 0""",,,7498,,,,,,,,,,,,,,,,,,,,,,,,,,,,,,,,,,,,,,,,,,,,,,,,,,,,,,,,,,,,,,,,,,,,,,,,,,,,,,,,,,,,,,,,,,,,,,,,
8583691,Douglas Buckeridge,PURDUE,m,,,4:08.12,,18:15.6,,3:45.88,13:56.33,8:50.19,23:10.3,29:12.9,,8:04.85,,,,,,,,,,28:51.46,,,,,,,,,,,,,,,,,,,,,,,,,,,,,,,,,,,5:52.35,,,,,,,,,,,,,,,,,,,,,,,,,,,,,,,,,,,,,,,,,,,,,,,,,,,,,,,,,,,,,,,,,,,,,,,,,,
8364209,Demarco Escobar,TEXAS A&M,m,,,,,,,,,,,,,,,,,21.43 (1.0),34.07,46.16,,,,,,,,,,,,,,,,,,,,,,,,,,,,,,,,,,,,,,,,,,,,,,,,,,,,,,,,,,,,,,,,,,,,,,,,,,,,,,,,,,,,,,,,,,,,,,,,,,,,,,,,,,,,,,,,,
9063861,Camden Hawkins,TARLETON STATE,m,,,,,,,,,,,,,,,7.07,10.54 (1.2),20.82 (3.9),,46.97,,,,,,,,,,,,,,,,,,,,,,,,,,,,,,,,,,,,,,,,,,,,,,,,,,,,,,,,,,,,,,,,,,,,,,,,,,,,,,,,,,,,,,,,,,,,,,,,,,,,,,,,,,,,,,,,,
8675817,Nathanil Figgers,SOUTH CAROLINA,,,,,,,,,,,,,,,,,,,,,,"7.30m 23' 11.5""",,,,,,"2.20m 7' 2.5""",,,,,,,,,,,,,,,,,,,,,,,,,,,,,,,,,,,,,,,,,,,,,,,,,,,,,,,,,,,,,,,,,,,,,,,,,,,,,,,,,,,,,,,,,,,,,,,,,,,,,,,,,
7919036,Isabelle Goldstein,WAKE FOREST,f,,,4:45.75,17:46.4,21:04.3,,4:26.30,,10:09.41,,,2:53.77,9:24.04,,,,,,,,,,,,,,,,,,,,,,,,,,,,,,,23:50.3,,,,,,,,,,,,,17:02.8,,,,,,,,,,,,,,,,,,,,,,,,,,,,,,,,,,,,,,,,,,,,,,,,,,,,,,,,,,,,,,,,,,,,,,,,,,,
8986657,Kelsie Belquist,NEBRASKA,f,,,,,,,,,,,,,,,7.70,,23.46,36.59,52.41,,,,,,,55.24,,,,,,,,,,,,,,,,,,,,,,,,,,,,,,,,,,,,,,,,,,,,,,,,,,,,,,,,,,,,,,,,,,,,,,,,,,,,,,,,,,,,,,,,,,,,,,,,,,,,,,,,,,
6079457,Tom Yezek,NORTHERN IOWA,,,,,,,,,,,,,,,,,,,,,,,,,,,,,"18.71m 61' 4.75""",,,,,"58.21m 191' 0""",,"15.52m 50' 11""",,,,,,,,,,,,,,,,,,,,,,,,,,,,,,,,,,,,,,,,,,,,,,,,,,,,,,,,,,,,,,,,,,,,,,,,,,,,,,,,,,,,,,,,,,,,,,,,,
8981038,Kenyatta Bennett,KENNESAW STATE,m,,,,,,,,,,,,,,,,,,,,,,,,,,,"2.18m 7' 1.75""",,,,,,,,,,,,,,,,,,,,,,,,,,,,,,,,,,,,,,,,,,,,,,,,,,,,,,,,,,,,,,,,,,,,,,,,,,,,,,,,,,,,,,,,,,,,,,,,,,,,,,,,,
8916351,Ronald Ngetich,OKLAHOMA,m,,,4:17.93,14:43.7,,,3:51.00,13:32.79,,23:03.0,29:12.4,,8:01.07,,,,,,,,,,28:30.17,,,,,,,,,,,,,,,,,,,,,,,,,,,,,,,,,,,,,,,,,,,,,,,,,,,,,,,,,,,,,,,,,,,,,,,,,,,,,,,,,,,,,,,,,,,,,,,,,,,,,,,,,,,,,
8599623,Luke Knepp,IOWA,m,,,4:10.14,,17:59.2,,,14:20.15,8:30.52,24:17.0,32:25.4,,8:04.99,,,,,,,,,,,,,,,,,,,,,,,,26:17.4,,,,,,,,,,,,,,,,,,,,,,,,,,,,,,,,,,,,,,,,,,,,,,,,,,,,,,,,,,,,,,,,,,,,,,,,,,,,,,,,,,,,,,,,,,,,,,,
6985107,Amber Simpson,ILLINOIS,,,,,,,,,,,,,,,,,,,,,,,,,,,,,"11.30m 37' 1""",,,,,"41.35m 135' 8""","70.21m 230' 4""","22.01m 72' 2.5""",,,,,,,,,,,,,,,,,,,,,,,,,,,,,,,,,,,,,,,,,,,,,,,,,,,,,,,,,,,,,,,,,,,,,,,,,,,,,,,,,,,,,,,,,,,,,,,,,
9293847,Jaden Dasher,LONG BEACH ST.,m,,,,,,,,,,,,,,,,,21.76 (0.9),,48.53,,,,,,,50.56,,,,,,,,,,,,,,,,,,,,,,,,,,,,,,,,,,,,,,,,,,,,,,,,,,,,,,,,,,,,,,,,,,,,,,,,,,,,,,,,,,,,,,,,,,,,,,,,,,,,,,,,,,
9192700,Alex Riley,OKLAHOMA STATE,m,,1:48.41,3:55.85,,,,3:37.88,,,,,2:22.14,,,,,,,,,,,,,,,,,,,,,,,,,,,,,,,,,,,,,,,,,,,,,,,,,,,,,,,,,,,,,,,,,,,,,,,,,,,,,,,,,,,,,,,,,,,,,,,,,,,,,,,,,,,,,,,,,,,,,,,,
9263310,Taylor Cox,GEORGIA,f,,,,,,,,,,,,,,,,,,,,,,,,8.11,12.75 (3.0),,,,,,,,,,,,,,,,,,,,,,,,,,,,,,,,,,,,,,,,,,,,,,,,,,,,,,,,,,,,,,,,,,,,,,,,,,,,,,,,,,,,,,,,,,,,,,,,,,,,,,,,,,,
8351002,Chelsea Aninyei,UC RIVERSIDE,f,,,,,,,,,,,,,,,,12.47 (-0.2),,,,,"6.28m (2.1) 20' 7.25""","13.48m (1.3) 44' 2.75""",,,,,"1.70m 5' 7""",,,,,,,,,,,,,,,,,,,,,,,,,,,,,,,,,,,,,,,,,,,,,,,,,,,,,,,,,,,,,,,,,,,,,,,,,,,,,,,,,,,,,,,,,,,,,,,,,,,,,,,,,
8329527,Kate Powers,KENTUCKY,f,,,,,,,,,,,,,,,,,,,,,,,,,,,,,,,,,"50.91m 167' 0""","65.72m 215' 7""","22.63m 74' 3""",,,,,,,,,,,,,,,,,,,,,,,,,,,,,,,,,,,,,,,,,,,,,,,,,,,,,,,,,,,,,,,,,,,,,,,,,,,,,,,,,,,,,,,,,,,,,,,,,
8691952,Abrielle Artley,NEBRASKA,f,1:34.32,,,,,,,,,,,,,,,,24.74,38.01,52.55,,,,,8.91,14.92 (+0.0),57.76,,,,,,,,,,,,,,,,,,,,,,,,,,,,,,,,,,,,,,,,,,,,,,,,,,,,,,,,,,,,,,,,,,,,,,,,,,,,,,,,,,,,,,,,,,,,,,,,,,,,,,,,,,
8017973,Kennedy Sauder,MIAMI (FLA.),m,,,,,,,,,,,,,,,,,,,,,"6.94m 22' 9.25""",,,,,,"2.24m 7' 4.25""",,,,,,,,,,,,,,,,,,,,,,,,,,,,,,,,,,,,,,,,,,,,,,,,,,,,,,,,,,,,,,,,,,,,,,,,,,,,,,,,,,,,,,,,,,,,,,,,,,,,,,,,,
8326282,Olivia Keller,ST. THOMAS (MINN.),f,1:31.51,2:06.54,,,,,,,,,,,,,8.01,12.92 (0.3),25.04 (3.8),40.34,55.42,"26.77m 87' 10""","5.99m (1.6) 19' 8""","11.66m 38' 3.25""",,8.62,13.86 (4.3),58.57,"1.65m 5' 5""","9.09m 29' 10""",3863,4844,,,,,,,,,,,,,,,,,,,,,,,,,,,,,,,,,,,,,,,,,,,,,,,,,,,,,,,,,,,,,,,,,,,,,,,,,,,,,,,,,,,,,,,,,,,,,,,,,,,,,,
8677781,Keegan Collins,UALBANY,f,,,,,,,,,,,,,,,,,,,,,,,,,,,,,,,,,"38.80m 127' 3""","59.46m 195' 1""","17.35m 56' 11.25""",,,,,,,,,,,,,,,,,,,,,,,,,,,,,,,,,,,,,,,,,,,,,,,,,,,,,,,,,,,,,,,,,,,,,,,,,,,,,,,,,,,,,,,,,,,,,,,,,
8317475,Anna Grabowski,GONZAGA,f,,2:11.47,4:46.04,17:20.1,20:35.6,,4:23.52,16:33.98,,,,,9:24.06,,,,,,,,,,33:50.80,,,,,,,,,,,,,,,,,,,,,,,,,,,,,,,,13:43.0,,,,,,,,,,,,,,,,,,,,,,,,,,,,,,,,,,,,,,,,,,,,,,,,,,,,,,,,,,,,,,,,,,,,,,,,,,,,,
5461344,Olin Hacker,WISCONSIN,,,,3:56.66,,18:26.5,,3:50.67,13:19.34,,23:18.1,29:27.3,,7:45.73,,,,,,,,,,,,,,,,,,,,,,,,24:02.4,,,,,,,20:18.0,,,,,,,,24:42.3,,,,,,,,,,,,,,,,,,,,,,,,,,,,,,,,,,,,,,,,,,,,,,,,,,,,,,,,,,,,,,,,,,,,,,,,,,,,,,,,
8710531,Olamipo Ladipo,NEW ORLEANS,m,,,,,,,,,,,,,,,6.93,10.34 (2.7),20.76 (2.8),,47.56,,,,,,,,,,,,,,,,,,,,,,,,,,,,,,,,,,,,,,,,,,,,,,,,,,,,,,,,,,,,,,,,,,,,,,,,,,,,,,,,,,,,,,,,,,,,,,,,,,,,,,,,,,,,,,,,,
6994917,Caleb Witsken,BYU,,,,,,,,5:19.01,,,,,2:55.25,,,7.24,11.26 (2.5),,,51.92,"45.49m 149' 3""","6.66m (0.8) 21' 10.25""",,,8.34,,,"1.83m 6' 0""","13.70m 44' 11.5""",,5423,"5.66m 18' 6.75""",15.43 (-1.2),"40.02m 131' 3""",,,6603,,,,,,,,,,,,,,,,,,,,,,,,,,,,,,,,,,,,,,,,,,,,,,,,,,,,,,,,,,,,,,,,,,,,,,,,,,,,,,,,,,,,,,,,,,,,,,,,
7534774,Jacious Sears,TENNESSEE,,,,,,,,,,,,,,,,7.04,10.77 (1.6),22.04 (2.5),,,,,,,,,,,,,,,,,,,,,,,,,,,,,,,,,,,,,,,,,,,,,,,,,,,,,,,,,,,,,,,,,,,,,,,,,,,,,,,,,,,,,,,,,,,,,,,,,,,,,,,,,,,,,,,,,,,
8611941,Emily Jobes,BOISE STATE,f,,,4:51.57,16:51.3,19:43.7,,4:27.35,15:59.70,10:03.05,,,,9:36.51,,,,,,,,,,,,,,,,,,,,,,,,,,,,,,,,17:23.6,,,,,,,,,,,,,,,,,,,,,,,,,,,,,,,,,,,,,,,,,,,,,,,,,,,,,,,,,,,,,,,,,,,,,,,,,,,,,,,,,,,,,,,
7978732,Selase Sampram,ARKANSAS STATE,f,,,,,,,,,,,,,,,,,,,,,,,,,,,,"17.13m 56' 2.5""",,,,,"50.96m 167' 2""","48.11m 157' 10""","15.91m 52' 2.5""",,,,,,,,,,,,,,,,,,,,,,,,,,,,,,,,,,,,,,,,,,,,,,,,,,,,,,,,,,,,,,,,,,,,,,,,,,,,,,,,,,,,,,,,,,,,,,,,,
8284981,Christina Nisoli,NEW MEXICO,f,,,4:50.77,17:22.0,20:28.6,,4:33.15,15:50.12,,,,,9:13.75,,,,,,,,,,33:07.15,,,,,,,,,,,,,,,,,,,,,,,,,,,,,,,,,,,,,,,,,,,,,,,,,,,,,,,,,,,,,,,,,,,,,,,,,,,,,,,,,,,,,,,,,,,,,,,,,,,,,,,,,,,,,
8262302,Carson Smith,CAL POLY,m,,1:47.65,3:58.79,,17:40.5,,3:36.11,,,24:28.4,,2:21.54,,,,,,,,,,,,,,,,,,,,,,,,,,,,,,,,,,,,,,,,,,,,,,,,,,,,,,,,,,,,,,,,,,,,,,,,,,,,,,,,,,,,,,,,,,,,,,,,,,,,,,,,,,,,,,,,,,,,,,,,
9251099,Yekini Bowen,VIRGINIA TECH,m,,,,,,,,,,,,,,,,,,,,,,,,,,,,"18.11m 59' 5""",,,,,"62.06m 203' 7""",,,,,,,,,,,,,,,,,,,,,,,,,,,,,,,,,,,,,,,,,,,,,,,,,,,,,,,,,,,,,,,,,,,,,,,,,,,,,,,,,,,,,,,,,,,,,,,,,,,
8321052,George Franks,MIAMI (FLA.),m,,,,,,,,,,,,,,,6.81,10.42 (2.3),20.55 (2.0),32.88,44.88,,,,,,,,,,,,,,,,,,,,,,,,,,,,,,,,,,,,,,,,,,,,,,,,,,,,,,,,,,,,,,,,,,,,,,,,,,,,,,,,,,,,,,,,,,,,,,,,,,,,,,,,,,,,,,,,,
6423728,Lauren Gregory,ARKANSAS,,,,4:31.88,16:49.8,19:07.9,,4:09.73,15:25.17,,,,2:44.44,8:53.77,,,,,,,,,,32:34.21,,,,,,,,,,,,,,,,,,,,,,,,,,,,,,,,,,,,,,,,,,,,,,,,,,,,,,,,,,,,,,,,,,,,,,,,,,,,,,,,,,,,,,,,,,,,,,,,,,,,,,,,,,,,,
8989023,Chairo Ogbebor,WICHITA STATE,m,,,,,,,,,,,,,,,6.65,9.89 (6.0),20.78 (4.7),,,,"7.66m (0.9) 25' 1.75""","14.05m (0.1) 46' 1.25""",,,,,,,,,,,,,,,,,,,,,,,,,,,,,,,,,,,,,,,,,,,,,,,,,,,,,,,,,,,,,,,,,,,,,,,,,,,,,,,,,,,,,,,,,,,,,,,,,,,,,,,,,,,,,,
8712625,Liana Tyson,FLORIDA STATE,f,,,,,,,,,,,,,,,7.35,11.39 (-0.8),23.66 (3.1),,,,,,,,,,,,,,,,,,,,,,,,,,,,,,,,,,,,,,,,,,,,,,,,,,,,,,,,,,,,,,,,,,,,,,,,,,,,,,,,,,,,,,,,,,,,,,,,,,,,,,,,,,,,,,,,,,,
8998798,Rashun Fountain,EAST CAROLINA,m,,,,,,,,,,,,,,,6.84,10.13 (6.0),19.98 (3.4),,48.13,,"6.93m (+0.0) 22' 9""",,,,,,,,,,,,,,,,,,,,,,,,,,,,,,,,,,,,,,,,,,,,,,,,,,,,,,,,,,,,,,,,,,,,,,,,,,,,,,,,,,,,,,,,,,,,,,,,,,,,,,,,,,,,,,,
9245609,Judith Mokobe,ALABAMA,f,,,,,,,,,,,,,,,7.54,11.41 (-0.3),22.90 (0.2),39.69,,,,,,,,,,,,,,,,,,,,,,,,,,,,,,,,,,,,,,,,,,,,,,,,,,,,,,,,,,,,,,,,,,,,,,,,,,,,,,,,,,,,,,,,,,,,,,,,,,,,,,,,,,,,,,,,,,
8261257,Benjamin Balazs,OREGON,m,,,3:57.75,,18:36.5,,3:36.23,13:56.44,8:24.46,23:08.2,29:44.2,,7:39.31,,,,,,,,,,,,,,,,,,,,,,,,,,,,,,,,,,,,,,,,,,,,,5:33.42,,,,,,,,,,,,,,,,,,,,,,,,,,,,,,,,,,,,,,,,,,,,,,,,,,,,,,,,,,,,,,,,,,,,,,,,,,
8723482,Kidus Misgina,OLE MISS,m,,1:58.44,4:01.07,14:32.4,,,3:52.44,13:31.19,9:25.78,22:51.8,29:11.4,2:38.17,7:51.86,,,,,,,,,,28:17.69,,,,,,,,,,,,,,,,,,,,,,,,,,,,,,1:07:27.5,,,,,,,,,,,,,,,,,,,,,,,,,,,,,,,,,,,,,,,,,,,,,,,,,,,,,,,,,,,,,,,,,,,,,,,,,,,,,,,
8354294,Jorinde Van Klinken,OREGON,,,,,,,,,,,,,,,,,,,,,,,,,,,,,"19.57m 64' 2.5""",,,,,"67.05m 220' 0""",,,,,,,,,,,,,,,,,,,,,,,,,,,,,,,,,,,,,,,,,,,,,,,,,,,,,,,,,,,,,,,,,,,,,,,,,,,,,,,,,,,,,,,,,,,,,,,,,,,
8010865,Champion Allison,FLORIDA,,,,,,,,,,,,,,,,6.86,,21.24,34.21,44.29,,,,,,,,,,,,,,,,,,,,,,,,,,,,,,,,,,,,,,,,,,,,,,,,,,,,,,,,,,,,,,,,,,,,,,,,,,,,,,,,,,,,,,,,,,,,,,,,,,,,,,,,,,,,,,,,,
8368601,Kyvon Tatham,FLORIDA STATE,m,,,,,,,,,,,,,,,,,,,48.88,,"7.67m (0.5) 25' 2""","16.37m (1.6) 53' 8.5""",,,,,,,,,,,,,,,,,,,,,,,,,,,,,,,,,,,,,,,,,,,,,,,,,,,,,,,,,,,,,,,,,,,,,,,,,,,,,,,,,,,,,,,,,,,,,,,,,,,,,,,,,,,,,,
8682104,Kalib Branch,TENNESSEE,m,,,,,,,,,,,,,,,6.86,10.74 (0.3),21.94 (1.2),36.38,,,,,,7.75,,,,,,,,13.53 (3.1),,,,,,,,,,,,,,,,,,,,,,,,,,,,,,,,,,,,,,,,,,,,,,,,,,,,,,,,,,,,,,,,,,,,,,,,,,,,,,,,,,,,,,,,,,,,,,,,,,,,
9276186,Giselle Rodriguez,UC IRVINE,f,,,,,,,,,,,,,,,,,,,,"48.38m 158' 9""",,,,,,,,,,,,,,,,,,,,,,,,,,,,,,,,,,,,,,,,,,,,,,,,,,,,,,,,,,,,,,,,,,,,,,,,,,,,,,,,,,,,,,,,,,,,,,,,,,,,,,,,,,,,,,,,
9092788,Taiye Ayenuro,PURDUE,f,,,,,,,,,,,,,,,,,25.22,,54.06,,,,,,,,,,,,,,,,,,,,,,,,,,,,,,,,,,,,,,,,,,,,,,,,,,,,,,,,,,,,,,,,,,,,,,,,,,,,,,,,,,,,,,,,,,,,,,,,,,,,,,,,,,,,,,,,,
8331843,Adriane Nwonumah,TEXAS TECH,f,,,,,,,,,,,,,,,7.34,11.31 (3.2),23.78 (2.5),,,,,,,9.41,,,,,,,,,,,,,,,,,,,,,,,,,,,,,,,,,,,,,,,,,,,,,,,,,,,,,,,,,,,,,,,,,,,,,,,,,,,,,,,,,,,,,,,,,,,,,,,,,,,,,,,,,,,,
8984979,Jeffrey Usman,AKRON,m,,,,,,,,,,,,,,,7.06,,,,,,"7.57m (1.6) 24' 10""","15.03m 49' 3.75""",,,,,,,,,,,,,,,,,,,,,,,,,,,,,,,,,,,,,,,,,,,,,,,,,,,,,,,,,,,,,,,,,,,,,,,,,,,,,,,,,,,,,,,,,,,,,,,,,,,,,,,,,,,,,,
8714525,Donald Butler,SE LOUISIANA,m,,,,,,,,,,,,,,,,,,,,,,,,,,,"2.11m 6' 11""",,,,,,,,,,,,,,,,,,,,,,,,,,,,,,,,,,,,,,,,,,,,,,,,,,,,,,,,,,,,,,,,,,,,,,,,,,,,,,,,,,,,,,,,,,,,,,,,,,,,,,,,,
7918467,Jadyn Keeler,NORTH DAKOTA,f,,2:12.79,4:39.06,16:05.8,19:08.2,,4:19.41,15:14.76,10:00.45,,,,8:50.45,,,,,,,,,,31:56.03,,,,,,,,,,,,,,,,,,,,,,,,,,,,,,,,13:41.3,,,,,,,,,,,,,,,,,,,,,,,,,,,,,,,,,,,,,,,,,,,,,,,,,,,,,,,,,,,,,,,,,,,,,,,,,,,,,
9261182,Lily Carlson,TEXAS A&M,f,,,,,,,,,,,,,,,,,,,,,,,,,,,,,,,"4.51m 14' 9.5""",,,,,,,,,,,,,,,,,,,,,,,,,,,,,,,,,,,,,,,,,,,,,,,,,,,,,,,,,,,,,,,,,,,,,,,,,,,,,,,,,,,,,,,,,,,,,,,,,,,,,
8612793,Petra Helebrantova,SAN FRANCISCO,f,,2:05.03,4:49.09,,20:59.8,,4:17.41,,,,,,9:32.99,,,,,,,,,,,,,,,,,,,,,,,,,,,,,,,,,,,,,,,,,,,,,,,,,,,,,,,,,,,,,,,,,,,,,,,,,,,,,,,,,,,,,,,,,,,,,,,,,,,,,,,,,,,,,,,,,,,,,,,
8322783,Alex Pancoast,PENN STATE,f,,,,,,,,,,,,,,,,,,,,,,,,,,,,"13.58m 44' 6.75""",,,,,"42.30m 138' 9""","60.09m 197' 2""","20.18m 66' 2.5""",,,,,,,,,,,,,,,,,,,,,,,,,,,,,,,,,,,,,,,,,,,,,,,,,,,,,,,,,,,,,,,,,,,,,,,,,,,,,,,,,,,,,,,,,,,,,,,,,
8282101,Leeann Redlo,TOWSON,f,1:58.89,2:33.07,,,,,,,,,,,,,,,25.91 (0.4),42.63,,"22.23m 72' 11""","5.92m 19' 5.25""","10.43m (0.3) 34' 2.75""",,8.58,14.01 (0.1),1:03.59,"1.82m 5' 11.5""","10.40m 34' 1.5""",3831,4884,,,,,,,,,,,,,,,,,,,,,,,,,,,,,,,,,,,,,,,,,,,,,,,,,,,,,,,,,,,,,,,,,,,,,,,,,,,,,,,,,,,,,,,,,,,,,,,,,,,,,,
7889042,Kimberley May,PROVIDENCE,,,2:03.46,4:27.36,16:34.8,19:16.1,,4:06.31,15:26.60,,,,2:42.78,8:44.73,,,,,,,,,,,,,,,,,,,,,,,,,,,,,,,,,,,,,,,,,,13:56.2,,,,,,,,,,,,,,,,,,,,,,,,,,,,,,,,,,,,,,,,,,,,,,,,,,,,,,,,,,,,,,,,,,,,,,,,,,,,,
8674115,Brenae Allen,CENTRAL ARKANSAS,f,,,,,,,,,,,,,,,7.33,11.40 (0.9),23.34 (1.2),,56.60,,,,,,,,,,,,,,,,,,,,,,,,,,,,,,,,,,,,,,,,,,,,,,,,,,,,,,,,,,,,,,,,,,,,,,,,,,,,,,,,,,,,,,,,,,,,,,,,,,,,,,,,,,,,,,,,,
7036992,Courtney Lindsey,TEXAS TECH,,,,,,,,,,,,,,,,6.58,9.89 (1.8),19.81 (3.8),,,,,,,,,,,,,,,,,,,,,,,,,,,,,,,,,,,,,,,,,,,,,,,,,,,,,,,,,,,,,,,,,,,,,,,,,,,,,,,,,,,,,,,,,,,,,,,,,,,,,,,,,,,,,,,,,,,
8021683,Josie Taylor,RICE,f,,,,,,,,,,,,,,,,,,,,,,"11.81m 38' 9""",,,,,"1.87m 6' 1.5""",,,,,,,,,,,,,,,,,,,,,,,,,,,,,,,,,,,,,,,,,,,,,,,,,,,,,,,,,,,,,,,,,,,,,,,,,,,,,,,,,,,,,,,,,,,,,,,,,,,,,,,,,
9185840,Mia Perez,TEXAS,f,,2:05.19,4:59.45,17:40.3,21:59.8,,4:14.18,,,,,,,,,,,,,,,,,,,,,,,,,,,,,,,,,,,,,,,,,,,,,,,,,,,,,,,,,,,,,,,,,,,,,,,,,,,,,,,,,,,,,,,,,,,,,,,,,,,,,,,,,,,,,,,,,,,,,,,,,,,,,
8594894,Jacob Deacon,OKLAHOMA STATE,m,,,4:11.54,15:05.1,,,,13:51.80,,23:33.9,30:17.3,,7:53.93,,,,,,,,,,28:22.94,,,,,,,,,,,,,,,,,,,,,,,,,,,,,,,,,,,,,,,,,,,,,,,,,,,,,,,,,,,,,,,,,,,,,,,,,,,,,,,,,,,,,,,,,,,,,,,,,,,,,,,,,,,,,
8984216,Tyler Glover,HARVARD,f,,,,,,,,,,,,,,,,,,,,,,,,,,,,"16.57m 54' 4.5""",,,,,"49.94m 163' 10""",,,,,,,,,,,,,,,,,,,,,,,,,,,,,,,,,,,,,,,,,,,,,,,,,,,,,,,,,,,,,,,,,,,,,,,,,,,,,,,,,,,,,,,,,,,,,,,,,,,
8895765,Ada Rand,PENN STATE,f,,2:06.96,4:33.38,,19:48.1,,4:14.74,16:04.23,,,,2:45.14,9:06.18,,,,,,,,,,,,,,,,,,,,,,,,,,,,,,,,,,,,,,,,,,14:06.9,,,,,,,,,,,,,,,,,,,,,,,,,,,,,,,,,,,,,,,,,,,,,,,,,,,,,,,,,,,,,,,,,,,,,,,,,,,,,
9273629,Isaiah Kayembe,TEXAS STATE,m,,,,,,,,,,,,,,,,10.69 (4.6),21.76 (4.3),,,,"7.62m (2.6) 25' 0""",,,,,,,,,,,,,,,,,,,,,,,,,,,,,,,,,,,,,,,,,,,,,,,,,,,,,,,,,,,,,,,,,,,,,,,,,,,,,,,,,,,,,,,,,,,,,,,,,,,,,,,,,,,,,,,
9188634,David Locke,BRADLEY,m,1:19.94,1:46.75,,,,,3:52.45,,,,,,,,,,,,48.83,,,,,,,,,,,,,,,,,,,,,,,,,,,,,,,,,,,,,,,,,,,,,,,,,,,,,,,,,,,,,,,,,,,,,,,,,,,,,,,,,,,,,,,,,,,,,,,,,,,,,,,,,,,,,,,,,
9250519,Sydney Glee,MICHIGAN,f,,,,,,,,,,,,,,,,,,,55.88,,,,,,,59.12,,,,,,,,,,,,,,,,,,,,,,,,,,,,,,,,,,,,,,,,,,,,,,,,,,,,,,,,,,,,,,,,,,,,,,,,,,,,,,,,,,,,,,,,,,,,,,,,,,,,,,,,,,
9266978,Laden Beckwith,CHARLESTON SOUTHERN,m,,,,,,,,,,,,,,,6.73,10.09 (1.8),20.54 (1.9),,,,,,,,,,,,,,,,,,,,,,,,,,,,,,,,,,,,,,,,,,,,,,,,,,,,,,,,,,,,,,,,,,,,,,,,,,,,,,,,,,,,,,,,,,,,,,,,,,,,,,,,,,,,,,,,,,,
7898595,Anna Hightower,NORTHWESTERN,f,,2:16.93,4:36.91,18:47.6,19:57.6,,4:23.19,15:46.72,10:14.57,,,,9:09.13,10:17.1,,,,,,,,,,,,,,,,,,,,,,,,,,,,,,,,,,,,,,,,,14:37.6,,,,,,,,,,,,,,,,,,,,,,,,,,,,,,,,,,,,,,,,,,,,,,,,,,,,,,,,,,,,,,,,,,,,,,,,,,,,,
8989998,Dwyne Smith,MINNESOTA,m,,,,,,,,,,,,,,,,,21.09 (2.3),34.43,46.19,,,,,,,,,,,,,,,,,,,,,,,,,,,,,,,,,,,,,,,,,,,,,,,,,,,,,,,,,,,,,,,,,,,,,,,,,,,,,,,,,,,,,,,,,,,,,,,,,,,,,,,,,,,,,,,,,
9005232,Sam Crenshaw,WESTERN KENTUCKY,m,,,,,,,,,,,,,,,,,,,,,,,,,,,,,,,"5.35m 17' 6.5""",,,,,,,,,,,,,,,,,,,,,,,,,,,,,,,,,,,,,,,,,,,,,,,,,,,,,,,,,,,,,,,,,,,,,,,,,,,,,,,,,,,,,,,,,,,,,,,,,,,,,
8334968,Chris Gravois,LOUISIANA,m,,,,,,,,,,,,,,,6.80,10.47 (2.6),21.27 (3.1),,,,,,,,,,,,,,,,,,,,,,,,,,,,,,,,,,,,,,,,,,,,,,,,,,,,,,,,,,,,,,,,,,,,,,,,,,,,,,,,,,,,,,,,,,,,,,,,,,,,,,,,,,,,,,,,,,,
9000460,Igor Olaru,TENNESSEE,m,,,,,,,,,,,,,,,,,,,,,,,,,,,,,,,,,,"73.05m 239' 8""","21.94m 71' 11.75""",,,,,,,,,,,,,,,,,,,,,,,,,,,,,,,,,,,,,,,,,,,,,,,,,,,,,,,,,,,,,,,,,,,,,,,,,,,,,,,,,,,,,,,,,,,,,,,,,
8973292,Derrick Williams,ALCORN STATE,m,,,,,,,,,,,,,,,6.73,10.17 (0.5),20.49 (1.2),33.81,47.19,,,,,,,,,,,,,,,,,,,,,,,,,,,,,,,,,,,,,,,,,,,,,,,,,,,,,,,,,,,,,,,,,,,,,,,,,,,,,,,,,,,,,,,,,,,,,,,,,,,,,,,,,,,,,,,,,
8714749,Adetutu Aladeloye,MISS STATE,f,,,,,,,,,,,,,,,7.46,11.38 (3.2),23.46 (0.1),,,,,,,,,,,,,,,,,,,,,,,,,,,,,,,,,,,,,,,,,,,,,,,,,,,,,,,,,,,,,,,,,,,,,,,,,,,,,,,,,,,,,,,,,,,,,,,,,,,,,,,,,,,,,,,,,,,
8232418,Katrina Schlenker,LIBERTY,f,,2:12.53,4:44.09,17:14.7,20:34.9,,4:22.76,16:27.14,9:50.85,,,2:56.99,9:35.63,,,,,,,,,,,,,,,,,,,,,,,,,,,,,,,,,,,,,,,,,,15:10.2,,,,,,,,,,,,,,,,,,,,,,,,,,,,,,,,,,,,,,,,,,,,,,,,,,,,,,,,,,,,,,,,,,,,,,,,,,,,,
7723778,Ziyah Holman,TEXAS,,1:27.63,2:10.39,,,,,,,,,,,,,7.64,11.67 (2.2),23.08 (+0.0),37.69,50.40,,,,,,,,,,,,,,,,,,,,,,,,,,,,,,,,,,,,,,,,,,,,,,,,,,,,,,,,,,,,,,,,,,,,,,,,,,,,,,,,,,,,,,,,,,,,,,,,,,,,,,,,,,,,,,,,,
8896299,Cameron Todd,NOTRE DAME,m,,,4:09.57,,,,,13:28.26,8:39.78,23:19.1,29:57.0,,7:50.15,,,,,,,,,,,,,,,,,,,,,,,,,,,,,,,,,,,,,,,,,,,,,,,,,,,,,,,,,,,,,,,,,,,,,,,,,,,,,,,,,,,,,,,,,,,,,,,,,,,,,,,,,,,,,,,,,,,,,,,
9238114,Ethan Moody,HAMPTON,m,,,,,,,,,,,,,,,,,21.22,34.29,47.53,,,,,,,51.24,,,,,,,,,,,,,,,,,,,,,,,,,,,,,,,,,,,,,,,,,,,,,,,,,,,,,,,,,,,,,,,,,,,,,,,,,,,,,,,,,,,,,,,,,,,,,,,,,,,,,,,,,,
9194528,Brooke Beck,OKLAHOMA STATE,f,,2:03.74,,,,,,,,,,,,,,,,,55.04,,,,,,,,,,,,,,,,,,,,,,1:17.84,,,,,,,,,,,,,,,,,,,,,,,,,,,,,,,,,,,,,,,,,,,,,,,,,,,,,,,,,,,,,,,,,,,,,,,,,,,,,,,,,,,,,,,,,,,
8672891,Elizabeth Strobach,WILLIAM & MARY,f,,,,,,,,,,,,,,,,,,,,,,,,,,,,,,,"4.28m 14' 0.5""",,,,,,,,,,,,,,,,,,,,,,,,,,,,,,,,,,,,,,,,,,,,,,,,,,,,,,,,,,,,,,,,,,,,,,,,,,,,,,,,,,,,,,,,,,,,,,,,,,,,,
8724869,Alexia Austin,NORTHERN COLORADO,f,,,,,,,,,,,,,,,7.72,12.13 (1.5),26.42,,,,,,,8.41,13.35 (0.2),,,,,,,,,,,,,,,,,,,,,,,,,,,,,,,,,,,,,,,,,,,,,,,,,,,,,,,,,,,,,,,,,,,,,,,,,,,,,,,,,,,,,,,,,,,,,,,,,,,,,,,,,,,
9274379,Chaz Sakala,KENT STATE,m,,,,,,,,,,,,,,,6.85,10.42 (3.4),21.11 (1.8),,,,,,,,,,,,,,,,,,,,,,,,,,,,,,,,,,,,,,,,,,,,,,,,,,,,,,,,,,,,,,,,,,,,,,,,,,,,,,,,,,,,,,,,,,,,,,,,,,,,,,,,,,,,,,,,,,,
8900483,Brendan Herger,MICHIGAN,m,,1:46.40,3:54.56,15:12.7,,,3:34.06,,,24:10.5,30:31.0,,,,,,,,,,,,,,,,,,,,,,,,,,,,,,,,,,,,,,,,,,,,,,,,,,,,,,,,,,,,,,,,,,,,,,,,,,,,,,,,,,,,,,,,,,,,,,,,,,,,,,,,,,,,,,,,,,,,,,,,,
7975454,Emily Fink,ARMY WEST POINT,,,,,,,,,,,,,,,,,,,,,,,,,,,,,"16.82m 55' 2.25""",,,,,,"71.12m 233' 4""","20.45m 67' 1.25""",,,,,,,,,,,,,,,,,,,,,,,,,,,,,,,,,,,,,,,,,,,,,,,,,,,,,,,,,,,,,,,,,,,,,,,,,,,,,,,,,,,,,,,,,,,,,,,,,
9260785,Dominique Hall,MIAMI (FLA.),m,1:22.30,,,,,,4:26.77,,,,,2:37.43,,,7.17,10.91 (-0.2),,,47.86,"45.08m 147' 11""","7.44m 24' 5""",,,8.34,,55.18,"1.95m 6' 4.75""","12.59m 41' 3.75""",,5603,"4.90m 16' 0.75""",14.71 (+0.0),"42.36m 139' 0""",,,7649,,,,,,,,,,,,,,,,,,,,,,,,,,,,,,,,,,,,,,,,,,,,,,,,,,,,,,,,,,,,,,,,,,,,,,,,,,,,,,,,,,,,,,,,,,,,,,,,
8977551,Caroline Jepkorir,WASHINGTON ST.,f,,,4:49.88,,,,4:29.24,16:31.65,9:59.08,,,,9:26.56,,,,,,,,,,,,,,,,,,,,,,,,,,,,,,,,,,,,,,,,,,,,,,,,,,,,,,,,,,,,,,,,,,,,,,,,,,,,,,,,,,,,,,,,,,,,,,,,,,,,,,,,,,,,,,,,,,,,,,,
8671301,Judy Elful,MEMPHIS,f,1:40.41,2:21.43,,,,,,,,,,,,,,,24.86 (0.6),,54.73,,,,,,,57.20,,,,,,,,,,,,,,,,,,,,,,,,,,,,,,,,,,,,,,,,,,,,,,,,,,,,,,,,,,,,,,,,,,,,,,,,,,,,,,,,,,,,,,,,,,,,,,,,,,,,,,,,,,
8983316,Christiana Ellina,VIRGINIA,f,,,,,,,,,,,,,,,,,,,,"54.41m 178' 6""",,,,,,,,,,,,,,,,,,,,,,,,,,,,,,,,,,,,,,,,,,,,,,,,,,,,,,,,,,,,,,,,,,,,,,,,,,,,,,,,,,,,,,,,,,,,,,,,,,,,,,,,,,,,,,,,
8623172,Charlie Ortmans,HARVARD,m,,,,,,,,13:38.05,,23:26.0,29:41.4,,7:50.50,,,,,,,,,,28:23.50,,,,,,,,,,,,,,,,,,,,,,,,,,,,,,,,,,,,,,,,,,,,,,,,,,,,,,,,,,,,,,,,,,,,,,,,,,,,,,,,,,,,,,,,,,,,,,,,,,,,,,,,,,,,,
9246064,Taylor Wiseman,OREGON,f,,,,,,,,,,,,,,,,,,,,,,,,,,,,"15.17m 49' 9.25""",,,,,"49.95m 163' 10""",,,,,,,,,,,,,,,,,,,,,,,,,,,,,,,,,,,,,,,,,,,,,,,,,,,,,,,,,,,,,,,,,,,,,,,,,,,,,,,,,,,,,,,,,,,,,,,,,,,
8998389,Jordan Bowling,TEXAS A&M-CC,m,,,,,,,,,,,,,,,,,,,,"64.62m 212' 0""",,,,,,,,,,,,,,,,,,,,,,,,,,,,,,,,,,,,,,,,,,,,,,,,,,,,,,,,,,,,,,,,,,,,,,,,,,,,,,,,,,,,,,,,,,,,,,,,,,,,,,,,,,,,,,,,
8690894,Kevin Swindler,MONTANA,m,,,,,,,,,,,,,,,,,,,,,,,,,,,,,,,"5.37m 17' 7.25""",,,,,,,,,,,,,,,,,,,,,,,,,,,,,,,,,,,,,,,,,,,,,,,,,,,,,,,,,,,,,,,,,,,,,,,,,,,,,,,,,,,,,,,,,,,,,,,,,,,,,
8999127,Jaelon Barbarin,OREGON,m,,,,,,,,,,,,,,,6.81,10.34 (2.0),21.16 (3.5),,,,,,,,,,,,,,,,,,,,,,,,,,,,,,,,,,,,,,,,,,,,,,,,,,,,,,,,,,,,,,,,,,,,,,,,,,,,,,,,,,,,,,,,,,,,,,,,,,,,,,,,,,,,,,,,,,,
8996682,Danah Nembhard,GEORGIA,f,,,,,,,,,,,,,,,,,,,,,"5.95m (0.6) 19' 6.25""","13.48m (2.7) 44' 2.75""",,,,,,,,,,,,,,,,,,,,,,,,,,,,,,,,,,,,,,,,,,,,,,,,,,,,,,,,,,,,,,,,,,,,,,,,,,,,,,,,,,,,,,,,,,,,,,,,,,,,,,,,,,,,,,
9016408,Giavonna Meeks,TEXAS,,,,,,,,,,,,,,,,,,,,,,,,,,,,,"16.28m 53' 5""",,,,,"43.25m 141' 11""","68.94m 226' 2""","24.49m 80' 4.25""",,,,,,,,,,,,,,,,,,,,,,,,,,,,,,,,,,,,,,,,,,,,,,,,,,,,,,,,,,,,,,,,,,,,,,,,,,,,,,,,,,,,,,,,,,,,,,,,,
9274400,Matilde Morbin,KENT STATE,f,,2:33.18,,,,,,,,,,,,,,,26.37 (2.3),,,"43.52m 142' 9""","5.56m (0.7) 18' 3""",,,,14.23 (2.4),,"1.61m 5' 3.25""","11.74m 38' 6.25""",,5096,,,,,,,,,,,,,,,,,,,,,,,,,,,,,,,,,,,,,,,,,,,,,,,,,,,,,,,,,,,,,,,,,,,,,,,,,,,,,,,,,,,,,,,,,,,,,,,,,,,,,,
8356895,Sarah Ellis,UTAH STATE,f,,,5:02.57,,,,,15:50.07,,,,,9:32.64,,,,,,,,,,34:41.57,,,,,,,,,,,,,,,,,,,,,,,,,,,,,,,,,,,,,,,,,,,,,,,,,,,,,,,,,,,,,,,,,,,,,,,,,,,,,,,,,,,,,,,,,,,,,,,,,,,,,,,,,,,,,
8990078,Francisco Marques,GRAND CANYON,m,,,,,,,,,,,,,,,,11.26 (-1.3),,,,,,,,7.86,,,,,,,,13.57 (2.9),,,,,,,,,,,,,,,,,,,,,,,,,,,,,,,,,,,,,,,,,,,,,,,,,,,,,,,,,,,,,,,,,,,,,,,,,,,,,,,,,,,,,,,,,,,,,,,,,,,,
8323995,Blake Nyenati,IOWA,m,,,,,,,,,,,,,,,6.78,10.87 (1.1),21.97 (1.4),,,,,,,7.69,,,,,,,,13.62 (3.8),,,,,,,,,,,,,,,,,,,,,,,,,,,,,,,,,,,,,,,,,,,,,,,,,,,,,,,,,,,,,,,,,,,,,,,,,,,,,,,,,,,,,,,,,,,,,,,,,,,,
8239203,Molly Wise,RICHMOND,f,,,,,,,,,,,,,,,7.78,13.02 (-1.9),25.93 (1.1),,,,"6.32m (2.2) 20' 9""",,,,,,"1.50m 4' 11""",,,,,,,,,,,,,,,,,,,,,,,,,,,,22:10.3,,,,,,,,,,,,,,,,,,,,,,,,,,,,,,,,,,,,,,,,,,,,,,,,,,,,,,,,,,,,,,,,,,,,,,,,,,,,,
8679273,Gladys Chepngetich,CLEMSON,f,1:26.66,1:58.81,4:37.16,,,,4:13.15,,,,,2:39.99,,,,,,39.55,54.18,,,,,,,,,,,,,,,,,,,,,,,,,,,,,,,,,,,,,,,,,,,,,,,,,,,,,,,,,,,,,,,,,,,,,,,,,,,,,,,,,,,,,,,,,,,,,,,,,,,,,,,,,,,,,,,,,
8258340,Nathan Davis,ARMY WEST POINT,m,,,4:12.39,,,,3:49.82,13:54.35,8:32.31,23:24.5,30:05.4,2:31.38,8:09.80,,,,,,,,,,,,,,,,,,,,,,,,26:35.8,,,,,,,,,,,,,,,,,,,,,,,,,,,,,,,,,,,,,,,,,,,,,,,,,,,,,,,,23:42.5,25:43.0,,,,,,,,,,,,,,,,,,,,,,,,,,,,,,,,,,,,,,
9012365,Justine Jimoh,LSU,m,,,,,,,,,,,,,,,,,,,,,,,,,,,"2.22m 7' 3.25""",,,,,,,,,,,,,,,,,,,,,,,,,,,,,,,,,,,,,,,,,,,,,,,,,,,,,,,,,,,,,,,,,,,,,,,,,,,,,,,,,,,,,,,,,,,,,,,,,,,,,,,,,
7530664,Divine Oladipo,VANDERBILT,,,,,,,,,,,,,,,,,,,,,,,,,,,,,"17.97m 58' 11.5""",,,,,"57.26m 187' 10""",,,,,,,,,,,,,,,,,,,,,,,,,,,,,,,,,,,,,,,,,,,,,,,,,,,,,,,,,,,,,,,,,,,,,,,,,,,,,,,,,,,,,,,,,,,,,,,,,,,
9238143,Shiloh Cross,MISSOURI STATE,f,,,,,,,,,,,,,,,,,,,,,"5.60m (1.2) 18' 4.5""","12.77m (2.0) 41' 10.75""",,,,,,,,,,,,,,,,,,,,,,,,,,,,,,,,,,,,,,,,,,,,,,,,,,,,,,,,,,,,,,,,,,,,,,,,,,,,,,,,,,,,,,,,,,,,,,,,,,,,,,,,,,,,,,
9000358,Morgan Roundtree,MIAMI (FLA.),f,,,,,,,,,,,,,,,,,25.69,,58.90,,,,,8.68,13.60 (1.6),58.32,,,,,,,,,,,,,,,,,,,,,,,,,,,,,,,,,,,,,,,,,,,,,,,,,,,,,,,,,,,,,,,,,,,,,,,,,,,,,,,,,,,,,,,,,,,,,,,,,,,,,,,,,,
8973050,Juriad Hughes,ARKANSAS,m,,,,,,,,,,,,,,,6.89,10.31 (2.8),21.31 (4.5),,,,"7.98m (2.6) 26' 2.25""",,,,,,,,,,,,,,,,,,,,,,,,,,,,,,,,,,,,,,,,,,,,,,,,,,,,,,,,,,,,,,,,,,,,,,,,,,,,,,,,,,,,,,,,,,,,,,,,,,,,,,,,,,,,,,,
9007472,Naomi Clarke,OHIO STATE,f,1:28.53,2:04.60,,,,,,,,,,,,,,,,,55.35,,,,,,,,,,,,,,,,,,,,,,1:19.85,,,,,,,,,,,,,,,,,,,,,,,,,,,,,,,,,,,,,,,,,,,,,,,,,,,,,,,,,,,,,,,,,,,,,,,,,,,,,,,,,,,,,,,,,,,
8695141,Samiya Wayne,KENNESAW STATE,f,,,,,,,,,,,,,,,7.45,11.67 (1.2),23.61 (2.5),41.65,54.44,,,,,,,,,,,,,,,,,,,,,,,,,,,,,,,,,,,,,,,,,,,,,,,,,,,,,,,,,,,,,,,,,,,,,,,,,,,,,,,,,,,,,,,,,,,,,,,,,,,,,,,,,,,,,,,,,
7548443,Rosemary Chukwuma,TEXAS TECH,,,,,,,,,,,,,,,,7.09,10.82 (2.6),22.33 (2.0),,,,,,,,,,,,,,,,,,,,,,,,,,,,,,,,,,,,,,,,,,,,,,,,,,,,,,,,,,,,,,,,,,,,,,,,,,,,,,,,,,,,,,,,,,,,,,,,,,,,,,,,,,,,,,,,,,,
8364008,Keyshawn Strachan,NEBRASKA,m,,,,,,,,,,,,,,,,,,,,"84.27m 276' 6""",,,,,,,,,,,,,,,,,,,,,,,,,,,,,,,,,,,,,,,,,,,,,,,,,,,,,,,,,,,,,,,,,,,,,,,,,,,,,,,,,,,,,,,,,,,,,,,,,,,,,,,,,,,,,,,,
7538741,Jevaughn Powell,FLORIDA,,,,,,,,,,,,,,,,,,20.28 (2.3),,44.54,,,,,,,,,,,,,,,,,,,,,,,,,,,,,,,,,,,,,,,,,,,,,,,,,,,,,,,,,,,,,,,,,,,,,,,,,,,,,,,,,,,,,,,,,,,,,,,,,,,,,,,,,,,,,,,,,
9276256,Zayna Fray,GEORGIA STATE,f,,,,,,,,,,,,,,,,,,,,,,,,,,,,,,,,,,"64.33m 211' 1""","20.68m 67' 10.25""",,,,,,,,,,,,,,,,,,,,,,,,,,,,,,,,,,,,,,,,,,,,,,,,,,,,,,,,,,,,,,,,,,,,,,,,,,,,,,,,,,,,,,,,,,,,,,,,,
8689861,Skylar Soli,OLE MISS,f,,,,,,,,,,,,,,,,,,,,,,,,,,,,"14.92m 48' 11.5""",,,,,"48.93m 160' 6""","64.39m 211' 3""","22.34m 73' 3.5""",,,,,,,,,,,,,,,,,,,,,,,,,,,,,,,,,,,,,,,,,,,,,,,,,,,,,,,,,,,,,,,,,,,,,,,,,,,,,,,,,,,,,,,,,,,,,,,,,
6584100,Brandon Burke,VIRGINIA TECH,,,,,,,,,,,,,,,,,,,,,,"6.13m 20' 1.5""","14.22m 46' 8""",,,,,"2.20m 7' 2.5""",,,,,,,,,,,,,,,,,,,,,,,,,,,,,,,,,,,,,,,,,,,,,,,,,,,,,,,,,,,,,,,,,,,,,,,,,,,,,,,,,,,,,,,,,,,,,,,,,,,,,,,,,
7980269,Delaney Smith,SOUTH DAKOTA,f,,,,,,,,,,,,,,,,,,,,,,,,,,,,"14.48m 47' 6.25""",,,,,"44.51m 146' 0""","61.61m 202' 1""","20.84m 68' 4.5""",,,,,,,,,,,,,,,,,,,,,,,,,,,,,,,,,,,,,,,,,,,,,,,,,,,,,,,,,,,,,,,,,,,,,,,,,,,,,,,,,,,,,,,,,,,,,,,,,
8364321,Abdulraof Rashid,LOUISIANA TECH,m,,,,,,,,,,,,,,,6.76,10.19 (4.0),20.86 (3.2),34.83,50.06,,,,,,,,,,,,,,,,,,,,,,,,,,,,,,,,,,,,,,,,,,,,,,,,,,,,,,,,,,,,,,,,,,,,,,,,,,,,,,,,,,,,,,,,,,,,,,,,,,,,,,,,,,,,,,,,,
8983068,Randell Pompey,FLORIDA A&M,m,,,,,,,,,,,,,,,,,,,,,,,,,,,"2.12m 6' 11.5""",,,,,,,,,,,,,,,,,,,,,,,,,,,,,,,,,,,,,,,,,,,,,,,,,,,,,,,,,,,,,,,,,,,,,,,,,,,,,,,,,,,,,,,,,,,,,,,,,,,,,,,,,
8674787,Micah Mitchell,YOUNGSTOWN ST.,m,,,,,,,,,,,,,,,7.01,,22.22,,,,,,,7.84,,52.37,,,,,,13.83 (2.2),,,,,,,,,,,,,,,,,,,,,,,,,,,,,,,,,,,,,,,,,,,,,,,,,,,,,,,,,,,,,,,,,,,,,,,,,,,,,,,,,,,,,,,,,,,,,,,,,,,,
8268060,Taylor Rohatinsky,BYU,f,,2:06.66,4:33.79,16:43.4,19:29.8,15:30.0,4:12.76,15:24.75,,,,,9:08.98,,,,,,,,,,,,,,,,,,,,,,,,,,,,,,,,,,,,,,,,,,,,,,,,,,,,,,,,,,,,18:16.6,,,,,,,,,,,,18:35.7,,,,,,,,,,,,,,,,,,,,,,,,,,,,,,,,,,,,,,,,,,,,,,,
8012458,Annakay Maitland,UNLV,f,,,,,,,,,,,,,,,7.45,11.71 (4.1),23.91,,59.72,,,,,,,,,,,,,,,,,,,,,,,,,,,,,,,,,,,,,,,,,,,,,,,,,,,,,,,,,,,,,,,,,,,18.29,,,,,,,,,,,,,,,,,,,,,,,,,,,,,,,,,,,,,,,,,,,,,,
8995016,Mashaylee Jones,UTAH STATE,f,1:34.25,2:24.29,,,,,,,,,,,,,,,23.56 (4.1),37.95,52.23,,,,,,,,,,,,,,,,,,,,,,,,,,,,,,,,,,,,,,,,,,,,,,,,,,,,,,,,,,,,,,,,,,,,,,,,,,,,,,,,,,,,,,,,,,,,,,,,,,,,,,,,,,,,,,,,,
8010035,Taryn Burkett,GRAND CANYON,f,,,,,,,,,,,,,,,,,,,,,"5.49m 18' 0.25""","13.52m (3.4) 44' 4.25""",,,,,"1.55m 5' 1""",,,,,,,,,,,,,,,,,,,,,,,,,,,,,,,,,,,,,,,,,,,,,,,,,,,,,,,,,,,,,,,,,,,,,,,,,,,,,,,,,,,,,,,,,,,,,,,,,,,,,,,,,
8336017,Gabriella Newman,MICHIGAN,f,,,,,,,,,,,,,,,,,,,,,,,,,,,"1.76m 5' 9.25""",,,,,,,,,,,,,,,,,,,,,,,,,,,,,,,,,,,,,,,,,,,,,,,,,,,,,,,,,,,,,,,,,,,,,,,,,,,,,,,,,,,,,,,,,,,,,,,,,,,,,,,,,
8278826,Myles Hogan,PRINCETON,m,,1:54.18,3:59.37,,16:58.6,,3:38.35,13:20.36,,22:58.6,29:10.3,,7:53.74,,,,,,,,,,,,,,,,,,,,,,,,,,,,,,,,,,,,,,,,,,,,,,,,,,,,,,,,,16:44.0,,,,,,,,,,,,,,,,,,,,,,,,,,,,,,,,,,,,,,,,,,,,,,,,,,,,,,,,,,,,,,
9009600,Blake Holland,TEXAS A&M,m,,,,,,,,,,,,,,,6.81,10.59 (3.0),20.67 (0.2),,,,,,,,,,,,,,,,,,,,,,,,,,,,,,,,,,,,,,,,,,,,,,,,,,,,,,,,,,,,,,,,,,,,,,,,,,,,,,,,,,,,,,,,,,,,,,,,,,,,,,,,,,,,,,,,,,,
8705549,Braxton Brann,OHIO STATE,m,,,,,,,,,,,,,,,6.82,10.32 (2.3),20.46 (2.1),,,,,,,7.61,,,,,,,,13.18 (4.5),,,,,,,,,,,,,,,,,,,,,,,,,,,,,,,,,,,,,,,,,,,,,,,,,,,,,,,,,,,,,,,,,,,,,,,,,,,,,,,,,,,,,,,,,,,,,,,,,,,,
8672716,Lakely Doht-Barron,OREGON,f,,,,,,,,,,,,,,,,,23.82 (0.1),,52.69,,,,,,,,,,,,,,,,,,,,,,,,,,,,,,,,,,,,,,,,,,,,,,,,,,,,,,,,,,,,,,,,,,,,,,,,,,,,,,,,,,,,,,,,,,,,,,,,,,,,,,,,,,,,,,,,,
9244848,David Thid,ALABAMA,m,1:20.09,,,,,,,,,,,,,,,,,,46.80,,,,,,,49.12,,,,,,,,,,,,,,,,,,,,,,,,,,,,,,,,,,,,,,,,,,,,,,,,,,,,,,,,,,,,,,,,,,,,,,,,,,,,,,,,,,,,,,,,,,,,,,,,,,,,,,,,,,
8351080,Lanee Hall,KENT STATE,f,,,,,,,,,,,,,,,8.12,13.18 (1.4),,,,,"5.63m (2.0) 18' 5.75""","12.90m (1.4) 42' 4""",,,,,,,,,,,,,,,,,,,,,,,,,,,,,,,,,,,,,,,,,,,,,,,,,,,,,,,,,,,,,,,,,,,,,,,,,,,,,,,,,,,,,,,,,,,,,,,,,,,,,,,,,,,,,,
7980286,Udodi Onwuzurike,STANFORD,,,,,,,,,,,,,,,,6.59,9.92 (1.4),19.76 (0.6),,48.57,,,,,,,,,,,,,,,,,,,,,,,,,,,,,,,,,,,,,,,,,,,,,,,,,,,,,,,,,,,,,,,,,,,,,,,,,,,,,,,,,,,,,,,,,,,,,,,,,,,,,,,,,,,,,,,,,
